"fips","county_name","state_fips","state_abbreviation","easting_m","northing_m","fold"
"01001","Autauga County, Alabama","01","AL",871677.832820924,1091837.54308942,3
"01003","Baldwin County, Alabama","01","AL",784613.386398533,887702.61434344,3
"01005","Barbour County, Alabama","01","AL",996711.392511356,1033630.21982613,3
"01007","Bibb County, Alabama","01","AL",825420.668809442,1144448.06973245,3
"01009","Blount County, Alabama","01","AL",867052.874733462,1259350.25880127,3
"01011","Bullock County, Alabama","01","AL",964360.948746868,1054513.1569335,3
"01013","Butler County, Alabama","01","AL",877903.25991829,1009582.8942095,3
"01015","Calhoun County, Alabama","01","AL",931844.187627225,1239098.69565205,3
"01017","Chambers County, Alabama","01","AL",983707.68274852,1151265.86930225,3
"01019","Cherokee County, Alabama","01","AL",946825.071307481,1293987.05571491,3
"01021","Chilton County, Alabama","01","AL",866893.837187992,1129688.05359384,3
"01023","Choctaw County, Alabama","01","AL",725039.091022172,1022571.88399756,3
"01025","Clarke County, Alabama","01","AL",772117.330021407,979474.875352449,3
"01027","Clay County, Alabama","01","AL",940492.750424045,1186820.14482037,3
"01029","Cleburne County, Alabama","01","AL",964934.739878882,1235936.47047776,3
"01031","Coffee County, Alabama","01","AL",946313.77121744,975334.221131903,3
"01033","Colbert County, Alabama","01","AL",745588.372846656,1327840.37180296,3
"01035","Conecuh County, Alabama","01","AL",856175.304374337,975128.074983033,3
"01037","Coosa County, Alabama","01","AL",903407.668770691,1142819.75864664,3
"01039","Covington County, Alabama","01","AL",905360.72778464,952680.527728389,3
"01041","Crenshaw County, Alabama","01","AL",913826.140061324,1009914.67726767,3
"01043","Cullman County, Alabama","01","AL",831999.706819244,1264595.66424168,3
"01045","Dale County, Alabama","01","AL",982880.593884983,980553.738977103,3
"01047","Dallas County, Alabama","01","AL",830147.302976861,1073747.21912557,3
"01049","DeKalb County, Alabama","01","AL",933639.42247375,1323837.78394808,3
"01051","Elmore County, Alabama","01","AL",917953.158212965,1104061.57523955,3
"01053","Escambia County, Alabama","01","AL",839480.548403985,932559.658362645,3
"01055","Etowah County, Alabama","01","AL",911406.820932457,1266670.57296392,3
"01057","Fayette County, Alabama","01","AL",759144.649622034,1218088.33360891,3
"01059","Franklin County, Alabama","01","AL",742733.704397499,1297189.07722803,3
"01061","Geneva County, Alabama","01","AL",964039.811891572,945926.33806008,3
"01063","Greene County, Alabama","01","AL",743975.435846681,1117776.92818265,3
"01065","Hale County, Alabama","01","AL",777051.709177938,1109705.1673568,3
"01067","Henry County, Alabama","01","AL",1016365.39186591,999277.559806443,3
"01069","Houston County, Alabama","01","AL",1017478.06124777,954335.551143649,3
"01071","Jackson County, Alabama","01","AL",904203.811328052,1346498.66927506,3
"01073","Jefferson County, Alabama","01","AL",840017.418219975,1203450.04535115,3
"01075","Lamar County, Alabama","01","AL",725871.65833547,1221641.62768272,3
"01077","Lauderdale County, Alabama","01","AL",758390.674109464,1346336.19597099,3
"01079","Lawrence County, Alabama","01","AL",789519.022066326,1310686.37333751,3
"01081","Lee County, Alabama","01","AL",989835.39433203,1113747.98071211,3
"01083","Limestone County, Alabama","01","AL",815012.061739956,1341737.65255648,3
"01085","Lowndes County, Alabama","01","AL",875363.606185664,1053115.21030774,3
"01087","Macon County, Alabama","01","AL",960778.527225709,1089858.48560786,3
"01089","Madison County, Alabama","01","AL",854855.142644595,1340334.66158157,3
"01091","Marengo County, Alabama","01","AL",770345.125075901,1054175.32416567,3
"01093","Marion County, Alabama","01","AL",739161.766106859,1259692.78762573,3
"01095","Marshall County, Alabama","01","AL",879751.061220723,1299949.15740265,3
"01097","Mobile County, Alabama","01","AL",742781.489493357,882481.003733602,3
"01099","Monroe County, Alabama","01","AL",815455.51959197,978557.692910975,3
"01101","Montgomery County, Alabama","01","AL",917358.446463523,1061581.07683133,3
"01103","Morgan County, Alabama","01","AL",833718.473995456,1309304.24619922,3
"01105","Perry County, Alabama","01","AL",810899.260461097,1093863.42988676,3
"01107","Pickens County, Alabama","01","AL",733107.330786854,1160118.2883554,3
"01109","Pike County, Alabama","01","AL",947779.585417509,1021960.84316672,3
"01111","Randolph County, Alabama","01","AL",973561.532887669,1190556.75601401,3
"01113","Russell County, Alabama","01","AL",1012164.35696791,1083551.84432869,3
"01115","St. Clair County, Alabama","01","AL",885577.963937478,1226012.51497002,3
"01117","Shelby County, Alabama","01","AL",862397.698661534,1178693.43268925,3
"01119","Sumter County, Alabama","01","AL",724069.398162028,1093637.88368227,3
"01121","Talladega County, Alabama","01","AL",906866.844676997,1193158.15886275,3
"01123","Tallapoosa County, Alabama","01","AL",948015.609072967,1131511.55030708,3
"01125","Tuscaloosa County, Alabama","01","AL",789865.955003151,1171195.4374841,3
"01127","Walker County, Alabama","01","AL",800834.265260858,1225563.64866286,3
"01129","Washington County, Alabama","01","AL",738730.332232086,955632.792517545,3
"01131","Wilcox County, Alabama","01","AL",822449.79623893,1032222.44810091,3
"01133","Winston County, Alabama","01","AL",788580.005857484,1265391.64802724,3
"04001","Apache County, Arizona","04","AZ",-1208231.23724978,1446150.45095586,5
"04003","Cochise County, Arizona","04","AZ",-1290584.24815032,1072100.42566517,5
"04005","Coconino County, Arizona","04","AZ",-1421106.12729382,1511187.24311275,5
"04007","Gila County, Arizona","04","AZ",-1343264.38711299,1295477.65706523,5
"04009","Graham County, Arizona","04","AZ",-1291238.69328045,1189622.06264212,5
"04011","Greenlee County, Arizona","04","AZ",-1226785.30534299,1200092.35276817,5
"04012","La Paz County, Arizona","04","AZ",-1640438.71806875,1337859.95169047,5
"04013","Maricopa County, Arizona","04","AZ",-1514986.98294895,1268956.66907046,5
"04015","Mohave County, Arizona","04","AZ",-1607629.6775817,1544320.01734057,5
"04017","Navajo County, Arizona","04","AZ",-1283527.8870807,1462027.99350147,5
"04019","Pima County, Arizona","04","AZ",-1459741.31909684,1114207.61536348,5
"04021","Pinal County, Arizona","04","AZ",-1434856.46916474,1211911.39311478,5
"04023","Santa Cruz County, Arizona","04","AZ",-1405079.02821783,1049294.84856797,5
"04025","Yavapai County, Arizona","04","AZ",-1496121.07109845,1428831.08881572,5
"04027","Yuma County, Arizona","04","AZ",-1674505.26586305,1229523.86140039,5
"05001","Arkansas County, Arkansas","05","AR",421478.116030946,1252235.93667669,3
"05003","Ashley County, Arkansas","05","AR",389864.478639742,1134158.3486667,3
"05005","Baxter County, Arkansas","05","AR",328081.455673064,1471460.50877462,3
"05007","Benton County, Arkansas","05","AR",157635.275399743,1474277.39723657,5
"05009","Boone County, Arkansas","05","AR",258584.352914604,1477020.3028831,5
"05011","Bradley County, Arkansas","05","AR",353987.667556708,1158510.4120328,5
"05013","Calhoun County, Arkansas","05","AR",318245.72749739,1168783.19454307,5
"05015","Carroll County, Arkansas","05","AR",216273.094309958,1477204.35708256,5
"05017","Chicot County, Arkansas","05","AR",435421.36967253,1145216.77163179,3
"05019","Clark County, Arkansas","05","AR",259737.263499318,1225396.04191971,5
"05021","Clay County, Arkansas","05","AR",496724.431185587,1494264.5646831,3
"05023","Cleburne County, Arkansas","05","AR",357574.223384807,1394297.53854239,3
"05025","Cleveland County, Arkansas","05","AR",350006.6316294,1210222.7181175,5
"05027","Columbia County, Arkansas","05","AR",256231.30815075,1122430.90223694,5
"05029","Conway County, Arkansas","05","AR",299267.619490028,1361730.0663255,5
"05031","Craighead County, Arkansas","05","AR",477834.697124916,1433443.83880446,3
"05033","Crawford County, Arkansas","05","AR",157449.22914083,1389401.05516658,5
"05035","Crittenden County, Arkansas","05","AR",516348.006913305,1357009.18516601,3
"05037","Cross County, Arkansas","05","AR",471151.489163151,1372300.32566775,3
"05039","Dallas County, Arkansas","05","AR",302375.273752486,1217171.99036756,5
"05041","Desha County, Arkansas","05","AR",431943.879649384,1205824.76499981,3
"05043","Drew County, Arkansas","05","AR",394872.813095546,1177833.69178342,3
"05045","Faulkner County, Arkansas","05","AR",331158.911654862,1344969.09975201,5
"05047","Franklin County, Arkansas","05","AR",191109.189850234,1383352.24304186,5
"05049","Fulton County, Arkansas","05","AR",372805.593064466,1495055.0338955,3
"05051","Garland County, Arkansas","05","AR",263327.217026748,1284108.43676929,5
"05053","Grant County, Arkansas","05","AR",324991.110881082,1253070.64276111,5
"05055","Greene County, Arkansas","05","AR",487213.857304415,1465130.47727122,3
"05057","Hempstead County, Arkansas","05","AR",209838.554927377,1188508.19596664,5
"05059","Hot Spring County, Arkansas","05","AR",270230.72937154,1257354.52158306,5
"05061","Howard County, Arkansas","05","AR",187477.916887901,1222121.91887151,5
"05063","Independence County, Arkansas","05","AR",395708.276321288,1417791.91335918,3
"05065","Izard County, Arkansas","05","AR",365628.640683395,1454751.03536595,3
"05067","Jackson County, Arkansas","05","AR",430486.598773008,1406408.54750708,3
"05069","Jefferson County, Arkansas","05","AR",368877.703355998,1255352.90500448,3
"05071","Johnson County, Arkansas","05","AR",228001.979205761,1390733.04983385,5
"05073","Lafayette County, Arkansas","05","AR",222438.975060968,1133919.31358915,5
"05075","Lawrence County, Arkansas","05","AR",438022.922144003,1457486.28379251,3
"05077","Lee County, Arkansas","05","AR",469830.763351745,1314584.71368403,3
"05079","Lincoln County, Arkansas","05","AR",389578.464105504,1221496.8303156,3
"05081","Little River County, Arkansas","05","AR",163564.333874878,1186167.09887833,5
"05083","Logan County, Arkansas","05","AR",216589.124725697,1354921.36367688,5
"05085","Lonoke County, Arkansas","05","AR",373283.184423969,1306860.6880345,3
"05087","Madison County, Arkansas","05","AR",205654.875304125,1447296.62231106,5
"05089","Marion County, Arkansas","05","AR",292661.447209143,1475262.99464823,5
"05091","Miller County, Arkansas","05","AR",197267.14224411,1139750.02628589,5
"05093","Mississippi County, Arkansas","05","AR",526812.978532099,1422775.09785429,3
"05095","Monroe County, Arkansas","05","AR",434886.489838553,1304219.80221436,3
"05097","Montgomery County, Arkansas","05","AR",212233.174802237,1281469.99010607,5
"05099","Nevada County, Arkansas","05","AR",249285.462885898,1186207.32677265,5
"05101","Newton County, Arkansas","05","AR",249021.431008531,1434885.05421846,5
"05103","Ouachita County, Arkansas","05","AR",284604.118707642,1174237.09027651,5
"05105","Perry County, Arkansas","05","AR",278566.000902601,1325013.56334078,5
"05107","Phillips County, Arkansas","05","AR",471475.914411159,1270364.02568418,3
"05109","Pike County, Arkansas","05","AR",216384.105387791,1234132.92244123,5
"05111","Poinsett County, Arkansas","05","AR",479612.195692402,1397843.10818551,3
"05113","Polk County, Arkansas","05","AR",164214.03411518,1269486.72795638,5
"05115","Pope County, Arkansas","05","AR",263418.310911666,1373109.45904862,5
"05117","Prairie County, Arkansas","05","AR",405269.563934991,1308549.60757894,3
"05119","Pulaski County, Arkansas","05","AR",329866.058036847,1308262.50619632,5
"05121","Randolph County, Arkansas","05","AR",444229.761029082,1484975.95427679,3
"05123","St. Francis County, Arkansas","05","AR",477089.229476639,1340289.64453335,3
"05125","Saline County, Arkansas","05","AR",303414.518089576,1290895.1712754,5
"05127","Scott County, Arkansas","05","AR",174190.635049093,1314847.13961088,5
"05129","Searcy County, Arkansas","05","AR",297021.021717051,1429509.78950784,5
"05131","Sebastian County, Arkansas","05","AR",159417.912381673,1349261.81150154,5
"05133","Sevier County, Arkansas","05","AR",158595.422152851,1215022.30164715,5
"05135","Sharp County, Arkansas","05","AR",399867.6319383,1468694.02671717,3
"05137","Stone County, Arkansas","05","AR",341857.794667349,1436746.73552157,3
"05139","Union County, Arkansas","05","AR",317148.524755797,1130206.78652937,5
"05141","Van Buren County, Arkansas","05","AR",311751.848093077,1395611.5207167,5
"05143","Washington County, Arkansas","05","AR",157179.124337327,1439718.38952695,5
"05145","White County, Arkansas","05","AR",382042.573259252,1366574.97391049,3
"05147","Woodruff County, Arkansas","05","AR",429853.407495369,1357481.85955493,3
"05149","Yell County, Arkansas","05","AR",234599.177269326,1333677.31797464,5
"06001","Alameda County, California","06","CA",-2230450.3699548,1933532.27338424,2
"06003","Alpine County, California","06","CA",-2035929.9262472,1985773.74589302,2
"06005","Amador County, California","06","CA",-2098413.17342709,1987626.6236744,2
"06007","Butte County, California","06","CA",-2152266.00408166,2145367.28254043,2
"06009","Calaveras County, California","06","CA",-2114157.40494122,1953473.16378971,2
"06011","Colusa County, California","06","CA",-2216055.38232088,2100695.58805936,2
"06013","Contra Costa County, California","06","CA",-2226085.5853542,1960784.8546655,2
"06015","Del Norte County, California","06","CA",-2272489.34273254,2413567.60798267,2
"06017","El Dorado County, California","06","CA",-2084221.15967334,2021291.68025897,2
"06019","Fresno County, California","06","CA",-2061015.87956136,1782084.53786288,2
"06021","Glenn County, California","06","CA",-2213001.19431695,2151335.76433049,2
"06023","Humboldt County, California","06","CA",-2308295.94350251,2306746.65230509,2
"06025","Imperial County, California","06","CA",-1786741.55421386,1294407.80339832,5
"06027","Inyo County, California","06","CA",-1891517.50705931,1719480.02487734,2
"06029","Kern County, California","06","CA",-2016640.73973836,1609444.599386,2
"06031","Kings County, California","06","CA",-2106544.99365641,1713506.06370781,2
"06033","Lake County, California","06","CA",-2263658.8698644,2109408.46077822,2
"06035","Lassen County, California","06","CA",-2039239.97945334,2204752.21352379,2
"06037","Los Angeles County, California","06","CA",-2003405.34168683,1488175.66540312,2
"06039","Madera County, California","06","CA",-2055490.63678274,1840850.68763526,2
"06041","Marin County, California","06","CA",-2290727.118379,1995418.80910669,2
"06043","Mariposa County, California","06","CA",-2070520.81854193,1871847.01348286,2
"06045","Mendocino County, California","06","CA",-2306988.03977799,2157789.49086029,2
"06047","Merced County, California","06","CA",-2147882.1032702,1851673.71517378,2
"06049","Modoc County, California","06","CA",-2022919.84304462,2329876.08175457,2
"06051","Mono County, California","06","CA",-1981207.09268419,1908149.5208735,2
"06053","Monterey County, California","06","CA",-2232824.96512709,1767790.49710528,2
"06055","Napa County, California","06","CA",-2243950.43666502,2032193.54380748,2
"06057","Nevada County, California","06","CA",-2052414.46324193,2081052.86961334,2
"06059","Orange County, California","06","CA",-1985103.22122608,1406665.01803842,5
"06061","Placer County, California","06","CA",-2097522.94792745,2054199.65214798,2
"06063","Plumas County, California","06","CA",-2082860.28167495,2167495.95321972,2
"06065","Riverside County, California","06","CA",-1818280.49065629,1380794.01803808,5
"06067","Sacramento County, California","06","CA",-2159108.00760193,2004387.96153922,2
"06069","San Benito County, California","06","CA",-2195723.7631989,1797200.71832632,2
"06071","San Bernardino County, California","06","CA",-1821233.376912,1512399.47169171,2
"06073","San Diego County, California","06","CA",-1903298.55391665,1319030.44987131,5
"06075","San Francisco County, California","06","CA",-2278139.99519574,1954750.73207503,2
"06077","San Joaquin County, California","06","CA",-2171620.86768212,1944007.82923126,2
"06079","San Luis Obispo County, California","06","CA",-2176642.84166402,1646212.19755133,2
"06081","San Mateo County, California","06","CA",-2273585.46819857,1915857.66632679,2
"06083","Santa Barbara County, California","06","CA",-2161484.77752399,1566534.55955017,2
"06085","Santa Clara County, California","06","CA",-2234128.55919976,1878430.64815025,2
"06087","Santa Cruz County, California","06","CA",-2264694.83413017,1869492.46758286,2
"06089","Shasta County, California","06","CA",-2151717.36212263,2272017.50115624,2
"06091","Sierra County, California","06","CA",-2063482.35106688,2108743.56156402,2
"06093","Siskiyou County, California","06","CA",-2162427.88747749,2368208.89644252,2
"06095","Solano County, California","06","CA",-2220147.28358764,2001257.72231759,2
"06097","Sonoma County, California","06","CA",-2288909.72392833,2042355.17698464,2
"06099","Stanislaus County, California","06","CA",-2156240.59490862,1906825.39612562,2
"06101","Sutter County, California","06","CA",-2178346.94226673,2074147.05780155,2
"06103","Tehama County, California","06","CA",-2179681.42262176,2204625.40471674,2
"06105","Trinity County, California","06","CA",-2247293.44612594,2276123.87569318,2
"06107","Tulare County, California","06","CA",-2013883.46512557,1704463.79605252,2
"06109","Tuolumne County, California","06","CA",-2066489.72565217,1927093.73783866,2
"06111","Ventura County, California","06","CA",-2084787.75126283,1525477.05782841,2
"06113","Yolo County, California","06","CA",-2203422.12652203,2037450.820394,2
"06115","Yuba County, California","06","CA",-2146937.07767137,2092394.68260375,2
"08001","Adams County, Colorado","08","CO",-691031.837413,1903664.83799576,4
"08003","Alamosa County, Colorado","08","CO",-853002.049785194,1658061.31177298,5
"08005","Arapahoe County, Colorado","08","CO",-711729.143902132,1879097.85917652,4
"08007","Archuleta County, Colorado","08","CO",-971742.763900662,1632386.3897174,5
"08009","Baca County, Colorado","08","CO",-575780.36910005,1604704.35296068,5
"08011","Bent County, Colorado","08","CO",-614899.268844903,1680294.29493309,5
"08013","Boulder County, Colorado","08","CO",-788846.204291057,1935965.55248709,4
"08014","Broomfield County, Colorado","08","CO",-763721.384970882,1919758.70268116,4
"08015","Chaffee County, Colorado","08","CO",-874544.131629108,1793954.15592784,4
"08017","Cheyenne County, Colorado","08","CO",-567031.057222545,1783600.10963202,4
"08019","Clear Creek County, Colorado","08","CO",-819427.648498754,1895650.26341903,4
"08021","Conejos County, Colorado","08","CO",-892456.720239783,1620740.90543498,5
"08023","Costilla County, Colorado","08","CO",-827767.842295563,1627494.1857474,5
"08025","Crowley County, Colorado","08","CO",-673197.007858213,1724294.78696477,5
"08027","Custer County, Colorado","08","CO",-810302.316480922,1713751.92053837,5
"08029","Delta County, Colorado","08","CO",-1020119.74370369,1826877.00062233,2
"08031","Denver County, Colorado","08","CO",-759207.064090683,1895523.05316785,4
"08033","Dolores County, Colorado","08","CO",-1085089.46752756,1704528.74649459,5
"08035","Douglas County, Colorado","08","CO",-761336.368612695,1848437.42485448,4
"08037","Eagle County, Colorado","08","CO",-906085.673405779,1896953.21176652,4
"08039","Elbert County, Colorado","08","CO",-699787.863623223,1828086.11272067,4
"08041","El Paso County, Colorado","08","CO",-730083.129576774,1788168.86889906,4
"08043","Fremont County, Colorado","08","CO",-817342.287904758,1756365.41539393,4
"08045","Garfield County, Colorado","08","CO",-1024954.13914257,1911662.91212211,2
"08047","Gilpin County, Colorado","08","CO",-805190.002751336,1909054.77604335,4
"08049","Grand County, Colorado","08","CO",-854978.187863788,1941642.80004499,4
"08051","Gunnison County, Colorado","08","CO",-941649.814887175,1799652.58527286,4
"08053","Hinsdale County, Colorado","08","CO",-983382.75852754,1697951.0695187,5
"08055","Huerfano County, Colorado","08","CO",-774591.167684061,1662569.32799782,5
"08057","Jackson County, Colorado","08","CO",-864566.011753101,2010202.74017245,4
"08059","Jefferson County, Colorado","08","CO",-785693.068905161,1871014.24899954,4
"08061","Kiowa County, Colorado","08","CO",-585375.190992376,1733182.28706079,4
"08063","Kit Carson County, Colorado","08","CO",-563598.622122688,1829274.35128113,4
"08065","Lake County, Colorado","08","CO",-882120.87666531,1846957.5110188,4
"08067","La Plata County, Colorado","08","CO",-1038563.50974,1649903.45567597,5
"08069","Larimer County, Colorado","08","CO",-790359.005262089,1998593.51895282,4
"08071","Las Animas County, Colorado","08","CO",-708784.093747167,1623281.77467351,5
"08073","Lincoln County, Colorado","08","CO",-637122.994634708,1807290.18764334,4
"08075","Logan County, Colorado","08","CO",-595508.873102231,1987980.37469458,4
"08077","Mesa County, Colorado","08","CO",-1075273.0373337,1840656.0084144,2
"08079","Mineral County, Colorado","08","CO",-951104.763963776,1680551.82100982,5
"08081","Moffat County, Colorado","08","CO",-1019501.11671262,2020385.55075381,2
"08083","Montezuma County, Colorado","08","CO",-1104062.0200848,1659789.35885982,5
"08085","Montrose County, Colorado","08","CO",-1058907.18403041,1780639.82637587,2
"08087","Morgan County, Colorado","08","CO",-658632.309028654,1933631.99491213,4
"08089","Otero County, Colorado","08","CO",-671981.138445484,1685533.00458342,5
"08091","Ouray County, Colorado","08","CO",-1016100.5146368,1739767.76746356,5
"08093","Park County, Colorado","08","CO",-837200.873316675,1830281.51921433,4
"08095","Phillips County, Colorado","08","CO",-533133.963275871,1972334.7204022,4
"08097","Pitkin County, Colorado","08","CO",-930260.271453112,1849720.71328379,4
"08099","Prowers County, Colorado","08","CO",-555860.789374721,1678063.33740431,5
"08101","Pueblo County, Colorado","08","CO",-741743.705429807,1710933.84107961,5
"08103","Rio Blanco County, Colorado","08","CO",-1028343.5437094,1952686.40456893,2
"08105","Rio Grande County, Colorado","08","CO",-905300.192146265,1669745.54417333,5
"08107","Routt County, Colorado","08","CO",-926439.568666417,1991921.00825695,2
"08109","Saguache County, Colorado","08","CO",-896284.606825179,1720368.91756535,5
"08111","San Juan County, Colorado","08","CO",-1014076.46284591,1701971.81312903,5
"08113","San Miguel County, Colorado","08","CO",-1081969.46293476,1729479.58257075,5
"08115","Sedgwick County, Colorado","08","CO",-530864.029050712,1997966.95946487,4
"08117","Summit County, Colorado","08","CO",-852814.444199495,1893764.9066255,4
"08119","Teller County, Colorado","08","CO",-787462.18929479,1801112.8454226,4
"08121","Washington County, Colorado","08","CO",-612929.897666765,1909928.57013802,4
"08123","Weld County, Colorado","08","CO",-693280.959285919,1975207.32588327,4
"08125","Yuma County, Colorado","08","CO",-543504.107470372,1905708.11982811,4
"09110","Capitol Planning Region, Connecticut","09","CT",1911859.34298444,2324629.7978876,1
"09120","Greater Bridgeport Planning Region, Connecticut","09","CT",1874820.4406878,2253219.10491381,1
"09130","Lower Connecticut River Valley Planning Region, Connecticut","09","CT",1927577.49379872,2289029.46637111,1
"09140","Naugatuck Valley Planning Region, Connecticut","09","CT",1881891.28680657,2283512.75908464,1
"09150","Northeastern Connecticut Planning Region, Connecticut","09","CT",1961030.22517783,2337109.36986066,1
"09160","Northwest Hills Planning Region, Connecticut","09","CT",1863093.59415993,2312243.34732931,1
"09170","South Central Connecticut Planning Region, Connecticut","09","CT",1905845.6976583,2272144.85932238,1
"09180","Southeastern Connecticut Planning Region, Connecticut","09","CT",1956749.81369464,2303501.3891186,1
"09190","Western Connecticut Planning Region, Connecticut","09","CT",1857122.63644426,2255605.00178042,1
"10001","Kent County, Delaware","10","DE",1737181.12644445,1972441.84211365,1
"10003","New Castle County, Delaware","10","DE",1717127.00748127,2022714.14355297,1
"10005","Sussex County, Delaware","10","DE",1762433.23907674,1930495.00546559,1
"11001","District of Columbia, District of Columbia","11","DC",1622027.14667581,1924861.89258001,1
"12001","Alachua County, Florida","12","FL",1315896.2327692,826412.822036185,3
"12003","Baker County, Florida","12","FL",1314761.61861988,902790.801100256,3
"12005","Bay County, Florida","12","FL",988344.500271427,852504.375016674,3
"12007","Bradford County, Florida","12","FL",1328961.89501154,862044.714728696,3
"12009","Brevard County, Florida","12","FL",1495065.43706813,701890.909802996,3
"12011","Broward County, Florida","12","FL",1557039.06246485,471964.045058324,3
"12013","Calhoun County, Florida","12","FL",1033280.47359416,872887.92623015,3
"12015","Charlotte County, Florida","12","FL",1413090.56644783,531668.247228428,3
"12017","Citrus County, Florida","12","FL",1320435.9453596,735640.743709012,3
"12019","Clay County, Florida","12","FL",1361816.16074468,866089.873429651,3
"12021","Collier County, Florida","12","FL",1471759.2782047,459188.745687629,3
"12023","Columbia County, Florida","12","FL",1281326.07298575,883923.598742745,3
"12027","DeSoto County, Florida","12","FL",1408556.91634731,566064.86998884,3
"12029","Dixie County, Florida","12","FL",1238060.96254545,806030.760418796,3
"12031","Duval County, Florida","12","FL",1371243.19876355,912039.119125875,3
"12033","Escambia County, Florida","12","FL",828347.345554972,878183.255896919,3
"12035","Flagler County, Florida","12","FL",1419219.78393961,819794.835981126,3
"12037","Franklin County, Florida","12","FL",1071249.50937824,810546.919515647,3
"12039","Gadsden County, Florida","12","FL",1085381.1449054,895970.758738123,3
"12041","Gilchrist County, Florida","12","FL",1272003.36739539,830901.580637764,3
"12043","Glades County, Florida","12","FL",1469790.83560904,542855.363261763,3
"12045","Gulf County, Florida","12","FL",1037902.69883464,822552.899343995,3
"12047","Hamilton County, Florida","12","FL",1246005.67762507,908625.112426797,3
"12049","Hardee County, Florida","12","FL",1404071.26572701,596021.508965876,3
"12051","Hendry County, Florida","12","FL",1476509.78129411,508676.878413083,3
"12053","Hernando County, Florida","12","FL",1333715.38294632,704177.905396692,3
"12055","Highlands County, Florida","12","FL",1458752.61244591,585836.334430285,3
"12057","Hillsborough County, Florida","12","FL",1353372.56336569,635294.037569744,3
"12059","Holmes County, Florida","12","FL",969458.897186923,918935.533053262,3
"12061","Indian River County, Florida","12","FL",1516813.95386344,639299.732453817,3
"12063","Jackson County, Florida","12","FL",1028940.37814524,915163.264419863,3
"12065","Jefferson County, Florida","12","FL",1153836.35987402,885689.259575939,3
"12067","Lafayette County, Florida","12","FL",1232344.00481347,855403.140682048,3
"12069","Lake County, Florida","12","FL",1385017.81004453,741203.495838266,3
"12071","Lee County, Florida","12","FL",1415322.88224873,495910.152526474,3
"12073","Leon County, Florida","12","FL",1125392.41436651,891741.988477178,3
"12075","Levy County, Florida","12","FL",1284287.03997074,780759.318566145,3
"12077","Liberty County, Florida","12","FL",1064040.94196276,863077.21242219,3
"12079","Madison County, Florida","12","FL",1197108.19384956,899114.67655817,3
"12081","Manatee County, Florida","12","FL",1349214.77505989,584838.033934883,3
"12083","Marion County, Florida","12","FL",1354398.56858189,786616.404342501,3
"12085","Martin County, Florida","12","FL",1549972.86572836,575907.491279676,3
"12086","Miami-Dade County, Florida","12","FL",1557151.45979426,409528.193952934,3
"12087","Monroe County, Florida","12","FL",1480152.92180896,294505.879416862,3
"12089","Nassau County, Florida","12","FL",1346369.82213144,929639.9837628,3
"12091","Okaloosa County, Florida","12","FL",897954.935241447,887543.900955549,3
"12093","Okeechobee County, Florida","12","FL",1500352.43462212,591411.788757064,3
"12095","Orange County, Florida","12","FL",1440153.00512955,718295.45432541,3
"12097","Osceola County, Florida","12","FL",1462966.6851891,663975.548532987,3
"12099","Palm Beach County, Florida","12","FL",1551282.47761877,525842.181477187,3
"12101","Pasco County, Florida","12","FL",1334624.58623014,679451.280679118,3
"12103","Pinellas County, Florida","12","FL",1306485.1441999,628386.484668153,3
"12105","Polk County, Florida","12","FL",1407668.10269931,651599.375530708,3
"12107","Putnam County, Florida","12","FL",1371381.27479459,826742.149154118,3
"12109","St. Johns County, Florida","12","FL",1398131.27815054,869985.891153038,3
"12111","St. Lucie County, Florida","12","FL",1537973.7368072,607021.958854399,3
"12113","Santa Rosa County, Florida","12","FL",856112.199074897,885468.757888227,3
"12115","Sarasota County, Florida","12","FL",1362801.27240171,554349.160211739,3
"12117","Seminole County, Florida","12","FL",1440812.14341127,738345.584710982,3
"12119","Sumter County, Florida","12","FL",1355998.6509178,720362.744736454,3
"12121","Suwannee County, Florida","12","FL",1244467.65735955,872844.783344069,3
"12123","Taylor County, Florida","12","FL",1186699.27575729,847815.036346992,3
"12125","Union County, Florida","12","FL",1307078.71278452,868605.123512323,3
"12127","Volusia County, Florida","12","FL",1440597.42509978,775856.32487953,3
"12129","Wakulla County, Florida","12","FL",1115981.48717708,853185.894781856,3
"12131","Walton County, Florida","12","FL",940053.266463101,890005.848353944,3
"12133","Washington County, Florida","12","FL",986111.856164344,890005.848353944,3
"13001","Appling County, Georgia","13","GA",1285129.05724947,1053671.23125206,3
"13003","Atkinson County, Georgia","13","GA",1241748.38630374,996542.505922642,3
"13005","Bacon County, Georgia","13","GA",1278893.33364692,1034499.95959273,3
"13007","Baker County, Georgia","13","GA",1089001.60918856,978786.805968535,3
"13009","Baldwin County, Georgia","13","GA",1181287.26883863,1188323.18225634,3
"13011","Banks County, Georgia","13","GA",1135141.73220198,1330723.21551757,3
"13013","Barrow County, Georgia","13","GA",1124108.69365729,1289600.36989764,3
"13015","Bartow County, Georgia","13","GA",1017879.20428391,1302941.06097161,3
"13017","Ben Hill County, Georgia","13","GA",1207264.54722137,1044464.27524956,3
"13019","Berrien County, Georgia","13","GA",1209365.61846946,990036.306255222,3
"13021","Bibb County, Georgia","13","GA",1141874.09697434,1157067.68740312,3
"13023","Bleckley County, Georgia","13","GA",1179131.22885533,1117538.57599303,3
"13025","Brantley County, Georgia","13","GA",1327434.02452262,999425.074416886,3
"13027","Brooks County, Georgia","13","GA",1183007.56684558,941598.065404238,3
"13029","Bryan County, Georgia","13","GA",1361287.09045708,1097457.3249369,3
"13031","Bulloch County, Georgia","13","GA",1331580.97643168,1135723.7561393,3
"13033","Burke County, Georgia","13","GA",1296855.7767249,1198822.42062822,3
"13035","Butts County, Georgia","13","GA",1112444.49072962,1209484.1987712,3
"13037","Calhoun County, Georgia","13","GA",1073341.30860262,1004575.21727332,3
"13039","Camden County, Georgia","13","GA",1361869.20209481,976259.748750775,3
"13043","Candler County, Georgia","13","GA",1299917.0906244,1134664.04429459,3
"13045","Carroll County, Georgia","13","GA",1000356.67572517,1229377.41174246,3
"13047","Catoosa County, Georgia","13","GA",981830.52907138,1369681.11481136,3
"13049","Charlton County, Georgia","13","GA",1323112.59488594,946352.26277729,3
"13051","Chatham County, Georgia","13","GA",1393089.26117348,1098254.55178961,3
"13053","Chattahoochee County, Georgia","13","GA",1047032.88736246,1095714.47557683,3
"13055","Chattooga County, Georgia","13","GA",969042.86619886,1319297.11539648,3
"13057","Cherokee County, Georgia","13","GA",1052610.70404105,1306048.64341403,3
"13059","Clarke County, Georgia","13","GA",1152356.25117933,1286325.1638692,3
"13061","Clay County, Georgia","13","GA",1036123.63347559,1010773.99526635,3
"13063","Clayton County, Georgia","13","GA",1072084.87774501,1224564.24603634,3
"13065","Clinch County, Georgia","13","GA",1260948.31637792,956568.337976477,3
"13067","Cobb County, Georgia","13","GA",1045394.7610495,1268723.7121089,3
"13069","Coffee County, Georgia","13","GA",1240216.72410514,1032734.26734462,3
"13071","Colquitt County, Georgia","13","GA",1158388.52385526,976129.858821028,3
"13073","Columbia County, Georgia","13","GA",1264495.28411775,1252758.23212248,3
"13075","Cook County, Georgia","13","GA",1191806.46685568,979952.548940131,3
"13077","Coweta County, Georgia","13","GA",1036336.76223276,1204056.84214954,3
"13079","Crawford County, Georgia","13","GA",1116851.74689557,1140496.76108277,3
"13081","Crisp County, Georgia","13","GA",1148140.36789777,1057631.26462142,3
"13083","Dade County, Georgia","13","GA",949798.119838004,1357596.98115351,3
"13085","Dawson County, Georgia","13","GA",1071618.17319357,1334904.34936437,3
"13087","Decatur County, Georgia","13","GA",1086902.79162106,938879.373416692,3
"13089","DeKalb County, Georgia","13","GA",1081406.66983921,1258653.23591964,3
"13091","Dodge County, Georgia","13","GA",1202285.48659838,1092337.02737926,3
"13093","Dooly County, Georgia","13","GA",1140378.9513046,1083694.69808422,3
"13095","Dougherty County, Georgia","13","GA",1110876.05440234,1009631.3269416,3
"13097","Douglas County, Georgia","13","GA",1030696.87493417,1240207.80048248,3
"13099","Early County, Georgia","13","GA",1054067.55729556,973884.150058109,3
"13101","Echols County, Georgia","13","GA",1251470.60415343,935884.454525751,3
"13103","Effingham County, Georgia","13","GA",1369336.92410667,1135698.71435587,3
"13105","Elbert County, Georgia","13","GA",1196726.39847376,1313599.69245442,3
"13107","Emanuel County, Georgia","13","GA",1270507.7442423,1146024.25361683,3
"13109","Evans County, Georgia","13","GA",1319509.31426571,1107350.41009561,3
"13111","Fannin County, Georgia","13","GA",1067389.4110091,1370501.09796015,3
"13113","Fayette County, Georgia","13","GA",1059268.14230935,1213400.68018379,3
"13115","Floyd County, Georgia","13","GA",984815.759193887,1307695.63511654,3
"13117","Forsyth County, Georgia","13","GA",1081201.72906145,1305312.92610516,3
"13119","Franklin County, Georgia","13","GA",1160552.26048086,1334870.32768069,3
"13121","Fulton County, Georgia","13","GA",1062890.65672582,1261372.07209693,3
"13123","Gilmer County, Georgia","13","GA",1046559.50992605,1356953.73688404,3
"13125","Glascock County, Georgia","13","GA",1233617.98738505,1215748.26437455,3
"13127","Glynn County, Georgia","13","GA",1367613.8272512,1009780.24116839,3
"13129","Gordon County, Georgia","13","GA",1011438.09804012,1330938.12859219,3
"13131","Grady County, Georgia","13","GA",1119723.13225843,936103.715457421,3
"13133","Greene County, Georgia","13","GA",1180295.57327876,1245821.58943483,3
"13135","Gwinnett County, Georgia","13","GA",1095028.28622089,1279410.33187788,3
"13137","Habersham County, Georgia","13","GA",1131598.33162094,1359498.40767094,3
"13139","Hall County, Georgia","13","GA",1112234.86697027,1320759.48136144,3
"13141","Hancock County, Georgia","13","GA",1199670.75775626,1214161.66079759,3
"13143","Haralson County, Georgia","13","GA",989956.546969722,1248174.58756115,3
"13145","Harris County, Georgia","13","GA",1030478.00607938,1133858.10142726,3
"13147","Hart County, Georgia","13","GA",1187769.33600056,1335456.74036706,3
"13149","Heard County, Georgia","13","GA",1005706.1813186,1192132.30547027,3
"13151","Henry County, Georgia","13","GA",1095274.72437374,1224236.64316942,3
"13153","Houston County, Georgia","13","GA",1152048.39209594,1120224.86737158,3
"13155","Irwin County, Georgia","13","GA",1198805.36558747,1029338.07141765,3
"13157","Jackson County, Georgia","13","GA",1134213.45539191,1303815.60671807,3
"13159","Jasper County, Georgia","13","GA",1134856.65910563,1212529.01490668,3
"13161","Jeff Davis County, Georgia","13","GA",1253760.98194147,1061177.98020713,3
"13163","Jefferson County, Georgia","13","GA",1252657.15124921,1198555.62256707,3
"13165","Jenkins County, Georgia","13","GA",1300257.15048881,1175330.55745528,3
"13167","Johnson County, Georgia","13","GA",1241283.8503346,1154520.47961738,3
"13169","Jones County, Georgia","13","GA",1151817.64070956,1181505.01686298,3
"13171","Lamar County, Georgia","13","GA",1096654.71112717,1183407.88600968,3
"13173","Lanier County, Georgia","13","GA",1225493.90223747,967388.026607106,3
"13175","Laurens County, Georgia","13","GA",1218547.32400719,1124194.82884739,3
"13177","Lee County, Georgia","13","GA",1115342.54898463,1036137.34748772,3
"13179","Liberty County, Georgia","13","GA",1358025.95737821,1076726.385367,3
"13181","Lincoln County, Georgia","13","GA",1242812.62375136,1281043.03510595,3
"13183","Long County, Georgia","13","GA",1333670.30473293,1067564.70249873,3
"13185","Lowndes County, Georgia","13","GA",1214919.1656818,943093.538379213,3
"13187","Lumpkin County, Georgia","13","GA",1086942.95807625,1350897.01064212,3
"13189","McDuffie County, Georgia","13","GA",1241574.6633065,1247074.27121305,3
"13191","McIntosh County, Georgia","13","GA",1373047.90897276,1040480.88889471,3
"13193","Macon County, Georgia","13","GA",1116083.2565645,1099004.74498084,3
"13195","Madison County, Georgia","13","GA",1168050.24493777,1308864.66496991,3
"13197","Marion County, Georgia","13","GA",1071977.57474379,1094836.23336784,3
"13199","Meriwether County, Georgia","13","GA",1046745.21032449,1169188.87899265,3
"13201","Miller County, Georgia","13","GA",1068353.29879258,962539.789528578,3
"13205","Mitchell County, Georgia","13","GA",1119511.374278,978786.805968535,3
"13207","Monroe County, Georgia","13","GA",1121864.7381303,1177166.19061067,3
"13209","Montgomery County, Georgia","13","GA",1258841.15881346,1100260.48145459,3
"13211","Morgan County, Georgia","13","GA",1148534.91101927,1248199.41531157,3
"13213","Murray County, Georgia","13","GA",1019743.64953322,1364179.08527806,3
"13215","Muscogee County, Georgia","13","GA",1037855.16054329,1106257.22018321,3
"13217","Newton County, Georgia","13","GA",1118117.68331054,1236849.784001,3
"13219","Oconee County, Georgia","13","GA",1151198.21928279,1273215.91694621,3
"13221","Oglethorpe County, Georgia","13","GA",1182679.99655666,1282157.08081066,3
"13223","Paulding County, Georgia","13","GA",1017556.54989856,1267277.33936677,3
"13225","Peach County, Georgia","13","GA",1133702.08475009,1127844.05529499,3
"13227","Pickens County, Georgia","13","GA",1049653.62772999,1330991.90996428,3
"13229","Pierce County, Georgia","13","GA",1301927.5805484,1015866.85868004,3
"13231","Pike County, Georgia","13","GA",1074682.4990318,1178172.4634378,3
"13233","Polk County, Georgia","13","GA",989186.210929295,1271590.9047915,3
"13235","Pulaski County, Georgia","13","GA",1170299.7477293,1096288.58972145,3
"13237","Putnam County, Georgia","13","GA",1166427.48313414,1216977.07226638,3
"13239","Quitman County, Georgia","13","GA",1032198.02027476,1037981.65895429,3
"13241","Rabun County, Georgia","13","GA",1135471.74558577,1388290.3570626,3
"13243","Randolph County, Georgia","13","GA",1059627.36735709,1028662.27363412,3
"13245","Richmond County, Georgia","13","GA",1282361.16708636,1240909.7066089,3
"13247","Rockdale County, Georgia","13","GA",1100748.95058759,1245119.79408036,3
"13249","Schley County, Georgia","13","GA",1092599.8487605,1091155.19084189,3
"13251","Screven County, Georgia","13","GA",1334506.61632094,1179588.92355877,3
"13253","Seminole County, Georgia","13","GA",1059654.0356281,931765.720595482,3
"13255","Spalding County, Georgia","13","GA",1082579.05553301,1198109.27316421,3
"13257","Stephens County, Georgia","13","GA",1156046.08878082,1355907.47710445,3
"13259","Stewart County, Georgia","13","GA",1045139.81501907,1063368.60248506,3
"13261","Sumter County, Georgia","13","GA",1106742.09184224,1066001.53222574,3
"13263","Talbot County, Georgia","13","GA",1066491.32850471,1133138.78911228,3
"13265","Taliaferro County, Georgia","13","GA",1207363.45310693,1251031.11845567,3
"13267","Tattnall County, Georgia","13","GA",1310057.85765909,1092814.68176895,3
"13269","Taylor County, Georgia","13","GA",1097547.1952354,1121243.35720721,3
"13271","Telfair County, Georgia","13","GA",1230040.92691084,1072346.79169069,3
"13273","Terrell County, Georgia","13","GA",1086855.93559638,1034666.95873023,3
"13275","Thomas County, Georgia","13","GA",1150009.79450479,938324.068371513,3
"13277","Tift County, Georgia","13","GA",1178555.10891796,1007352.64198934,3
"13279","Toombs County, Georgia","13","GA",1279366.11126209,1100102.95222014,3
"13281","Towns County, Georgia","13","GA",1109280.4136047,1386711.85600096,3
"13283","Treutlen County, Georgia","13","GA",1254175.90561434,1124280.14438862,3
"13285","Troup County, Georgia","13","GA",1014585.70873722,1167461.70403096,3
"13287","Turner County, Georgia","13","GA",1163563.90054269,1035684.59184017,3
"13289","Twiggs County, Georgia","13","GA",1168695.70366511,1142789.61740827,3
"13291","Union County, Georgia","13","GA",1088529.77012292,1373774.45194608,3
"13293","Upson County, Georgia","13","GA",1085670.71328507,1153965.70225465,3
"13295","Walker County, Georgia","13","GA",969232.212265155,1355006.54164768,3
"13297","Walton County, Georgia","13","GA",1121831.45340911,1261634.51283894,3
"13299","Ware County, Georgia","13","GA",1281492.39864953,974736.695555412,3
"13301","Warren County, Georgia","13","GA",1224118.55349268,1237044.87358715,3
"13303","Washington County, Georgia","13","GA",1222050.38649882,1186908.66924787,3
"13305","Wayne County, Georgia","13","GA",1327534.4570448,1043061.27433705,3
"13307","Webster County, Georgia","13","GA",1074375.48040688,1064265.54980694,3
"13309","Wheeler County, Georgia","13","GA",1238241.30054846,1091921.71226203,3
"13311","White County, Georgia","13","GA",1110044.66191168,1358790.13024819,3
"13313","Whitfield County, Georgia","13","GA",998551.69152664,1363303.57107674,3
"13315","Wilcox County, Georgia","13","GA",1177613.08130035,1068257.061903,3
"13317","Wilkes County, Georgia","13","GA",1213064.3902063,1277038.42192959,3
"13319","Wilkinson County, Georgia","13","GA",1192096.95407921,1160573.26133632,3
"13321","Worth County, Georgia","13","GA",1148032.93108074,1018486.32542413,3
"16001","Ada County, Idaho","16","ID",-1619450.81751484,2441985.45976003,2
"16003","Adams County, Idaho","16","ID",-1596581.93608376,2603290.85109039,2
"16005","Bannock County, Idaho","16","ID",-1311681.00797943,2296328.86154825,2
"16007","Bear Lake County, Idaho","16","ID",-1248806.60407317,2245473.78855893,2
"16009","Benewah County, Idaho","16","ID",-1563279.91489032,2860503.3766022,2
"16011","Bingham County, Idaho","16","ID",-1319723.12449012,2364967.73811022,2
"16013","Blaine County, Idaho","16","ID",-1444842.67256063,2395096.80685587,2
"16015","Boise County, Idaho","16","ID",-1568275.86895101,2491485.62131586,2
"16017","Bonner County, Idaho","16","ID",-1524946.29492002,2984885.95692412,2
"16019","Bonneville County, Idaho","16","ID",-1239350.14086348,2364967.73811022,2
"16021","Boundary County, Idaho","16","ID",-1507282.93590507,3021522.13976435,2
"16023","Butte County, Idaho","16","ID",-1366085.94233826,2431646.17730462,2
"16025","Camas County, Idaho","16","ID",-1506335.27451077,2429391.86078029,2
"16027","Canyon County, Idaho","16","ID",-1646416.52236397,2469660.93063733,2
"16029","Caribou County, Idaho","16","ID",-1256192.70920645,2298686.02857991,2
"16031","Cassia County, Idaho","16","ID",-1436186.90757966,2281867.28181119,2
"16033","Clark County, Idaho","16","ID",-1298529.93926402,2476366.05871174,2
"16035","Clearwater County, Idaho","16","ID",-1496807.51679659,2785506.76302742,2
"16037","Custer County, Idaho","16","ID",-1439079.61253043,2495840.59171532,2
"16039","Elmore County, Idaho","16","ID",-1563494.77201315,2428194.690506,2
"16041","Franklin County, Idaho","16","ID",-1295627.43121151,2240195.51479724,2
"16043","Fremont County, Idaho","16","ID",-1223617.87197859,2469448.73137878,2
"16045","Gem County, Idaho","16","ID",-1609036.26117135,2523671.76706073,2
"16047","Gooding County, Idaho","16","ID",-1513629.67263011,2364067.34758015,2
"16049","Idaho County, Idaho","16","ID",-1502965.7484868,2689334.77081235,2
"16051","Jefferson County, Idaho","16","ID",-1303038.1044417,2424073.10805814,2
"16053","Jerome County, Idaho","16","ID",-1478044.26133051,2329897.37723213,2
"16055","Kootenai County, Idaho","16","ID",-1551257.13019573,2915134.55289292,2
"16057","Latah County, Idaho","16","ID",-1572121.93440498,2820503.22049876,2
"16059","Lemhi County, Idaho","16","ID",-1396866.86911781,2567277.33075615,2
"16061","Lewis County, Idaho","16","ID",-1565246.29922914,2752519.63003772,2
"16063","Lincoln County, Idaho","16","ID",-1462681.57817051,2365764.89101191,2
"16065","Madison County, Idaho","16","ID",-1249215.41238202,2413082.53240755,2
"16067","Minidoka County, Idaho","16","ID",-1415584.57284972,2357058.96556359,2
"16069","Nez Perce County, Idaho","16","ID",-1597137.97222482,2757336.23683737,2
"16071","Oneida County, Idaho","16","ID",-1351174.59727148,2253679.87175855,2
"16073","Owyhee County, Idaho","16","ID",-1633705.64480973,2372765.33275444,2
"16075","Payette County, Idaho","16","ID",-1645092.37007669,2513517.51220326,2
"16077","Power County, Idaho","16","ID",-1363443.59963384,2314461.45361116,2
"16079","Shoshone County, Idaho","16","ID",-1507288.17711099,2876400.94349506,2
"16081","Teton County, Idaho","16","ID",-1216105.53982174,2402340.98501423,2
"16083","Twin Falls County, Idaho","16","ID",-1510774.20274561,2310710.89184616,2
"16085","Valley County, Idaho","16","ID",-1527540.30142071,2576957.50036654,2
"16087","Washington County, Idaho","16","ID",-1644108.71985874,2566821.9534483,2
"17001","Adams County, Illinois","17","IL",406890.18052263,1894886.83117268,4
"17003","Alexander County, Illinois","17","IL",584019.092674899,1590194.91352776,3
"17005","Bond County, Illinois","17","IL",562626.0549143,1782715.43342515,1
"17007","Boone County, Illinois","17","IL",587108.707371359,2169700.70529638,4
"17009","Brown County, Illinois","17","IL",446930.49636412,1895504.89335925,4
"17011","Bureau County, Illinois","17","IL",538332.778609086,2057821.61175211,4
"17013","Calhoun County, Illinois","17","IL",457424.646833669,1802921.18296303,4
"17015","Carroll County, Illinois","17","IL",498916.140062167,2133449.68923394,4
"17017","Cass County, Illinois","17","IL",487450.017286323,1901040.63907728,4
"17019","Champaign County, Illinois","17","IL",657675.497298204,1931886.37939022,1
"17021","Christian County, Illinois","17","IL",571542.521708585,1860397.27832404,4
"17023","Clark County, Illinois","17","IL",699102.542030485,1842221.62780149,1
"17025","Clay County, Illinois","17","IL",646921.192518239,1773933.92672614,1
"17027","Clinton County, Illinois","17","IL",567026.524654666,1747604.43898881,1
"17029","Coles County, Illinois","17","IL",662123.733819365,1862702.09493724,1
"17031","Cook County, Illinois","17","IL",679763.999639493,2119078.75506281,4
"17033","Crawford County, Illinois","17","IL",705836.117299483,1806367.47815324,1
"17035","Cumberland County, Illinois","17","IL",662911.529320295,1828731.19108171,1
"17037","DeKalb County, Illinois","17","IL",594745.513178578,2124859.88540309,4
"17039","De Witt County, Illinois","17","IL",598855.975423703,1933023.66212325,4
"17041","Douglas County, Illinois","17","IL",660019.889891131,1884784.29906569,1
"17043","DuPage County, Illinois","17","IL",651323.201438246,2121043.6608724,4
"17045","Edgar County, Illinois","17","IL",700055.065972852,1885151.93017396,1
"17047","Edwards County, Illinois","17","IL",686095.499469188,1738068.58447641,1
"17049","Effingham County, Illinois","17","IL",635340.724589107,1804560.89150004,1
"17051","Fayette County, Illinois","17","IL",597674.002750597,1792394.07831427,1
"17053","Ford County, Illinois","17","IL",654597.150607986,1991778.77485,1
"17055","Franklin County, Illinois","17","IL",614941.662005402,1686218.19806749,3
"17057","Fulton County, Illinois","17","IL",488925.627868735,1952709.53716332,4
"17059","Gallatin County, Illinois","17","IL",678418.089389352,1662588.48773979,3
"17061","Greene County, Illinois","17","IL",479510.953834903,1825827.41361846,4
"17063","Grundy County, Illinois","17","IL",629492.443911874,2055642.28500213,4
"17065","Hamilton County, Illinois","17","IL",647594.717058744,1697019.56275256,3
"17067","Hancock County, Illinois","17","IL",408562.228619486,1943731.65748315,4
"17069","Hardin County, Illinois","17","IL",678939.069350869,1634250.14831488,3
"17071","Henderson County, Illinois","17","IL",424550.058475524,1993342.77688265,4
"17073","Henry County, Illinois","17","IL",485736.042766536,2055152.15505557,4
"17075","Iroquois County, Illinois","17","IL",683726.067876818,1999665.2336814,1
"17077","Jackson County, Illinois","17","IL",574881.895324783,1655935.79569524,3
"17079","Jasper County, Illinois","17","IL",672498.588434378,1802546.8928264,1
"17081","Jefferson County, Illinois","17","IL",612386.652147615,1719768.52068894,3
"17083","Jersey County, Illinois","17","IL",482043.938192492,1799092.54668305,4
"17085","Jo Daviess County, Illinois","17","IL",475248.904287571,2164763.12794669,4
"17087","Johnson County, Illinois","17","IL",623174.265293987,1631219.02026762,3
"17089","Kane County, Illinois","17","IL",622494.012529107,2128696.56501438,4
"17091","Kankakee County, Illinois","17","IL",674869.320480602,2045052.34482423,1
"17093","Kendall County, Illinois","17","IL",625766.491095687,2090692.06211751,4
"17095","Knox County, Illinois","17","IL",482993.006635814,2006919.17561514,4
"17097","Lake County, Illinois","17","IL",653004.38773338,2174692.9353235,4
"17099","LaSalle County, Illinois","17","IL",591714.963870945,2050691.73805603,4
"17101","Lawrence County, Illinois","17","IL",712847.030746042,1773872.88487864,1
"17103","Lee County, Illinois","17","IL",554228.206837062,2097438.41746174,4
"17105","Livingston County, Illinois","17","IL",619021.596622134,2009556.11000318,4
"17107","Logan County, Illinois","17","IL",559336.490958356,1920031.14683627,4
"17109","McDonough County, Illinois","17","IL",447311.264426647,1950765.96898958,4
"17111","McHenry County, Illinois","17","IL",617368.263958417,2172180.51533231,4
"17113","McLean County, Illinois","17","IL",598861.213385744,1969029.75185121,4
"17115","Macon County, Illinois","17","IL",594732.577757709,1890484.17068329,4
"17117","Macoupin County, Illinois","17","IL",518926.413642132,1821901.29118633,4
"17119","Madison County, Illinois","17","IL",528216.155830412,1772726.92198711,4
"17121","Marion County, Illinois","17","IL",609758.186648284,1761150.32667327,1
"17123","Marshall County, Illinois","17","IL",554988.538349394,2019080.18221655,4
"17125","Mason County, Illinois","17","IL",517597.515085466,1929770.44801795,4
"17127","Massac County, Illinois","17","IL",640286.94639631,1598187.5055796,3
"17129","Menard County, Illinois","17","IL",525091.71283237,1908933.46002193,4
"17131","Mercer County, Illinois","17","IL",435592.746738105,2034019.51126079,4
"17133","Monroe County, Illinois","17","IL",507278.724043574,1712576.12352908,3
"17135","Montgomery County, Illinois","17","IL",562122.544549748,1822313.93962935,4
"17137","Morgan County, Illinois","17","IL",494852.483929855,1868440.42692608,4
"17139","Moultrie County, Illinois","17","IL",625528.320847479,1867380.30022191,1
"17141","Ogle County, Illinois","17","IL",549287.198359484,2134852.69590795,4
"17143","Peoria County, Illinois","17","IL",521545.901728728,1987527.9593755,4
"17145","Perry County, Illinois","17","IL",576785.997515862,1692910.01592364,3
"17147","Piatt County, Illinois","17","IL",625209.714538565,1911670.0343002,1
"17149","Pike County, Illinois","17","IL",431644.832980895,1856641.34916684,4
"17151","Pope County, Illinois","17","IL",648758.354045357,1614593.67390294,3
"17153","Pulaski County, Illinois","17","IL",601372.289913503,1595037.29406803,3
"17155","Putnam County, Illinois","17","IL",555726.634987439,2042415.3278433,4
"17157","Randolph County, Illinois","17","IL",533709.981489922,1682682.70629875,3
"17159","Richland County, Illinois","17","IL",680107.754216032,1769082.95302205,1
"17161","Rock Island County, Illinois","17","IL",469952.914980269,2073691.79185649,4
"17163","St. Clair County, Illinois","17","IL",523453.984213787,1729069.55156163,3
"17165","Saline County, Illinois","17","IL",650634.886699719,1656666.51323739,3
"17167","Sangamon County, Illinois","17","IL",534222.519352827,1875669.58581548,4
"17169","Schuyler County, Illinois","17","IL",451908.604056204,1913000.58507537,4
"17171","Scott County, Illinois","17","IL",469041.034934465,1861863.71842755,4
"17173","Shelby County, Illinois","17","IL",618079.221217554,1845578.79899988,1
"17175","Stark County, Illinois","17","IL",515226.649491504,2027917.10870146,4
"17177","Stephenson County, Illinois","17","IL",518514.802351215,2167578.74552508,4
"17179","Tazewell County, Illinois","17","IL",542991.392776294,1965219.85426633,4
"17181","Union County, Illinois","17","IL",589627.933883793,1624407.60762635,3
"17183","Vermilion County, Illinois","17","IL",696515.347798771,1939080.21931015,1
"17185","Wabash County, Illinois","17","IL",703142.239597761,1738211.30306195,1
"17187","Warren County, Illinois","17","IL",449963.604306119,1996814.6857504,4
"17189","Washington County, Illinois","17","IL",568546.351306318,1724709.81159829,3
"17191","Wayne County, Illinois","17","IL",654629.747595364,1734737.7895561,1
"17193","White County, Illinois","17","IL",679633.44774799,1700477.63305455,3
"17195","Whiteside County, Illinois","17","IL",500095.307795803,2100261.81453777,4
"17197","Will County, Illinois","17","IL",671705.860182999,2078034.45220415,4
"17199","Williamson County, Illinois","17","IL",616754.554635498,1654270.6285572,3
"17201","Winnebago County, Illinois","17","IL",558846.980323204,2167468.44013388,4
"17203","Woodford County, Illinois","17","IL",563733.677892254,1993147.00717493,4
"18001","Adams County, Indiana","18","IN",924373.749510128,2024532.27009288,1
"18003","Allen County, Indiana","18","IN",908856.995250127,2061366.83447787,1
"18005","Bartholomew County, Indiana","18","IN",863851.56556393,1844032.44184507,1
"18007","Benton County, Indiana","18","IN",727855.275639146,1990482.01359987,1
"18009","Blackford County, Indiana","18","IN",895324.925137456,1991018.40655613,1
"18011","Boone County, Indiana","18","IN",804645.167338773,1933218.7483713,1
"18013","Brown County, Indiana","18","IN",835000.553109508,1838788.04521889,1
"18015","Carroll County, Indiana","18","IN",789744.982190874,1993565.00008156,1
"18017","Cass County, Indiana","18","IN",804815.965711886,2010832.65783633,1
"18019","Clark County, Indiana","18","IN",879823.742755608,1760182.53305347,1
"18021","Clay County, Indiana","18","IN",759084.985445315,1855741.35660781,1
"18023","Clinton County, Indiana","18","IN",801693.043664323,1962227.51179922,1
"18025","Crawford County, Indiana","18","IN",823799.269956809,1734853.00734213,1
"18027","Daviess County, Indiana","18","IN",766253.873618975,1778584.36162171,1
"18029","Dearborn County, Indiana","18","IN",943625.512633932,1843372.91733432,1
"18031","Decatur County, Indiana","18","IN",896053.544191081,1859160.30824796,1
"18033","DeKalb County, Indiana","18","IN",910744.877319833,2096878.25221534,1
"18035","Delaware County, Indiana","18","IN",892474.890846528,1963327.88130862,1
"18037","Dubois County, Indiana","18","IN",788604.646046439,1739874.8283279,1
"18039","Elkhart County, Indiana","18","IN",837568.975858801,2110345.33497858,1
"18041","Fayette County, Indiana","18","IN",918745.962650007,1903578.85835408,1
"18043","Floyd County, Indiana","18","IN",872939.669518382,1742450.5427161,1
"18045","Fountain County, Indiana","18","IN",736785.983052351,1939631.43792549,1
"18047","Franklin County, Indiana","18","IN",932012.731466059,1870309.9928592,1
"18049","Fulton County, Indiana","18","IN",815307.639499545,2045567.29546338,1
"18051","Gibson County, Indiana","18","IN",730127.593822762,1734610.49542798,1
"18053","Grant County, Indiana","18","IN",867420.713668256,1991990.73071627,1
"18055","Greene County, Indiana","18","IN",773745.973772807,1818116.24321514,1
"18057","Hamilton County, Indiana","18","IN",839456.236476263,1938848.60087619,1
"18059","Hancock County, Indiana","18","IN",865672.1985316,1914207.49223454,1
"18061","Harrison County, Indiana","18","IN",857641.002010334,1729054.01025566,1
"18063","Hendricks County, Indiana","18","IN",804602.245722948,1901211.85180311,1
"18065","Henry County, Indiana","18","IN",896783.829380157,1931112.62691073,1
"18067","Howard County, Indiana","18","IN",829024.728173437,1984389.82360203,1
"18069","Huntington County, Indiana","18","IN",877475.058754074,2028359.76877687,1
"18071","Jackson County, Indiana","18","IN",854560.235728892,1807474.81657818,1
"18073","Jasper County, Indiana","18","IN",740924.023542626,2037589.21698937,1
"18075","Jay County, Indiana","18","IN",922556.409226181,1990327.91548385,1
"18077","Jefferson County, Indiana","18","IN",906730.047026302,1800119.40552346,1
"18079","Jennings County, Indiana","18","IN",888947.30621274,1821999.16583776,1
"18081","Johnson County, Indiana","18","IN",842266.73857207,1872012.45597642,1
"18083","Knox County, Indiana","18","IN",739340.393099699,1770142.69658777,1
"18085","Kosciusko County, Indiana","18","IN",842101.898113119,2071347.74181083,1
"18087","LaGrange County, Indiana","18","IN",872540.4529376,2119322.84376703,1
"18089","Lake County, Indiana","18","IN",714507.156105752,2080075.24788744,1
"18091","LaPorte County, Indiana","18","IN",767330.503161634,2089758.55024025,1
"18093","Lawrence County, Indiana","18","IN",817177.503219656,1799015.8089343,1
"18095","Madison County, Indiana","18","IN",866214.25770014,1953036.95170292,1
"18097","Marion County, Indiana","18","IN",835454.054595162,1905971.09116318,1
"18099","Marshall County, Indiana","18","IN",807516.987747472,2076202.52771888,1
"18101","Martin County, Indiana","18","IN",791126.482036654,1779441.88096447,1
"18103","Miami County, Indiana","18","IN",831162.710550308,2015516.1789662,1
"18105","Monroe County, Indiana","18","IN",809165.501493165,1837910.32584389,1
"18107","Montgomery County, Indiana","18","IN",768757.32905003,1930615.63694155,1
"18109","Morgan County, Indiana","18","IN",810999.401805901,1869398.89683152,1
"18111","Newton County, Indiana","18","IN",716927.809071184,2027107.59454421,1
"18113","Noble County, Indiana","18","IN",875692.747750272,2093291.42200157,1
"18115","Ohio County, Indiana","18","IN",946624.675149363,1824983.95933093,1
"18117","Orange County, Indiana","18","IN",819449.869945376,1762953.37369514,1
"18119","Owen County, Indiana","18","IN",778865.334264626,1847346.92578538,1
"18121","Parke County, Indiana","18","IN",746684.518144133,1893120.55618432,1
"18123","Perry County, Indiana","18","IN",812289.910910753,1709070.8517403,1
"18125","Pike County, Indiana","18","IN",756758.09246157,1742572.27993628,1
"18127","Porter County, Indiana","18","IN",738614.061078535,2087306.45506806,1
"18129","Posey County, Indiana","18","IN",707153.18106155,1692567.95823661,3
"18131","Pulaski County, Indiana","18","IN",774109.39007484,2044793.9672168,1
"18133","Putnam County, Indiana","18","IN",776511.557004689,1889356.02888788,1
"18135","Randolph County, Indiana","18","IN",925762.833534422,1957804.14465441,1
"18137","Ripley County, Indiana","18","IN",917080.20817905,1837775.97029299,1
"18139","Rush County, Indiana","18","IN",894292.921705487,1893931.68625401,1
"18141","St. Joseph County, Indiana","18","IN",803443.191122329,2106343.72047617,1
"18143","Scott County, Indiana","18","IN",881653.148811155,1787991.88571313,1
"18145","Shelby County, Indiana","18","IN",868053.915787515,1879572.53458859,1
"18147","Spencer County, Indiana","18","IN",780037.297005397,1699574.95059749,1
"18149","Starke County, Indiana","18","IN",778784.119171575,2070614.33149783,1
"18151","Steuben County, Indiana","18","IN",907542.95597917,2123112.36697257,1
"18153","Sullivan County, Indiana","18","IN",733506.73563481,1817587.43467482,1
"18155","Switzerland County, Indiana","18","IN",939415.387498844,1806508.78657701,1
"18157","Tippecanoe County, Indiana","18","IN",765383.582936024,1966003.06521234,1
"18159","Tipton County, Indiana","18","IN",836403.511412486,1968072.76083029,1
"18161","Union County, Indiana","18","IN",939904.9688003,1900349.86570219,1
"18163","Vanderburgh County, Indiana","18","IN",732006.640155711,1694457.48318111,3
"18165","Vermillion County, Indiana","18","IN",723944.649307873,1905331.36687418,1
"18167","Vigo County, Indiana","18","IN",733729.98085123,1856784.39962556,1
"18169","Wabash County, Indiana","18","IN",851700.734302965,2030128.27135417,1
"18171","Warren County, Indiana","18","IN",724445.674081964,1954220.12529502,1
"18173","Warrick County, Indiana","18","IN",754232.14114279,1704700.25384494,1
"18175","Washington County, Indiana","18","IN",852907.463496817,1773945.17291322,1
"18177","Wayne County, Indiana","18","IN",929925.93961253,1925566.59138639,1
"18179","Wells County, Indiana","18","IN",902306.211086058,2021484.2792769,1
"18181","White County, Indiana","18","IN",758781.323236412,2006666.79450285,1
"18183","Whitley County, Indiana","18","IN",871754.625276569,2062167.84369596,1
"19001","Adair County, Iowa","19","IA",126973.661735292,2038684.21152873,4
"19003","Adams County, Iowa","19","IA",108430.218928749,2007596.82315712,4
"19005","Allamakee County, Iowa","19","IA",376111.354751083,2264132.7639503,4
"19007","Appanoose County, Iowa","19","IA",261969.83871095,1982819.78095336,4
"19009","Audubon County, Iowa","19","IA",89299.6371005102,2081560.62471703,4
"19011","Benton County, Iowa","19","IA",322977.930853826,2130337.02357985,4
"19013","Black Hawk County, Iowa","19","IA",301511.414140733,2169231.06083229,4
"19015","Boone County, Iowa","19","IA",170056.635060409,2116679.51896344,4
"19017","Bremer County, Iowa","19","IA",299472.459329396,2203364.72433921,4
"19019","Buchanan County, Iowa","19","IA",339881.766472119,2170551.61003672,4
"19021","Buena Vista County, Iowa","19","IA",69191.1882683117,2184433.16635486,4
"19023","Butler County, Iowa","19","IA",261267.923821832,2196100.03428601,4
"19025","Calhoun County, Iowa","19","IA",112267.8180895,2156955.08003719,4
"19027","Carroll County, Iowa","19","IA",93625.3989287627,2122701.98571345,4
"19029","Cass County, Iowa","19","IA",89070.2365424521,2035808.00967657,4
"19031","Cedar County, Iowa","19","IA",401698.49714335,2093289.46581227,4
"19033","Cerro Gordo County, Iowa","19","IA",221834.745782521,2235144.482942,4
"19035","Cherokee County, Iowa","19","IA",30662.2573036048,2184340.69703504,4
"19037","Chickasaw County, Iowa","19","IA",298323.056977146,2233619.17703452,4
"19039","Clarke County, Iowa","19","IA",184548.160122971,2009382.92412627,4
"19041","Clay County, Iowa","19","IA",68712.4517110467,2236899.73420755,4
"19043","Clayton County, Iowa","19","IA",377652.437298629,2216599.57726257,4
"19045","Clinton County, Iowa","19","IA",450070.666313663,2111509.57344798,4
"19047","Crawford County, Iowa","19","IA",50825.1888772234,2116933.63894102,4
"19049","Dallas County, Iowa","19","IA",161396.314661465,2075636.22123934,4
"19051","Davis County, Iowa","19","IA",300535.602988109,1979586.10142307,4
"19053","Decatur County, Iowa","19","IA",185242.584177942,1979542.48230279,4
"19055","Delaware County, Iowa","19","IA",378212.894377824,2172708.01294396,4
"19057","Des Moines County, Iowa","19","IA",401342.875322931,1997353.0898062,4
"19059","Dickinson County, Iowa","19","IA",68417.4443560785,2270029.04303473,4
"19061","Dubuque County, Iowa","19","IA",417373.928940416,2175826.91031897,4
"19063","Emmet County, Iowa","19","IA",106503.932878985,2270210.84850476,4
"19065","Fayette County, Iowa","19","IA",337625.452888773,2212954.8357234,4
"19067","Floyd County, Iowa","19","IA",260140.146252265,2233051.89047231,4
"19069","Franklin County, Iowa","19","IA",222939.671809382,2191101.00294085,4
"19071","Fremont County, Iowa","19","IA",30552.2466980868,1970436.71987,4
"19073","Greene County, Iowa","19","IA",131663.47379013,2125017.78645877,4
"19075","Grundy County, Iowa","19","IA",264423.315473466,2156810.68774748,4
"19077","Guthrie County, Iowa","19","IA",122825.144995626,2083265.53176209,4
"19079","Hamilton County, Iowa","19","IA",188272.878827067,2160569.78028724,4
"19081","Hancock County, Iowa","19","IA",183453.130034985,2235798.21296666,4
"19083","Hardin County, Iowa","19","IA",226394.215516308,2156810.68774748,4
"19085","Harrison County, Iowa","19","IA",13247.9559006746,2075760.41680533,4
"19087","Henry County, Iowa","19","IA",371736.305849177,2005855.72122048,4
"19089","Howard County, Iowa","19","IA",297205.343714333,2263418.78930723,4
"19091","Humboldt County, Iowa","19","IA",145832.694988388,2199080.89503025,4
"19093","Ida County, Iowa","19","IA",41230.5653110889,2144478.17731934,4
"19095","Iowa County, Iowa","19","IA",325267.333840693,2078312.90431764,4
"19097","Jackson County, Iowa","19","IA",442276.244017119,2146344.30692244,4
"19099","Jasper County, Iowa","19","IA",243116.669027221,2079834.35296789,4
"19101","Jefferson County, Iowa","19","IA",337752.52125903,2011402.00072233,4
"19103","Johnson County, Iowa","19","IA",363814.154327811,2079110.88707198,4
"19105","Jones County, Iowa","19","IA",399630.703526748,2134668.66265556,4
"19107","Keokuk County, Iowa","19","IA",316918.770093786,2051947.22821106,4
"19109","Kossuth County, Iowa","19","IA",144967.355094406,2247406.46749441,4
"19111","Lee County, Iowa","19","IA",374015.642402459,1963014.46985808,4
"19113","Linn County, Iowa","19","IA",361442.303178717,2128188.83480054,4
"19115","Louisa County, Iowa","19","IA",390739.092324259,2036331.85101135,4
"19117","Lucas County, Iowa","19","IA",222862.763102931,2005491.86225631,4
"19119","Lyon County, Iowa","19","IA",-15403.4779889587,2265343.55165156,4
"19121","Madison County, Iowa","19","IA",164857.817042475,2034816.88987685,4
"19123","Mahaska County, Iowa","19","IA",278901.714942801,2041823.91867612,4
"19125","Marion County, Iowa","19","IA",240838.484663232,2040499.55228021,4
"19127","Marshall County, Iowa","19","IA",246727.68595835,2118501.94969431,4
"19129","Mills County, Iowa","19","IA",31522.5695425919,2002190.9167452,4
"19131","Mitchell County, Iowa","19","IA",259084.041853974,2263908.34673533,4
"19133","Monona County, Iowa","19","IA",3929.01640093416,2115334.09094144,4
"19135","Monroe County, Iowa","19","IA",261348.178615006,1999996.86845517,4
"19137","Montgomery County, Iowa","19","IA",70338.1899129659,2007512.08577798,4
"19139","Muscatine County, Iowa","19","IA",407630.327904679,2068473.92094373,4
"19141","O'Brien County, Iowa","19","IA",30405.8324713283,2232071.0725614,4
"19143","Osceola County, Iowa","19","IA",30279.5296837542,2269917.99948543,4
"19145","Page County, Iowa","19","IA",70610.4268453586,1970502.94593654,4
"19147","Palo Alto County, Iowa","19","IA",107106.798082868,2228033.18714282,4
"19149","Plymouth County, Iowa","19","IA",-20151.7951695526,2192754.43941283,4
"19151","Pocahontas County, Iowa","19","IA",107630.91117671,2188967.96051357,4
"19153","Polk County, Iowa","19","IA",199907.106792249,2075636.22123934,4
"19155","Pottawattamie County, Iowa","19","IA",37446.1837663204,2036109.05842027,4
"19157","Poweshiek County, Iowa","19","IA",286630.799770291,2076127.01379562,4
"19159","Ringgold County, Iowa","19","IA",146982.307506754,1979328.56143668,4
"19161","Sac County, Iowa","19","IA",74454.7716039221,2154390.69525983,4
"19163","Scott County, Iowa","19","IA",444782.851793544,2080821.95980095,4
"19165","Shelby County, Iowa","19","IA",55787.1274447433,2072175.33366761,4
"19167","Sioux County, Iowa","19","IA",-12754.3868354115,2232342.26322822,4
"19169","Story County, Iowa","19","IA",208392.831425196,2117831.55434811,4
"19171","Tama County, Iowa","19","IA",284672.354970849,2129906.55788409,4
"19173","Taylor County, Iowa","19","IA",108775.746105954,1978850.03920486,4
"19175","Union County, Iowa","19","IA",146475.196399842,2009076.5417712,4
"19177","Van Buren County, Iowa","19","IA",338998.827974435,1981281.05027988,4
"19179","Wapello County, Iowa","19","IA",299398.140627725,2008129.13278946,4
"19181","Warren County, Iowa","19","IA",202824.412169934,2034329.28893412,4
"19183","Washington County, Iowa","19","IA",355779.651644562,2043928.14698304,4
"19185","Wayne County, Iowa","19","IA",223839.517750696,1972702.47760937,4
"19187","Webster County, Iowa","19","IA",150047.363597787,2160278.90863229,4
"19189","Winnebago County, Iowa","19","IA",182724.058777359,2267065.93937758,4
"19191","Winneshiek County, Iowa","19","IA",335572.047011063,2263418.78930723,4
"19193","Woodbury County, Iowa","19","IA",-3340.58751332131,2154318.18653573,4
"19195","Worth County, Iowa","19","IA",220991.482725661,2263908.34673533,4
"19197","Wright County, Iowa","19","IA",184351.74997562,2194542.0868858,4
"20001","Allen County, Kansas","20","KS",61005.5721733325,1655061.93831241,5
"20003","Anderson County, Kansas","20","KS",60996.7338004904,1687840.37313712,4
"20005","Atchison County, Kansas","20","KS",56426.6617227644,1835286.1030728,4
"20007","Barber County, Kansas","20","KS",-235024.038946003,1583220.29443533,5
"20009","Barton County, Kansas","20","KS",-238308.087897013,1715083.34087433,4
"20011","Bourbon County, Kansas","20","KS",100286.078984421,1647718.76610308,5
"20013","Brown County, Kansas","20","KS",36962.6268771406,1868966.97005842,4
"20015","Butler County, Kansas","20","KS",-73234.2687257587,1637325.90814341,5
"20017","Chase County, Kansas","20","KS",-51701.9053041443,1697310.26844016,4
"20019","Chautauqua County, Kansas","20","KS",-21544.6541335821,1567247.50756107,5
"20021","Cherokee County, Kansas","20","KS",101482.335506634,1570408.03959191,5
"20023","Cheyenne County, Kansas","20","KS",-486351.173331278,1875014.13298274,4
"20025","Clark County, Kansas","20","KS",-335498.099031301,1579001.59555084,5
"20027","Clay County, Kansas","20","KS",-99315.8737709311,1824427.96270916,4
"20029","Cloud County, Kansas","20","KS",-140630.605013647,1825110.70076428,4
"20031","Coffey County, Kansas","20","KS",22727.5220972959,1686959.97313428,4
"20033","Comanche County, Kansas","20","KS",-287826.179748811,1571433.18799651,5
"20035","Cowley County, Kansas","20","KS",-73639.1171187762,1572749.67879612,5
"20037","Crawford County, Kansas","20","KS",100485.813501023,1607145.1058587,5
"20039","Decatur County, Kansas","20","KS",-378365.153572866,1871782.1661972,4
"20041","Dickinson County, Kansas","20","KS",-98758.7894825917,1763458.82960561,4
"20043","Doniphan County, Kansas","20","KS",75590.1728272851,1865365.72304226,4
"20045","Douglas County, Kansas","20","KS",61996.5435132947,1764801.85017158,4
"20047","Edwards County, Kansas","20","KS",-287143.314840213,1654021.46396969,5
"20049","Elk County, Kansas","20","KS",-21341.2919805395,1599175.90428253,5
"20051","Ellis County, Kansas","20","KS",-284930.629863028,1770375.19551333,4
"20053","Ellsworth County, Kansas","20","KS",-189765.734937093,1743176.15858446,4
"20055","Finney County, Kansas","20","KS",-404944.052601324,1686713.00490274,5
"20057","Ford County, Kansas","20","KS",-339801.068708653,1625563.63926263,5
"20059","Franklin County, Kansas","20","KS",61547.0657509099,1728127.27112864,4
"20061","Geary County, Kansas","20","KS",-62773.5971594439,1781543.5478951,4
"20063","Gove County, Kansas","20","KS",-384961.555901859,1774634.46917465,4
"20065","Graham County, Kansas","20","KS",-331115.755014884,1829749.81318753,4
"20067","Grant County, Kansas","20","KS",-464198.774547251,1626766.05010566,5
"20069","Gray County, Kansas","20","KS",-387556.299797809,1628573.62180006,5
"20071","Greeley County, Kansas","20","KS",-501366.524217801,1733182.28706079,4
"20073","Greenwood County, Kansas","20","KS",-21025.1706953172,1655901.1562551,5
"20075","Hamilton County, Kansas","20","KS",-503616.719569425,1678063.33740431,5
"20077","Harper County, Kansas","20","KS",-182495.868191634,1574835.35791409,5
"20079","Harvey County, Kansas","20","KS",-124074.674010578,1668680.57247586,5
"20081","Haskell County, Kansas","20","KS",-425821.470941923,1628573.62180006,5
"20083","Hodgeman County, Kansas","20","KS",-338429.693084667,1683343.67889176,5
"20085","Jackson County, Kansas","20","KS",16811.7598050016,1827925.53088742,4
"20087","Jefferson County, Kansas","20","KS",52603.8734159431,1803386.59410588,4
"20089","Jewell County, Kansas","20","KS",-188159.327010658,1869359.00667022,4
"20091","Johnson County, Kansas","20","KS",100344.479710992,1764385.61694789,4
"20093","Kearny County, Kansas","20","KS",-462473.885326577,1680970.019487,5
"20095","Kingman County, Kansas","20","KS",-186919.175259209,1615539.10406558,5
"20097","Kiowa County, Kansas","20","KS",-287262.354715329,1623031.99706138,5
"20099","Labette County, Kansas","20","KS",61770.6402592907,1567793.56726167,5
"20101","Lane County, Kansas","20","KS",-385788.664103062,1725845.32648241,4
"20103","Leavenworth County, Kansas","20","KS",82131.3594430672,1794652.89182362,4
"20105","Lincoln County, Kansas","20","KS",-189192.846470427,1782184.01149146,4
"20107","Linn County, Kansas","20","KS",100217.122166532,1687328.43569084,4
"20109","Logan County, Kansas","20","KS",-442024.193007134,1777611.0949706,4
"20111","Lyon County, Kansas","20","KS",-13159.2879904696,1713110.59422985,4
"20113","McPherson County, Kansas","20","KS",-142578.861353802,1708377.01026807,4
"20115","Marion County, Kansas","20","KS",-94835.5378965128,1703266.28137254,4
"20117","Marshall County, Kansas","20","KS",-44364.6758935507,1866010.22588088,4
"20119","Meade County, Kansas","20","KS",-383433.365880487,1581269.35843573,5
"20121","Miami County, Kansas","20","KS",100235.259713195,1726823.98219346,4
"20123","Mitchell County, Kansas","20","KS",-188365.107578589,1825518.32620441,4
"20125","Montgomery County, Kansas","20","KS",22594.9383216147,1565450.72171509,5
"20127","Morris County, Kansas","20","KS",-55285.630402754,1740286.70433461,4
"20129","Morton County, Kansas","20","KS",-509482.557807047,1590043.64752077,5
"20131","Nemaha County, Kansas","20","KS",-1210.35053270466,1862352.09785682,4
"20133","Neosho County, Kansas","20","KS",60690.3729428058,1607071.27273617,5
"20135","Ness County, Kansas","20","KS",-338109.592947175,1727280.19008964,4
"20137","Norton County, Kansas","20","KS",-331170.668527576,1869654.03217032,4
"20139","Osage County, Kansas","20","KS",23372.9135952071,1731488.77560335,4
"20141","Osborne County, Kansas","20","KS",-236036.522987852,1825762.09590407,4
"20143","Ottawa County, Kansas","20","KS",-141238.84727721,1795854.90915857,4
"20145","Pawnee County, Kansas","20","KS",-281343.07401954,1683343.67889176,5
"20147","Phillips County, Kansas","20","KS",-283994.704762337,1867904.41998727,4
"20149","Pottawatomie County, Kansas","20","KS",-30396.3742137391,1814280.8862202,4
"20151","Pratt County, Kansas","20","KS",-239487.408164711,1621653.69346407,5
"20153","Rawlins County, Kansas","20","KS",-430642.363776661,1874478.59148314,4
"20155","Reno County, Kansas","20","KS",-181641.649661574,1659971.62376782,5
"20157","Republic County, Kansas","20","KS",-139836.626468978,1877476.6424963,4
"20159","Rice County, Kansas","20","KS",-190757.84112946,1699182.08690208,4
"20161","Riley County, Kansas","20","KS",-68433.3845246422,1809134.29295316,4
"20163","Rooks County, Kansas","20","KS",-283497.755023261,1828959.30588208,4
"20165","Rush County, Kansas","20","KS",-285707.404590433,1726464.6034399,4
"20167","Russell County, Kansas","20","KS",-236947.003339194,1777830.64120749,4
"20169","Saline County, Kansas","20","KS",-142013.355264917,1751167.52550792,4
"20171","Scott County, Kansas","20","KS",-423806.806987741,1727847.77817026,4
"20173","Sedgwick County, Kansas","20","KS",-129268.398043054,1629965.12472121,5
"20175","Seward County, Kansas","20","KS",-426328.723773697,1583260.27821711,5
"20177","Shawnee County, Kansas","20","KS",23675.7449925016,1779573.96241188,4
"20179","Sheridan County, Kansas","20","KS",-379145.517934722,1823072.99534784,4
"20181","Sherman County, Kansas","20","KS",-488067.147101188,1829274.35128113,4
"20183","Smith County, Kansas","20","KS",-236408.337061791,1866412.22320917,4
"20185","Stafford County, Kansas","20","KS",-233915.025619005,1676005.11217772,5
"20187","Stanton County, Kansas","20","KS",-505794.528996534,1629145.05840264,5
"20189","Stevens County, Kansas","20","KS",-466832.338215167,1585306.50439088,5
"20191","Sumner County, Kansas","20","KS",-129785.520483629,1575862.71238134,5
"20193","Thomas County, Kansas","20","KS",-431482.548667656,1825849.92921266,4
"20195","Trego County, Kansas","20","KS",-332605.777791542,1772182.19402977,4
"20197","Wabaunsee County, Kansas","20","KS",-19231.0053938046,1770123.60366483,4
"20199","Wallace County, Kansas","20","KS",-494590.999580411,1783600.10963202,4
"20201","Washington County, Kansas","20","KS",-92363.5196311667,1857979.80501183,4
"20203","Wichita County, Kansas","20","KS",-461818.527166294,1729860.47839683,4
"20205","Wilson County, Kansas","20","KS",22460.4482787902,1606249.04625895,5
"20207","Woodson County, Kansas","20","KS",22741.6540423531,1652533.48512071,5
"20209","Wyandotte County, Kansas","20","KS",106420.010302459,1787127.70787879,4
"21001","Adair County, Kentucky","21","KY",939767.896770988,1615887.38952703,3
"21003","Allen County, Kentucky","21","KY",863939.938782348,1570885.58075311,3
"21005","Anderson County, Kentucky","21","KY",957087.625709351,1718010.07852737,1
"21007","Ballard County, Kentucky","21","KY",614866.546669437,1581555.1906197,3
"21009","Barren County, Kentucky","21","KY",885072.246390486,1593628.28791759,3
"21011","Bath County, Kentucky","21","KY",1056559.69128025,1748282.55779614,1
"21013","Bell County, Kentucky","21","KY",1089259.03544535,1594669.03031171,3
"21015","Boone County, Kentucky","21","KY",966140.082106354,1828029.52087186,1
"21017","Bourbon County, Kentucky","21","KY",1020917.81559195,1751032.07756066,1
"21019","Boyd County, Kentucky","21","KY",1146749.28432505,1784167.20411428,1
"21021","Boyle County, Kentucky","21","KY",971388.117776664,1677933.60125748,1
"21023","Bracken County, Kentucky","21","KY",1023940.4213044,1802305.78471135,1
"21025","Breathitt County, Kentucky","21","KY",1105209.65116846,1680880.08087093,1
"21027","Breckinridge County, Kentucky","21","KY",834130.074148989,1681225.83981483,3
"21029","Bullitt County, Kentucky","21","KY",892943.084594726,1707713.86721707,1
"21031","Butler County, Kentucky","21","KY",816553.0565984,1613546.96275242,3
"21033","Caldwell County, Kentucky","21","KY",712282.599870609,1600247.93548549,3
"21035","Calloway County, Kentucky","21","KY",684195.915320495,1537258.35623195,3
"21037","Campbell County, Kentucky","21","KY",996821.741740293,1830983.23731941,1
"21039","Carlisle County, Kentucky","21","KY",620378.732286677,1558525.41460348,3
"21041","Carroll County, Kentucky","21","KY",936249.327238729,1791867.91520046,1
"21043","Carter County, Kentucky","21","KY",1121385.60643925,1776064.71083326,1
"21045","Casey County, Kentucky","21","KY",969885.700579819,1644671.11033038,3
"21047","Christian County, Kentucky","21","KY",751061.018677323,1571376.37482243,3
"21049","Clark County, Kentucky","21","KY",1028672.92343691,1723050.0263045,1
"21051","Clay County, Kentucky","21","KY",1074260.73071095,1638653.13354508,3
"21053","Clinton County, Kentucky","21","KY",959609.099439989,1577034.44898433,3
"21055","Crittenden County, Kentucky","21","KY",692379.669459487,1616531.08043487,3
"21057","Cumberland County, Kentucky","21","KY",933919.919093902,1577569.19455191,3
"21059","Daviess County, Kentucky","21","KY",778977.900111699,1671175.44916817,3
"21061","Edmonson County, Kentucky","21","KY",856765.542281926,1617892.02758822,3
"21063","Elliott County, Kentucky","21","KY",1120335.59308494,1752980.27031475,1
"21065","Estill County, Kentucky","21","KY",1049729.45579604,1694637.2520865,1
"21067","Fayette County, Kentucky","21","KY",1000019.63068264,1727113.3104058,1
"21069","Fleming County, Kentucky","21","KY",1061308.15796837,1770885.11039385,1
"21071","Floyd County, Kentucky","21","KY",1156094.02425996,1689962.56241219,1
"21073","Franklin County, Kentucky","21","KY",963074.937952556,1746412.73025967,1
"21075","Fulton County, Kentucky","21","KY",615578.26990146,1524202.36722735,3
"21077","Gallatin County, Kentucky","21","KY",953865.453769452,1803886.69481201,1
"21079","Garrard County, Kentucky","21","KY",997433.50257892,1683876.08765386,1
"21081","Grant County, Kentucky","21","KY",977129.645224562,1794297.75955342,1
"21083","Graves County, Kentucky","21","KY",649600.531344863,1544748.10367371,3
"21085","Grayson County, Kentucky","21","KY",844815.771394541,1645266.76153283,3
"21087","Green County, Kentucky","21","KY",914858.265185253,1634951.49247817,3
"21089","Greenup County, Kentucky","21","KY",1127386.40516752,1804527.22193038,1
"21091","Hancock County, Kentucky","21","KY",804331.422868202,1682427.22190738,3
"21093","Hardin County, Kentucky","21","KY",876589.914280562,1678674.55342117,3
"21095","Harlan County, Kentucky","21","KY",1118877.2599988,1608997.75757137,3
"21097","Harrison County, Kentucky","21","KY",1005715.65407984,1773831.37620786,1
"21099","Hart County, Kentucky","21","KY",884784.367101503,1630642.59922944,3
"21101","Henderson County, Kentucky","21","KY",734561.279394035,1671801.49213041,3
"21103","Henry County, Kentucky","21","KY",937012.349067128,1769694.79299589,1
"21105","Hickman County, Kentucky","21","KY",620371.959512086,1534803.48765656,3
"21107","Hopkins County, Kentucky","21","KY",738954.961484225,1622066.71839587,3
"21109","Jackson County, Kentucky","21","KY",1049377.3854252,1663642.54527283,1
"21111","Jefferson County, Kentucky","21","KY",895899.668424972,1731414.81457317,1
"21113","Jessamine County, Kentucky","21","KY",993657.014794142,1708255.78954567,1
"21115","Johnson County, Kentucky","21","KY",1144824.07188387,1724907.87486116,1
"21117","Kenton County, Kentucky","21","KY",982329.089426185,1827892.12823434,1
"21119","Knott County, Kentucky","21","KY",1142908.06540074,1668241.4901195,1
"21121","Knox County, Kentucky","21","KY",1067580.42689514,1604507.03098652,3
"21123","Larue County, Kentucky","21","KY",898470.782361625,1664407.55439282,3
"21125","Laurel County, Kentucky","21","KY",1046717.49377339,1629816.72197928,3
"21127","Lawrence County, Kentucky","21","KY",1149688.16248123,1752784.10908858,1
"21129","Lee County, Kentucky","21","KY",1072320.59665805,1687084.74290793,1
"21131","Leslie County, Kentucky","21","KY",1109733.62363297,1635494.06612446,3
"21133","Letcher County, Kentucky","21","KY",1150384.01570354,1642327.24526997,1
"21135","Lewis County, Kentucky","21","KY",1085152.87094838,1795630.29870512,1
"21137","Lincoln County, Kentucky","21","KY",991240.261107971,1658175.99455789,3
"21139","Livingston County, Kentucky","21","KY",673311.066454663,1600639.15983222,3
"21141","Logan County, Kentucky","21","KY",804726.327745851,1571322.99651226,3
"21143","Lyon County, Kentucky","21","KY",697160.763202383,1583695.8479996,3
"21145","McCracken County, Kentucky","21","KY",640451.540420782,1584558.02354252,3
"21147","McCreary County, Kentucky","21","KY",1016213.15234194,1587447.17791955,3
"21149","McLean County, Kentucky","21","KY",767365.608850693,1645059.66175417,3
"21151","Madison County, Kentucky","21","KY",1019172.56824869,1694449.2129237,1
"21153","Magoffin County, Kentucky","21","KY",1123052.43222747,1706113.11470478,1
"21155","Marion County, Kentucky","21","KY",937153.514467024,1670795.45015619,1
"21157","Marshall County, Kentucky","21","KY",676113.329145271,1568624.52072832,3
"21159","Martin County, Kentucky","21","KY",1172176.00377456,1725698.06424569,1
"21161","Mason County, Kentucky","21","KY",1049241.4523214,1797754.24194913,1
"21163","Meade County, Kentucky","21","KY",845975.36095974,1705957.54646187,1
"21165","Menifee County, Kentucky","21","KY",1074709.93697836,1725296.06186043,1
"21167","Mercer County, Kentucky","21","KY",969366.140525452,1698699.9782837,1
"21169","Metcalfe County, Kentucky","21","KY",913153.171088628,1601378.79408731,3
"21171","Monroe County, Kentucky","21","KY",908689.686802317,1569592.6084756,3
"21173","Montgomery County, Kentucky","21","KY",1047129.07872127,1735018.72041085,1
"21175","Morgan County, Kentucky","21","KY",1109816.10083463,1727745.04685785,1
"21177","Muhlenberg County, Kentucky","21","KY",778073.056059695,1612258.30057113,3
"21179","Nelson County, Kentucky","21","KY",909637.457154064,1686682.08050357,1
"21181","Nicholas County, Kentucky","21","KY",1036678.48880672,1764413.97833912,1
"21183","Ohio County, Kentucky","21","KY",799038.049975973,1642666.24741741,3
"21185","Oldham County, Kentucky","21","KY",909204.381822288,1758801.92270143,1
"21187","Owen County, Kentucky","21","KY",962538.349426686,1779406.60733258,1
"21189","Owsley County, Kentucky","21","KY",1076242.94440985,1667069.19000208,1
"21191","Pendleton County, Kentucky","21","KY",999402.9875327,1804001.27592584,1
"21193","Perry County, Kentucky","21","KY",1124354.15324169,1651281.52109597,1
"21195","Pike County, Kentucky","21","KY",1191321.09516676,1687989.34877133,1
"21197","Powell County, Kentucky","21","KY",1060482.75982272,1710999.88262267,1
"21199","Pulaski County, Kentucky","21","KY",1001613.14107621,1622653.23008993,3
"21201","Robertson County, Kentucky","21","KY",1028765.26550486,1785042.94279394,1
"21203","Rockcastle County, Kentucky","21","KY",1022727.06447062,1652750.34098688,3
"21205","Rowan County, Kentucky","21","KY",1089346.41821258,1757985.98422348,1
"21207","Russell County, Kentucky","21","KY",965128.731263619,1605683.66903827,3
"21209","Scott County, Kentucky","21","KY",986133.636998612,1756349.03400413,1
"21211","Shelby County, Kentucky","21","KY",933998.415940726,1739080.65873451,1
"21213","Simpson County, Kentucky","21","KY",832866.86776897,1566285.18879505,3
"21215","Spencer County, Kentucky","21","KY",927286.564905594,1717751.50334624,1
"21217","Taylor County, Kentucky","21","KY",935928.280173813,1641405.54420733,3
"21219","Todd County, Kentucky","21","KY",778215.990284809,1570930.84314809,3
"21221","Trigg County, Kentucky","21","KY",714293.683743427,1560762.12872621,3
"21223","Trimble County, Kentucky","21","KY",918525.411253015,1783614.50039364,1
"21225","Union County, Kentucky","21","KY",703095.261762159,1657659.35052366,3
"21227","Warren County, Kentucky","21","KY",844926.841728522,1596477.17465609,3
"21229","Washington County, Kentucky","21","KY",942620.921622891,1691347.16937519,1
"21231","Wayne County, Kentucky","21","KY",984616.247040449,1586350.21511297,3
"21233","Webster County, Kentucky","21","KY",729924.444116625,1642422.22599721,3
"21235","Whitley County, Kentucky","21","KY",1043494.79022915,1591077.59580794,3
"21237","Wolfe County, Kentucky","21","KY",1090148.16928765,1705286.4040392,1
"21239","Woodford County, Kentucky","21","KY",976256.020143001,1723052.59046284,1
"22001","Acadia Parish, Louisiana","22","LA",345742.599246975,805368.686767332,5
"22003","Allen Parish, Louisiana","22","LA",306923.498742776,851098.518794158,5
"22005","Ascension Parish, Louisiana","22","LA",491060.238227831,804968.923419028,3
"22007","Assumption Parish, Louisiana","22","LA",477038.864003039,765045.140345061,3
"22009","Avoyelles Parish, Louisiana","22","LA",382954.033510249,899206.881378027,5
"22011","Beauregard Parish, Louisiana","22","LA",255515.601800915,844153.823576608,5
"22013","Bienville Parish, Louisiana","22","LA",271939.353704968,1036647.33575745,5
"22015","Bossier Parish, Louisiana","22","LA",223869.465474767,1063988.75273714,5
"22017","Caddo Parish, Louisiana","22","LA",196329.538887298,1061607.61609371,5
"22019","Calcasieu Parish, Louisiana","22","LA",254310.383058559,802408.124025087,5
"22021","Caldwell Parish, Louisiana","22","LA",366962.355557209,1011102.7628506,5
"22023","Cameron Parish, Louisiana","22","LA",265725.525793793,754723.795213539,5
"22025","Catahoula Parish, Louisiana","22","LA",385952.586925971,956753.047227692,5
"22027","Claiborne Parish, Louisiana","22","LA",281016.566441963,1084152.65721665,5
"22029","Concordia Parish, Louisiana","22","LA",409651.048826197,930630.125289066,5
"22031","De Soto Parish, Louisiana","22","LA",208019.273615463,1005417.91954314,5
"22033","East Baton Rouge Parish, Louisiana","22","LA",467722.097274291,839632.369691334,3
"22035","East Carroll Parish, Louisiana","22","LA",442041.559273372,1088990.35673595,3
"22037","East Feliciana Parish, Louisiana","22","LA",473812.016624553,873598.289713729,3
"22039","Evangeline Parish, Louisiana","22","LA",345217.301017862,856799.837754083,5
"22041","Franklin Parish, Louisiana","22","LA",403624.082083017,1016236.60952201,3
"22043","Grant Parish, Louisiana","22","LA",323687.03337968,952458.996445764,5
"22045","Iberia Parish, Louisiana","22","LA",403571.441687346,770586.080255433,5
"22047","Iberville Parish, Louisiana","22","LA",449724.890936135,809058.276897412,3
"22049","Jackson Parish, Louisiana","22","LA",323743.001573687,1031825.48072124,5
"22051","Jefferson Parish, Louisiana","22","LA",571640.223688738,751157.868823456,3
"22053","Jefferson Davis Parish, Louisiana","22","LA",304712.9038664,803517.233022442,5
"22055","Lafayette Parish, Louisiana","22","LA",374281.741381392,800658.775749875,5
"22057","Lafourche Parish, Louisiana","22","LA",548571.908702937,730196.719014995,3
"22059","LaSalle Parish, Louisiana","22","LA",360433.594929402,957884.483329407,5
"22061","Lincoln Parish, Louisiana","22","LA",313546.705515736,1066208.98424477,5
"22063","Livingston Parish, Louisiana","22","LA",503477.255639515,829807.682733409,3
"22065","Madison Parish, Louisiana","22","LA",445226.884638702,1045512.27569497,3
"22067","Morehouse Parish, Louisiana","22","LA",388365.18696633,1085090.40458808,3
"22069","Natchitoches Parish, Louisiana","22","LA",263666.575218544,967429.676414507,5
"22071","Orleans Parish, Louisiana","22","LA",579909.843131143,791773.786324773,3
"22073","Ouachita Parish, Louisiana","22","LA",357390.389455227,1053988.72853945,5
"22075","Plaquemines Parish, Louisiana","22","LA",606944.828414636,725037.664313311,3
"22077","Pointe Coupee Parish, Louisiana","22","LA",413024.060044101,862192.43524888,5
"22079","Rapides Parish, Louisiana","22","LA",329326.192840278,910338.054921571,5
"22081","Red River Parish, Louisiana","22","LA",251416.285866134,1002896.97476598,5
"22083","Richland Parish, Louisiana","22","LA",392243.927841237,1046285.81907656,5
"22085","Sabine Parish, Louisiana","22","LA",238294.085270214,939501.084389548,5
"22087","St. Bernard Parish, Louisiana","22","LA",631453.249608051,776205.674354704,3
"22089","St. Charles Parish, Louisiana","22","LA",539552.54054604,778347.726698807,3
"22091","St. Helena Parish, Louisiana","22","LA",505102.170747527,874443.693574628,3
"22093","St. James Parish, Louisiana","22","LA",498268.537485368,786987.936670093,3
"22095","St. John the Baptist Parish, Louisiana","22","LA",527235.29435269,795899.648299653,3
"22097","St. Landry Parish, Louisiana","22","LA",384281.681923286,842833.789761708,5
"22099","St. Martin Parish, Louisiana","22","LA",406311.11600093,808447.686886545,5
"22101","St. Mary Parish, Louisiana","22","LA",448501.886148798,743810.17675026,5
"22103","St. Tammany Parish, Louisiana","22","LA",578391.388492006,834877.109117861,3
"22105","Tangipahoa Parish, Louisiana","22","LA",534600.994095886,855033.87560082,3
"22107","Tensas Parish, Louisiana","22","LA",440038.292475863,1001771.06485778,3
"22109","Terrebonne Parish, Louisiana","22","LA",503247.363942688,717491.010044549,3
"22111","Union Parish, Louisiana","22","LA",335848.108920698,1087309.71476995,5
"22113","Vermilion Parish, Louisiana","22","LA",357587.317593306,758669.845528975,5
"22115","Vernon Parish, Louisiana","22","LA",267678.396189809,896579.891543691,5
"22117","Washington Parish, Louisiana","22","LA",567322.839977699,881085.510564484,3
"22119","Webster Parish, Louisiana","22","LA",250177.541305452,1073812.17399843,5
"22121","West Baton Rouge Parish, Louisiana","22","LA",446235.134390712,835632.03247448,3
"22123","West Carroll Parish, Louisiana","22","LA",422017.237248884,1090937.33579059,3
"22125","West Feliciana Parish, Louisiana","22","LA",441053.995563844,872537.93598893,3
"22127","Winn Parish, Louisiana","22","LA",319895.586629579,988572.082028061,5
"23001","Androscoggin County, Maine","23","ME",2033611.57272339,2635366.48678541,1
"23003","Aroostook County, Maine","23","ME",2104316.0040371,2914749.61952393,1
"23005","Cumberland County, Maine","23","ME",2029018.57357093,2590149.3750414,1
"23007","Franklin County, Maine","23","ME",1985104.82098991,2720595.05859364,1
"23009","Hancock County, Maine","23","ME",2160398.87637048,2725737.65051746,1
"23011","Kennebec County, Maine","23","ME",2055184.90318981,2667125.44298098,1
"23013","Knox County, Maine","23","ME",2111471.93905207,2643642.9257466,1
"23015","Lincoln County, Maine","23","ME",2083777.84446239,2632714.13486336,1
"23017","Oxford County, Maine","23","ME",1987225.77040622,2656978.74630782,1
"23019","Penobscot County, Maine","23","ME",2129462.94788886,2803160.295103,1
"23021","Piscataquis County, Maine","23","ME",2053214.39389166,2829752.208136,1
"23023","Sagadahoc County, Maine","23","ME",2056405.26131405,2612922.84416227,1
"23025","Somerset County, Maine","23","ME",1996592.01919901,2790589.72737253,1
"23027","Waldo County, Maine","23","ME",2103076.14299407,2690790.63143201,1
"23029","Washington County, Maine","23","ME",2211965.23875952,2777056.62266123,1
"23031","York County, Maine","23","ME",2015081.7657639,2540765.99680707,1
"24001","Allegany County, Maryland","24","MD",1472685.19716485,1974368.30914988,1
"24003","Anne Arundel County, Maryland","24","MD",1653805.39863816,1941812.11040813,1
"24005","Baltimore County, Maryland","24","MD",1640561.41044555,1995311.65748131,1
"24009","Calvert County, Maryland","24","MD",1663253.10398169,1895927.83341751,1
"24011","Caroline County, Maryland","24","MD",1718926.3815855,1948252.83960363,1
"24013","Carroll County, Maryland","24","MD",1605615.71894399,1996093.76127243,1
"24015","Cecil County, Maryland","24","MD",1700726.2803126,2016545.98786853,1
"24017","Charles County, Maryland","24","MD",1628036.60603087,1880638.36265465,1
"24019","Dorchester County, Maryland","24","MD",1712071.57399025,1896808.8217177,1
"24021","Frederick County, Maryland","24","MD",1577521.65600894,1983273.53995265,1
"24023","Garrett County, Maryland","24","MD",1416815.44296033,1953465.5405223,1
"24025","Harford County, Maryland","24","MD",1664285.07111869,2006236.64778417,1
"24027","Howard County, Maryland","24","MD",1621232.67334609,1964694.34911698,1
"24029","Kent County, Maryland","24","MD",1686079.57136732,1976491.31205887,1
"24031","Montgomery County, Maryland","24","MD",1599730.53122238,1950511.06363415,1
"24033","Prince George's County, Maryland","24","MD",1637770.47977938,1922802.40515867,1
"24035","Queen Anne's County, Maryland","24","MD",1699216.57527948,1958261.56836955,1
"24037","St. Mary's County, Maryland","24","MD",1668198.44584906,1865588.05082889,1
"24039","Somerset County, Maryland","24","MD",1749420.81256486,1860801.02137717,1
"24041","Talbot County, Maryland","24","MD",1695750.36773069,1927638.48374782,1
"24043","Washington County, Maryland","24","MD",1544849.00333269,1984572.47175925,1
"24045","Wicomico County, Maryland","24","MD",1752665.23313122,1892908.27405263,1
"24047","Worcester County, Maryland","24","MD",1773683.65010343,1881890.49801193,1
"24510","Baltimore city, Maryland","24","MD",1644543.91564669,1976522.54041026,1
"25001","Barnstable County, Massachusetts","25","MA",2115823.74836625,2370419.76195482,1
"25003","Berkshire County, Massachusetts","25","MA",1845449.44201652,2375604.11210668,1
"25005","Bristol County, Massachusetts","25","MA",2023853.59422395,2355765.76309716,1
"25007","Dukes County, Massachusetts","25","MA",2083231.48647347,2320790.54978677,1
"25009","Essex County, Massachusetts","25","MA",2018298.28528484,2451729.23445799,1
"25011","Franklin County, Massachusetts","25","MA",1889401.87201546,2407110.11462884,1
"25013","Hampden County, Massachusetts","25","MA",1903980.59139651,2361945.88874009,1
"25015","Hampshire County, Massachusetts","25","MA",1895829.52095856,2382657.67682307,1
"25017","Middlesex County, Massachusetts","25","MA",1995443.44373127,2420214.95583619,1
"25019","Nantucket County, Massachusetts","25","MA",2132199.97140653,2326682.97646095,1
"25021","Norfolk County, Massachusetts","25","MA",2012001.23491099,2392115.00173783,1
"25023","Plymouth County, Massachusetts","25","MA",2050456.61224307,2378860.10590679,1
"25025","Suffolk County, Massachusetts","25","MA",2018394.88801601,2415158.65352519,1
"25027","Worcester County, Massachusetts","25","MA",1951647.75435604,2399682.47191967,1
"26001","Alcona County, Michigan","26","MI",979132.484515757,2474949.00150223,1
"26003","Alger County, Michigan","26","MI",728604.604831098,2640776.34596577,4
"26005","Allegan County, Michigan","26","MI",823357.24121465,2221976.60556107,1
"26007","Alpena County, Michigan","26","MI",968358.709452275,2512723.13771811,1
"26009","Antrim County, Michigan","26","MI",855445.871043119,2493337.75767981,1
"26011","Arenac County, Michigan","26","MI",961671.12611604,2401165.38429382,1
"26013","Baraga County, Michigan","26","MI",583587.118704456,2649391.34862521,4
"26015","Barry County, Michigan","26","MI",870254.266028585,2225726.94031214,1
"26017","Bay County, Michigan","26","MI",955160.282570533,2367017.15909123,1
"26019","Benzie County, Michigan","26","MI",787067.437397578,2448210.1251518,4
"26021","Berrien County, Michigan","26","MI",789471.268469278,2150011.28126172,1
"26023","Branch County, Michigan","26","MI",899082.345094965,2153975.3437075,1
"26025","Calhoun County, Michigan","26","MI",899248.892321459,2190372.24552261,1
"26027","Cass County, Michigan","26","MI",822866.100862144,2144473.86705892,1
"26029","Charlevoix County, Michigan","26","MI",856935.786466036,2521479.58868327,4
"26031","Cheboygan County, Michigan","26","MI",897911.000624546,2552079.79681719,1
"26033","Chippewa County, Michigan","26","MI",871430.84594369,2650726.98024149,4
"26035","Clare County, Michigan","26","MI",888827.890252824,2390052.01598545,1
"26037","Clinton County, Michigan","26","MI",922844.897064025,2271840.64819552,1
"26039","Crawford County, Michigan","26","MI",898866.029274596,2464847.17225021,1
"26041","Delta County, Michigan","26","MI",694345.352210837,2574417.9354087,4
"26043","Dickinson County, Michigan","26","MI",630333.490024079,2581287.57371145,4
"26045","Eaton County, Michigan","26","MI",908285.248311742,2231040.25447833,1
"26047","Emmet County, Michigan","26","MI",863361.786040738,2555135.17217012,4
"26049","Genesee County, Michigan","26","MI",995104.42204511,2287988.2005863,1
"26051","Gladwin County, Michigan","26","MI",926432.871883787,2385729.19868279,1
"26053","Gogebic County, Michigan","26","MI",479016.212096775,2622481.72759139,4
"26055","Grand Traverse County, Michigan","26","MI",822880.051527285,2458096.83055828,4
"26057","Gratiot County, Michigan","26","MI",917707.312963677,2310476.22222682,1
"26059","Hillsdale County, Michigan","26","MI",937768.683253045,2153381.87735102,1
"26061","Houghton County, Michigan","26","MI",552764.730913711,2673249.09521097,4
"26063","Huron County, Michigan","26","MI",1039624.12653696,2389282.84650207,1
"26065","Ingham County, Michigan","26","MI",945947.581210479,2235735.55956644,1
"26067","Ionia County, Michigan","26","MI",884815.763473342,2266388.64796754,1
"26069","Iosco County, Michigan","26","MI",980572.036223038,2436514.56729745,1
"26071","Iron County, Michigan","26","MI",575352.33635929,2600667.09831627,4
"26073","Isabella County, Michigan","26","MI",893946.54913333,2346611.43118938,1
"26075","Jackson County, Michigan","26","MI",946425.664056179,2197405.27068416,1
"26077","Kalamazoo County, Michigan","26","MI",856464.619315413,2185599.86888759,1
"26079","Kalkaska County, Michigan","26","MI",861210.553894262,2459281.66017848,1
"26081","Kent County, Michigan","26","MI",845340.538370282,2272187.1229562,1
"26083","Keweenaw County, Michigan","26","MI",591457.282710161,2729644.09200976,4
"26085","Lake County, Michigan","26","MI",813932.209873641,2373998.01287537,1
"26087","Lapeer County, Michigan","26","MI",1031225.55427845,2303623.53551923,1
"26089","Leelanau County, Michigan","26","MI",808867.049263377,2488466.37114402,4
"26091","Lenawee County, Michigan","26","MI",980473.071802728,2162595.50505045,1
"26093","Livingston County, Michigan","26","MI",983294.203440402,2240978.68908642,1
"26095","Luce County, Michigan","26","MI",802366.871218637,2660342.12794633,4
"26097","Mackinac County, Michigan","26","MI",851947.110414246,2611379.7140376,4
"26099","Macomb County, Michigan","26","MI",1061591.99425705,2259656.31526888,1
"26101","Manistee County, Michigan","26","MI",790290.287509342,2413169.35483614,4
"26103","Marquette County, Michigan","26","MI",645125.82095283,2635119.19112031,4
"26105","Mason County, Michigan","26","MI",776597.322031091,2373575.24745828,4
"26107","Mecosta County, Michigan","26","MI",855565.052618349,2344762.42550528,1
"26109","Menominee County, Michigan","26","MI",659094.080410871,2535580.48761183,4
"26111","Midland County, Michigan","26","MI",930424.878629159,2352623.77492909,1
"26113","Missaukee County, Michigan","26","MI",865403.796189604,2420103.58216573,1
"26115","Monroe County, Michigan","26","MI",1022324.43832021,2168126.94165667,1
"26117","Montcalm County, Michigan","26","MI",870135.42361678,2306086.26532012,1
"26119","Montmorency County, Michigan","26","MI",932021.64046315,2506081.98163688,1
"26121","Muskegon County, Michigan","26","MI",798820.811326998,2296224.82192426,1
"26123","Newaygo County, Michigan","26","MI",818990.378503137,2327023.33600661,1
"26125","Oakland County, Michigan","26","MI",1024814.37601,2252844.53356826,1
"26127","Oceana County, Michigan","26","MI",778907.036766193,2335394.41198519,4
"26129","Ogemaw County, Michigan","26","MI",941897.508241256,2429489.04596305,1
"26131","Ontonagon County, Michigan","26","MI",504588.581114048,2645266.08367745,4
"26133","Osceola County, Michigan","26","MI",851535.353901911,2379873.28626307,1
"26135","Oscoda County, Michigan","26","MI",936682.263416461,2468847.9157548,1
"26137","Otsego County, Michigan","26","MI",893658.084720124,2506202.37892628,1
"26139","Ottawa County, Michigan","26","MI",809119.527152083,2263115.11355189,1
"26141","Presque Isle County, Michigan","26","MI",942510.450579235,2548648.94140858,1
"26143","Roscommon County, Michigan","26","MI",903557.816494614,2424981.1642674,1
"26145","Saginaw County, Michigan","26","MI",963431.182617788,2318901.70843247,1
"26147","St. Clair County, Michigan","26","MI",1084943.13294142,2282828.43081756,1
"26149","St. Joseph County, Michigan","26","MI",860633.321226345,2151368.36592131,1
"26151","Sanilac County, Michigan","26","MI",1058580.02138846,2343587.96100949,1
"26153","Schoolcraft County, Michigan","26","MI",759097.06075213,2610752.08367956,4
"26155","Shiawassee County, Michigan","26","MI",959228.750381248,2277679.17852331,1
"26157","Tuscola County, Michigan","26","MI",1011157.32284202,2345011.42684541,1
"26159","Van Buren County, Michigan","26","MI",813760.611264407,2182201.88398968,1
"26161","Washtenaw County, Michigan","26","MI",994227.296836546,2202965.34223459,1
"26163","Wayne County, Michigan","26","MI",1034964.63829917,2209718.54572922,1
"26165","Wexford County, Michigan","26","MI",826964.61740383,2418002.02986683,1
"27001","Aitkin County, Minnesota","27","MN",198612.548179249,2625403.2763806,4
"27003","Anoka County, Minnesota","27","MN",215259.494126449,2474305.60491201,4
"27005","Becker County, Minnesota","27","MN",25359.3162067556,2659657.02853024,4
"27007","Beltrami County, Minnesota","27","MN",87239.8355206743,2776421.8429306,4
"27009","Benton County, Minnesota","27","MN",156817.227993685,2524503.87516893,4
"27011","Big Stone County, Minnesota","27","MN",-26321.2096882102,2488510.44556582,4
"27013","Blue Earth County, Minnesota","27","MN",154190.509155609,2343218.28989376,4
"27015","Brown County, Minnesota","27","MN",107689.489707901,2368171.07808999,4
"27017","Carlton County, Minnesota","27","MN",255552.090844566,2627816.48311999,4
"27019","Carver County, Minnesota","27","MN",175807.569111116,2426126.94970463,4
"27021","Cass County, Minnesota","27","MN",136470.150049844,2653697.36544294,4
"27023","Chippewa County, Minnesota","27","MN",36963.8598400245,2440962.10315548,4
"27025","Chisago County, Minnesota","27","MN",244454.790359931,2506799.062489,4
"27027","Clay County, Minnesota","27","MN",-36316.4145872129,2655452.19099227,4
"27029","Clearwater County, Minnesota","27","MN",47805.9646520868,2727906.13036045,4
"27031","Cook County, Minnesota","27","MN",412798.59027457,2772400.50838201,4
"27033","Cottonwood County, Minnesota","27","MN",67043.4438770558,2337063.29447789,4
"27035","Crow Wing County, Minnesota","27","MN",148644.988328171,2610196.42013619,4
"27037","Dakota County, Minnesota","27","MN",235268.631913344,2415271.25899226,4
"27039","Dodge County, Minnesota","27","MN",250650.299514452,2340959.70580473,4
"27041","Douglas County, Minnesota","27","MN",42381.9109834323,2549607.79227914,4
"27043","Faribault County, Minnesota","27","MN",164746.46591576,2299720.07117166,4
"27045","Fillmore County, Minnesota","27","MN",314084.902626367,2299611.57832566,4
"27047","Freeborn County, Minnesota","27","MN",212826.333845015,2301921.50329882,4
"27049","Goodhue County, Minnesota","27","MN",259180.615326862,2388075.81966113,4
"27051","Grant County, Minnesota","27","MN",-902.181505059045,2549577.96026171,4
"27053","Hennepin County, Minnesota","27","MN",197770.599454415,2450692.18344774,4
"27055","Houston County, Minnesota","27","MN",361091.255909983,2306088.65633439,4
"27057","Hubbard County, Minnesota","27","MN",82661.9197763631,2678284.29297681,4
"27059","Isanti County, Minnesota","27","MN",208674.687807561,2512795.34466054,4
"27061","Itasca County, Minnesota","27","MN",183797.989203016,2721348.11950691,4
"27063","Jackson County, Minnesota","27","MN",67946.0473789027,2293758.72375602,4
"27065","Kanabec County, Minnesota","27","MN",207268.761385673,2553055.88238158,4
"27067","Kandiyohi County, Minnesota","27","MN",78429.3079865899,2463171.80575028,4
"27069","Kittson County, Minnesota","27","MN",-57809.8956931457,2863389.92237491,4
"27071","Koochiching County, Minnesota","27","MN",167678.928154035,2813920.8720105,4
"27073","Lac qui Parle County, Minnesota","27","MN",-13629.9830848354,2449680.43360216,4
"27075","Lake County, Minnesota","27","MN",347763.269333274,2739561.00506448,4
"27077","Lake of the Woods County, Minnesota","27","MN",82421.2283067091,2874685.54864707,4
"27079","Le Sueur County, Minnesota","27","MN",179543.437167235,2377946.23730095,4
"27081","Lincoln County, Minnesota","27","MN",-21112.0002602118,2380734.17635693,4
"27083","Lyon County, Minnesota","27","MN",12929.5599281797,2385283.80172433,4
"27085","McLeod County, Minnesota","27","MN",137953.020073814,2420733.1921208,4
"27087","Mahnomen County, Minnesota","27","MN",14496.2716085715,2703703.98980033,4
"27089","Marshall County, Minnesota","27","MN",-27956.9144750345,2818042.91768408,4
"27091","Martin County, Minnesota","27","MN",116325.386198227,2298905.31822654,4
"27093","Meeker County, Minnesota","27","MN",117473.954573027,2454062.46729348,4
"27095","Mille Lacs County, Minnesota","27","MN",183152.225438144,2548853.8311178,4
"27097","Morrison County, Minnesota","27","MN",137160.694780325,2569241.82284165,4
"27099","Mower County, Minnesota","27","MN",260993.745317468,2301921.50329882,4
"27101","Murray County, Minnesota","27","MN",18919.6353019509,2327168.26673499,4
"27103","Nicollet County, Minnesota","27","MN",143065.895613476,2369997.36817626,4
"27105","Nobles County, Minnesota","27","MN",19812.256208644,2307682.22903304,4
"27107","Norman County, Minnesota","27","MN",-34349.6969941338,2703638.57324273,4
"27109","Olmsted County, Minnesota","27","MN",289612.743822987,2332568.10653166,4
"27111","Otter Tail County, Minnesota","27","MN",21740.0967671693,2602513.91588825,4
"27113","Pennington County, Minnesota","27","MN",-3534.06398480788,2788901.04069887,4
"27115","Pine County, Minnesota","27","MN",256210.274178501,2569445.52126788,4
"27117","Pipestone County, Minnesota","27","MN",-20684.6194616079,2336951.59340727,4
"27119","Polk County, Minnesota","27","MN",-50421.1096679347,2760238.69434021,4
"27121","Pope County, Minnesota","27","MN",43319.109141521,2510959.76052515,4
"27123","Ramsey County, Minnesota","27","MN",228597.145782356,2449938.57016016,4
"27125","Red Lake County, Minnesota","27","MN",-7222.41543356832,2766305.20700249,4
"27127","Redwood County, Minnesota","27","MN",61138.4417210445,2382218.19258815,4
"27129","Renville County, Minnesota","27","MN",81410.3594470734,2410824.55210369,4
"27131","Rice County, Minnesota","27","MN",215962.379109471,2378752.1549353,4
"27133","Rock County, Minnesota","27","MN",-20340.7116340893,2298056.61079743,4
"27135","Roseau County, Minnesota","27","MN",18774.404836574,2861879.39813988,4
"27137","St. Louis County, Minnesota","27","MN",270455.559307154,2739561.00506448,4
"27139","Scott County, Minnesota","27","MN",197593.703131126,2412204.9546134,4
"27141","Sherburne County, Minnesota","27","MN",174208.759697809,2493409.36021527,4
"27143","Sibley County, Minnesota","27","MN",138103.1192186,2401703.9046856,4
"27145","Stearns County, Minnesota","27","MN",106311.021192349,2505389.46184171,4
"27147","Steele County, Minnesota","27","MN",221700.976583318,2335674.45352716,4
"27149","Stevens County, Minnesota","27","MN",-470.82002523444,2520541.69047581,4
"27151","Swift County, Minnesota","27","MN",24560.176068107,2480903.77387968,4
"27153","Todd County, Minnesota","27","MN",85460.0063443879,2566060.38419277,4
"27155","Traverse County, Minnesota","27","MN",-33403.9973615025,2535105.79910362,4
"27157","Wabasha County, Minnesota","27","MN",300484.88235152,2371386.90794873,4
"27159","Wadena County, Minnesota","27","MN",79375.4784155134,2621789.00125508,4
"27161","Waseca County, Minnesota","27","MN",192608.758050403,2343717.75453513,4
"27163","Washington County, Minnesota","27","MN",246026.921748128,2452180.27754391,4
"27165","Watonwan County, Minnesota","27","MN",110787.497593212,2332396.05822108,4
"27167","Wilkin County, Minnesota","27","MN",-33972.3798696853,2593388.81187792,4
"27169","Winona County, Minnesota","27","MN",338340.895749174,2343461.08259716,4
"27171","Wright County, Minnesota","27","MN",160764.018870662,2468490.84625477,4
"27173","Yellow Medicine County, Minnesota","27","MN",5356.81834871774,2416037.68714207,4
"28001","Adams County, Mississippi","28","MS",441303.08052078,942988.991005604,3
"28003","Alcorn County, Mississippi","28","MS",670666.753075707,1339984.57367537,3
"28005","Amite County, Mississippi","28","MS",493255.940842263,916621.981544505,3
"28007","Attala County, Mississippi","28","MS",595945.662974877,1132102.79157109,3
"28009","Benton County, Mississippi","28","MS",617246.300884855,1325359.53741682,3
"28011","Bolivar County, Mississippi","28","MS",472349.762218327,1207453.10280743,3
"28013","Calhoun County, Mississippi","28","MS",612185.937041789,1230491.43814534,3
"28015","Carroll County, Mississippi","28","MS",558845.62662716,1171982.35393302,3
"28017","Chickasaw County, Mississippi","28","MS",648894.855803231,1224065.21353489,3
"28019","Choctaw County, Mississippi","28","MS",621901.303598664,1160487.08294479,3
"28021","Claiborne County, Mississippi","28","MS",479488.164433704,1006078.13794275,3
"28023","Clarke County, Mississippi","28","MS",686901.805806241,1022842.77544496,3
"28025","Clay County, Mississippi","28","MS",665068.878864011,1202730.60943935,3
"28027","Coahoma County, Mississippi","28","MS",489362.660440707,1257340.34852149,3
"28029","Copiah County, Mississippi","28","MS",524608.950600149,993508.094825089,3
"28031","Covington County, Mississippi","28","MS",606320.224147962,970432.478920289,3
"28033","DeSoto County, Mississippi","28","MS",542083.388300217,1328102.62438177,3
"28035","Forrest County, Mississippi","28","MS",641182.612151784,920513.242375344,3
"28037","Franklin County, Mississippi","28","MS",483231.373955405,942824.408719463,3
"28039","George County, Mississippi","28","MS",700259.069847499,891550.576813013,3
"28041","Greene County, Mississippi","28","MS",698363.558869678,931092.206606323,3
"28043","Grenada County, Mississippi","28","MS",567801.652006524,1207293.08419031,3
"28045","Hancock County, Mississippi","28","MS",621884.959458491,836314.457265891,3
"28047","Harrison County, Mississippi","28","MS",659252.406805936,848542.532330205,3
"28049","Hinds County, Mississippi","28","MS",521334.228751098,1040473.0955566,3
"28051","Holmes County, Mississippi","28","MS",549205.717781757,1134399.30696455,3
"28053","Humphreys County, Mississippi","28","MS",506104.875238965,1131934.4182843,3
"28055","Issaquena County, Mississippi","28","MS",464858.198413945,1083579.03922176,3
"28057","Itawamba County, Mississippi","28","MS",697051.373557199,1274253.26116869,3
"28059","Jackson County, Mississippi","28","MS",703748.098929558,856165.122998777,3
"28061","Jasper County, Mississippi","28","MS",646439.966143764,1018696.29989571,3
"28063","Jefferson County, Mississippi","28","MS",469639.223985374,974351.249272136,3
"28065","Jefferson Davis County, Mississippi","28","MS",582963.727866578,963761.287875088,3
"28067","Jones County, Mississippi","28","MS",644552.47808569,973975.4744606,3
"28069","Kemper County, Mississippi","28","MS",684746.297731944,1101375.29547061,3
"28071","Lafayette County, Mississippi","28","MS",594250.658512169,1276103.25451608,3
"28073","Lamar County, Mississippi","28","MS",616615.459733679,926285.758332498,3
"28075","Lauderdale County, Mississippi","28","MS",685721.494216198,1066323.39015163,3
"28077","Lawrence County, Mississippi","28","MS",556579.413571739,959921.150206581,3
"28079","Leake County, Mississippi","28","MS",602702.000989981,1097802.94357473,3
"28081","Lee County, Mississippi","28","MS",667613.912780134,1272719.85272389,3
"28083","Leflore County, Mississippi","28","MS",527577.78061539,1178547.69100597,3
"28085","Lincoln County, Mississippi","28","MS",525733.943363548,954982.924350155,3
"28087","Lowndes County, Mississippi","28","MS",697725.993301433,1187949.12425693,3
"28089","Madison County, Mississippi","28","MS",559279.404506949,1081173.04053302,3
"28091","Marion County, Mississippi","28","MS",584412.29449681,921366.805989225,3
"28093","Marshall County, Mississippi","28","MS",588962.01538505,1316839.82049064,3
"28095","Monroe County, Mississippi","28","MS",690204.992180482,1228119.50254946,3
"28097","Montgomery County, Mississippi","28","MS",585865.411366904,1179522.8622916,3
"28099","Neshoba County, Mississippi","28","MS",640618.925697899,1099651.3379665,3
"28101","Newton County, Mississippi","28","MS",643578.783617279,1056486.56941406,3
"28103","Noxubee County, Mississippi","28","MS",688177.080429302,1146377.21490918,3
"28105","Oktibbeha County, Mississippi","28","MS",657248.301964247,1173651.44946266,3
"28107","Panola County, Mississippi","28","MS",551024.302559237,1272320.31580669,3
"28109","Pearl River County, Mississippi","28","MS",612380.737220024,872131.13500329,3
"28111","Perry County, Mississippi","28","MS",665058.342012502,924885.843290826,3
"28113","Pike County, Mississippi","28","MS",531412.275807573,914366.537392562,3
"28115","Pontotoc County, Mississippi","28","MS",636121.57323572,1264404.36830915,3
"28117","Prentiss County, Mississippi","28","MS",679487.696521192,1309104.87707277,3
"28119","Quitman County, Mississippi","28","MS",522714.247093386,1262248.4265539,3
"28121","Rankin County, Mississippi","28","MS",567997.743206484,1045663.67178202,3
"28123","Scott County, Mississippi","28","MS",604323.295573515,1059090.34285922,3
"28125","Sharkey County, Mississippi","28","MS",480465.448065168,1101754.67853416,3
"28127","Simpson County, Mississippi","28","MS",572826.314901323,999424.7627154,3
"28129","Smith County, Mississippi","28","MS",611655.009147288,1014223.70397253,3
"28131","Stone County, Mississippi","28","MS",656863.093142028,881008.15308538,3
"28133","Sunflower County, Mississippi","28","MS",500954.289819062,1194469.10563263,3
"28135","Tallahatchie County, Mississippi","28","MS",533056.625028685,1223378.03560811,3
"28137","Tate County, Mississippi","28","MS",550007.65973318,1307121.12127051,3
"28139","Tippah County, Mississippi","28","MS",641985.928265648,1326922.21367395,3
"28141","Tishomingo County, Mississippi","28","MS",705501.239652373,1324762.87156863,3
"28143","Tunica County, Mississippi","28","MS",513631.621837776,1303489.2962822,3
"28145","Union County, Mississippi","28","MS",635588.559663386,1293729.16950838,3
"28147","Walthall County, Mississippi","28","MS",557059.013890194,916798.601801804,3
"28149","Warren County, Mississippi","28","MS",487444.373462483,1043895.44554252,3
"28151","Washington County, Mississippi","28","MS",473005.670738521,1145980.37915708,3
"28153","Wayne County, Mississippi","28","MS",688442.131850533,981420.628287145,3
"28155","Webster County, Mississippi","28","MS",620329.356623644,1193609.2425292,3
"28157","Wilkinson County, Mississippi","28","MS",444058.451609597,911911.119488665,3
"28159","Winston County, Mississippi","28","MS",647084.442014256,1142873.50230638,3
"28161","Yalobusha County, Mississippi","28","MS",575658.303970715,1234958.50397305,3
"28163","Yazoo County, Mississippi","28","MS",523645.095310897,1091561.98779467,3
"29001","Adair County, Missouri","29","MO",286672.852781707,1916423.36120143,4
"29003","Andrew County, Missouri","29","MO",101389.14383271,1884704.91284002,4
"29005","Atchison County, Missouri","29","MO",48902.7353550115,1934272.47744718,4
"29007","Audrain County, Missouri","29","MO",362701.78044572,1804476.81946486,4
"29009","Barry County, Missouri","29","MO",192653.231745073,1521915.17290151,5
"29011","Barton County, Missouri","29","MO",144718.845590067,1607145.1058587,5
"29013","Bates County, Missouri","29","MO",143609.443961482,1692180.94501122,4
"29015","Benton County, Missouri","29","MO",234057.383568825,1698391.41362612,4
"29017","Bollinger County, Missouri","29","MO",525890.175175376,1604611.49690711,3
"29019","Boone County, Missouri","29","MO",314396.126441846,1773758.62679188,4
"29021","Buchanan County, Missouri","29","MO",102650.170135896,1851385.78400619,4
"29023","Butler County, Missouri","29","MO",496302.171524001,1533725.33075007,3
"29025","Caldwell County, Missouri","29","MO",171501.622054715,1851616.65011116,4
"29027","Callaway County, Missouri","29","MO",353125.15274431,1761426.51842713,4
"29029","Camden County, Missouri","29","MO",278939.115982149,1671811.9853047,4
"29031","Cape Girardeau County, Missouri","29","MO",556973.458778466,1609833.11837617,3
"29033","Carroll County, Missouri","29","MO",215133.559415187,1823685.51965358,4
"29035","Carter County, Missouri","29","MO",444515.559427027,1558070.75839729,3
"29037","Cass County, Missouri","29","MO",141039.189455582,1736412.44911859,4
"29039","Cedar County, Missouri","29","MO",188526.198465015,1630328.36455065,5
"29041","Chariton County, Missouri","29","MO",258742.36209667,1831000.94291487,4
"29043","Christian County, Missouri","29","MO",253909.853837998,1542648.14267328,5
"29045","Clark County, Missouri","29","MO",358600.717814446,1943253.94882149,4
"29047","Clay County, Missouri","29","MO",136203.058162546,1807418.2800879,4
"29049","Clinton County, Missouri","29","MO",135716.766215388,1846492.85309159,4
"29051","Cole County, Missouri","29","MO",324677.359291022,1727273.14561042,4
"29053","Cooper County, Missouri","29","MO",274677.649431657,1758742.40327825,4
"29055","Crawford County, Missouri","29","MO",407955.396997698,1667722.10169068,3
"29057","Dade County, Missouri","29","MO",188422.311021834,1609405.20978716,5
"29059","Dallas County, Missouri","29","MO",261052.462492362,1630830.1983984,5
"29061","Daviess County, Missouri","29","MO",170764.941025112,1883675.29718356,4
"29063","DeKalb County, Missouri","29","MO",135189.422620572,1876214.82106998,4
"29065","Dent County, Missouri","29","MO",394759.292001839,1633383.65230199,3
"29067","Douglas County, Missouri","29","MO",308842.825958057,1550236.39396882,3
"29069","Dunklin County, Missouri","29","MO",532022.993331074,1489993.77078538,3
"29071","Franklin County, Missouri","29","MO",427523.807568699,1724891.62678755,4
"29073","Gasconade County, Missouri","29","MO",388552.536391542,1719726.30265906,4
"29075","Gentry County, Missouri","29","MO",134158.786188425,1917435.81768759,4
"29077","Greene County, Missouri","29","MO",234227.869162706,1583020.3356194,5
"29079","Grundy County, Missouri","29","MO",205751.185360335,1898936.84756224,4
"29081","Harrison County, Missouri","29","MO",169371.858804396,1925106.62126297,4
"29083","Henry County, Missouri","29","MO",191079.33655251,1708837.48015495,4
"29085","Hickory County, Missouri","29","MO",235865.843730611,1665215.23728798,4
"29087","Holt County, Missouri","29","MO",64711.6804842266,1894360.40582792,4
"29089","Howard County, Missouri","29","MO",282918.410634164,1796771.39057239,4
"29091","Howell County, Missouri","29","MO",362979.161555463,1533996.09536507,3
"29093","Iron County, Missouri","29","MO",467581.07705375,1617643.51587525,3
"29095","Jackson County, Missouri","29","MO",140771.730870603,1780413.56342037,4
"29097","Jasper County, Missouri","29","MO",146238.758869005,1576061.06350997,5
"29099","Jefferson County, Missouri","29","MO",470667.300386103,1704561.03691313,3
"29101","Johnson County, Missouri","29","MO",188244.831642684,1748654.62566348,4
"29103","Knox County, Missouri","29","MO",325168.471258711,1912128.86908215,4
"29105","Laclede County, Missouri","29","MO",298222.557192741,1633002.52353035,3
"29107","Lafayette County, Missouri","29","MO",188721.506267206,1788027.80973761,4
"29109","Lawrence County, Missouri","29","MO",190737.227142866,1566029.19023183,5
"29111","Lewis County, Missouri","29","MO",361077.779013235,1906446.5177711,4
"29113","Lincoln County, Missouri","29","MO",429959.98722344,1791558.79686084,4
"29115","Linn County, Missouri","29","MO",245196.701676015,1870535.94927344,4
"29117","Livingston County, Missouri","29","MO",206786.546789465,1870867.88107698,4
"29119","McDonald County, Missouri","29","MO",146617.226695338,1510471.09676958,5
"29121","Macon County, Missouri","29","MO",290662.465663744,1870818.8726028,4
"29123","Madison County, Missouri","29","MO",495018.656080373,1620086.80362024,3
"29125","Maries County, Missouri","29","MO",355383.980736698,1682392.98094418,4
"29127","Marion County, Missouri","29","MO",372981.965840773,1873067.65784447,4
"29129","Mercer County, Missouri","29","MO",204746.715823275,1937521.80707891,4
"29131","Miller County, Missouri","29","MO",308090.382817462,1695604.25572835,4
"29133","Mississippi County, Missouri","29","MO",588910.052149814,1551531.02587769,3
"29135","Moniteau County, Missouri","29","MO",290071.045585648,1739129.75815784,4
"29137","Monroe County, Missouri","29","MO",339979.073043346,1836926.24998115,4
"29139","Montgomery County, Missouri","29","MO",390591.706572921,1772691.69059478,4
"29141","Morgan County, Missouri","29","MO",272271.890937831,1711645.0102893,4
"29143","New Madrid County, Missouri","29","MO",560501.217388358,1525981.48675198,3
"29145","Newton County, Missouri","29","MO",146438.284006772,1540917.27745651,5
"29147","Nodaway County, Missouri","29","MO",93511.7253650346,1923877.17350001,4
"29149","Oregon County, Missouri","29","MO",407146.887116054,1525357.85564419,3
"29151","Osage County, Missouri","29","MO",360024.69258266,1727900.77013405,4
"29153","Ozark County, Missouri","29","MO",315024.206282309,1517767.8712374,3
"29155","Pemiscot County, Missouri","29","MO",550961.830794128,1480514.63432251,3
"29157","Perry County, Missouri","29","MO",538867.290132452,1651208.64842856,3
"29159","Pettis County, Missouri","29","MO",234193.613854382,1752447.78838205,4
"29161","Phelps County, Missouri","29","MO",368033.253472092,1655169.40504015,3
"29163","Pike County, Missouri","29","MO",412766.299254178,1826975.38128708,4
"29165","Platte County, Missouri","29","MO",106287.700879641,1813806.45415728,4
"29167","Polk County, Missouri","29","MO",227682.719995725,1623186.71991683,5
"29169","Pulaski County, Missouri","29","MO",329814.553741837,1645290.25148239,3
"29171","Putnam County, Missouri","29","MO",248877.456894287,1944860.75051314,4
"29173","Ralls County, Missouri","29","MO",379538.388789387,1840487.59407118,4
"29175","Randolph County, Missouri","29","MO",297984.685053942,1832236.38227697,4
"29177","Ray County, Missouri","29","MO",172087.815052349,1812456.51937363,4
"29179","Reynolds County, Missouri","29","MO",441871.066712847,1598619.21024684,3
"29181","Ripley County, Missouri","29","MO",455200.024043721,1525515.52337647,3
"29183","St. Charles County, Missouri","29","MO",452789.825475391,1759378.08277143,4
"29185","St. Clair County, Missouri","29","MO",192693.806682117,1662754.49393123,4
"29186","Ste. Genevieve County, Missouri","29","MO",506055.778619553,1667174.20114631,3
"29187","St. Francois County, Missouri","29","MO",477435.108053323,1658267.53626047,3
"29189","St. Louis County, Missouri","29","MO",473485.730100147,1748858.39079295,4
"29195","Saline County, Missouri","29","MO",240103.684383818,1796838.84464255,4
"29197","Schuyler County, Missouri","29","MO",291956.693277848,1944860.75051314,4
"29199","Scotland County, Missouri","29","MO",323734.481274158,1945734.4549085,4
"29201","Scott County, Missouri","29","MO",565273.278559478,1576057.7334252,3
"29203","Shannon County, Missouri","29","MO",410417.770706112,1575423.33583456,3
"29205","Shelby County, Missouri","29","MO",333531.281117078,1872504.05183997,4
"29207","Stoddard County, Missouri","29","MO",531908.889007294,1554439.97590295,3
"29209","Stone County, Missouri","29","MO",226236.597675897,1525057.69953637,5
"29211","Sullivan County, Missouri","29","MO",243883.186217697,1907719.45042809,4
"29213","Taney County, Missouri","29","MO",262155.161494757,1513864.75267922,5
"29215","Texas County, Missouri","29","MO",355222.054924599,1599624.75208539,3
"29217","Vernon County, Missouri","29","MO",144457.936006865,1647718.76610308,5
"29219","Warren County, Missouri","29","MO",413861.760921155,1759464.19340767,4
"29221","Washington County, Missouri","29","MO",446347.280567967,1671132.10736644,3
"29223","Wayne County, Missouri","29","MO",483755.950201642,1578228.09819568,3
"29225","Webster County, Missouri","29","MO",273591.71953051,1587993.73501901,5
"29227","Worth County, Missouri","29","MO",131726.068705446,1946444.12299322,4
"29229","Wright County, Missouri","29","MO",309882.110967486,1589244.01815793,3
"29510","St. Louis city, Missouri","29","MO",496226.613426004,1748972.48627863,4
"30001","Beaverhead County, Montana","30","MT",-1327013.70620459,2583696.77459598,2
"30003","Big Horn County, Montana","30","MT",-913796.415011325,2552616.34721681,2
"30005","Blaine County, Montana","30","MT",-966771.831801297,2886822.42235518,2
"30007","Broadwater County, Montana","30","MT",-1185741.0791099,2690140.6488232,2
"30009","Carbon County, Montana","30","MT",-1031576.27274075,2546524.63331028,2
"30011","Carter County, Montana","30","MT",-663161.97162758,2544951.77376189,4
"30013","Cascade County, Montana","30","MT",-1165452.11549519,2787973.35564456,2
"30015","Chouteau County, Montana","30","MT",-1086231.44158555,2852162.25048991,2
"30017","Custer County, Montana","30","MT",-734637.089831063,2628153.6363188,2
"30019","Daniels County, Montana","30","MT",-707480.024174254,2897595.87294899,2
"30021","Dawson County, Montana","30","MT",-678460.049148006,2735549.83524027,2
"30023","Deer Lodge County, Montana","30","MT",-1319042.56082584,2678907.18482064,2
"30025","Fallon County, Montana","30","MT",-653112.045190593,2616683.1651125,2
"30027","Fergus County, Montana","30","MT",-1001353.50427641,2764446.90019571,2
"30029","Flathead County, Montana","30","MT",-1353773.01791111,2937405.31753179,2
"30031","Gallatin County, Montana","30","MT",-1186386.10990636,2577571.91665076,2
"30033","Garfield County, Montana","30","MT",-844140.986532058,2755456.68545075,2
"30035","Glacier County, Montana","30","MT",-1255756.95351383,2967759.35237813,2
"30037","Golden Valley County, Montana","30","MT",-1009656.43244002,2669130.02484416,2
"30039","Granite County, Montana","30","MT",-1335003.44292616,2724244.39138163,2
"30041","Hill County, Montana","30","MT",-1049685.63897358,2918931.29895434,2
"30043","Jefferson County, Montana","30","MT",-1242895.42106634,2678475.85106027,2
"30045","Judith Basin County, Montana","30","MT",-1080710.21855009,2750142.17267118,2
"30047","Lake County, Montana","30","MT",-1366171.65241583,2861751.58969048,2
"30049","Lewis and Clark County, Montana","30","MT",-1244943.6536833,2795749.46463606,2
"30051","Liberty County, Montana","30","MT",-1115111.55783716,2928854.42227475,2
"30053","Lincoln County, Montana","30","MT",-1442828.82056168,2978127.22873096,2
"30055","McCone County, Montana","30","MT",-740919.844966108,2778662.79102293,2
"30057","Madison County, Montana","30","MT",-1242806.58301454,2578185.46517686,2
"30059","Meagher County, Montana","30","MT",-1135404.61728818,2714884.70109708,2
"30061","Mineral County, Montana","30","MT",-1431540.43451381,2824405.9490068,2
"30063","Missoula County, Montana","30","MT",-1359974.56968858,2808368.58988291,2
"30065","Musselshell County, Montana","30","MT",-946929.745935143,2671033.5452677,2
"30067","Park County, Montana","30","MT",-1130315.10183724,2598252.74733847,2
"30069","Petroleum County, Montana","30","MT",-937801.854035948,2744872.00441054,2
"30071","Phillips County, Montana","30","MT",-890285.190801549,2857575.28786333,2
"30073","Pondera County, Montana","30","MT",-1214119.15608961,2904750.41336752,2
"30075","Powder River County, Montana","30","MT",-753208.735589008,2523253.41325243,2
"30077","Powell County, Montana","30","MT",-1295633.00874102,2784760.49835002,2
"30079","Prairie County, Montana","30","MT",-721579.221336407,2689339.4995407,2
"30081","Ravalli County, Montana","30","MT",-1396772.59847311,2700037.12516491,2
"30083","Richland County, Montana","30","MT",-651612.230294637,2780737.42651817,2
"30085","Roosevelt County, Montana","30","MT",-667722.595056294,2840934.2948612,2
"30087","Rosebud County, Montana","30","MT",-817886.449548524,2602677.85511227,2
"30089","Sanders County, Montana","30","MT",-1438443.33367808,2887597.17327035,2
"30091","Sheridan County, Montana","30","MT",-635082.641765266,2883761.81163308,2
"30093","Silver Bow County, Montana","30","MT",-1294623.38754145,2659351.35095378,2
"30095","Stillwater County, Montana","30","MT",-1027759.7084091,2596159.07511264,2
"30097","Sweet Grass County, Montana","30","MT",-1078470.65659077,2603593.95974971,2
"30099","Teton County, Montana","30","MT",-1213299.83349307,2865731.21425593,2
"30101","Toole County, Montana","30","MT",-1167872.33464378,2938317.25108354,2
"30103","Treasure County, Montana","30","MT",-867408.586037108,2628592.56277596,2
"30105","Valley County, Montana","30","MT",-785928.697550558,2867042.61368836,2
"30107","Wheatland County, Montana","30","MT",-1061573.83431694,2688756.04389707,2
"30109","Wibaux County, Montana","30","MT",-625323.741342871,2694685.09300058,2
"30111","Yellowstone County, Montana","30","MT",-951214.750370758,2613844.17760623,2
"31001","Adams County, Nebraska","31","NE",-210260.036443651,1941688.92446762,4
"31003","Antelope County, Nebraska","31","NE",-169672.210417488,2131295.68617481,4
"31005","Arthur County, Nebraska","31","NE",-471191.807040361,2076860.86497542,4
"31007","Banner County, Nebraska","31","NE",-637744.976380364,2086642.5650893,4
"31009","Blaine County, Nebraska","31","NE",-327461.154410784,2108063.45601397,4
"31011","Boone County, Nebraska","31","NE",-170404.788777754,2071469.86199885,4
"31013","Box Butte County, Nebraska","31","NE",-581442.330412167,2154447.75008898,4
"31015","Boyd County, Nebraska","31","NE",-213754.369532624,2212675.95026103,4
"31017","Brown County, Nebraska","31","NE",-320533.932926848,2182509.84171536,4
"31019","Buffalo County, Nebraska","31","NE",-256974.884220664,1987253.05402488,4
"31021","Burt County, Nebraska","31","NE",-28533.786181849,2095785.98547386,4
"31023","Butler County, Nebraska","31","NE",-94670.0013312018,2025922.76837268,4
"31025","Cass County, Nebraska","31","NE",-12567.5625391071,1990400.15294418,4
"31027","Cedar County, Nebraska","31","NE",-101984.148205893,2179267.47940402,4
"31029","Chase County, Nebraska","31","NE",-478542.538531997,1956948.61199179,4
"31031","Cherry County, Nebraska","31","NE",-417746.167970995,2190704.70429595,4
"31033","Cheyenne County, Nebraska","31","NE",-580669.810673983,2052604.89561671,4
"31035","Clay County, Nebraska","31","NE",-172241.605717041,1950859.53567872,4
"31037","Colfax County, Nebraska","31","NE",-89289.2332562603,2067236.54524954,4
"31039","Cuming County, Nebraska","31","NE",-64807.6035011528,2106417.44702938,4
"31041","Custer County, Nebraska","31","NE",-308966.669059277,2049245.50006318,4
"31043","Dakota County, Nebraska","31","NE",-46654.3372863928,2156178.13049895,4
"31045","Dawes County, Nebraska","31","NE",-580625.303617055,2201101.35350804,4
"31047","Dawson County, Nebraska","31","NE",-319542.484841616,1994345.94125074,4
"31049","Deuel County, Nebraska","31","NE",-527049.218249199,2031714.64900175,4
"31051","Dixon County, Nebraska","31","NE",-70966.4098427294,2166932.08022203,4
"31053","Dodge County, Nebraska","31","NE",-55865.0381309998,2065218.09703292,4
"31055","Douglas County, Nebraska","31","NE",-12446.4456124482,2031564.35815512,4
"31057","Dundy County, Nebraska","31","NE",-479921.033993813,1920668.09075369,4
"31059","Fillmore County, Nebraska","31","NE",-134259.719986935,1937472.44578509,4
"31061","Franklin County, Nebraska","31","NE",-249133.986674367,1913074.59980151,4
"31063","Frontier County, Nebraska","31","NE",-367768.480496651,1957022.68936636,4
"31065","Furnas County, Nebraska","31","NE",-330180.903920346,1913568.37738982,4
"31067","Gage County, Nebraska","31","NE",-58130.3505750279,1921489.02792011,4
"31069","Garden County, Nebraska","31","NE",-521816.896273542,2082482.06186148,4
"31071","Garfield County, Nebraska","31","NE",-246337.043658357,2105265.34922138,4
"31073","Gosper County, Nebraska","31","NE",-319983.138480452,1956549.68909291,4
"31075","Grant County, Nebraska","31","NE",-473229.501712539,2112786.2011457,4
"31077","Greeley County, Nebraska","31","NE",-208589.204673695,2069446.13595113,4
"31079","Hall County, Nebraska","31","NE",-209145.754111695,1987593.42727741,4
"31081","Hamilton County, Nebraska","31","NE",-169885.5429635,1990906.72467696,4
"31083","Harlan County, Nebraska","31","NE",-287553.901513964,1904577.23246174,4
"31085","Hayes County, Nebraska","31","NE",-425162.790748885,1954805.56494345,4
"31087","Hitchcock County, Nebraska","31","NE",-424998.972616423,1926403.37321519,4
"31089","Holt County, Nebraska","31","NE",-226606.852804888,2171326.74546191,4
"31091","Hooker County, Nebraska","31","NE",-422769.541999231,2112938.26293125,4
"31093","Howard County, Nebraska","31","NE",-209324.636615454,2026449.84191793,4
"31095","Jefferson County, Nebraska","31","NE",-96540.5165671511,1900030.24471082,4
"31097","Johnson County, Nebraska","31","NE",-22325.507843288,1925336.37215474,4
"31099","Kearney County, Nebraska","31","NE",-248142.499058781,1942300.6838288,4
"31101","Keith County, Nebraska","31","NE",-471128.333210623,2032042.90879738,4
"31103","Keya Paha County, Nebraska","31","NE",-302650.160639879,2214820.1745273,4
"31105","Kimball County, Nebraska","31","NE",-641260.08541847,2047373.0840779,4
"31107","Knox County, Nebraska","31","NE",-154380.721429323,2189123.09219875,4
"31109","Lancaster County, Nebraska","31","NE",-57521.947994591,1975083.10507143,4
"31111","Lincoln County, Nebraska","31","NE",-395433.600042234,2014233.90963597,4
"31113","Logan County, Nebraska","31","NE",-370848.235855335,2071198.31748147,4
"31115","Loup County, Nebraska","31","NE",-284483.99020706,2106500.2051755,4
"31117","McPherson County, Nebraska","31","NE",-418613.037906681,2073729.62680943,4
"31119","Madison County, Nebraska","31","NE",-131845.808149066,2102191.72930133,4
"31121","Merrick County, Nebraska","31","NE",-172966.227179847,2015325.92528442,4
"31123","Morrill County, Nebraska","31","NE",-577899.70137522,2101061.87706211,4
"31125","Nance County, Nebraska","31","NE",-165022.165957084,2044904.2971972,4
"31127","Nemaha County, Nebraska","31","NE",11500.4478865549,1933222.50099254,4
"31129","Nuckolls County, Nebraska","31","NE",-172634.714128525,1916755.89379073,4
"31131","Otoe County, Nebraska","31","NE",-10394.8904346065,1960404.69023923,4
"31133","Pawnee County, Nebraska","31","NE",-20032.2713300869,1898567.98402548,4
"31135","Perkins County, Nebraska","31","NE",-472033.164453759,1999303.28244165,4
"31137","Phelps County, Nebraska","31","NE",-286556.630137618,1948817.53023396,4
"31139","Pierce County, Nebraska","31","NE",-131309.199014499,2136737.94288144,4
"31141","Platte County, Nebraska","31","NE",-127619.024887502,2060560.50527945,4
"31143","Polk County, Nebraska","31","NE",-131070.655848732,2024354.55464759,4
"31145","Red Willow County, Nebraska","31","NE",-377856.591680558,1915594.58383625,4
"31147","Richardson County, Nebraska","31","NE",24294.8327438556,1901731.33778932,4
"31149","Rock County, Nebraska","31","NE",-282597.674797696,2171958.16466808,4
"31151","Saline County, Nebraska","31","NE",-95781.9246963975,1950072.93656711,4
"31153","Sarpy County, Nebraska","31","NE",-8309.00524451863,2009197.58084761,4
"31155","Saunders County, Nebraska","31","NE",-52663.5566618342,2026999.91164308,4
"31157","Scotts Bluff County, Nebraska","31","NE",-635076.656089912,2116127.68168775,4
"31159","Seward County, Nebraska","31","NE",-95173.9364913972,1992178.15238439,4
"31161","Sheridan County, Nebraska","31","NE",-523437.489085849,2192457.01471404,4
"31163","Sherman County, Nebraska","31","NE",-247732.721014691,2021711.22893218,4
"31165","Sioux County, Nebraska","31","NE",-633938.694918719,2189270.57245665,4
"31167","Stanton County, Nebraska","31","NE",-98413.0591583561,2095960.49902706,4
"31169","Thayer County, Nebraska","31","NE",-134772.681610326,1900348.22865794,4
"31171","Thomas County, Nebraska","31","NE",-375078.052832098,2110237.26151952,4
"31173","Thurston County, Nebraska","31","NE",-47035.4095338103,2127630.88856454,4
"31175","Valley County, Nebraska","31","NE",-246803.49374393,2066394.22047741,4
"31177","Washington County, Nebraska","31","NE",-22180.767567553,2058910.13935357,4
"31179","Wayne County, Nebraska","31","NE",-89846.0131692598,2134977.89565931,4
"31181","Webster County, Nebraska","31","NE",-211046.239948359,1907916.59112625,4
"31183","Wheeler County, Nebraska","31","NE",-207967.443460452,2113001.72033351,4
"31185","York County, Nebraska","31","NE",-133390.884359983,1992755.60982424,4
"32001","Churchill County, Nevada","32","NV",-1880596.04319793,2062058.66943301,2
"32003","Clark County, Nevada","32","NV",-1707190.96301067,1604112.04667928,2
"32005","Douglas County, Nevada","32","NV",-2007301.86780752,2007511.33703544,2
"32007","Elko County, Nevada","32","NV",-1580747.846204,2170853.56974502,2
"32009","Esmeralda County, Nevada","32","NV",-1870073.98659151,1839614.14037758,2
"32011","Eureka County, Nevada","32","NV",-1699309.82774665,2076951.86747812,2
"32013","Humboldt County, Nevada","32","NV",-1825273.47626569,2250010.02249478,2
"32015","Lander County, Nevada","32","NV",-1766111.38347359,2087794.74116012,2
"32017","Lincoln County, Nevada","32","NV",-1646211.19397021,1793650.72365736,2
"32019","Lyon County, Nevada","32","NV",-1956686.63707377,2020524.56575514,2
"32021","Mineral County, Nevada","32","NV",-1915131.31993196,1948066.56997323,2
"32023","Nye County, Nevada","32","NV",-1786741.96818238,1787746.93308038,2
"32027","Pershing County, Nevada","32","NV",-1858601.91760844,2162334.93480613,2
"32029","Storey County, Nevada","32","NV",-1984908.13938822,2072713.7580408,2
"32031","Washoe County, Nevada","32","NV",-1962428.89411665,2208216.72901633,2
"32033","White Pine County, Nevada","32","NV",-1609157.75749684,1978883.34969247,2
"32510","Carson City, Nevada","32","NV",-2011939.74160044,2044110.8810482,2
"33001","Belknap County, New Hampshire","33","NH",1953127.10320482,2536055.5839513,1
"33003","Carroll County, New Hampshire","33","NH",1963327.78439018,2583032.69623328,1
"33005","Cheshire County, New Hampshire","33","NH",1909191.65181955,2456012.42418538,1
"33007","Coos County, New Hampshire","33","NH",1929949.74235722,2666125.20329079,1
"33009","Grafton County, New Hampshire","33","NH",1912784.64975934,2573282.67010936,1
"33011","Hillsborough County, New Hampshire","33","NH",1947365.55824804,2464355.50941946,1
"33013","Merrimack County, New Hampshire","33","NH",1943450.93206796,2508332.31273951,1
"33015","Rockingham County, New Hampshire","33","NH",1996642.30235721,2483693.63532959,1
"33017","Strafford County, New Hampshire","33","NH",1991847.46134599,2521071.47729213,1
"33019","Sullivan County, New Hampshire","33","NH",1896123.3748692,2499753.50821124,1
"34001","Atlantic County, New Jersey","34","NJ",1805073.67275256,2033911.42927127,1
"34003","Bergen County, New Jersey","34","NJ",1818487.39610384,2201730.04257769,1
"34005","Burlington County, New Jersey","34","NJ",1789952.90020076,2075696.14333274,1
"34007","Camden County, New Jersey","34","NJ",1767848.53373336,2061682.4566717,1
"34009","Cape May County, New Jersey","34","NJ",1801036.86000743,1990801.15277595,1
"34011","Cumberland County, New Jersey","34","NJ",1766463.223715,2012365.89451845,1
"34013","Essex County, New Jersey","34","NJ",1804450.90708585,2183587.69234516,1
"34015","Gloucester County, New Jersey","34","NJ",1756537.36114452,2049119.09548137,1
"34017","Hudson County, New Jersey","34","NJ",1820635.4518449,2179850.51967885,1
"34019","Hunterdon County, New Jersey","34","NJ",1751685.6679478,2145427.00493859,1
"34021","Mercer County, New Jersey","34","NJ",1781444.16081993,2118839.05871606,1
"34023","Middlesex County, New Jersey","34","NJ",1802816.23649429,2141638.13747199,1
"34025","Monmouth County, New Jersey","34","NJ",1822807.71234958,2126366.59358712,1
"34027","Morris County, New Jersey","34","NJ",1780438.6453632,2186376.21027334,1
"34029","Ocean County, New Jersey","34","NJ",1828487.19164213,2075822.33664417,1
"34031","Passaic County, New Jersey","34","NJ",1789772.11611744,2207121.02852386,1
"34033","Salem County, New Jersey","34","NJ",1746855.77274977,2030169.2790138,1
"34035","Somerset County, New Jersey","34","NJ",1780240.80578329,2151403.60261175,1
"34037","Sussex County, New Jersey","34","NJ",1759479.81530471,2211382.98967565,1
"34039","Union County, New Jersey","34","NJ",1803746.07586121,2166404.98262647,1
"34041","Warren County, New Jersey","34","NJ",1744578.20986833,2173250.68900084,1
"35001","Bernalillo County, New Mexico","35","NM",-963008.522655965,1386102.05829169,5
"35003","Catron County, New Mexico","35","NM",-1133595.61237636,1277729.88637402,5
"35005","Chaves County, New Mexico","35","NM",-770121.341599679,1171192.46660346,5
"35006","Cibola County, New Mexico","35","NM",-1090992.10862989,1387933.40342744,5
"35007","Colfax County, New Mexico","35","NM",-768904.122184403,1540399.95989447,5
"35009","Curry County, New Mexico","35","NM",-671694.498576827,1309512.44157335,5
"35013","Doña Ana County, New Mexico","35","NM",-1011398.59686389,1098770.86972914,5
"35015","Eddy County, New Mexico","35","NM",-775780.444129102,1080037.89698256,5
"35017","Grant County, New Mexico","35","NM",-1134651.62549769,1131176.88984405,5
"35019","Guadalupe County, New Mexico","35","NM",-789030.192145146,1344235.77439923,5
"35021","Harding County, New Mexico","35","NM",-686467.153212984,1445547.03618266,5
"35023","Hidalgo County, New Mexico","35","NM",-1199278.5241804,1069517.63714847,5
"35025","Lea County, New Mexico","35","NM",-692148.271313776,1105631.96038259,5
"35027","Lincoln County, New Mexico","35","NM",-870232.896168043,1227091.2531509,5
"35028","Los Alamos County, New Mexico","35","NM",-922241.439504101,1473074.32342595,5
"35029","Luna County, New Mexico","35","NM",-1101001.73551512,1080491.02225093,5
"35031","McKinley County, New Mexico","35","NM",-1092001.99503457,1454214.0014157,5
"35033","Mora County, New Mexico","35","NM",-804039.025375518,1478077.08275371,5
"35035","Otero County, New Mexico","35","NM",-918037.887775267,1116647.9860055,5
"35037","Quay County, New Mexico","35","NM",-684296.734215522,1372449.05756619,5
"35039","Rio Arriba County, New Mexico","35","NM",-955960.500603812,1544271.48558245,5
"35041","Roosevelt County, New Mexico","35","NM",-681010.918820107,1251225.41127809,5
"35043","Sandoval County, New Mexico","35","NM",-965163.409986262,1463059.09405081,5
"35045","San Juan County, New Mexico","35","NM",-1092327.71966638,1561279.44712549,5
"35047","San Miguel County, New Mexico","35","NM",-787562.91570662,1419461.97584891,5
"35049","Santa Fe County, New Mexico","35","NM",-896149.869700539,1429812.04179381,5
"35051","Sierra County, New Mexico","35","NM",-1026941.76415136,1173610.0105451,5
"35053","Socorro County, New Mexico","35","NM",-989540.792786352,1276702.02722048,5
"35055","Taos County, New Mexico","35","NM",-854709.843718751,1539833.7500657,5
"35057","Torrance County, New Mexico","35","NM",-897088.695190689,1330541.00862161,5
"35059","Union County, New Mexico","35","NM",-668261.205872408,1507624.9038039,5
"35061","Valencia County, New Mexico","35","NM",-982779.656539694,1346829.34583638,5
"36001","Albany County, New York","36","NY",1780733.66864756,2386347.12933528,1
"36003","Allegany County, New York","36","NY",1464616.87571904,2278414.72209194,1
"36005","Bronx County, New York","36","NY",1834124.78908297,2196403.94206376,1
"36007","Broome County, New York","36","NY",1649451.18148263,2304799.38957568,1
"36009","Cattaraugus County, New York","36","NY",1411756.01388096,2266695.19153102,1
"36011","Cayuga County, New York","36","NY",1562899.70403841,2383937.68067266,1
"36013","Chautauqua County, New York","36","NY",1356002.05182744,2258966.16906719,1
"36015","Chemung County, New York","36","NY",1569114.74272106,2285102.61779989,1
"36017","Chenango County, New York","36","NY",1651686.48946047,2341980.43014691,1
"36019","Clinton County, New York","36","NY",1748058.84097008,2621853.60769416,1
"36021","Columbia County, New York","36","NY",1817230.71626552,2357435.94444618,1
"36023","Cortland County, New York","36","NY",1613478.24154243,2347935.42201564,1
"36025","Delaware County, New York","36","NY",1709689.14532478,2321493.19166929,1
"36027","Dutchess County, New York","36","NY",1821765.88922563,2296484.8673639,1
"36029","Erie County, New York","36","NY",1403300.29868914,2324494.08784438,1
"36031","Essex County, New York","36","NY",1757024.88671201,2557325.8367508,1
"36033","Franklin County, New York","36","NY",1708542.11141703,2592346.3792584,1
"36035","Fulton County, New York","36","NY",1732936.83683319,2434755.28951906,1
"36037","Genesee County, New York","36","NY",1435901.59196106,2358204.49746764,1
"36039","Greene County, New York","36","NY",1775911.59645726,2350168.61875467,1
"36041","Hamilton County, New York","36","NY",1712160.12311315,2490486.19743756,1
"36043","Herkimer County, New York","36","NY",1681646.79574596,2461437.00639541,1
"36045","Jefferson County, New York","36","NY",1589059.15753413,2505796.21598478,1
"36047","Kings County, New York","36","NY",1834115.5584264,2173874.47105132,1
"36049","Lewis County, New York","36","NY",1631705.98604042,2488280.77173994,1
"36051","Livingston County, New York","36","NY",1473848.92437345,2335816.2428854,1
"36053","Madison County, New York","36","NY",1637757.20956097,2389087.44518049,1
"36055","Monroe County, New York","36","NY",1472940.15681236,2381133.16718815,1
"36057","Montgomery County, New York","36","NY",1733646.41591074,2407809.23043193,1
"36059","Nassau County, New York","36","NY",1860272.52766519,2190575.23621142,1
"36061","New York County, New York","36","NY",1827902.03631147,2187218.47440915,1
"36063","Niagara County, New York","36","NY",1386129.52373967,2371736.24173702,1
"36065","Oneida County, New York","36","NY",1644434.98175187,2431869.70413412,1
"36067","Onondaga County, New York","36","NY",1593796.65920542,2389622.74679427,1
"36069","Ontario County, New York","36","NY",1511587.01958257,2350480.51504959,1
"36071","Orange County, New York","36","NY",1779726.4066649,2248135.10828766,1
"36073","Orleans County, New York","36","NY",1428091.11299278,2380888.04134285,1
"36075","Oswego County, New York","36","NY",1587481.22645012,2440203.16311044,1
"36077","Otsego County, New York","36","NY",1698286.67606066,2364931.39634296,1
"36079","Putnam County, New York","36","NY",1828532.03554694,2261048.56665198,1
"36081","Queens County, New York","36","NY",1844764.22094955,2177846.09052306,1
"36083","Rensselaer County, New York","36","NY",1815906.57116453,2405376.14919832,1
"36085","Richmond County, New York","36","NY",1817992.82967026,2160853.86898794,1
"36087","Rockland County, New York","36","NY",1812720.6525714,2229298.61011947,1
"36089","St. Lawrence County, New York","36","NY",1644560.24572071,2578082.71184933,1
"36091","Saratoga County, New York","36","NY",1777652.43316336,2439545.13746191,1
"36093","Schenectady County, New York","36","NY",1772372.44083585,2407304.05905323,1
"36095","Schoharie County, New York","36","NY",1743926.49926202,2375480.19500253,1
"36097","Schuyler County, New York","36","NY",1551810.06586049,2313628.5733156,1
"36099","Seneca County, New York","36","NY",1546324.44673177,2356276.45264558,1
"36101","Steuben County, New York","36","NY",1518551.62162287,2290737.7342133,1
"36103","Suffolk County, New York","36","NY",1916863.29057683,2220678.31359194,1
"36105","Sullivan County, New York","36","NY",1741563.93434396,2274272.52181376,1
"36107","Tioga County, New York","36","NY",1602372.32778599,2299971.15369651,1
"36109","Tompkins County, New York","36","NY",1584848.66566345,2324637.56118844,1
"36111","Ulster County, New York","36","NY",1771359.64801362,2303689.44551128,1
"36113","Warren County, New York","36","NY",1760422.16314454,2492375.5792631,1
"36115","Washington County, New York","36","NY",1803388.13828079,2478060.83431779,1
"36117","Wayne County, New York","36","NY",1522877.64135261,2397004.15656218,1
"36119","Westchester County, New York","36","NY",1832464.91959081,2230533.87097369,1
"36121","Wyoming County, New York","36","NY",1440166.14774733,2322335.61343148,1
"36123","Yates County, New York","36","NY",1528138.85413004,2336919.46786347,1
"37001","Alamance County, North Carolina","37","NC",1475015.9218673,1569942.17917327,3
"37003","Alexander County, North Carolina","37","NC",1319946.1890408,1535523.36819113,3
"37005","Alleghany County, North Carolina","37","NC",1314017.39821537,1593971.02765123,3
"37007","Anson County, North Carolina","37","NC",1434177.73354454,1445597.52541893,3
"37009","Ashe County, North Carolina","37","NC",1285088.00074652,1583581.60583005,3
"37011","Avery County, North Carolina","37","NC",1252649.23124643,1542330.06306825,3
"37013","Beaufort County, North Carolina","37","NC",1716421.42789387,1552988.9202633,1
"37015","Bertie County, North Carolina","37","NC",1687387.58286016,1614336.58914873,1
"37017","Bladen County, North Carolina","37","NC",1578291.54402987,1431077.47788982,3
"37019","Brunswick County, North Carolina","37","NC",1617450.66279239,1376593.03188831,3
"37021","Buncombe County, North Carolina","37","NC",1200989.40624015,1481913.17165122,3
"37023","Burke County, North Carolina","37","NC",1277844.99635559,1509126.37604293,3
"37025","Cabarrus County, North Carolina","37","NC",1383358.86036026,1480372.40505342,3
"37027","Caldwell County, North Carolina","37","NC",1285096.29599859,1530269.70705146,3
"37029","Camden County, North Carolina","37","NC",1749270.57460227,1662971.4353172,1
"37031","Carteret County, North Carolina","37","NC",1751484.65728849,1490415.76420395,3
"37033","Caswell County, North Carolina","37","NC",1473542.11077414,1612745.73144771,1
"37035","Catawba County, North Carolina","37","NC",1323958.06358335,1506402.91583856,3
"37037","Chatham County, North Carolina","37","NC",1493589.59222146,1536303.62241158,3
"37039","Cherokee County, North Carolina","37","NC",1073274.09074107,1407793.90317213,3
"37041","Chowan County, North Carolina","37","NC",1712437.50426907,1638077.00833397,1
"37043","Clay County, North Carolina","37","NC",1106597.89941084,1406009.23315258,3
"37045","Cleveland County, North Carolina","37","NC",1298405.30965486,1465671.53415968,3
"37047","Columbus County, North Carolina","37","NC",1572321.50727734,1382006.70123599,3
"37049","Craven County, North Carolina","37","NC",1695232.9990679,1507870.89698897,3
"37051","Cumberland County, North Carolina","37","NC",1540307.86452892,1473501.13008509,3
"37053","Currituck County, North Carolina","37","NC",1769577.15626647,1663283.8126087,1
"37055","Dare County, North Carolina","37","NC",1790656.01425942,1604943.68017376,1
"37057","Davidson County, North Carolina","37","NC",1403707.4932216,1530853.70329445,3
"37059","Davie County, North Carolina","37","NC",1377124.20048202,1541361.09699352,3
"37061","Duplin County, North Carolina","37","NC",1629536.80091706,1474861.50169846,3
"37063","Durham County, North Carolina","37","NC",1523383.52766954,1581172.30679146,1
"37065","Edgecombe County, North Carolina","37","NC",1638091.90693854,1586849.14942782,1
"37067","Forsyth County, North Carolina","37","NC",1399183.02606616,1568956.16047992,3
"37069","Franklin County, North Carolina","37","NC",1569147.6851424,1595386.90604696,1
"37071","Gaston County, North Carolina","37","NC",1330320.12430953,1462628.03136566,3
"37073","Gates County, North Carolina","37","NC",1702433.94648029,1662838.2664967,1
"37075","Graham County, North Carolina","37","NC",1091214.57039927,1434065.02298164,3
"37077","Granville County, North Carolina","37","NC",1534928.26934467,1612777.04293154,1
"37079","Greene County, North Carolina","37","NC",1639011.63857351,1541526.07121377,3
"37081","Guilford County, North Carolina","37","NC",1439619.41206855,1571278.24122484,3
"37083","Halifax County, North Carolina","37","NC",1622556.2142493,1626466.61839322,1
"37085","Harnett County, North Carolina","37","NC",1539920.69647718,1506677.41995389,3
"37087","Haywood County, North Carolina","37","NC",1167412.91809111,1467690.51316783,3
"37089","Henderson County, North Carolina","37","NC",1213260.95808073,1448921.86950028,3
"37091","Hertford County, North Carolina","37","NC",1682591.75542209,1649429.17169725,1
"37093","Hoke County, North Carolina","37","NC",1507773.04918823,1461984.30093578,3
"37095","Hyde County, North Carolina","37","NC",1764233.62188322,1569294.92927725,1
"37097","Iredell County, North Carolina","37","NC",1347051.01365334,1524291.14492281,3
"37099","Jackson County, North Carolina","37","NC",1158072.32415842,1435958.95398768,3
"37101","Johnston County, North Carolina","37","NC",1575477.34041439,1533795.66062978,3
"37103","Jones County, North Carolina","37","NC",1674284.74053274,1490750.25490082,3
"37105","Lee County, North Carolina","37","NC",1504011.02003617,1512538.7625683,3
"37107","Lenoir County, North Carolina","37","NC",1643559.71148937,1512031.41248084,3
"37109","Lincoln County, North Carolina","37","NC",1323164.18083009,1484232.04168795,3
"37111","McDowell County, North Carolina","37","NC",1248476.57964784,1500114.02329249,3
"37113","Macon County, North Carolina","37","NC",1130048.01165436,1420026.51408706,3
"37115","Madison County, North Carolina","37","NC",1190127.72604806,1506922.10365478,3
"37117","Martin County, North Carolina","37","NC",1678500.31086211,1590639.47148599,1
"37119","Mecklenburg County, North Carolina","37","NC",1365938.20354269,1464535.00632975,3
"37121","Mitchell County, North Carolina","37","NC",1235846.82682452,1526886.29956521,3
"37123","Montgomery County, North Carolina","37","NC",1445342.66742367,1485714.40890713,3
"37125","Moore County, North Carolina","37","NC",1483577.91434594,1489282.49072839,3
"37127","Nash County, North Carolina","37","NC",1600976.07063335,1583935.20713776,1
"37129","New Hanover County, North Carolina","37","NC",1646502.32727983,1389908.61763161,3
"37131","Northampton County, North Carolina","37","NC",1646651.77157785,1641522.47245616,1
"37133","Onslow County, North Carolina","37","NC",1679524.15273783,1456208.2255948,3
"37135","Orange County, North Carolina","37","NC",1498692.47388965,1578841.47692162,1
"37137","Pamlico County, North Carolina","37","NC",1726579.75786755,1520192.74790478,3
"37139","Pasquotank County, North Carolina","37","NC",1739192.93516595,1654508.9898512,1
"37141","Pender County, North Carolina","37","NC",1637689.48793763,1435906.2385888,3
"37143","Perquimans County, North Carolina","37","NC",1730703.48872975,1643193.61078828,1
"37145","Person County, North Carolina","37","NC",1505006.60218803,1620010.17157458,1
"37147","Pitt County, North Carolina","37","NC",1659581.79125645,1554368.81746115,1
"37149","Polk County, North Carolina","37","NC",1244156.31798266,1448974.3641083,3
"37151","Randolph County, North Carolina","37","NC",1445763.58618752,1528285.83137331,3
"37153","Richmond County, North Carolina","37","NC",1465218.24661728,1451560.66392308,3
"37155","Robeson County, North Carolina","37","NC",1526440.29417235,1422155.3744633,3
"37157","Rockingham County, North Carolina","37","NC",1434885.91475703,1604776.23520857,1
"37159","Rowan County, North Carolina","37","NC",1383324.9309035,1513638.29543846,3
"37161","Rutherford County, North Carolina","37","NC",1256849.93603657,1466379.40069899,3
"37163","Sampson County, North Carolina","37","NC",1586358.56934126,1467209.00451115,3
"37165","Scotland County, North Carolina","37","NC",1490374.20069938,1439140.88352533,3
"37167","Stanly County, North Carolina","37","NC",1413800.21827885,1480410.91001154,3
"37169","Stokes County, North Carolina","37","NC",1393880.26425946,1601652.46738108,1
"37171","Surry County, North Carolina","37","NC",1353734.92680881,1592253.64224465,3
"37173","Swain County, North Carolina","37","NC",1113698.08021928,1455614.35595097,3
"37175","Transylvania County, North Carolina","37","NC",1190545.15352911,1432774.58496728,3
"37177","Tyrrell County, North Carolina","37","NC",1759622.53648199,1599547.32912113,1
"37179","Union County, North Carolina","37","NC",1394030.47051712,1442348.57103542,3
"37181","Vance County, North Carolina","37","NC",1556598.6013302,1622151.63232387,1
"37183","Wake County, North Carolina","37","NC",1546009.13370493,1556661.55657237,3
"37185","Warren County, North Carolina","37","NC",1580732.57603005,1631659.19690229,1
"37187","Washington County, North Carolina","37","NC",1727368.21024792,1597819.01317459,1
"37189","Watauga County, North Carolina","37","NC",1270295.68423984,1562012.97230936,3
"37191","Wayne County, North Carolina","37","NC",1612813.7568668,1523585.39629062,3
"37193","Wilkes County, North Carolina","37","NC",1315348.05978102,1564998.38739308,3
"37195","Wilson County, North Carolina","37","NC",1613335.00732993,1561220.42263446,1
"37197","Yadkin County, North Carolina","37","NC",1361499.50285843,1568926.48498629,3
"37199","Yancey County, North Carolina","37","NC",1219420.64190096,1515528.64055081,3
"38001","Adams County, North Dakota","38","ND",-502787.074070381,2585858.4901248,4
"38003","Barnes County, North Dakota","38","ND",-157581.463857,2662325.02605493,4
"38005","Benson County, North Dakota","38","ND",-261783.947377656,2795873.60161195,4
"38007","Billings County, North Dakota","38","ND",-558963.748098895,2687630.43302305,4
"38009","Bottineau County, North Dakota","38","ND",-359745.972601737,2871524.30069981,4
"38011","Bowman County, North Dakota","38","ND",-582014.147877977,2590132.36101122,4
"38013","Burke County, North Dakota","38","ND",-486406.786316625,2878773.70091351,4
"38015","Burleigh County, North Dakota","38","ND",-345424.795170203,2673475.17220817,4
"38017","Cass County, North Dakota","38","ND",-94543.1721794608,2661419.90313585,4
"38019","Cavalier County, North Dakota","38","ND",-183997.429762536,2865293.99781248,4
"38021","Dickey County, North Dakota","38","ND",-193794.366222082,2580260.37427886,4
"38023","Divide County, North Dakota","38","ND",-556311.283275165,2889049.70761453,2
"38025","Dunn County, North Dakota","38","ND",-504391.297992369,2735369.62289971,4
"38027","Eddy County, North Dakota","38","ND",-219845.324528016,2755071.48005516,4
"38029","Emmons County, North Dakota","38","ND",-327896.986119551,2595558.49285468,4
"38031","Foster County, North Dakota","38","ND",-218706.642235796,2721611.58743154,4
"38033","Golden Valley County, North Dakota","38","ND",-598372.550183653,2680721.7185866,4
"38035","Grand Forks County, North Dakota","38","ND",-109887.776049602,2771747.15426514,4
"38037","Grant County, North Dakota","38","ND",-436688.5335002,2623786.70094098,4
"38039","Griggs County, North Dakota","38","ND",-170134.003601437,2720701.86491576,4
"38041","Hettinger County, North Dakota","38","ND",-499427.757407324,2624597.66884307,4
"38043","Kidder County, North Dakota","38","ND",-288692.401483106,2671343.49692928,4
"38045","LaMoure County, North Dakota","38","ND",-195322.273576426,2610234.3090528,4
"38047","Logan County, North Dakota","38","ND",-267780.865166277,2612492.45434204,4
"38049","McHenry County, North Dakota","38","ND",-346691.978457807,2812318.64251426,4
"38051","McIntosh County, North Dakota","38","ND",-266486.991750367,2574223.46102302,4
"38053","McKenzie County, North Dakota","38","ND",-554116.112074681,2772106.63715258,4
"38055","McLean County, North Dakota","38","ND",-380963.934530846,2735628.17977891,4
"38057","Mercer County, North Dakota","38","ND",-436963.362168352,2713249.30419335,4
"38059","Morton County, North Dakota","38","ND",-397089.4147081,2639539.12660953,4
"38061","Mountrail County, North Dakota","38","ND",-477671.849681691,2819292.42156107,4
"38063","Nelson County, North Dakota","38","ND",-165895.173326344,2776592.10881155,4
"38065","Oliver County, North Dakota","38","ND",-408488.567301014,2693944.7994229,4
"38067","Pembina County, North Dakota","38","ND",-115417.252470697,2864141.53719609,4
"38069","Pierce County, North Dakota","38","ND",-302906.114654291,2812161.77164871,4
"38071","Ramsey County, North Dakota","38","ND",-205727.502605987,2811459.02727972,4
"38073","Ransom County, North Dakota","38","ND",-127515.094624854,2616909.39438942,4
"38075","Renville County, North Dakota","38","ND",-421619.307032502,2870049.50968379,4
"38077","Richland County, North Dakota","38","ND",-71700.5709401518,2588582.95823852,4
"38079","Rolette County, North Dakota","38","ND",-286544.391749215,2867924.75324153,4
"38081","Sargent County, North Dakota","38","ND",-126615.91376706,2563908.4030554,4
"38083","Sheridan County, North Dakota","38","ND",-329498.329342867,2740268.84921194,4
"38085","Sioux County, North Dakota","38","ND",-378702.644897674,2586242.5043542,4
"38087","Slope County, North Dakota","38","ND",-575958.5527396,2632651.66641859,4
"38089","Stark County, North Dakota","38","ND",-510155.642351498,2665977.83589971,4
"38091","Steele County, North Dakota","38","ND",-131312.776950542,2715309.68160312,4
"38093","Stutsman County, North Dakota","38","ND",-225954.063232719,2669076.79980313,4
"38095","Towner County, North Dakota","38","ND",-240761.767031091,2851832.26208793,4
"38097","Traill County, North Dakota","38","ND",-88518.6832102368,2718632.86867611,4
"38099","Walsh County, North Dakota","38","ND",-128414.581374683,2820256.32389032,4
"38101","Ward County, North Dakota","38","ND",-409433.976251455,2821282.3052914,4
"38103","Wells County, North Dakota","38","ND",-276137.417536624,2741609.76182875,4
"38105","Williams County, North Dakota","38","ND",-556338.188489332,2834772.58538429,2
"39001","Adams County, Ohio","39","OH",1073705.2475556,1827684.62099596,1
"39003","Allen County, Ohio","39","OH",990870.917321116,2037762.94195657,1
"39005","Ashland County, Ohio","39","OH",1144359.18435032,2061466.02879585,1
"39007","Ashtabula County, Ohio","39","OH",1252946.73687427,2182427.17780759,1
"39009","Athens County, Ohio","39","OH",1184739.5304806,1905118.6815583,1
"39011","Auglaize County, Ohio","39","OH",986744.719388237,2006258.43039845,1
"39013","Belmont County, Ohio","39","OH",1265136.13819344,1988537.6369077,1
"39015","Brown County, Ohio","39","OH",1040196.91970847,1831906.13498577,1
"39017","Butler County, Ohio","39","OH",971710.031319057,1882913.3148029,1
"39019","Carroll County, Ohio","39","OH",1245054.20506036,2049872.43889409,1
"39021","Champaign County, Ohio","39","OH",1030771.39171943,1965183.87876247,1
"39023","Clark County, Ohio","39","OH",1030929.67373607,1942964.4742433,1
"39025","Clermont County, Ohio","39","OH",1012089.39345971,1840860.26750811,1
"39027","Clinton County, Ohio","39","OH",1037416.40922853,1883123.98992663,1
"39029","Columbiana County, Ohio","39","OH",1266993.78571114,2073641.97148977,1
"39031","Coshocton County, Ohio","39","OH",1183373.41124266,2008435.01484403,1
"39033","Crawford County, Ohio","39","OH",1090422.35869805,2057254.54216126,1
"39035","Cuyahoga County, Ohio","39","OH",1182754.80625646,2138967.15638146,1
"39037","Darke County, Ohio","39","OH",958947.281102925,1959886.51480381,1
"39039","Defiance County, Ohio","39","OH",951750.336354895,2091657.51527423,1
"39041","Delaware County, Ohio","39","OH",1092436.26130783,1992165.13967127,1
"39043","Erie County, Ohio","39","OH",1108971.24981078,2118996.4089156,1
"39045","Fairfield County, Ohio","39","OH",1134567.10556935,1936528.13302428,1
"39047","Fayette County, Ohio","39","OH",1064114.32163532,1907376.68871076,1
"39049","Franklin County, Ohio","39","OH",1095475.00194003,1958721.07557597,1
"39051","Fulton County, Ohio","39","OH",978524.819935872,2128526.5932711,1
"39053","Gallia County, Ohio","39","OH",1166096.95617575,1837357.16782671,1
"39055","Geauga County, Ohio","39","OH",1220928.44828723,2154260.36882636,1
"39057","Greene County, Ohio","39","OH",1027048.00689168,1919511.61587634,1
"39059","Guernsey County, Ohio","39","OH",1223995.73549815,1981615.55946644,1
"39061","Hamilton County, Ohio","39","OH",976673.506919076,1854596.27540642,1
"39063","Hancock County, Ohio","39","OH",1026183.06569823,2064633.14461325,1
"39065","Hardin County, Ohio","39","OH",1032188.97415363,2031134.7491741,1
"39067","Harrison County, Ohio","39","OH",1252650.27772813,2017993.30411456,1
"39069","Henry County, Ohio","39","OH",989467.704181839,2098119.99122736,1
"39071","Highland County, Ohio","39","OH",1057064.18677783,1863813.31133749,1
"39073","Hocking County, Ohio","39","OH",1150610.93574776,1914075.84679696,1
"39075","Holmes County, Ohio","39","OH",1175866.01549547,2037425.47077599,1
"39077","Huron County, Ohio","39","OH",1112917.8178353,2095474.63168021,1
"39079","Jackson County, Ohio","39","OH",1144249.8160188,1854828.50097583,1
"39081","Jefferson County, Ohio","39","OH",1279081.59927043,2031102.0803188,1
"39083","Knox County, Ohio","39","OH",1139166.29097602,2015185.32204875,1
"39085","Lake County, Ohio","39","OH",1215136.15541876,2172934.18727945,1
"39087","Lawrence County, Ohio","39","OH",1154957.95100892,1815117.7451504,1
"39089","Licking County, Ohio","39","OH",1139224.18954327,1976210.01755257,1
"39091","Logan County, Ohio","39","OH",1026390.92634526,1998693.35313057,1
"39093","Lorain County, Ohio","39","OH",1146280.78298217,2114844.06361548,1
"39095","Lucas County, Ohio","39","OH",1010586.2282882,2128811.97964766,1
"39097","Madison County, Ohio","39","OH",1064844.77467289,1947611.29495162,1
"39099","Mahoning County, Ohio","39","OH",1266210.9512982,2100701.73701627,1
"39101","Marion County, Ohio","39","OH",1071861.31250802,2026087.47834331,1
"39103","Medina County, Ohio","39","OH",1171757.57684563,2100340.31450412,1
"39105","Meigs County, Ohio","39","OH",1192282.28148866,1868708.14724743,1
"39107","Mercer County, Ohio","39","OH",952664.361424234,2005228.23539158,1
"39109","Miami County, Ohio","39","OH",992742.991314173,1951549.31918071,1
"39111","Monroe County, Ohio","39","OH",1261406.08568344,1954356.43080034,1
"39113","Montgomery County, Ohio","39","OH",991594.414067156,1920762.96881582,1
"39115","Morgan County, Ohio","39","OH",1198122.48536707,1932115.46457621,1
"39117","Morrow County, Ohio","39","OH",1105631.1892968,2022443.60147841,1
"39119","Muskingum County, Ohio","39","OH",1183935.37213944,1972909.87189713,1
"39121","Noble County, Ohio","39","OH",1225318.44434312,1957152.14117607,1
"39123","Ottawa County, Ohio","39","OH",1068190.01400828,2130095.88020607,1
"39125","Paulding County, Ohio","39","OH",949763.52362419,2068526.55855208,1
"39127","Perry County, Ohio","39","OH",1166783.08112452,1941971.82851478,1
"39129","Pickaway County, Ohio","39","OH",1098160.76713285,1923258.24397557,1
"39131","Pike County, Ohio","39","OH",1103459.60364474,1861862.54320978,1
"39133","Portage County, Ohio","39","OH",1227281.90461811,2113656.09245188,1
"39135","Preble County, Ohio","39","OH",961902.761728598,1914893.24654585,1
"39137","Putnam County, Ohio","39","OH",988811.764563725,2066097.66243337,1
"39139","Richland County, Ohio","39","OH",1121829.56508885,2054148.19341627,1
"39141","Ross County, Ohio","39","OH",1101308.88400387,1887466.47753837,1
"39143","Sandusky County, Ohio","39","OH",1065283.29451997,2111180.41275294,1
"39145","Scioto County, Ohio","39","OH",1118096.51944077,1828727.97198797,1
"39147","Seneca County, Ohio","39","OH",1068958.96727251,2085722.15598258,1
"39149","Shelby County, Ohio","39","OH",989593.388949655,1987362.0723677,1
"39151","Stark County, Ohio","39","OH",1219282.05941445,2072907.04029935,1
"39153","Summit County, Ohio","39","OH",1199827.08201185,2104672.62179109,1
"39155","Trumbull County, Ohio","39","OH",1260615.92033229,2135032.95323968,1
"39157","Tuscarawas County, Ohio","39","OH",1217304.90508185,2029448.13363989,1
"39159","Union County, Ohio","39","OH",1058993.59096632,1991563.0509012,1
"39161","Van Wert County, Ohio","39","OH",953346.487220613,2039773.7259326,1
"39163","Vinton County, Ohio","39","OH",1148194.00877873,1879842.69946686,1
"39165","Warren County, Ohio","39","OH",1006884.28534512,1885995.35094359,1
"39167","Washington County, Ohio","39","OH",1229107.76293027,1916187.23536621,1
"39169","Wayne County, Ohio","39","OH",1176124.46675799,2067733.75624168,1
"39171","Williams County, Ohio","39","OH",941947.202583909,2119098.9432513,1
"39173","Wood County, Ohio","39","OH",1022541.48575632,2109538.18258888,1
"39175","Wyandot County, Ohio","39","OH",1057961.81717468,2050859.0314273,1
"40001","Adair County, Oklahoma","40","OK",120107.779553344,1428553.03098046,5
"40003","Alfalfa County, Oklahoma","40","OK",-205630.4697283,1526481.31248014,5
"40005","Atoka County, Oklahoma","40","OK",3437.68824660586,1261785.14301977,5
"40007","Beaver County, Oklahoma","40","OK",-396126.503330262,1530387.02165876,5
"40009","Beckham County, Oklahoma","40","OK",-332114.932073454,1359905.32642845,5
"40011","Blaine County, Oklahoma","40","OK",-216541.580820716,1425335.27043455,5
"40013","Bryan County, Oklahoma","40","OK",-22693.2498994287,1206344.0658252,5
"40015","Caddo County, Oklahoma","40","OK",-212583.754935286,1352286.49851196,5
"40017","Canadian County, Oklahoma","40","OK",-178786.518212552,1387849.99655089,5
"40019","Carter County, Oklahoma","40","OK",-114028.651904566,1246041.96993843,5
"40021","Cherokee County, Oklahoma","40","OK",86043.6623257249,1426784.44560343,5
"40023","Choctaw County, Oklahoma","40","OK",41481.7458629623,1219986.92817108,5
"40025","Cimarron County, Oklahoma","40","OK",-575766.601662944,1546460.75599811,5
"40027","Cleveland County, Oklahoma","40","OK",-116666.005123797,1345000.06300641,5
"40029","Coal County, Oklahoma","40","OK",-27488.2864736459,1281468.40451158,5
"40031","Comanche County, Oklahoma","40","OK",-225880.628128731,1289237.33807384,5
"40033","Cotton County, Oklahoma","40","OK",-217074.078563575,1242874.58463686,5
"40035","Craig County, Oklahoma","40","OK",69390.085615423,1523268.15307761,5
"40037","Creek County, Oklahoma","40","OK",-29118.9506502143,1428476.76572318,5
"40039","Custer County, Oklahoma","40","OK",-269487.108741579,1407483.4023453,5
"40041","Delaware County, Oklahoma","40","OK",106194.734147136,1485973.10786162,5
"40043","Dewey County, Oklahoma","40","OK",-268748.441485247,1443230.91148553,5
"40045","Ellis County, Oklahoma","40","OK",-338560.860161426,1470685.53115883,5
"40047","Garfield County, Oklahoma","40","OK",-158527.0174706,1479704.76886018,5
"40049","Garvin County, Oklahoma","40","OK",-113485.379405989,1292105.97815623,5
"40051","Grady County, Oklahoma","40","OK",-170256.156294622,1331770.82014826,5
"40053","Grant County, Oklahoma","40","OK",-157944.74641355,1526493.93093305,5
"40055","Greer County, Oklahoma","40","OK",-319101.068199385,1324699.22547435,5
"40057","Harmon County, Oklahoma","40","OK",-350180.614374385,1312454.67515212,5
"40059","Harper County, Oklahoma","40","OK",-322916.818076392,1524059.85959549,5
"40061","Haskell County, Oklahoma","40","OK",78265.5485508061,1354427.01323832,5
"40063","Hughes County, Oklahoma","40","OK",-26229.9846695418,1325950.78305907,5
"40065","Jackson County, Oklahoma","40","OK",-307159.316430739,1287162.29557086,5
"40067","Jefferson County, Oklahoma","40","OK",-168580.03101919,1224919.15440969,5
"40069","Johnston County, Oklahoma","40","OK",-61249.3109938322,1245973.64089127,5
"40071","Kay County, Oklahoma","40","OK",-97887.2020788257,1528583.84080106,5
"40073","Kingfisher County, Oklahoma","40","OK",-173558.921010224,1435351.01414725,5
"40075","Kiowa County, Oklahoma","40","OK",-262800.668272686,1315304.80589436,5
"40077","Latimer County, Oklahoma","40","OK",67726.0743099115,1315917.13480881,5
"40079","Le Flore County, Oklahoma","40","OK",118873.711515908,1323188.67186571,5
"40081","Lincoln County, Oklahoma","40","OK",-79013.687916371,1404424.51791186,5
"40083","Logan County, Oklahoma","40","OK",-128924.993753002,1434000.89944021,5
"40085","Love County, Oklahoma","40","OK",-123943.693242803,1204248.72608209,5
"40087","McClain County, Oklahoma","40","OK",-138958.518733558,1339865.33777518,5
"40089","McCurtain County, Oklahoma","40","OK",108542.949356826,1225703.03968235,5
"40091","McIntosh County, Oklahoma","40","OK",30355.6273971945,1365593.2925441,5
"40093","Major County, Oklahoma","40","OK",-225217.401884406,1479704.76886018,5
"40095","Marshall County, Oklahoma","40","OK",-71017.9741436559,1214206.52519506,5
"40097","Mayes County, Oklahoma","40","OK",69358.0671166876,1472651.87345491,5
"40099","Murray County, Oklahoma","40","OK",-101795.777170282,1264892.37801232,5
"40101","Muskogee County, Oklahoma","40","OK",52080.2111878686,1393923.78876028,5
"40103","Noble County, Oklahoma","40","OK",-110837.800951767,1480013.55838825,5
"40105","Nowata County, Oklahoma","40","OK",33519.7608810336,1529026.82618179,5
"40107","Okfuskee County, Oklahoma","40","OK",-23794.525406083,1379031.76180778,5
"40109","Oklahoma County, Oklahoma","40","OK",-126372.030449565,1389030.33491068,5
"40111","Okmulgee County, Oklahoma","40","OK",4238.5831867513,1393468.2298557,5
"40113","Osage County, Oklahoma","40","OK",-39595.3463881264,1503976.03734398,5
"40115","Ottawa County, Oklahoma","40","OK",105281.498787987,1530012.73322602,5
"40117","Pawnee County, Oklahoma","40","OK",-69332.8960838914,1479777.80078958,5
"40119","Payne County, Oklahoma","40","OK",-88147.4899505613,1450459.83451849,5
"40121","Pittsburg County, Oklahoma","40","OK",18285.7945151865,1315947.58002781,5
"40123","Pontotoc County, Oklahoma","40","OK",-60823.8864181212,1295046.34294623,5
"40125","Pottawatomie County, Oklahoma","40","OK",-86617.4889786697,1349010.74595241,5
"40127","Pushmataha County, Oklahoma","40","OK",53551.6958962108,1260158.77245765,5
"40129","Roger Mills County, Oklahoma","40","OK",-330665.56815571,1413363.34548062,5
"40131","Rogers County, Oklahoma","40","OK",33443.5090212719,1478843.74268009,5
"40133","Seminole County, Oklahoma","40","OK",-54998.8793003439,1343249.42916759,5
"40135","Sequoyah County, Oklahoma","40","OK",111021.879347571,1379797.55097732,5
"40137","Stephens County, Oklahoma","40","OK",-168681.960063137,1268489.14074503,5
"40139","Texas County, Oklahoma","40","OK",-485733.760109951,1535230.64288284,5
"40141","Tillman County, Oklahoma","40","OK",-267918.648301261,1261521.56162777,5
"40143","Tulsa County, Oklahoma","40","OK",-2654.63592021185,1454427.1049782,5
"40145","Wagoner County, Oklahoma","40","OK",43113.1109791681,1433002.75456218,5
"40147","Washington County, Oklahoma","40","OK",8397.37957810481,1516563.04004963,5
"40149","Washita County, Oklahoma","40","OK",-269918.404697754,1363687.34856842,5
"40151","Woods County, Oklahoma","40","OK",-247192.910335127,1521091.00298151,5
"40153","Woodward County, Oklahoma","40","OK",-291717.327979243,1487650.81084678,5
"41001","Baker County, Oregon","41","OR",-1696504.03684133,2603922.59539066,2
"41003","Benton County, Oregon","41","OR",-2145238.74875673,2702006.2844075,2
"41005","Clackamas County, Oregon","41","OR",-2031924.42613138,2747346.40131468,2
"41007","Clatsop County, Oregon","41","OR",-2116737.39177343,2868291.41451073,2
"41009","Columbia County, Oregon","41","OR",-2075860.06606734,2848827.2556759,2
"41011","Coos County, Oregon","41","OR",-2237946.71810471,2573819.48306852,2
"41013","Crook County, Oregon","41","OR",-1918601.67104321,2596873.56780519,2
"41015","Curry County, Oregon","41","OR",-2266274.62649997,2502173.24127138,2
"41017","Deschutes County, Oregon","41","OR",-2015014.70260311,2593670.43946161,2
"41019","Douglas County, Oregon","41","OR",-2168135.26642667,2577145.77542318,2
"41021","Gilliam County, Oregon","41","OR",-1879515.74868576,2731107.14823485,2
"41023","Grant County, Oregon","41","OR",-1806525.92957104,2610671.98436981,2
"41025","Harney County, Oregon","41","OR",-1854168.5043851,2447671.06397036,2
"41027","Hood River County, Oregon","41","OR",-1980589.11114475,2768312.69908448,2
"41029","Jackson County, Oregon","41","OR",-2158109.16081713,2467787.64268061,2
"41031","Jefferson County, Oregon","41","OR",-1964118.53838414,2668562.52513214,2
"41033","Josephine County, Oregon","41","OR",-2221870.31581729,2478331.45163319,2
"41035","Klamath County, Oregon","41","OR",-2073132.32289485,2486468.95228857,2
"41037","Lake County, Oregon","41","OR",-1965335.36890355,2447671.06397036,2
"41039","Lane County, Oregon","41","OR",-2096513.57672191,2626570.35827351,2
"41041","Lincoln County, Oregon","41","OR",-2171962.97500221,2729997.58802528,2
"41043","Linn County, Oregon","41","OR",-2076722.318303,2680989.86921717,2
"41045","Malheur County, Oregon","41","OR",-1732855.05223812,2446863.60591537,2
"41047","Marion County, Oregon","41","OR",-2089349.98778605,2730391.38215569,2
"41049","Morrow County, Oregon","41","OR",-1826664.88702467,2717536.26521591,2
"41051","Multnomah County, Oregon","41","OR",-2051237.74578469,2795527.05463353,2
"41053","Polk County, Oregon","41","OR",-2129243.83715894,2744663.37344709,2
"41055","Sherman County, Oregon","41","OR",-1913359.76691627,2738831.47376299,2
"41057","Tillamook County, Oregon","41","OR",-2136240.65692251,2809599.99157801,2
"41059","Umatilla County, Oregon","41","OR",-1750761.62008558,2716930.49682681,2
"41061","Union County, Oregon","41","OR",-1722050.10966441,2688825.0872075,2
"41063","Wallowa County, Oregon","41","OR",-1633734.92230487,2692651.54049056,2
"41065","Wasco County, Oregon","41","OR",-1966892.61601323,2729304.92293286,2
"41067","Washington County, Oregon","41","OR",-2093186.34964262,2806765.88855841,2
"41069","Wheeler County, Oregon","41","OR",-1878944.64683862,2653974.84829496,2
"41071","Yamhill County, Oregon","41","OR",-2116322.60060179,2778311.81718735,2
"42001","Adams County, Pennsylvania","42","PA",1580867.10642625,2029726.41197677,1
"42003","Allegheny County, Pennsylvania","42","PA",1336976.85972057,2051128.64540661,1
"42005","Armstrong County, Pennsylvania","42","PA",1376948.02476211,2100765.87783129,1
"42007","Beaver County, Pennsylvania","42","PA",1307268.78725971,2071139.84819667,1
"42009","Bedford County, Pennsylvania","42","PA",1472617.102925,2020351.1428366,1
"42011","Berks County, Pennsylvania","42","PA",1668767.171816,2110560.59208614,1
"42013","Blair County, Pennsylvania","42","PA",1476168.55045292,2079719.68886006,1
"42015","Bradford County, Pennsylvania","42","PA",1597556.92826177,2248597.8224238,1
"42017","Bucks County, Pennsylvania","42","PA",1742037.70429313,2117022.50474998,1
"42019","Butler County, Pennsylvania","42","PA",1336353.66605566,2102928.91151971,1
"42021","Cambria County, Pennsylvania","42","PA",1443919.75204147,2074913.80107495,1
"42023","Cameron County, Pennsylvania","42","PA",1467575.64986901,2183599.93131974,1
"42025","Carbon County, Pennsylvania","42","PA",1682265.39373315,2171374.41776659,1
"42027","Centre County, Pennsylvania","42","PA",1518823.75146341,2138387.80584336,1
"42029","Chester County, Pennsylvania","42","PA",1701454.59353397,2064729.97408218,1
"42031","Clarion County, Pennsylvania","42","PA",1371803.25449095,2141201.94460551,1
"42033","Clearfield County, Pennsylvania","42","PA",1453407.77262871,2130382.2585615,1
"42035","Clinton County, Pennsylvania","42","PA",1515698.27131936,2171837.6927787,1
"42037","Columbia County, Pennsylvania","42","PA",1620572.66719491,2173179.71763476,1
"42039","Crawford County, Pennsylvania","42","PA",1308699.23672899,2183913.54436505,1
"42041","Cumberland County, Pennsylvania","42","PA",1566962.73113081,2059947.16738021,1
"42043","Dauphin County, Pennsylvania","42","PA",1603068.1236992,2096237.50250528,1
"42045","Delaware County, Pennsylvania","42","PA",1733098.13742781,2068125.74964591,1
"42047","Elk County, Pennsylvania","42","PA",1434846.02634558,2177252.38034598,1
"42049","Erie County, Pennsylvania","42","PA",1309138.95335345,2226273.10972717,1
"42051","Fayette County, Pennsylvania","42","PA",1373646.12425488,1997264.21535071,1
"42053","Forest County, Pennsylvania","42","PA",1381161.96118284,2181275.55797959,1
"42055","Franklin County, Pennsylvania","42","PA",1540670.74799307,2034911.68442204,1
"42057","Fulton County, Pennsylvania","42","PA",1506856.59685328,2019327.97598738,1
"42059","Greene County, Pennsylvania","42","PA",1331896.56068966,1982242.70273088,1
"42061","Huntingdon County, Pennsylvania","42","PA",1503428.30202611,2079191.88246993,1
"42063","Indiana County, Pennsylvania","42","PA",1410871.27954534,2084218.0982569,1
"42065","Jefferson County, Pennsylvania","42","PA",1407952.55728026,2138883.36464924,1
"42067","Juniata County, Pennsylvania","42","PA",1544853.28487706,2092291.15408376,1
"42069","Lackawanna County, Pennsylvania","42","PA",1676644.32599568,2228152.61503477,1
"42071","Lancaster County, Pennsylvania","42","PA",1651826.35406031,2061939.39621897,1
"42073","Lawrence County, Pennsylvania","42","PA",1300997.99092368,2104574.83533017,1
"42075","Lebanon County, Pennsylvania","42","PA",1638189.83618256,2094582.22049509,1
"42077","Lehigh County, Pennsylvania","42","PA",1696523.90655127,2138303.06827315,1
"42079","Luzerne County, Pennsylvania","42","PA",1651613.48606683,2192366.53665865,1
"42081","Lycoming County, Pennsylvania","42","PA",1565720.95481401,2193795.59723238,1
"42083","McKean County, Pennsylvania","42","PA",1430516.26896353,2221383.40404745,1
"42085","Mercer County, Pennsylvania","42","PA",1301807.67671407,2141325.02981826,1
"42087","Mifflin County, Pennsylvania","42","PA",1531738.17601219,2103744.30145511,1
"42089","Monroe County, Pennsylvania","42","PA",1708361.45102385,2189681.69420697,1
"42091","Montgomery County, Pennsylvania","42","PA",1727576.99056943,2098807.62667283,1
"42093","Montour County, Pennsylvania","42","PA",1601913.91820908,2166234.41747132,1
"42095","Northampton County, Pennsylvania","42","PA",1713403.21244973,2160756.21318451,1
"42097","Northumberland County, Pennsylvania","42","PA",1606087.32112183,2147608.48440163,1
"42099","Perry County, Pennsylvania","42","PA",1568206.3419404,2086884.80345918,1
"42101","Philadelphia County, Pennsylvania","42","PA",1751075.8755202,2080740.85434234,1
"42103","Pike County, Pennsylvania","42","PA",1726807.21273059,2228143.11982487,1
"42105","Potter County, Pennsylvania","42","PA",1485351.60532184,2223105.34870692,1
"42107","Schuylkill County, Pennsylvania","42","PA",1648594.10508464,2139112.4420779,1
"42109","Snyder County, Pennsylvania","42","PA",1573323.09584901,2132547.61441481,1
"42111","Somerset County, Pennsylvania","42","PA",1428273.0853435,2011096.04025745,1
"42113","Sullivan County, Pennsylvania","42","PA",1602699.02148293,2218618.19413324,1
"42115","Susquehanna County, Pennsylvania","42","PA",1652222.71100638,2271479.80041271,1
"42117","Tioga County, Pennsylvania","42","PA",1537000.78155892,2240351.20945822,1
"42119","Union County, Pennsylvania","42","PA",1572682.0224666,2152160.28295779,1
"42121","Venango County, Pennsylvania","42","PA",1342960.74308287,2157201.50609464,1
"42123","Warren County, Pennsylvania","42","PA",1371667.52907658,2212884.16955797,1
"42125","Washington County, Pennsylvania","42","PA",1326462.28746702,2018664.21660954,1
"42127","Wayne County, Pennsylvania","42","PA",1700890.88899914,2251541.31469751,1
"42129","Westmoreland County, Pennsylvania","42","PA",1391122.19145172,2047769.29064792,1
"42131","Wyoming County, Pennsylvania","42","PA",1644274.76839083,2231085.59025353,1
"42133","York County, Pennsylvania","42","PA",1624795.94461443,2044599.53920927,1
"44001","Bristol County, Rhode Island","44","RI",2020267.26669377,2341778.14034289,1
"44003","Kent County, Rhode Island","44","RI",1993560.75817746,2332808.13286673,1
"44005","Newport County, Rhode Island","44","RI",2032899.63638776,2326747.33394038,1
"44007","Providence County, Rhode Island","44","RI",1991318.56557092,2353533.16452164,1
"44009","Washington County, Rhode Island","44","RI",1998995.97974203,2310393.83703057,1
"45001","Abbeville County, South Carolina","45","SC",1234418.45969445,1330696.41325989,3
"45003","Aiken County, South Carolina","45","SC",1317783.33577551,1263062.72803958,3
"45005","Allendale County, South Carolina","45","SC",1354071.76500364,1201166.79157775,3
"45007","Anderson County, South Carolina","45","SC",1212761.24594663,1355640.90207073,3
"45009","Bamberg County, South Carolina","45","SC",1381789.80872581,1236654.88536886,3
"45011","Barnwell County, South Carolina","45","SC",1343840.7011878,1236906.36222416,3
"45013","Beaufort County, South Carolina","45","SC",1430958.32242385,1147851.34069249,3
"45015","Berkeley County, South Carolina","45","SC",1476632.23820114,1246077.40189619,3
"45017","Calhoun County, South Carolina","45","SC",1394869.59689967,1289740.69751043,3
"45019","Charleston County, South Carolina","45","SC",1499606.52696402,1213873.10789833,3
"45021","Cherokee County, South Carolina","45","SC",1294026.6575501,1427675.05411837,3
"45023","Chester County, South Carolina","45","SC",1340840.83778721,1398093.68773638,3
"45025","Chesterfield County, South Carolina","45","SC",1438024.75311331,1401622.12669901,3
"45027","Clarendon County, South Carolina","45","SC",1447592.22124503,1301662.23968847,3
"45029","Colleton County, South Carolina","45","SC",1419713.82979218,1199110.07266745,3
"45031","Darlington County, South Carolina","45","SC",1458227.80557243,1373178.25570911,3
"45033","Dillon County, South Carolina","45","SC",1509777.20247462,1393421.6898141,3
"45035","Dorchester County, South Carolina","45","SC",1435836.84654273,1231897.68596158,3
"45037","Edgefield County, South Carolina","45","SC",1286656.74436638,1282599.77751025,3
"45039","Fairfield County, South Carolina","45","SC",1354337.95987246,1362879.11373702,3
"45041","Florence County, South Carolina","45","SC",1478902.57034117,1348734.43575313,3
"45043","Georgetown County, South Carolina","45","SC",1530745.92849305,1288326.11357182,3
"45045","Greenville County, South Carolina","45","SC",1233982.61382486,1399316.91799977,3
"45047","Greenwood County, South Carolina","45","SC",1269142.86833504,1328825.27213412,3
"45049","Hampton County, South Carolina","45","SC",1383892.62806589,1187910.00705775,3
"45051","Horry County, South Carolina","45","SC",1557690.43287743,1345548.99766167,3
"45053","Jasper County, South Carolina","45","SC",1395119.41347896,1147068.15835022,3
"45055","Kershaw County, South Carolina","45","SC",1402913.06771617,1367260.65774237,3
"45057","Lancaster County, South Carolina","45","SC",1385295.72648442,1409220.9296884,3
"45059","Laurens County, South Carolina","45","SC",1272232.52945634,1363130.68427948,3
"45061","Lee County, South Carolina","45","SC",1429624.21704323,1351823.1030385,3
"45063","Lexington County, South Carolina","45","SC",1346164.56526388,1311612.73666877,3
"45065","McCormick County, South Carolina","45","SC",1258921.82552038,1287231.65739493,3
"45067","Marion County, South Carolina","45","SC",1512828.82336489,1349933.5253168,3
"45069","Marlboro County, South Carolina","45","SC",1480762.79277286,1405944.17050351,3
"45071","Newberry County, South Carolina","45","SC",1311013.55733208,1348653.27473722,3
"45073","Oconee County, South Carolina","45","SC",1167513.78979747,1381650.14532874,3
"45075","Orangeburg County, South Carolina","45","SC",1397684.63372525,1262446.83964808,3
"45077","Pickens County, South Carolina","45","SC",1202977.22817417,1394134.30219685,3
"45079","Richland County, South Carolina","45","SC",1379427.94598313,1327997.88018109,3
"45081","Saluda County, South Carolina","45","SC",1302228.05425418,1312096.24004835,3
"45083","Spartanburg County, South Carolina","45","SC",1265336.21745047,1409332.03784593,3
"45085","Sumter County, South Carolina","45","SC",1426741.07637194,1320292.52113261,3
"45087","Union County, South Carolina","45","SC",1300914.68172726,1390353.97756736,3
"45089","Williamsburg County, South Carolina","45","SC",1490784.3780384,1297080.46821667,3
"45091","York County, South Carolina","45","SC",1337065.76455552,1427560.15539718,3
"46003","Aurora County, South Dakota","46","SD",-205474.436934639,2304834.84487727,4
"46005","Beadle County, South Dakota","46","SD",-181052.67252996,2377869.38710661,4
"46007","Bennett County, South Dakota","46","SD",-458252.334908148,2255622.54022177,4
"46009","Bon Homme County, South Dakota","46","SD",-151689.799751973,2218711.13447411,4
"46011","Brookings County, South Dakota","46","SD",-62831.0241755824,2375864.3422007,4
"46013","Brown County, South Dakota","46","SD",-183475.416696598,2513638.44373493,4
"46015","Brule County, South Dakota","46","SD",-248839.413993749,2307638.90105521,4
"46017","Buffalo County, South Dakota","46","SD",-257387.09293008,2346482.41760861,4
"46019","Butte County, South Dakota","46","SD",-590904.416335746,2464442.33423836,4
"46021","Campbell County, South Dakota","46","SD",-313239.219283323,2535655.53303367,4
"46023","Charles Mix County, South Dakota","46","SD",-199833.797965345,2244737.80345995,4
"46025","Clark County, South Dakota","46","SD",-136931.134941054,2429690.66870048,4
"46027","Clay County, South Dakota","46","SD",-79784.1415793517,2217753.181388,4
"46029","Codington County, South Dakota","46","SD",-93514.3790761984,2453113.38386217,4
"46031","Corson County, South Dakota","46","SD",-402258.521267775,2535655.53303367,4
"46033","Custer County, South Dakota","46","SD",-596188.890220249,2320106.60970043,4
"46035","Davison County, South Dakota","46","SD",-172298.41775552,2299837.96287195,4
"46037","Day County, South Dakota","46","SD",-125514.525949132,2491273.17589911,4
"46039","Deuel County, South Dakota","46","SD",-52796.1606911077,2419219.21825668,4
"46041","Dewey County, South Dakota","46","SD",-384909.809350881,2466619.31512296,4
"46043","Douglas County, South Dakota","46","SD",-186430.387340983,2261135.26097366,4
"46045","Edmunds County, South Dakota","46","SD",-251442.724894129,2500031.95705295,4
"46047","Fall River County, South Dakota","46","SD",-607898.199539546,2270349.13667835,4
"46049","Faulk County, South Dakota","46","SD",-247351.308735427,2457733.0665086,4
"46051","Grant County, South Dakota","46","SD",-56294.7123656565,2462873.99118294,4
"46053","Gregory County, South Dakota","46","SD",-262452.832847877,2254762.34230778,4
"46055","Haakon County, South Dakota","46","SD",-443522.807579844,2385735.20319582,4
"46057","Hamlin County, South Dakota","46","SD",-94031.7601078488,2410073.11912981,4
"46059","Hand County, South Dakota","46","SD",-238028.061353039,2399120.64006875,4
"46061","Hanson County, South Dakota","46","SD",-143450.8366533,2299937.73659295,4
"46063","Harding County, South Dakota","46","SD",-584419.0217102,2532875.74562995,4
"46065","Hughes County, South Dakota","46","SD",-309571.735765425,2376664.61094912,4
"46067","Hutchinson County, South Dakota","46","SD",-141656.559890491,2263837.473442,4
"46069","Hyde County, South Dakota","46","SD",-276448.067330088,2400460.06370503,4
"46071","Jackson County, South Dakota","46","SD",-456614.057775126,2303408.7723856,4
"46073","Jerauld County, South Dakota","46","SD",-209877.118723391,2344610.39951649,4
"46075","Jones County, South Dakota","46","SD",-377026.883976759,2336663.60863751,4
"46077","Kingsbury County, South Dakota","46","SD",-118511.597375831,2376456.26753976,4
"46079","Lake County, South Dakota","46","SD",-90310.4659399849,2328495.84909965,4
"46081","Lawrence County, South Dakota","46","SD",-620264.331578557,2400730.94721191,4
"46083","Lincoln County, South Dakota","46","SD",-60699.431728735,2255448.0183621,4
"46085","Lyman County, South Dakota","46","SD",-306387.273239834,2322832.27044606,4
"46087","McCook County, South Dakota","46","SD",-109740.611349448,2308238.55115162,4
"46089","McPherson County, South Dakota","46","SD",-250716.752088072,2535234.44569052,4
"46091","Marshall County, South Dakota","46","SD",-124767.879514441,2534978.54394336,4
"46093","Meade County, South Dakota","46","SD",-537389.866977152,2414663.70813537,4
"46095","Mellette County, South Dakota","46","SD",-380198.741855479,2295946.76007778,4
"46097","Miner County, South Dakota","46","SD",-128620.236515306,2337931.31686302,4
"46099","Minnehaha County, South Dakota","46","SD",-63546.3326484485,2298364.80078734,4
"46101","Moody County, South Dakota","46","SD",-53605.973405832,2336225.37219835,4
"46102","Oglala Lakota County, South Dakota","46","SD",-529162.466111857,2270084.70837071,4
"46103","Pennington County, South Dakota","46","SD",-561008.838317204,2360967.92397343,4
"46105","Perkins County, South Dakota","46","SD",-504754.283636278,2530000.55757023,4
"46107","Potter County, South Dakota","46","SD",-310323.030010139,2460868.66002262,4
"46109","Roberts County, South Dakota","46","SD",-81109.6937830704,2514639.67375879,4
"46111","Sanborn County, South Dakota","46","SD",-166918.397089028,2343590.81264233,4
"46115","Spink County, South Dakota","46","SD",-184928.996909229,2450855.18526118,4
"46117","Stanley County, South Dakota","46","SD",-386075.554558227,2396211.18574222,4
"46119","Sully County, South Dakota","46","SD",-327646.087677015,2420918.49759024,4
"46121","Todd County, South Dakota","46","SD",-381720.762640928,2251425.79932888,4
"46123","Tripp County, South Dakota","46","SD",-312789.560635741,2260361.47871373,4
"46125","Turner County, South Dakota","46","SD",-93856.239714824,2255927.4926415,4
"46127","Union County, South Dakota","46","SD",-58050.7243703004,2198410.8218715,4
"46129","Walworth County, South Dakota","46","SD",-313710.259091154,2501042.63147979,4
"46135","Yankton County, South Dakota","46","SD",-113429.267859997,2220702.05841961,4
"46137","Ziebach County, South Dakota","46","SD",-452494.837421107,2460006.17753146,4
"47001","Anderson County, Tennessee","47","TN",1045500.75944361,1516133.96760637,3
"47003","Bedford County, Tennessee","47","TN",857287.085039114,1426598.61189345,3
"47005","Benton County, Tennessee","47","TN",705659.409291873,1478901.42872662,3
"47007","Bledsoe County, Tennessee","47","TN",963277.416961805,1444945.9417676,3
"47009","Blount County, Tennessee","47","TN",1081357.75909069,1471431.5555475,3
"47011","Bradley County, Tennessee","47","TN",1004075.63266878,1404876.21622434,3
"47013","Campbell County, Tennessee","47","TN",1051166.4969674,1547354.97399004,3
"47015","Cannon County, Tennessee","47","TN",888821.720819517,1463249.14290622,3
"47017","Carroll County, Tennessee","47","TN",673712.757463237,1459650.51905751,3
"47019","Carter County, Tennessee","47","TN",1227684.47871476,1565046.0161579,3
"47021","Cheatham County, Tennessee","47","TN",793301.467626677,1503872.3341022,3
"47023","Chester County, Tennessee","47","TN",665595.524820791,1397998.87920954,3
"47025","Claiborne County, Tennessee","47","TN",1092032.99471082,1562995.40395405,3
"47027","Clay County, Tennessee","47","TN",922534.440254465,1549177.48075001,3
"47029","Cocke County, Tennessee","47","TN",1150127.62180129,1509294.10782837,3
"47031","Coffee County, Tennessee","47","TN",892129.91971852,1429248.72437014,3
"47033","Crockett County, Tennessee","47","TN",610939.72083093,1443193.73502517,3
"47035","Cumberland County, Tennessee","47","TN",982455.909088891,1494015.11272385,3
"47037","Davidson County, Tennessee","47","TN",820646.382285333,1499592.59740045,3
"47039","Decatur County, Tennessee","47","TN",707385.547084976,1425245.23045159,3
"47041","DeKalb County, Tennessee","47","TN",905592.375426431,1485515.91343826,3
"47043","Dickson County, Tennessee","47","TN",768962.450944384,1489804.83259585,3
"47045","Dyer County, Tennessee","47","TN",586721.914009376,1464598.09296688,3
"47047","Fayette County, Tennessee","47","TN",594108.829735934,1369088.52715012,3
"47049","Fentress County, Tennessee","47","TN",981186.947661107,1534865.6781904,3
"47051","Franklin County, Tennessee","47","TN",893542.040751195,1391352.01068797,3
"47053","Gibson County, Tennessee","47","TN",630776.144138556,1463452.2443188,3
"47055","Giles County, Tennessee","47","TN",808852.930331409,1391141.17199796,3
"47057","Grainger County, Tennessee","47","TN",1104918.35491721,1540060.26998964,3
"47059","Greene County, Tennessee","47","TN",1165353.52939421,1540621.95298227,3
"47061","Grundy County, Tennessee","47","TN",925929.412066261,1418443.86790481,3
"47063","Hamblen County, Tennessee","47","TN",1130222.9147328,1538369.86666802,3
"47065","Hamilton County, Tennessee","47","TN",975952.796343162,1405505.5006376,3
"47067","Hancock County, Tennessee","47","TN",1126753.47513125,1572132.95125595,3
"47069","Hardeman County, Tennessee","47","TN",632478.437458304,1374005.48171217,3
"47071","Hardin County, Tennessee","47","TN",705449.698722795,1378617.88244734,3
"47073","Hawkins County, Tennessee","47","TN",1156505.55332257,1566751.59597916,3
"47075","Haywood County, Tennessee","47","TN",603722.555697297,1417617.27918922,3
"47077","Henderson County, Tennessee","47","TN",681556.81354341,1423710.04754465,3
"47079","Henry County, Tennessee","47","TN",683445.835004542,1501885.41857963,3
"47081","Hickman County, Tennessee","47","TN",762754.340412735,1448333.76557209,3
"47083","Houston County, Tennessee","47","TN",734580.847695139,1502113.84576188,3
"47085","Humphreys County, Tennessee","47","TN",734320.867052645,1472601.05846506,3
"47087","Jackson County, Tennessee","47","TN",917042.430151412,1530582.62121634,3
"47089","Jefferson County, Tennessee","47","TN",1114662.34382758,1517681.01883803,3
"47091","Johnson County, Tennessee","47","TN",1252523.33515354,1581551.78890536,3
"47093","Knox County, Tennessee","47","TN",1078840.63948174,1505316.76927424,3
"47095","Lake County, Tennessee","47","TN",581025.958228254,1497200.38245472,3
"47097","Lauderdale County, Tennessee","47","TN",571152.722478237,1428823.98675603,3
"47099","Lawrence County, Tennessee","47","TN",775402.207984858,1387349.40675663,3
"47101","Lewis County, Tennessee","47","TN",764456.636028029,1420125.06018457,3
"47103","Lincoln County, Tennessee","47","TN",847526.29213258,1388680.67262473,3
"47105","Loudon County, Tennessee","47","TN",1046387.13882014,1475181.8040255,3
"47107","McMinn County, Tennessee","47","TN",1022519.91652727,1437941.56772511,3
"47109","McNairy County, Tennessee","47","TN",669533.246244178,1373171.68801267,3
"47111","Macon County, Tennessee","47","TN",884164.660968019,1550007.41398817,3
"47113","Madison County, Tennessee","47","TN",642090.427056308,1420538.78663323,3
"47115","Marion County, Tennessee","47","TN",935222.836323921,1394670.202171,3
"47117","Marshall County, Tennessee","47","TN",828347.127740046,1421134.99159248,3
"47119","Maury County, Tennessee","47","TN",799639.647316,1434282.5237373,3
"47121","Meigs County, Tennessee","47","TN",1004132.74442323,1443505.93216551,3
"47123","Monroe County, Tennessee","47","TN",1056683.74237114,1440412.8044986,3
"47125","Montgomery County, Tennessee","47","TN",764583.836040918,1530132.08524268,3
"47127","Moore County, Tennessee","47","TN",867523.065103408,1401644.33268331,3
"47129","Morgan County, Tennessee","47","TN",1008495.87815023,1514811.90277136,3
"47131","Obion County, Tennessee","47","TN",606670.89289857,1500638.57818039,3
"47133","Overton County, Tennessee","47","TN",948655.886329443,1531559.04105973,3
"47135","Perry County, Tennessee","47","TN",731091.966580304,1428768.89122835,3
"47137","Pickett County, Tennessee","47","TN",958918.560172015,1552353.99625918,3
"47139","Polk County, Tennessee","47","TN",1035682.64811429,1402896.12490422,3
"47141","Putnam County, Tennessee","47","TN",936983.077648541,1506762.67550821,3
"47143","Rhea County, Tennessee","47","TN",993580.020449105,1453813.34232361,3
"47145","Roane County, Tennessee","47","TN",1024243.46045296,1485456.92400702,3
"47147","Robertson County, Tennessee","47","TN",808153.767689542,1535528.77493274,3
"47149","Rutherford County, Tennessee","47","TN",858058.221270322,1466181.35015673,3
"47151","Scott County, Tennessee","47","TN",1019469.67934063,1544341.99914302,3
"47153","Sequatchie County, Tennessee","47","TN",956140.617386867,1420193.09446308,3
"47155","Sevier County, Tennessee","47","TN",1115202.81396534,1488753.88804867,3
"47157","Shelby County, Tennessee","47","TN",553501.932301567,1366153.10045738,3
"47159","Smith County, Tennessee","47","TN",893266.109711879,1514195.99264123,3
"47161","Stewart County, Tennessee","47","TN",724510.923160445,1525671.4464226,3
"47163","Sullivan County, Tennessee","47","TN",1210042.39575543,1584827.64166297,3
"47165","Sumner County, Tennessee","47","TN",845506.833453625,1531617.91609128,3
"47167","Tipton County, Tennessee","47","TN",567177.593668832,1403326.47844198,3
"47169","Trousdale County, Tennessee","47","TN",873170.573356371,1527111.95115408,3
"47171","Unicoi County, Tennessee","47","TN",1202830.04156824,1536989.63097403,3
"47173","Union County, Tennessee","47","TN",1079950.85603297,1541077.11466207,3
"47175","Van Buren County, Tennessee","47","TN",943864.621112235,1456225.72248659,3
"47177","Warren County, Tennessee","47","TN",913977.875416578,1451430.65507128,3
"47179","Washington County, Tennessee","47","TN",1198407.04150216,1553657.4998207,3
"47181","Wayne County, Tennessee","47","TN",740692.881917873,1386551.19940213,3
"47183","Weakley County, Tennessee","47","TN",645488.299085044,1496345.01652416,3
"47185","White County, Tennessee","47","TN",942403.318964663,1482349.75990522,3
"47187","Williamson County, Tennessee","47","TN",812275.3322881,1464799.43866359,3
"47189","Wilson County, Tennessee","47","TN",861025.496091889,1500993.25837252,3
"48001","Anderson County, Texas","48","TX",29105.6691429248,968944.928113685,5
"48003","Andrews County, Texas","48","TX",-621175.321714604,1050259.02152724,5
"48005","Angelina County, Texas","48","TX",129780.826775115,912052.189824944,5
"48007","Aransas County, Texas","48","TX",-93177.6664107095,572938.596119044,5
"48009","Archer County, Texas","48","TX",-247811.566396172,1169943.52101241,5
"48011","Armstrong County, Texas","48","TX",-484215.978368879,1346742.66492585,5
"48013","Atascosa County, Texas","48","TX",-245883.926385858,653212.644211644,5
"48015","Austin County, Texas","48","TX",-26445.7522516234,752888.281566957,5
"48017","Bailey County, Texas","48","TX",-625137.715454686,1245201.59377908,5
"48019","Bandera County, Texas","48","TX",-313037.104854905,747203.862423637,5
"48021","Bastrop County, Texas","48","TX",-127784.790431157,781667.410992112,5
"48023","Baylor County, Texas","48","TX",-295897.996668121,1182469.10894344,5
"48025","Bee County, Texas","48","TX",-167781.805790755,595833.589298219,5
"48027","Bell County, Texas","48","TX",-142709.349740919,884240.634008639,5
"48029","Bexar County, Texas","48","TX",-239128.106975604,710181.59017111,5
"48031","Blanco County, Texas","48","TX",-231293.646940732,796751.083921122,5
"48033","Borden County, Texas","48","TX",-505815.509218185,1089270.70693097,5
"48035","Bosque County, Texas","48","TX",-155436.945583409,981460.188211819,5
"48037","Bowie County, Texas","48","TX",148186.505968538,1156644.78450684,5
"48039","Brazoria County, Texas","48","TX",52204.1541729902,682730.652345347,5
"48041","Brazos County, Texas","48","TX",-36426.3041354575,841620.864559755,5
"48043","Brewster County, Texas","48","TX",-686299.492454402,786648.251795552,5
"48045","Briscoe County, Texas","48","TX",-474704.795571023,1276677.93025441,5
"48047","Brooks County, Texas","48","TX",-220189.097541915,431898.279132075,5
"48049","Brown County, Texas","48","TX",-279925.017432781,973332.960656564,5
"48051","Burleson County, Texas","48","TX",-60653.5829044226,827464.761980078,5
"48053","Burnet County, Texas","48","TX",-208693.487896313,853451.020969884,5
"48055","Caldwell County, Texas","48","TX",-156882.195214802,754090.348093188,5
"48057","Calhoun County, Texas","48","TX",-58739.9760793735,591810.789473047,5
"48059","Callahan County, Texas","48","TX",-316107.674646145,1028872.71380896,5
"48061","Cameron County, Texas","48","TX",-159381.298344918,342575.210329677,5
"48063","Camp County, Texas","48","TX",93365.9584323773,1103108.15438295,5
"48065","Carson County, Texas","48","TX",-481626.304774101,1389902.17389158,5
"48067","Cass County, Texas","48","TX",153215.747067311,1114773.52664183,5
"48069","Castro County, Texas","48","TX",-569853.161318557,1293095.76892824,5
"48071","Chambers County, Texas","48","TX",142787.123612835,737793.43179817,5
"48073","Cherokee County, Texas","48","TX",77059.3059121899,967819.004347734,5
"48075","Childress County, Texas","48","TX",-383509.386742448,1272340.35448342,5
"48077","Clay County, Texas","48","TX",-202223.850968226,1197798.49851146,5
"48079","Cochran County, Texas","48","TX",-628755.29140356,1194394.35678341,5
"48081","Coke County, Texas","48","TX",-426024.685287534,996941.538780395,5
"48083","Coleman County, Texas","48","TX",-326813.65983097,961115.012564924,5
"48085","Collin County, Texas","48","TX",-52565.2237370764,1125626.3566317,5
"48087","Collingsworth County, Texas","48","TX",-386964.006784237,1323097.27000547,5
"48089","Colorado County, Texas","48","TX",-50417.6157199603,726021.954878202,5
"48091","Comal County, Texas","48","TX",-221462.770811331,751917.409227546,5
"48093","Comanche County, Texas","48","TX",-243460.501989677,989924.029928342,5
"48095","Concho County, Texas","48","TX",-365905.081328563,919946.152819255,5
"48097","Cooke County, Texas","48","TX",-111812.408190732,1180391.61443389,5
"48099","Coryell County, Texas","48","TX",-169978.677438826,924841.539362005,5
"48101","Cottle County, Texas","48","TX",-392441.894642628,1227110.14711183,5
"48103","Crane County, Texas","48","TX",-618558.804448641,956094.336248271,5
"48105","Crockett County, Texas","48","TX",-513430.137494603,862887.14138432,5
"48107","Crosby County, Texas","48","TX",-487605.645564957,1196690.18457545,5
"48109","Culberson County, Texas","48","TX",-800906.169029626,983605.673434584,5
"48111","Dallam County, Texas","48","TX",-587713.897596472,1482847.64809085,5
"48113","Dallas County, Texas","48","TX",-72391.1601059803,1078133.97641896,5
"48115","Dawson County, Texas","48","TX",-553253.64808843,1101917.47243613,5
"48117","Deaf Smith County, Texas","48","TX",-597789.225988958,1342247.9208365,5
"48119","Delta County, Texas","48","TX",25130.7203878981,1142918.79165493,5
"48121","Denton County, Texas","48","TX",-103380.571365153,1125653.79321282,5
"48123","DeWitt County, Texas","48","TX",-127611.777316859,670104.695336331,5
"48125","Dickens County, Texas","48","TX",-440176.553465692,1183228.89999878,5
"48127","Dimmit County, Texas","48","TX",-368691.121071,601651.080362357,5
"48129","Donley County, Texas","48","TX",-435778.374861591,1334048.29157893,5
"48131","Duval County, Texas","48","TX",-249380.297104409,518041.352236256,5
"48133","Eastland County, Texas","48","TX",-261788.271904526,1033092.70848057,5
"48135","Ector County, Texas","48","TX",-615736.387713804,1000192.09327499,5
"48137","Edwards County, Texas","48","TX",-419211.736205637,773081.791610075,5
"48139","Ellis County, Texas","48","TX",-70633.4750008229,1026398.73731513,5
"48141","El Paso County, Texas","48","TX",-958078.895083051,1009349.00789092,5
"48143","Erath County, Texas","48","TX",-209239.888511802,1019008.4362372,5
"48145","Falls County, Texas","48","TX",-88522.0841422974,908091.568978942,5
"48147","Fannin County, Texas","48","TX",-11038.1946041281,1167088.61680687,5
"48149","Fayette County, Texas","48","TX",-92968.7648702156,752609.033358534,5
"48151","Fisher County, Texas","48","TX",-410328.232997179,1078061.60785196,5
"48153","Floyd County, Texas","48","TX",-484849.362752473,1249340.56733758,5
"48155","Foard County, Texas","48","TX",-345079.052988039,1215924.63083106,5
"48157","Fort Bend County, Texas","48","TX",24487.1000147041,716493.160076277,5
"48159","Franklin County, Texas","48","TX",72583.8793679563,1127093.78579073,5
"48161","Freestone County, Texas","48","TX",-14838.4014932415,960037.74916875,5
"48163","Frio County, Texas","48","TX",-303361.217320578,657122.904367051,5
"48165","Gaines County, Texas","48","TX",-617709.203062339,1096539.68249065,5
"48167","Galveston County, Texas","48","TX",94116.9978487641,700743.805014171,5
"48169","Garza County, Texas","48","TX",-490013.293766132,1148434.6143021,5
"48171","Gillespie County, Texas","48","TX",-282595.539511339,817482.932039562,5
"48173","Glasscock County, Texas","48","TX",-520261.222531611,983754.177342372,5
"48175","Goliad County, Texas","48","TX",-143727.038561603,621617.357205659,5
"48177","Gonzales County, Texas","48","TX",-147008.621357728,707129.905054802,5
"48179","Gray County, Texas","48","TX",-432661.513093663,1392941.3256315,5
"48181","Grayson County, Texas","48","TX",-60942.0416787929,1180451.59386757,5
"48183","Gregg County, Texas","48","TX",107968.342917652,1050143.89612985,5
"48185","Grimes County, Texas","48","TX",721.203969221578,831129.521699412,5
"48187","Guadalupe County, Texas","48","TX",-190058.023834289,728759.304683358,5
"48189","Hale County, Texas","48","TX",-533145.882864852,1244032.66942357,5
"48191","Hall County, Texas","48","TX",-426145.236540733,1284780.32811069,5
"48193","Hamilton County, Texas","48","TX",-198067.246537865,963636.736721072,5
"48195","Hansford County, Texas","48","TX",-476302.979772695,1484448.78065326,5
"48197","Hardeman County, Texas","48","TX",-341305.672535811,1252625.34872748,5
"48199","Hardin County, Texas","48","TX",154697.566482368,806204.197652684,5
"48201","Harris County, Texas","48","TX",59659.0976629562,751160.688834676,5
"48203","Harrison County, Texas","48","TX",152006.708498583,1053769.71987117,5
"48205","Hartley County, Texas","48","TX",-590600.955994306,1441895.92336859,5
"48207","Haskell County, Texas","48","TX",-345765.343261648,1125817.07869648,5
"48209","Hays County, Texas","48","TX",-195887.083387783,779476.620728581,5
"48211","Hemphill County, Texas","48","TX",-382633.418590524,1419409.17980178,5
"48213","Henderson County, Texas","48","TX",17112.0418754983,1012562.32683217,5
"48215","Hidalgo County, Texas","48","TX",-220130.262188178,374573.519175087,5
"48217","Hill County, Texas","48","TX",-104844.766326988,990897.874089321,5
"48219","Hockley County, Texas","48","TX",-584152.540843403,1189236.84164981,5
"48221","Hood County, Texas","48","TX",-170680.003931126,1042277.13408214,5
"48223","Hopkins County, Texas","48","TX",38450.8491969451,1124938.30070839,5
"48225","Houston County, Texas","48","TX",53831.857226319,909727.832145382,5
"48227","Howard County, Texas","48","TX",-508313.663401892,1048947.06616831,5
"48229","Hudspeth County, Texas","48","TX",-888552.117277708,958672.395729236,5
"48231","Hunt County, Texas","48","TX",-7349.55605116846,1116144.92865951,5
"48233","Hutchinson County, Texas","48","TX",-479337.049060853,1430635.73513224,5
"48235","Irion County, Texas","48","TX",-472577.283707358,921693.584125304,5
"48237","Jack County, Texas","48","TX",-200875.096090192,1135222.4159404,5
"48239","Jackson County, Texas","48","TX",-55401.2878011869,655886.829507956,5
"48241","Jasper County, Texas","48","TX",191168.449193302,848332.299495955,5
"48243","Jeff Davis County, Texas","48","TX",-778292.48605943,904191.034768217,5
"48245","Jefferson County, Texas","48","TX",182884.478933113,757413.079892644,5
"48247","Jim Hogg County, Texas","48","TX",-270401.433774709,451714.813210503,5
"48249","Jim Wells County, Texas","48","TX",-206587.356549343,518041.352236256,5
"48251","Johnson County, Texas","48","TX",-126502.562176836,1032410.20978901,5
"48253","Jones County, Texas","48","TX",-361385.934958757,1079870.77397524,5
"48255","Karnes County, Texas","48","TX",-185513.799859514,656059.555734322,5
"48257","Kaufman County, Texas","48","TX",-27909.4212907645,1059208.33184307,5
"48259","Kendall County, Texas","48","TX",-259050.811528836,762081.278023737,5
"48261","Kenedy County, Texas","48","TX",-171596.58506879,433159.551869491,5
"48263","Kent County, Texas","48","TX",-442556.35544639,1135003.46640415,5
"48265","Kerr County, Texas","48","TX",-318408.766571446,778216.84378297,5
"48267","Kimble County, Texas","48","TX",-363543.828229707,842691.383622677,5
"48269","King County, Texas","48","TX",-392029.645173908,1180997.83286464,5
"48271","Kinney County, Texas","48","TX",-428218.556331869,708734.971958497,5
"48273","Kleberg County, Texas","48","TX",-170302.271699025,486914.610036376,5
"48275","Knox County, Texas","48","TX",-343844.655392248,1182469.10894344,5
"48277","Lamar County, Texas","48","TX",38392.9072859382,1175696.66182314,5
"48279","Lamb County, Texas","48","TX",-581360.27252411,1244032.66942357,5
"48281","Lampasas County, Texas","48","TX",-215375.812541856,914628.578864472,5
"48283","La Salle County, Texas","48","TX",-304195.718490236,600038.410410897,5
"48285","Lavaca County, Texas","48","TX",-85651.4094113188,696695.70085045,5
"48287","Lee County, Texas","48","TX",-86449.5214171747,802688.190340198,5
"48289","Leon County, Texas","48","TX",185.362624048239,915379.771122987,5
"48291","Liberty County, Texas","48","TX",109488.627107431,790123.782780291,5
"48293","Limestone County, Texas","48","TX",-49673.9297117516,933705.885296949,5
"48295","Lipscomb County, Texas","48","TX",-379841.732054863,1487356.8177757,5
"48297","Live Oak County, Texas","48","TX",-208573.866536404,589080.461334018,5
"48299","Llano County, Texas","48","TX",-256618.628738881,850925.299222364,5
"48303","Lubbock County, Texas","48","TX",-535974.86879249,1189236.84164981,5
"48305","Lynn County, Texas","48","TX",-538704.29598323,1138561.38401745,5
"48307","McCulloch County, Texas","48","TX",-317504.480052993,916208.686594558,5
"48309","McLennan County, Texas","48","TX",-114656.268975583,944531.907378688,5
"48311","McMullen County, Texas","48","TX",-252127.024265895,599331.63981583,5
"48313","Madison County, Texas","48","TX",4962.27675921734,876375.977952141,5
"48315","Marion County, Texas","48","TX",151541.320894023,1081121.06147945,5
"48317","Martin County, Texas","48","TX",-557248.767247755,1042411.31298926,5
"48319","Mason County, Texas","48","TX",-307633.104299422,865270.933839088,5
"48321","Matagorda County, Texas","48","TX",6929.22920133963,637351.174246579,5
"48323","Maverick County, Texas","48","TX",-419160.992344489,628835.824208962,5
"48325","Medina County, Texas","48","TX",-301801.505137329,706589.325643863,5
"48327","Menard County, Texas","48","TX",-362508.080356232,868365.870131293,5
"48329","Midland County, Texas","48","TX",-568429.195949539,984948.328171736,5
"48331","Milam County, Texas","48","TX",-92841.1149491806,857410.014613536,5
"48333","Mills County, Texas","48","TX",-250728.469548534,936211.375096851,5
"48335","Mitchell County, Texas","48","TX",-460397.174778167,1044320.39750353,5
"48337","Montague County, Texas","48","TX",-159440.537000904,1181623.67133809,5
"48339","Montgomery County, Texas","48","TX",46942.8913151656,807008.496177058,5
"48341","Moore County, Texas","48","TX",-527096.26073577,1439792.12511597,5
"48343","Morris County, Texas","48","TX",117371.768883762,1118616.50416824,5
"48345","Motley County, Texas","48","TX",-438282.098628041,1222326.68957679,5
"48347","Nacogdoches County, Texas","48","TX",132539.687075646,941509.551043532,5
"48349","Navarro County, Texas","48","TX",-44375.7932325882,997455.620967231,5
"48351","Newton County, Texas","48","TX",215362.437005891,850971.449070377,5
"48353","Nolan County, Texas","48","TX",-412560.661618995,1037027.41110974,5
"48355","Nueces County, Texas","48","TX",-164557.149735455,524507.423626664,5
"48357","Ochiltree County, Texas","48","TX",-428084.467410498,1488425.32173056,5
"48359","Oldham County, Texas","48","TX",-593852.997839311,1396221.34569913,5
"48361","Orange County, Texas","48","TX",204967.696748992,777982.552482216,5
"48363","Palo Pinto County, Texas","48","TX",-216084.978423272,1075639.29559664,5
"48365","Panola County, Texas","48","TX",158417.035866806,1013809.35372218,5
"48367","Parker County, Texas","48","TX",-168041.487834098,1080648.43654657,5
"48369","Parmer County, Texas","48","TX",-616960.392116349,1301367.14216634,5
"48371","Pecos County, Texas","48","TX",-634470.966460432,872437.598898153,5
"48373","Polk County, Texas","48","TX",104565.33772611,861071.793088592,5
"48375","Potter County, Texas","48","TX",-530180.313321204,1391320.54157162,5
"48377","Presidio County, Texas","48","TX",-793451.457029006,800983.449309854,5
"48379","Rains County, Texas","48","TX",17484.884395703,1087575.43445609,5
"48381","Randall County, Texas","48","TX",-533554.016258914,1341170.01593735,5
"48383","Reagan County, Texas","48","TX",-523664.326683816,929565.697801343,5
"48385","Real County, Texas","48","TX",-368390.71633189,759460.957641772,5
"48387","Red River County, Texas","48","TX",89506.4892464001,1174512.84023818,5
"48389","Reeves County, Texas","48","TX",-729485.961915251,953360.82109425,5
"48391","Refugio County, Texas","48","TX",-118359.217999056,581068.479992771,5
"48393","Roberts County, Texas","48","TX",-431053.89668792,1425237.3118514,5
"48395","Robertson County, Texas","48","TX",-48898.0154762877,882542.841863334,5
"48397","Rockwall County, Texas","48","TX",-37899.6218694457,1093069.39187158,5
"48399","Runnels County, Texas","48","TX",-374982.360771114,973926.804941712,5
"48401","Rusk County, Texas","48","TX",113731.960343971,1006052.99394798,5
"48403","Sabine County, Texas","48","TX",204022.058492864,924237.782973088,5
"48405","San Augustine County, Texas","48","TX",172836.626849665,924083.779133889,5
"48407","San Jacinto County, Texas","48","TX",78585.1965927949,838336.239463284,5
"48409","San Patricio County, Texas","48","TX",-148246.533259247,548268.344512932,5
"48411","San Saba County, Texas","48","TX",-268612.93597525,907877.653553598,5
"48413","Schleicher County, Texas","48","TX",-432549.395354985,878626.93062094,5
"48415","Scurry County, Texas","48","TX",-457245.514515681,1096985.79232439,5
"48417","Shackelford County, Texas","48","TX",-312230.580026805,1086077.96356528,5
"48419","Shelby County, Texas","48","TX",176737.161427717,968485.790829117,5
"48421","Sherman County, Texas","48","TX",-524217.272130118,1486408.11996109,5
"48423","Smith County, Texas","48","TX",70730.1430107715,1036847.14260476,5
"48425","Somervell County, Texas","48","TX",-167134.289470718,1015976.21266162,5
"48427","Starr County, Texas","48","TX",-279322.569585607,389205.036212205,5
"48429","Stephens County, Texas","48","TX",-264344.61972547,1073559.99505233,5
"48431","Sterling County, Texas","48","TX",-474846.840798214,991810.422792686,5
"48433","Stonewall County, Texas","48","TX",-394049.350549898,1132269.51023356,5
"48435","Sutton County, Texas","48","TX",-434623.273908381,835267.638231422,5
"48437","Swisher County, Texas","48","TX",-521962.316728392,1290272.84171133,5
"48439","Tarrant County, Texas","48","TX",-120309.546160114,1078133.97641896,5
"48441","Taylor County, Texas","48","TX",-364372.001685317,1032433.53788422,5
"48443","Terrell County, Texas","48","TX",-592364.111761068,807591.33891021,5
"48445","Terry County, Texas","48","TX",-585946.357583914,1152479.63913958,5
"48447","Throckmorton County, Texas","48","TX",-297778.40472791,1121923.29564155,5
"48449","Titus County, Texas","48","TX",95521.3878596789,1127001.81556344,5
"48451","Tom Green County, Texas","48","TX",-417579.12129038,920632.919758122,5
"48453","Travis County, Texas","48","TX",-170194.906835535,807513.213230703,5
"48455","Trinity County, Texas","48","TX",83050.1513711169,892263.270878596,5
"48457","Tyler County, Texas","48","TX",155010.083821899,858252.623308313,5
"48459","Upshur County, Texas","48","TX",100001.40145818,1070169.74640194,5
"48461","Upton County, Texas","48","TX",-572096.874829051,945944.716434419,5
"48463","Uvalde County, Texas","48","TX",-365348.04181539,705370.025592107,5
"48465","Val Verde County, Texas","48","TX",-488809.417119207,757390.498373494,5
"48467","Van Zandt County, Texas","48","TX",15392.1508421576,1059466.4600227,5
"48469","Victoria County, Texas","48","TX",-91992.5076003705,636597.41032646,5
"48471","Walker County, Texas","48","TX",38799.634832896,857923.059768942,5
"48473","Waller County, Texas","48","TX",140.452604357986,767965.906628325,5
"48475","Ward County, Texas","48","TX",-673537.946862084,957818.157897246,5
"48477","Washington County, Texas","48","TX",-41229.2209023626,793977.712557283,5
"48479","Webb County, Texas","48","TX",-325011.288935345,524876.202278129,5
"48481","Wharton County, Texas","48","TX",-22555.6414825414,689917.850899403,5
"48483","Wheeler County, Texas","48","TX",-384307.376662655,1380840.30293787,5
"48485","Wichita County, Texas","48","TX",-246350.616784367,1222160.28576987,5
"48487","Wilbarger County, Texas","48","TX",-294097.64701237,1235976.28554003,5
"48489","Willacy County, Texas","48","TX",-170570.693893514,380039.10598436,5
"48491","Williamson County, Texas","48","TX",-156543.600106678,844131.104293838,5
"48493","Wilson County, Texas","48","TX",-202585.77467936,679358.751926575,5
"48495","Winkler County, Texas","48","TX",-664986.732940153,998072.484416311,5
"48497","Wise County, Texas","48","TX",-153388.955966754,1126509.46552416,5
"48499","Wood County, Texas","48","TX",56161.1434320198,1077969.93058105,5
"48501","Yoakum County, Texas","48","TX",-632317.160392791,1143676.73956891,5
"48503","Young County, Texas","48","TX",-249279.364030402,1119048.50347632,5
"48505","Zapata County, Texas","48","TX",-316642.470914686,437030.18830845,5
"48507","Zavala County, Texas","48","TX",-367444.999378347,652874.048865604,5
"49001","Beaver County, Utah","49","UT",-1487309.23819643,1838743.89788972,2
"49003","Box Elder County, Utah","49","UT",-1403098.8989351,2183862.20417684,2
"49005","Cache County, Utah","49","UT",-1293917.81991218,2185960.06375601,2
"49007","Carbon County, Utah","49","UT",-1232610.56924369,1942772.02265808,2
"49009","Daggett County, Utah","49","UT",-1146619.0294193,2060256.59053442,2
"49011","Davis County, Utah","49","UT",-1338083.43477533,2110252.02220774,2
"49013","Duchesne County, Utah","49","UT",-1212400.03068237,2010276.05869511,2
"49015","Emery County, Utah","49","UT",-1254888.27630077,1882702.02599895,2
"49017","Garfield County, Utah","49","UT",-1334555.11466038,1756538.96219276,2
"49019","Grand County, Utah","49","UT",-1164558.9291449,1856041.93508468,2
"49021","Iron County, Utah","49","UT",-1496602.0825191,1779942.00814917,2
"49023","Juab County, Utah","49","UT",-1399835.50694697,1973244.22272381,2
"49025","Kane County, Utah","49","UT",-1382543.21689574,1700467.34983883,2
"49027","Millard County, Utah","49","UT",-1451989.92696658,1915150.00960514,2
"49029","Morgan County, Utah","49","UT",-1298332.09716744,2112422.88424376,2
"49031","Piute County, Utah","49","UT",-1386901.03996433,1818828.62067906,2
"49033","Rich County, Utah","49","UT",-1255638.23415987,2165503.56080128,2
"49035","Salt Lake County, Utah","49","UT",-1327018.85959562,2075114.99045157,2
"49037","San Juan County, Utah","49","UT",-1201016.52159297,1718604.03696796,2
"49039","Sanpete County, Utah","49","UT",-1318530.20029158,1929263.90461319,2
"49041","Sevier County, Utah","49","UT",-1353106.11095303,1860736.90315895,2
"49043","Summit County, Utah","49","UT",-1238212.36397914,2087937.87562093,2
"49045","Tooele County, Utah","49","UT",-1431321.83253965,2067251.45880254,2
"49047","Uintah County, Utah","49","UT",-1137327.14949061,1985084.14421571,2
"49049","Utah County, Utah","49","UT",-1321000.92591762,2010788.85436552,2
"49051","Wasatch County, Utah","49","UT",-1266874.27244475,2020054.73870668,2
"49053","Washington County, Utah","49","UT",-1526202.6740151,1723798.58854125,2
"49055","Wayne County, Utah","49","UT",-1287718.15226721,1800738.24988602,2
"49057","Weber County, Utah","49","UT",-1314309.93579594,2141134.95748482,2
"50001","Addison County, Vermont","50","VT",1810992.27815829,2554803.34203645,1
"50003","Bennington County, Vermont","50","VT",1835414.25678068,2447770.87590887,1
"50005","Caledonia County, Vermont","50","VT",1871341.7978885,2625191.58271887,1
"50007","Chittenden County, Vermont","50","VT",1803641.23649122,2601977.93091249,1
"50009","Essex County, Vermont","50","VT",1900441.2643135,2655613.37831374,1
"50011","Franklin County, Vermont","50","VT",1803677.09509558,2649110.29704238,1
"50013","Grand Isle County, Vermont","50","VT",1776435.2103191,2635619.50791924,1
"50015","Lamoille County, Vermont","50","VT",1830809.26100389,2627780.89704648,1
"50017","Orange County, Vermont","50","VT",1867777.04349563,2569477.68320005,1
"50019","Orleans County, Vermont","50","VT",1856473.42081876,2657120.9437805,1
"50021","Rutland County, Vermont","50","VT",1823221.7421539,2509812.68214846,1
"50023","Washington County, Vermont","50","VT",1842250.51098144,2592214.17407025,1
"50025","Windham County, Vermont","50","VT",1865506.99073763,2452092.27820085,1
"50027","Windsor County, Vermont","50","VT",1865456.33518235,2516930.86999991,1
"51001","Accomack County, Virginia","51","VA",1759665.77529393,1826708.03077616,1
"51003","Albemarle County, Virginia","51","VA",1506107.30650593,1801275.10248891,1
"51005","Alleghany County, Virginia","51","VA",1379451.9554409,1754566.32734772,1
"51007","Amelia County, Virginia","51","VA",1569009.79261974,1740113.60394364,1
"51009","Amherst County, Virginia","51","VA",1466044.37162072,1749649.14749213,1
"51011","Appomattox County, Virginia","51","VA",1500225.44708955,1729190.84700002,1
"51013","Arlington County, Virginia","51","VA",1612788.57038127,1922451.79185343,1
"51015","Augusta County, Virginia","51","VA",1443757.09876078,1812065.56846438,1
"51017","Bath County, Virginia","51","VA",1406835.8203619,1789569.15584293,1
"51019","Bedford County, Virginia","51","VA",1437526.62036867,1712198.6527238,1
"51021","Bland County, Virginia","51","VA",1303890.78602724,1666321.47720824,1
"51023","Botetourt County, Virginia","51","VA",1414695.28599183,1734050.66664086,1
"51025","Brunswick County, Virginia","51","VA",1596097.0166414,1677998.3804718,1
"51027","Buchanan County, Virginia","51","VA",1223956.68555241,1672924.92022002,1
"51029","Buckingham County, Virginia","51","VA",1516498.73738539,1755292.17209369,1
"51031","Campbell County, Virginia","51","VA",1479575.91088018,1706833.47923656,1
"51033","Caroline County, Virginia","51","VA",1613829.65731188,1823193.59181712,1
"51035","Carroll County, Virginia","51","VA",1342777.00851119,1631579.24109897,1
"51036","Charles City County, Virginia","51","VA",1651708.21162218,1756106.64537289,1
"51037","Charlotte County, Virginia","51","VA",1525422.67201288,1686723.84883129,1
"51041","Chesterfield County, Virginia","51","VA",1608226.62857808,1749852.30328761,1
"51043","Clarke County, Virginia","51","VA",1534717.65146652,1933769.13243655,1
"51045","Craig County, Virginia","51","VA",1379582.3792664,1719830.94556756,1
"51047","Culpeper County, Virginia","51","VA",1548155.39548478,1865994.62421248,1
"51049","Cumberland County, Virginia","51","VA",1547077.76129656,1752241.46588996,1
"51051","Dickenson County, Virginia","51","VA",1196803.02053662,1650639.74887377,1
"51053","Dinwiddie County, Virginia","51","VA",1606376.25571411,1714852.29601854,1
"51057","Essex County, Virginia","51","VA",1644896.87767796,1823253.70201419,1
"51059","Fairfax County, Virginia","51","VA",1587232.33727541,1915006.55222344,1
"51061","Fauquier County, Virginia","51","VA",1557404.26197072,1891075.45878151,1
"51063","Floyd County, Virginia","51","VA",1371697.6037836,1656505.88419308,1
"51065","Fluvanna County, Virginia","51","VA",1536360.88287405,1789374.72775558,1
"51067","Franklin County, Virginia","51","VA",1415907.17834274,1671430.56591757,1
"51069","Frederick County, Virginia","51","VA",1510371.8062906,1941661.48801873,1
"51071","Giles County, Virginia","51","VA",1339695.51917434,1693985.7130082,1
"51073","Gloucester County, Virginia","51","VA",1692148.94784714,1770916.89446198,1
"51075","Goochland County, Virginia","51","VA",1564298.46100509,1784038.66302286,1
"51077","Grayson County, Virginia","51","VA",1303830.81261815,1615549.27757099,1
"51079","Greene County, Virginia","51","VA",1509262.64061008,1840272.44282555,1
"51081","Greensville County, Virginia","51","VA",1617683.26840803,1674753.4717935,1
"51083","Halifax County, Virginia","51","VA",1502710.64166298,1658994.14723975,1
"51085","Hanover County, Virginia","51","VA",1600757.81159511,1794284.25850324,1
"51087","Henrico County, Virginia","51","VA",1627965.50829042,1768902.0140805,1
"51089","Henry County, Virginia","51","VA",1410054.76613095,1638435.60322918,1
"51091","Highland County, Virginia","51","VA",1417867.99589043,1828433.45057634,1
"51093","Isle of Wight County, Virginia","51","VA",1691509.50151936,1709150.95071485,1
"51095","James City County, Virginia","51","VA",1673214.69143641,1758108.38387456,1
"51097","King and Queen County, Virginia","51","VA",1659193.90000608,1796416.48518891,1
"51099","King George County, Virginia","51","VA",1620201.1482063,1856136.32312355,1
"51101","King William County, Virginia","51","VA",1633251.53548244,1795414.90758571,1
"51103","Lancaster County, Virginia","51","VA",1692667.66314122,1807618.99539335,1
"51105","Lee County, Virginia","51","VA",1143089.8791766,1597635.83998187,3
"51107","Loudoun County, Virginia","51","VA",1567715.07085333,1936253.62144807,1
"51109","Louisa County, Virginia","51","VA",1558335.41736617,1804889.2687962,1
"51111","Lunenburg County, Virginia","51","VA",1557471.88463645,1692856.44573984,1
"51113","Madison County, Virginia","51","VA",1524722.71051437,1853386.49737651,1
"51115","Mathews County, Virginia","51","VA",1710511.66111237,1775774.31750984,1
"51117","Mecklenburg County, Virginia","51","VA",1555693.17579192,1663492.11303507,1
"51119","Middlesex County, Virginia","51","VA",1679946.010381,1795527.16732392,1
"51121","Montgomery County, Virginia","51","VA",1369607.11528092,1682574.1736375,1
"51125","Nelson County, Virginia","51","VA",1481965.3379986,1775017.92143653,1
"51127","New Kent County, Virginia","51","VA",1653898.53334624,1771722.91224486,1
"51131","Northampton County, Virginia","51","VA",1751482.42518946,1772495.69276965,1
"51133","Northumberland County, Virginia","51","VA",1696081.51409929,1821608.65668622,1
"51135","Nottoway County, Virginia","51","VA",1569038.33927062,1712512.50194254,1
"51137","Orange County, Virginia","51","VA",1554078.36821495,1841069.36517896,1
"51139","Page County, Virginia","51","VA",1501820.88736729,1872053.75521643,1
"51141","Patrick County, Virginia","51","VA",1386678.50654365,1631680.81923107,1
"51143","Pittsylvania County, Virginia","51","VA",1459545.8565937,1660417.34533595,1
"51145","Powhatan County, Virginia","51","VA",1574158.8832448,1763430.16678914,1
"51147","Prince Edward County, Virginia","51","VA",1533510.30203526,1721517.34988897,1
"51149","Prince George County, Virginia","51","VA",1639653.40656901,1730427.00525134,1
"51153","Prince William County, Virginia","51","VA",1593143.04608588,1898637.92081912,1
"51155","Pulaski County, Virginia","51","VA",1338740.15882024,1666063.41761189,1
"51157","Rappahannock County, Virginia","51","VA",1528876.81921573,1884715.42512294,1
"51159","Richmond County, Virginia","51","VA",1668398.22150834,1826690.82610313,1
"51161","Roanoke County, Virginia","51","VA",1385421.25327897,1696803.1674621,1
"51163","Rockbridge County, Virginia","51","VA",1435833.47004449,1765909.31291814,1
"51165","Rockingham County, Virginia","51","VA",1467040.92218871,1855029.60977874,1
"51167","Russell County, Virginia","51","VA",1222671.05921991,1632424.76351762,1
"51169","Scott County, Virginia","51","VA",1183796.10422147,1603871.05562596,3
"51171","Shenandoah County, Virginia","51","VA",1489230.76902884,1896674.05266091,1
"51173","Smyth County, Virginia","51","VA",1271860.2362979,1631915.01003397,1
"51175","Southampton County, Virginia","51","VA",1662270.72397088,1690813.20161866,1
"51177","Spotsylvania County, Virginia","51","VA",1581796.21968319,1836918.06908337,1
"51179","Stafford County, Virginia","51","VA",1591880.44611874,1866907.6901951,1
"51181","Surry County, Virginia","51","VA",1667934.76159416,1728351.94572654,1
"51183","Sussex County, Virginia","51","VA",1642302.77371605,1704155.75472989,1
"51185","Tazewell County, Virginia","51","VA",1266443.38757659,1663148.96284677,1
"51187","Warren County, Virginia","51","VA",1520183.02729263,1906792.1381535,1
"51191","Washington County, Virginia","51","VA",1241380.9702102,1615085.10700447,3
"51193","Westmoreland County, Virginia","51","VA",1655692.10054213,1844044.93986248,1
"51195","Wise County, Virginia","51","VA",1179830.49843535,1633258.64608996,1
"51197","Wythe County, Virginia","51","VA",1312955.15548902,1644797.18274899,1
"51199","York County, Virginia","51","VA",1694552.75015788,1751711.1032411,1
"51510","Alexandria city, Virginia","51","VA",1616132.50428536,1916026.15588048,1
"51520","Bristol city, Virginia","51","VA",1224654.60064103,1598598.79873138,3
"51530","Buena Vista city, Virginia","51","VA",1445298.21251013,1757594.48631102,1
"51540","Charlottesville city, Virginia","51","VA",1513980.64771461,1807136.40633349,1
"51550","Chesapeake city, Virginia","51","VA",1732755.42232921,1690424.4432599,1
"51570","Colonial Heights city, Virginia","51","VA",1623105.77455892,1740161.2445575,1
"51580","Covington city, Virginia","51","VA",1390303.40654429,1755972.11425866,1
"51590","Danville city, Virginia","51","VA",1463081.58644134,1632980.71924542,1
"51595","Emporia city, Virginia","51","VA",1624172.93852617,1675577.5280526,1
"51600","Fairfax city, Virginia","51","VA",1597216.90611235,1916001.8308179,1
"51610","Falls Church city, Virginia","51","VA",1607358.10638199,1921603.59921823,1
"51620","Franklin city, Virginia","51","VA",1676043.21070056,1683702.49531294,1
"51630","Fredericksburg city, Virginia","51","VA",1594065.53553804,1851713.99395551,1
"51640","Galax city, Virginia","51","VA",1329440.86169129,1618255.65123087,1
"51650","Hampton city, Virginia","51","VA",1717112.24061081,1735553.58483385,1
"51660","Harrisonburg city, Virginia","51","VA",1473083.1934505,1845403.93417148,1
"51670","Hopewell city, Virginia","51","VA",1631668.4491672,1743904.24993098,1
"51678","Lexington city, Virginia","51","VA",1437290.12771202,1764245.74017345,1
"51680","Lynchburg city, Virginia","51","VA",1468278.58265623,1725659.96765479,1
"51683","Manassas city, Virginia","51","VA",1584235.76291792,1900869.81931601,1
"51685","Manassas Park city, Virginia","51","VA",1587503.84956877,1904437.99418839,1
"51690","Martinsville city, Virginia","51","VA",1421054.061109,1636210.81423443,1
"51700","Newport News city, Virginia","51","VA",1702847.0673897,1736811.74881744,1
"51710","Norfolk city, Virginia","51","VA",1730831.27884658,1718863.75338119,1
"51720","Norton city, Virginia","51","VA",1176212.16564694,1626768.71098537,3
"51730","Petersburg city, Virginia","51","VA",1625878.8013133,1732646.55819899,1
"51735","Poquoson city, Virginia","51","VA",1716667.07196366,1743545.46016696,1
"51740","Portsmouth city, Virginia","51","VA",1723763.20838034,1712898.4023898,1
"51750","Radford city, Virginia","51","VA",1352739.89141523,1674376.25441562,1
"51760","Richmond city, Virginia","51","VA",1609600.51552781,1768151.71100683,1
"51770","Roanoke city, Virginia","51","VA",1401944.04599468,1700490.2682382,1
"51775","Salem city, Virginia","51","VA",1393644.19339835,1700415.44880307,1
"51790","Staunton city, Virginia","51","VA",1462335.34491165,1811815.3612234,1
"51800","Suffolk city, Virginia","51","VA",1703168.96606035,1693042.90340747,1
"51810","Virginia Beach city, Virginia","51","VA",1754460.30452544,1704817.8187489,1
"51820","Waynesboro city, Virginia","51","VA",1477885.5467286,1804075.16703501,1
"51830","Williamsburg city, Virginia","51","VA",1682641.04196517,1752939.49074146,1
"51840","Winchester city, Virginia","51","VA",1517108.36626862,1936533.75061218,1
"53001","Adams County, Washington","53","WA",-1700779.09531325,2870928.04185885,2
"53003","Asotin County, Washington","53","WA",-1625051.73281789,2762294.76773327,2
"53005","Benton County, Washington","53","WA",-1801702.10878415,2812881.12272361,2
"53007","Chelan County, Washington","53","WA",-1832887.37529527,3003638.88616266,2
"53009","Clallam County, Washington","53","WA",-2087097.87957043,3096649.53997676,2
"53011","Clark County, Washington","53","WA",-2037252.73563564,2816201.37177132,2
"53013","Columbia County, Washington","53","WA",-1674770.15241084,2783760.32670091,2
"53015","Cowlitz County, Washington","53","WA",-2031615.51670964,2864750.02859063,2
"53017","Douglas County, Washington","53","WA",-1775748.93500784,2967924.68969454,2
"53019","Ferry County, Washington","53","WA",-1666796.5367059,3025563.12972956,2
"53021","Franklin County, Washington","53","WA",-1743539.80144324,2825383.76768587,2
"53023","Garfield County, Washington","53","WA",-1647155.72461267,2783760.32670091,2
"53025","Grant County, Washington","53","WA",-1768916.19851664,2919696.45151596,2
"53027","Grays Harbor County, Washington","53","WA",-2091669.16509582,2992512.1383666,2
"53029","Island County, Washington","53","WA",-1963076.21721734,3070518.92469181,2
"53031","Jefferson County, Washington","53","WA",-2069505.94665772,3054968.54588168,2
"53033","King County, Washington","53","WA",-1932331.21237918,2981542.85647692,2
"53035","Kitsap County, Washington","53","WA",-1994947.90823966,3021847.71619346,2
"53037","Kittitas County, Washington","53","WA",-1857350.0622378,2925996.00021719,2
"53039","Klickitat County, Washington","53","WA",-1902465.40356805,2795133.21796343,2
"53041","Lewis County, Washington","53","WA",-2004350.23375006,2902315.57195573,2
"53043","Lincoln County, Washington","53","WA",-1681176.21789299,2928948.77572342,2
"53045","Mason County, Washington","53","WA",-2048695.09398274,3001610.64018928,2
"53047","Okanogan County, Washington","53","WA",-1753078.98774436,3053081.20722527,2
"53049","Pacific County, Washington","53","WA",-2094661.03591866,2928749.33328843,2
"53051","Pend Oreille County, Washington","53","WA",-1573958.05619255,3013632.33929073,2
"53053","Pierce County, Washington","53","WA",-1966888.28431702,2943058.72291846,2
"53055","San Juan County, Washington","53","WA",-1985561.55035177,3122199.37083665,2
"53057","Skagit County, Washington","53","WA",-1888476.43866743,3089128.80122517,2
"53059","Skamania County, Washington","53","WA",-1981466.69908277,2834834.16947959,2
"53061","Snohomish County, Washington","53","WA",-1902588.79906393,3043348.80791157,2
"53063","Spokane County, Washington","53","WA",-1608194.22522819,2919280.28577285,2
"53065","Stevens County, Washington","53","WA",-1618774.55700872,3009491.65107575,2
"53067","Thurston County, Washington","53","WA",-2028266.44582753,2946728.35770422,2
"53069","Wahkiakum County, Washington","53","WA",-2083215.48878603,2891765.84680588,2
"53071","Walla Walla County, Washington","53","WA",-1732445.58049863,2790325.81497939,2
"53073","Whatcom County, Washington","53","WA",-1884410.02403918,3127267.60119544,2
"53075","Whitman County, Washington","53","WA",-1643918.80656104,2833825.94288192,2
"53077","Yakima County, Washington","53","WA",-1877027.75204062,2863760.14483661,2
"54001","Barbour County, West Virginia","54","WV",1361359.98074112,1903715.3238501,1
"54003","Berkeley County, West Virginia","54","WV",1522964.132979,1969520.55440447,1
"54005","Boone County, West Virginia","54","WV",1237501.42086106,1756439.62341725,1
"54007","Braxton County, West Virginia","54","WV",1311978.10372375,1850062.83931247,1
"54009","Brooke County, West Virginia","54","WV",1295091.2242168,2024034.02274738,1
"54011","Cabell County, West Virginia","54","WV",1186201.55201317,1794926.73681553,1
"54013","Calhoun County, West Virginia","54","WV",1274448.77962107,1855543.96965659,1
"54015","Clay County, West Virginia","54","WV",1285525.11015844,1816181.93537491,1
"54017","Doddridge County, West Virginia","54","WV",1299605.16776115,1911821.78509301,1
"54019","Fayette County, West Virginia","54","WV",1292629.12222164,1768305.58834572,1
"54021","Gilmer County, West Virginia","54","WV",1296443.53329258,1868136.22850724,1
"54023","Grant County, West Virginia","54","WV",1431031.95880614,1910441.39902478,1
"54025","Greenbrier County, West Virginia","54","WV",1347881.79893317,1769951.60843008,1
"54027","Hampshire County, West Virginia","54","WV",1477122.83224527,1946361.56530518,1
"54029","Hancock County, West Virginia","54","WV",1290584.65323717,2049750.58486244,1
"54031","Hardy County, West Virginia","54","WV",1462332.95938884,1904866.05020054,1
"54033","Harrison County, West Virginia","54","WV",1328991.2903401,1915903.61246538,1
"54035","Jackson County, West Virginia","54","WV",1225261.37089825,1846645.07311935,1
"54037","Jefferson County, West Virginia","54","WV",1539998.09474791,1958361.89839049,1
"54039","Kanawha County, West Virginia","54","WV",1244868.84320187,1790946.34628609,1
"54041","Lewis County, West Virginia","54","WV",1324446.33839915,1876461.81695091,1
"54043","Lincoln County, West Virginia","54","WV",1201533.08262181,1768018.57998738,1
"54045","Logan County, West Virginia","54","WV",1227799.67873899,1734387.09339077,1
"54047","McDowell County, West Virginia","54","WV",1254362.24114545,1686244.89929977,1
"54049","Marion County, West Virginia","54","WV",1336385.7928898,1943607.76388788,1
"54051","Marshall County, West Virginia","54","WV",1295116.68340851,1976875.79642991,1
"54053","Mason County, West Virginia","54","WV",1200104.20935037,1835106.86659858,1
"54055","Mercer County, West Virginia","54","WV",1302468.69810817,1698648.59826321,1
"54057","Mineral County, West Virginia","54","WV",1453043.35317794,1955839.04920046,1
"54059","Mingo County, West Virginia","54","WV",1197739.14218111,1723145.62583515,1
"54061","Monongalia County, West Virginia","54","WV",1345575.49263724,1956604.9353154,1
"54063","Monroe County, West Virginia","54","WV",1348286.2831956,1722000.55851422,1
"54065","Morgan County, West Virginia","54","WV",1497444.35581929,1977066.81171943,1
"54067","Nicholas County, West Virginia","54","WV",1315060.38290469,1803952.31051226,1
"54069","Ohio County, West Virginia","54","WV",1294656.64077679,2002835.93772044,1
"54071","Pendleton County, West Virginia","54","WV",1427851.43916477,1865188.11652568,1
"54073","Pleasants County, West Virginia","54","WV",1263630.09266968,1915506.96375711,1
"54075","Pocahontas County, West Virginia","54","WV",1379402.53039401,1822690.1325249,1
"54077","Preston County, West Virginia","54","WV",1384204.48294418,1949242.51522963,1
"54079","Putnam County, West Virginia","54","WV",1213698.2597723,1806112.46160689,1
"54081","Raleigh County, West Virginia","54","WV",1285823.91070232,1733570.91823815,1
"54083","Randolph County, West Virginia","54","WV",1375200.30743478,1863302.89705296,1
"54085","Ritchie County, West Virginia","54","WV",1272216.50143394,1898254.78886238,1
"54087","Roane County, West Virginia","54","WV",1256492.82946336,1842700.20227739,1
"54089","Summers County, West Virginia","54","WV",1317469.960703,1729744.84439688,1
"54091","Taylor County, West Virginia","54","WV",1355841.64444766,1926915.34496872,1
"54093","Tucker County, West Virginia","54","WV",1398536.01531535,1909809.26990834,1
"54095","Tyler County, West Virginia","54","WV",1284563.54894778,1927305.0944152,1
"54097","Upshur County, West Virginia","54","WV",1348730.27053456,1875879.42582347,1
"54099","Wayne County, West Virginia","54","WV",1172812.00892092,1760799.03266179,1
"54101","Webster County, West Virginia","54","WV",1338556.73922036,1827195.36056025,1
"54103","Wetzel County, West Virginia","54","WV",1297641.50195822,1946960.30748136,1
"54105","Wirt County, West Virginia","54","WV",1250562.7265867,1875596.45662039,1
"54107","Wood County, West Virginia","54","WV",1235885.69822472,1893663.63383901,1
"54109","Wyoming County, West Virginia","54","WV",1257489.93849076,1716501.24236933,1
"55001","Adams County, Wisconsin","55","WI",497381.173777192,2343571.9845176,4
"55003","Ashland County, Wisconsin","55","WI",406021.945962587,2602591.77232131,4
"55005","Barron County, Wisconsin","55","WI",324718.207023464,2500519.69336453,4
"55007","Bayfield County, Wisconsin","55","WI",366009.974619121,2627916.09828818,4
"55009","Brown County, Wisconsin","55","WI",636318.053745304,2408570.81051077,4
"55011","Buffalo County, Wisconsin","55","WI",339860.747691879,2377854.54940188,4
"55013","Burnett County, Wisconsin","55","WI",283171.843115352,2551043.05947143,4
"55015","Calumet County, Wisconsin","55","WI",620230.961663409,2366286.01195657,4
"55017","Chippewa County, Wisconsin","55","WI",370478.050878828,2463392.37322619,4
"55019","Clark County, Wisconsin","55","WI",424922.259809625,2432490.55019237,4
"55021","Columbia County, Wisconsin","55","WI",539085.751220107,2291635.19302416,4
"55023","Crawford County, Wisconsin","55","WI",413566.171052143,2256849.85529084,4
"55025","Dane County, Wisconsin","55","WI",532163.725215515,2249534.86380323,4
"55027","Dodge County, Wisconsin","55","WI",587548.734202052,2291585.61902169,4
"55029","Door County, Wisconsin","55","WI",686325.676350194,2474818.42310157,4
"55031","Douglas County, Wisconsin","55","WI",314133.676567125,2612941.70555507,4
"55033","Dunn County, Wisconsin","55","WI",323395.045416103,2450094.52949665,4
"55035","Eau Claire County, Wisconsin","55","WI",372461.425949763,2426794.56076074,4
"55037","Florence County, Wisconsin","55","WI",590912.219044885,2564987.23725128,4
"55039","Fond du Lac County, Wisconsin","55","WI",598980.772379932,2331493.00647851,4
"55041","Forest County, Wisconsin","55","WI",565323.672722993,2547024.91664751,4
"55043","Grant County, Wisconsin","55","WI",425250.557740257,2219494.86294004,4
"55045","Green County, Wisconsin","55","WI",520621.99398602,2206764.05177685,4
"55047","Green Lake County, Wisconsin","55","WI",557265.048194902,2333170.91065329,4
"55049","Iowa County, Wisconsin","55","WI",475305.776024902,2239202.37424449,4
"55051","Iron County, Wisconsin","55","WI",444650.140432113,2601555.88215479,4
"55053","Jackson County, Wisconsin","55","WI",417772.203390723,2387134.16114094,4
"55055","Jefferson County, Wisconsin","55","WI",584937.702610098,2248034.19895638,4
"55057","Juneau County, Wisconsin","55","WI",468731.210618177,2343547.31589052,4
"55059","Kenosha County, Wisconsin","55","WI",647047.280616488,2203153.79385536,4
"55061","Kewaunee County, Wisconsin","55","WI",663450.956190914,2419259.50895411,4
"55063","La Crosse County, Wisconsin","55","WI",389567.884556653,2333747.54203807,4
"55065","Lafayette County, Wisconsin","55","WI",477805.984698924,2201213.53334099,4
"55067","Langlade County, Wisconsin","55","WI",544566.48051413,2493519.97521195,4
"55069","Lincoln County, Wisconsin","55","WI",490508.227972901,2499584.31169526,4
"55071","Manitowoc County, Wisconsin","55","WI",649761.659283545,2374543.85851115,4
"55073","Marathon County, Wisconsin","55","WI",490663.01526922,2455815.26378386,4
"55075","Marinette County, Wisconsin","55","WI",613869.328373753,2515193.71642844,4
"55077","Marquette County, Wisconsin","55","WI",529962.064339948,2329977.91014272,4
"55078","Menominee County, Wisconsin","55","WI",571741.846614706,2465297.68331718,4
"55079","Milwaukee County, Wisconsin","55","WI",649409.800343435,2251913.37128538,4
"55081","Monroe County, Wisconsin","55","WI",430787.876355044,2339144.69507276,4
"55083","Oconto County, Wisconsin","55","WI",612154.410595035,2473410.4653329,4
"55085","Oneida County, Wisconsin","55","WI",502719.544461657,2538931.84645009,4
"55087","Outagamie County, Wisconsin","55","WI",597640.560457351,2408282.09821795,4
"55089","Ozaukee County, Wisconsin","55","WI",647737.50763008,2291223.13247866,4
"55091","Pepin County, Wisconsin","55","WI",310108.75158788,2403461.15308014,4
"55093","Pierce County, Wisconsin","55","WI",282391.633091668,2417616.24518591,4
"55095","Polk County, Wisconsin","55","WI",279668.800647258,2502975.30073782,4
"55097","Portage County, Wisconsin","55","WI",517486.137975424,2403897.51173691,4
"55099","Price County, Wisconsin","55","WI",439095.552112235,2537701.92100416,4
"55101","Racine County, Wisconsin","55","WI",646884.213318674,2219857.81325029,4
"55103","Richland County, Wisconsin","55","WI",449119.306755133,2275464.6692354,4
"55105","Rock County, Wisconsin","55","WI",564100.623020547,2204828.22860937,4
"55107","Rusk County, Wisconsin","55","WI",382248.227096817,2507333.22805938,4
"55109","St. Croix County, Wisconsin","55","WI",278288.777725731,2455030.60870128,4
"55111","Sauk County, Wisconsin","55","WI",491626.175993301,2282211.19262569,4
"55113","Sawyer County, Wisconsin","55","WI",379726.667355033,2556351.44290425,4
"55115","Shawano County, Wisconsin","55","WI",572907.235525805,2446735.8894605,4
"55117","Sheboygan County, Wisconsin","55","WI",646663.930734321,2330358.25983404,4
"55119","Taylor County, Wisconsin","55","WI",432701.904174114,2481296.50257515,4
"55121","Trempealeau County, Wisconsin","55","WI",370108.073985476,2374860.72990421,4
"55123","Vernon County, Wisconsin","55","WI",419629.979083847,2298759.76722994,4
"55125","Vilas County, Wisconsin","55","WI",508654.035366899,2582484.25871212,4
"55127","Walworth County, Wisconsin","55","WI",607133.083041735,2208970.61476704,4
"55129","Washburn County, Wisconsin","55","WI",327176.053317546,2553208.70108318,4
"55131","Washington County, Wisconsin","55","WI",625845.287602829,2289480.51782143,4
"55133","Waukesha County, Wisconsin","55","WI",623152.913861252,2250602.54873728,4
"55135","Waupaca County, Wisconsin","55","WI",556701.349333577,2406197.75300021,4
"55137","Waushara County, Wisconsin","55","WI",538701.585098731,2366457.08980089,4
"55139","Winnebago County, Wisconsin","55","WI",586415.5561642,2366880.49777283,4
"55141","Wood County, Wisconsin","55","WI",474127.848132588,2402805.14084589,4
"56001","Albany County, Wyoming","56","WY",-797436.783798232,2122775.90018702,4
"56003","Big Horn County, Wyoming","56","WY",-950987.328279685,2458341.48023035,2
"56005","Campbell County, Wyoming","56","WY",-759374.631540296,2397978.58644565,2
"56007","Carbon County, Wyoming","56","WY",-889212.222678653,2132390.4367754,2
"56009","Converse County, Wyoming","56","WY",-769417.757660917,2246390.79904444,4
"56011","Crook County, Wyoming","56","WY",-678044.290395201,2430152.62705223,4
"56013","Fremont County, Wyoming","56","WY",-1011210.39423056,2308900.94118561,2
"56015","Goshen County, Wyoming","56","WY",-685434.100504643,2151280.43544272,4
"56017","Hot Springs County, Wyoming","56","WY",-1005310.406762,2369526.79835887,2
"56019","Johnson County, Wyoming","56","WY",-842347.357923417,2387536.7763968,2
"56021","Laramie County, Wyoming","56","WY",-718833.090936666,2067812.0756997,4
"56023","Lincoln County, Wyoming","56","WY",-1205310.68241334,2249575.81287846,2
"56025","Natrona County, Wyoming","56","WY",-873465.612059666,2267641.97758051,2
"56027","Niobrara County, Wyoming","56","WY",-685263.950759012,2266514.9389523,4
"56029","Park County, Wyoming","56","WY",-1061696.07434858,2462719.89674299,2
"56031","Platte County, Wyoming","56","WY",-734954.097020324,2161191.66335163,4
"56033","Sheridan County, Wyoming","56","WY",-857623.571231259,2472137.05473636,2
"56035","Sublette County, Wyoming","56","WY",-1132342.85982671,2285331.69721178,2
"56037","Sweetwater County, Wyoming","56","WY",-1053304.65801599,2144419.60175243,2
"56039","Teton County, Wyoming","56","WY",-1158302.85610155,2422891.60720815,2
"56041","Uinta County, Wyoming","56","WY",-1206118.40042422,2111782.25293473,2
"56043","Washakie County, Wyoming","56","WY",-926372.646340115,2375407.71684996,2
"56045","Weston County, Wyoming","56","WY",-685432.373300926,2347528.94985724,4
