"task_id","cell_id","section","scenario_id","design_variant","sampling_design","n","p","predictor_rho","spatial_rho","local_correlation","snr","target_grid_side","replication","k_candidates","data_seed","fold_seed","seed"
"main-smooth_multiscale_local_sparse-baseline-n02000-p030-rx000-rs000-s10-rep-00001","main-smooth_multiscale_local_sparse-baseline-n02000-p030-rx000-rs000-s10","main","smooth_multiscale_local_sparse","baseline","uniform",2000,30,0,0,0,1,32,1,"62:124:248",20391190,20429914,20365556
"main-smooth_multiscale_local_sparse-baseline-n02000-p030-rx000-rs000-s10-rep-00002","main-smooth_multiscale_local_sparse-baseline-n02000-p030-rx000-rs000-s10","main","smooth_multiscale_local_sparse","baseline","uniform",2000,30,0,0,0,1,32,2,"62:124:248",20521553,20599001,20470285
"main-smooth_multiscale_local_sparse-baseline-n02000-p030-rx000-rs000-s10-rep-00003","main-smooth_multiscale_local_sparse-baseline-n02000-p030-rx000-rs000-s10","main","smooth_multiscale_local_sparse","baseline","uniform",2000,30,0,0,0,1,32,3,"62:124:248",20651916,20768088,20575014
"main-smooth_multiscale_local_sparse-baseline-n02000-p030-rx000-rs000-s10-rep-00004","main-smooth_multiscale_local_sparse-baseline-n02000-p030-rx000-rs000-s10","main","smooth_multiscale_local_sparse","baseline","uniform",2000,30,0,0,0,1,32,4,"62:124:248",20782279,20937175,20679743
"main-smooth_multiscale_local_sparse-baseline-n02000-p030-rx000-rs000-s10-rep-00005","main-smooth_multiscale_local_sparse-baseline-n02000-p030-rx000-rs000-s10","main","smooth_multiscale_local_sparse","baseline","uniform",2000,30,0,0,0,1,32,5,"62:124:248",20912642,21106262,20784472
"main-smooth_multiscale_local_sparse-baseline-n02000-p030-rx000-rs000-s10-rep-00006","main-smooth_multiscale_local_sparse-baseline-n02000-p030-rx000-rs000-s10","main","smooth_multiscale_local_sparse","baseline","uniform",2000,30,0,0,0,1,32,6,"62:124:248",21043005,21275349,20889201
"main-smooth_multiscale_local_sparse-baseline-n02000-p030-rx000-rs000-s10-rep-00007","main-smooth_multiscale_local_sparse-baseline-n02000-p030-rx000-rs000-s10","main","smooth_multiscale_local_sparse","baseline","uniform",2000,30,0,0,0,1,32,7,"62:124:248",21173368,21444436,20993930
"main-smooth_multiscale_local_sparse-baseline-n02000-p030-rx000-rs000-s10-rep-00008","main-smooth_multiscale_local_sparse-baseline-n02000-p030-rx000-rs000-s10","main","smooth_multiscale_local_sparse","baseline","uniform",2000,30,0,0,0,1,32,8,"62:124:248",21303731,21613523,21098659
"main-smooth_multiscale_local_sparse-baseline-n02000-p030-rx000-rs000-s10-rep-00009","main-smooth_multiscale_local_sparse-baseline-n02000-p030-rx000-rs000-s10","main","smooth_multiscale_local_sparse","baseline","uniform",2000,30,0,0,0,1,32,9,"62:124:248",21434094,21782610,21203388
"main-smooth_multiscale_local_sparse-baseline-n02000-p030-rx000-rs000-s10-rep-00010","main-smooth_multiscale_local_sparse-baseline-n02000-p030-rx000-rs000-s10","main","smooth_multiscale_local_sparse","baseline","uniform",2000,30,0,0,0,1,32,10,"62:124:248",21564457,21951697,21308117
"main-smooth_multiscale_local_sparse-baseline-n02000-p030-rx000-rs000-s10-rep-00011","main-smooth_multiscale_local_sparse-baseline-n02000-p030-rx000-rs000-s10","main","smooth_multiscale_local_sparse","baseline","uniform",2000,30,0,0,0,1,32,11,"62:124:248",21694820,22120784,21412846
"main-smooth_multiscale_local_sparse-baseline-n02000-p030-rx000-rs000-s10-rep-00012","main-smooth_multiscale_local_sparse-baseline-n02000-p030-rx000-rs000-s10","main","smooth_multiscale_local_sparse","baseline","uniform",2000,30,0,0,0,1,32,12,"62:124:248",21825183,22289871,21517575
"main-smooth_multiscale_local_sparse-baseline-n02000-p030-rx000-rs000-s10-rep-00013","main-smooth_multiscale_local_sparse-baseline-n02000-p030-rx000-rs000-s10","main","smooth_multiscale_local_sparse","baseline","uniform",2000,30,0,0,0,1,32,13,"62:124:248",21955546,22458958,21622304
"main-smooth_multiscale_local_sparse-baseline-n02000-p030-rx000-rs000-s10-rep-00014","main-smooth_multiscale_local_sparse-baseline-n02000-p030-rx000-rs000-s10","main","smooth_multiscale_local_sparse","baseline","uniform",2000,30,0,0,0,1,32,14,"62:124:248",22085909,22628045,21727033
"main-smooth_multiscale_local_sparse-baseline-n02000-p030-rx000-rs000-s10-rep-00015","main-smooth_multiscale_local_sparse-baseline-n02000-p030-rx000-rs000-s10","main","smooth_multiscale_local_sparse","baseline","uniform",2000,30,0,0,0,1,32,15,"62:124:248",22216272,22797132,21831762
"main-smooth_multiscale_local_sparse-baseline-n02000-p030-rx000-rs000-s10-rep-00016","main-smooth_multiscale_local_sparse-baseline-n02000-p030-rx000-rs000-s10","main","smooth_multiscale_local_sparse","baseline","uniform",2000,30,0,0,0,1,32,16,"62:124:248",22346635,22966219,21936491
"main-smooth_multiscale_local_sparse-baseline-n02000-p030-rx000-rs000-s10-rep-00017","main-smooth_multiscale_local_sparse-baseline-n02000-p030-rx000-rs000-s10","main","smooth_multiscale_local_sparse","baseline","uniform",2000,30,0,0,0,1,32,17,"62:124:248",22476998,23135306,22041220
"main-smooth_multiscale_local_sparse-baseline-n02000-p030-rx000-rs000-s10-rep-00018","main-smooth_multiscale_local_sparse-baseline-n02000-p030-rx000-rs000-s10","main","smooth_multiscale_local_sparse","baseline","uniform",2000,30,0,0,0,1,32,18,"62:124:248",22607361,23304393,22145949
"main-smooth_multiscale_local_sparse-baseline-n02000-p030-rx000-rs000-s10-rep-00019","main-smooth_multiscale_local_sparse-baseline-n02000-p030-rx000-rs000-s10","main","smooth_multiscale_local_sparse","baseline","uniform",2000,30,0,0,0,1,32,19,"62:124:248",22737724,23473480,22250678
"main-smooth_multiscale_local_sparse-baseline-n02000-p030-rx000-rs000-s10-rep-00020","main-smooth_multiscale_local_sparse-baseline-n02000-p030-rx000-rs000-s10","main","smooth_multiscale_local_sparse","baseline","uniform",2000,30,0,0,0,1,32,20,"62:124:248",22868087,23642567,22355407
"main-smooth_multiscale_local_sparse-baseline-n02000-p030-rx000-rs000-s10-rep-00021","main-smooth_multiscale_local_sparse-baseline-n02000-p030-rx000-rs000-s10","main","smooth_multiscale_local_sparse","baseline","uniform",2000,30,0,0,0,1,32,21,"62:124:248",22998450,23811654,22460136
"main-smooth_multiscale_local_sparse-baseline-n02000-p030-rx000-rs000-s10-rep-00022","main-smooth_multiscale_local_sparse-baseline-n02000-p030-rx000-rs000-s10","main","smooth_multiscale_local_sparse","baseline","uniform",2000,30,0,0,0,1,32,22,"62:124:248",23128813,23980741,22564865
"main-smooth_multiscale_local_sparse-baseline-n02000-p030-rx000-rs000-s10-rep-00023","main-smooth_multiscale_local_sparse-baseline-n02000-p030-rx000-rs000-s10","main","smooth_multiscale_local_sparse","baseline","uniform",2000,30,0,0,0,1,32,23,"62:124:248",23259176,24149828,22669594
"main-smooth_multiscale_local_sparse-baseline-n02000-p030-rx000-rs000-s10-rep-00024","main-smooth_multiscale_local_sparse-baseline-n02000-p030-rx000-rs000-s10","main","smooth_multiscale_local_sparse","baseline","uniform",2000,30,0,0,0,1,32,24,"62:124:248",23389539,24318915,22774323
"main-smooth_multiscale_local_sparse-baseline-n02000-p030-rx000-rs000-s10-rep-00025","main-smooth_multiscale_local_sparse-baseline-n02000-p030-rx000-rs000-s10","main","smooth_multiscale_local_sparse","baseline","uniform",2000,30,0,0,0,1,32,25,"62:124:248",23519902,24488002,22879052
"main-smooth_multiscale_local_sparse-baseline-n02000-p030-rx000-rs000-s10-rep-00026","main-smooth_multiscale_local_sparse-baseline-n02000-p030-rx000-rs000-s10","main","smooth_multiscale_local_sparse","baseline","uniform",2000,30,0,0,0,1,32,26,"62:124:248",23650265,24657089,22983781
"main-smooth_multiscale_local_sparse-baseline-n02000-p030-rx000-rs000-s10-rep-00027","main-smooth_multiscale_local_sparse-baseline-n02000-p030-rx000-rs000-s10","main","smooth_multiscale_local_sparse","baseline","uniform",2000,30,0,0,0,1,32,27,"62:124:248",23780628,24826176,23088510
"main-smooth_multiscale_local_sparse-baseline-n02000-p030-rx000-rs000-s10-rep-00028","main-smooth_multiscale_local_sparse-baseline-n02000-p030-rx000-rs000-s10","main","smooth_multiscale_local_sparse","baseline","uniform",2000,30,0,0,0,1,32,28,"62:124:248",23910991,24995263,23193239
"main-smooth_multiscale_local_sparse-baseline-n02000-p030-rx000-rs000-s10-rep-00029","main-smooth_multiscale_local_sparse-baseline-n02000-p030-rx000-rs000-s10","main","smooth_multiscale_local_sparse","baseline","uniform",2000,30,0,0,0,1,32,29,"62:124:248",24041354,25164350,23297968
"main-smooth_multiscale_local_sparse-baseline-n02000-p030-rx000-rs000-s10-rep-00030","main-smooth_multiscale_local_sparse-baseline-n02000-p030-rx000-rs000-s10","main","smooth_multiscale_local_sparse","baseline","uniform",2000,30,0,0,0,1,32,30,"62:124:248",24171717,25333437,23402697
"main-smooth_multiscale_local_sparse-baseline-n02000-p030-rx000-rs000-s10-rep-00031","main-smooth_multiscale_local_sparse-baseline-n02000-p030-rx000-rs000-s10","main","smooth_multiscale_local_sparse","baseline","uniform",2000,30,0,0,0,1,32,31,"62:124:248",24302080,25502524,23507426
"main-smooth_multiscale_local_sparse-baseline-n02000-p030-rx000-rs000-s10-rep-00032","main-smooth_multiscale_local_sparse-baseline-n02000-p030-rx000-rs000-s10","main","smooth_multiscale_local_sparse","baseline","uniform",2000,30,0,0,0,1,32,32,"62:124:248",24432443,25671611,23612155
"main-smooth_multiscale_local_sparse-baseline-n02000-p030-rx000-rs000-s10-rep-00033","main-smooth_multiscale_local_sparse-baseline-n02000-p030-rx000-rs000-s10","main","smooth_multiscale_local_sparse","baseline","uniform",2000,30,0,0,0,1,32,33,"62:124:248",24562806,25840698,23716884
"main-smooth_multiscale_local_sparse-baseline-n02000-p030-rx000-rs000-s10-rep-00034","main-smooth_multiscale_local_sparse-baseline-n02000-p030-rx000-rs000-s10","main","smooth_multiscale_local_sparse","baseline","uniform",2000,30,0,0,0,1,32,34,"62:124:248",24693169,26009785,23821613
"main-smooth_multiscale_local_sparse-baseline-n02000-p030-rx000-rs000-s10-rep-00035","main-smooth_multiscale_local_sparse-baseline-n02000-p030-rx000-rs000-s10","main","smooth_multiscale_local_sparse","baseline","uniform",2000,30,0,0,0,1,32,35,"62:124:248",24823532,26178872,23926342
"main-smooth_multiscale_local_sparse-baseline-n02000-p030-rx000-rs000-s10-rep-00036","main-smooth_multiscale_local_sparse-baseline-n02000-p030-rx000-rs000-s10","main","smooth_multiscale_local_sparse","baseline","uniform",2000,30,0,0,0,1,32,36,"62:124:248",24953895,26347959,24031071
"main-smooth_multiscale_local_sparse-baseline-n02000-p030-rx000-rs000-s10-rep-00037","main-smooth_multiscale_local_sparse-baseline-n02000-p030-rx000-rs000-s10","main","smooth_multiscale_local_sparse","baseline","uniform",2000,30,0,0,0,1,32,37,"62:124:248",25084258,26517046,24135800
"main-smooth_multiscale_local_sparse-baseline-n02000-p030-rx000-rs000-s10-rep-00038","main-smooth_multiscale_local_sparse-baseline-n02000-p030-rx000-rs000-s10","main","smooth_multiscale_local_sparse","baseline","uniform",2000,30,0,0,0,1,32,38,"62:124:248",25214621,26686133,24240529
"main-smooth_multiscale_local_sparse-baseline-n02000-p030-rx000-rs000-s10-rep-00039","main-smooth_multiscale_local_sparse-baseline-n02000-p030-rx000-rs000-s10","main","smooth_multiscale_local_sparse","baseline","uniform",2000,30,0,0,0,1,32,39,"62:124:248",25344984,26855220,24345258
"main-smooth_multiscale_local_sparse-baseline-n02000-p030-rx000-rs000-s10-rep-00040","main-smooth_multiscale_local_sparse-baseline-n02000-p030-rx000-rs000-s10","main","smooth_multiscale_local_sparse","baseline","uniform",2000,30,0,0,0,1,32,40,"62:124:248",25475347,27024307,24449987
"main-smooth_multiscale_local_sparse-baseline-n02000-p030-rx000-rs000-s10-rep-00041","main-smooth_multiscale_local_sparse-baseline-n02000-p030-rx000-rs000-s10","main","smooth_multiscale_local_sparse","baseline","uniform",2000,30,0,0,0,1,32,41,"62:124:248",25605710,27193394,24554716
"main-smooth_multiscale_local_sparse-baseline-n02000-p030-rx000-rs000-s10-rep-00042","main-smooth_multiscale_local_sparse-baseline-n02000-p030-rx000-rs000-s10","main","smooth_multiscale_local_sparse","baseline","uniform",2000,30,0,0,0,1,32,42,"62:124:248",25736073,27362481,24659445
"main-smooth_multiscale_local_sparse-baseline-n02000-p030-rx000-rs000-s10-rep-00043","main-smooth_multiscale_local_sparse-baseline-n02000-p030-rx000-rs000-s10","main","smooth_multiscale_local_sparse","baseline","uniform",2000,30,0,0,0,1,32,43,"62:124:248",25866436,27531568,24764174
"main-smooth_multiscale_local_sparse-baseline-n02000-p030-rx000-rs000-s10-rep-00044","main-smooth_multiscale_local_sparse-baseline-n02000-p030-rx000-rs000-s10","main","smooth_multiscale_local_sparse","baseline","uniform",2000,30,0,0,0,1,32,44,"62:124:248",25996799,27700655,24868903
"main-smooth_multiscale_local_sparse-baseline-n02000-p030-rx000-rs000-s10-rep-00045","main-smooth_multiscale_local_sparse-baseline-n02000-p030-rx000-rs000-s10","main","smooth_multiscale_local_sparse","baseline","uniform",2000,30,0,0,0,1,32,45,"62:124:248",26127162,27869742,24973632
"main-smooth_multiscale_local_sparse-baseline-n02000-p030-rx000-rs000-s10-rep-00046","main-smooth_multiscale_local_sparse-baseline-n02000-p030-rx000-rs000-s10","main","smooth_multiscale_local_sparse","baseline","uniform",2000,30,0,0,0,1,32,46,"62:124:248",26257525,28038829,25078361
"main-smooth_multiscale_local_sparse-baseline-n02000-p030-rx000-rs000-s10-rep-00047","main-smooth_multiscale_local_sparse-baseline-n02000-p030-rx000-rs000-s10","main","smooth_multiscale_local_sparse","baseline","uniform",2000,30,0,0,0,1,32,47,"62:124:248",26387888,28207916,25183090
"main-smooth_multiscale_local_sparse-baseline-n02000-p030-rx000-rs000-s10-rep-00048","main-smooth_multiscale_local_sparse-baseline-n02000-p030-rx000-rs000-s10","main","smooth_multiscale_local_sparse","baseline","uniform",2000,30,0,0,0,1,32,48,"62:124:248",26518251,28377003,25287819
"main-smooth_multiscale_local_sparse-baseline-n02000-p030-rx000-rs000-s10-rep-00049","main-smooth_multiscale_local_sparse-baseline-n02000-p030-rx000-rs000-s10","main","smooth_multiscale_local_sparse","baseline","uniform",2000,30,0,0,0,1,32,49,"62:124:248",26648614,28546090,25392548
"main-smooth_multiscale_local_sparse-baseline-n02000-p030-rx000-rs000-s10-rep-00050","main-smooth_multiscale_local_sparse-baseline-n02000-p030-rx000-rs000-s10","main","smooth_multiscale_local_sparse","baseline","uniform",2000,30,0,0,0,1,32,50,"62:124:248",26778977,28715177,25497277
"main-regional_sparse_discontinuous-baseline-n02000-p030-rx000-rs000-s10-rep-00001","main-regional_sparse_discontinuous-baseline-n02000-p030-rx000-rs000-s10","main","regional_sparse_discontinuous","baseline","uniform",2000,30,0,0,0,1,32,1,"62:124:248",26909340,28884264,25602006
"main-regional_sparse_discontinuous-baseline-n02000-p030-rx000-rs000-s10-rep-00002","main-regional_sparse_discontinuous-baseline-n02000-p030-rx000-rs000-s10","main","regional_sparse_discontinuous","baseline","uniform",2000,30,0,0,0,1,32,2,"62:124:248",27039703,29053351,25706735
"main-regional_sparse_discontinuous-baseline-n02000-p030-rx000-rs000-s10-rep-00003","main-regional_sparse_discontinuous-baseline-n02000-p030-rx000-rs000-s10","main","regional_sparse_discontinuous","baseline","uniform",2000,30,0,0,0,1,32,3,"62:124:248",27170066,29222438,25811464
"main-regional_sparse_discontinuous-baseline-n02000-p030-rx000-rs000-s10-rep-00004","main-regional_sparse_discontinuous-baseline-n02000-p030-rx000-rs000-s10","main","regional_sparse_discontinuous","baseline","uniform",2000,30,0,0,0,1,32,4,"62:124:248",27300429,29391525,25916193
"main-regional_sparse_discontinuous-baseline-n02000-p030-rx000-rs000-s10-rep-00005","main-regional_sparse_discontinuous-baseline-n02000-p030-rx000-rs000-s10","main","regional_sparse_discontinuous","baseline","uniform",2000,30,0,0,0,1,32,5,"62:124:248",27430792,29560612,26020922
"main-regional_sparse_discontinuous-baseline-n02000-p030-rx000-rs000-s10-rep-00006","main-regional_sparse_discontinuous-baseline-n02000-p030-rx000-rs000-s10","main","regional_sparse_discontinuous","baseline","uniform",2000,30,0,0,0,1,32,6,"62:124:248",27561155,29729699,26125651
"main-regional_sparse_discontinuous-baseline-n02000-p030-rx000-rs000-s10-rep-00007","main-regional_sparse_discontinuous-baseline-n02000-p030-rx000-rs000-s10","main","regional_sparse_discontinuous","baseline","uniform",2000,30,0,0,0,1,32,7,"62:124:248",27691518,29898786,26230380
"main-regional_sparse_discontinuous-baseline-n02000-p030-rx000-rs000-s10-rep-00008","main-regional_sparse_discontinuous-baseline-n02000-p030-rx000-rs000-s10","main","regional_sparse_discontinuous","baseline","uniform",2000,30,0,0,0,1,32,8,"62:124:248",27821881,30067873,26335109
"main-regional_sparse_discontinuous-baseline-n02000-p030-rx000-rs000-s10-rep-00009","main-regional_sparse_discontinuous-baseline-n02000-p030-rx000-rs000-s10","main","regional_sparse_discontinuous","baseline","uniform",2000,30,0,0,0,1,32,9,"62:124:248",27952244,30236960,26439838
"main-regional_sparse_discontinuous-baseline-n02000-p030-rx000-rs000-s10-rep-00010","main-regional_sparse_discontinuous-baseline-n02000-p030-rx000-rs000-s10","main","regional_sparse_discontinuous","baseline","uniform",2000,30,0,0,0,1,32,10,"62:124:248",28082607,30406047,26544567
"main-regional_sparse_discontinuous-baseline-n02000-p030-rx000-rs000-s10-rep-00011","main-regional_sparse_discontinuous-baseline-n02000-p030-rx000-rs000-s10","main","regional_sparse_discontinuous","baseline","uniform",2000,30,0,0,0,1,32,11,"62:124:248",28212970,30575134,26649296
"main-regional_sparse_discontinuous-baseline-n02000-p030-rx000-rs000-s10-rep-00012","main-regional_sparse_discontinuous-baseline-n02000-p030-rx000-rs000-s10","main","regional_sparse_discontinuous","baseline","uniform",2000,30,0,0,0,1,32,12,"62:124:248",28343333,30744221,26754025
"main-regional_sparse_discontinuous-baseline-n02000-p030-rx000-rs000-s10-rep-00013","main-regional_sparse_discontinuous-baseline-n02000-p030-rx000-rs000-s10","main","regional_sparse_discontinuous","baseline","uniform",2000,30,0,0,0,1,32,13,"62:124:248",28473696,30913308,26858754
"main-regional_sparse_discontinuous-baseline-n02000-p030-rx000-rs000-s10-rep-00014","main-regional_sparse_discontinuous-baseline-n02000-p030-rx000-rs000-s10","main","regional_sparse_discontinuous","baseline","uniform",2000,30,0,0,0,1,32,14,"62:124:248",28604059,31082395,26963483
"main-regional_sparse_discontinuous-baseline-n02000-p030-rx000-rs000-s10-rep-00015","main-regional_sparse_discontinuous-baseline-n02000-p030-rx000-rs000-s10","main","regional_sparse_discontinuous","baseline","uniform",2000,30,0,0,0,1,32,15,"62:124:248",28734422,31251482,27068212
"main-regional_sparse_discontinuous-baseline-n02000-p030-rx000-rs000-s10-rep-00016","main-regional_sparse_discontinuous-baseline-n02000-p030-rx000-rs000-s10","main","regional_sparse_discontinuous","baseline","uniform",2000,30,0,0,0,1,32,16,"62:124:248",28864785,31420569,27172941
"main-regional_sparse_discontinuous-baseline-n02000-p030-rx000-rs000-s10-rep-00017","main-regional_sparse_discontinuous-baseline-n02000-p030-rx000-rs000-s10","main","regional_sparse_discontinuous","baseline","uniform",2000,30,0,0,0,1,32,17,"62:124:248",28995148,31589656,27277670
"main-regional_sparse_discontinuous-baseline-n02000-p030-rx000-rs000-s10-rep-00018","main-regional_sparse_discontinuous-baseline-n02000-p030-rx000-rs000-s10","main","regional_sparse_discontinuous","baseline","uniform",2000,30,0,0,0,1,32,18,"62:124:248",29125511,31758743,27382399
"main-regional_sparse_discontinuous-baseline-n02000-p030-rx000-rs000-s10-rep-00019","main-regional_sparse_discontinuous-baseline-n02000-p030-rx000-rs000-s10","main","regional_sparse_discontinuous","baseline","uniform",2000,30,0,0,0,1,32,19,"62:124:248",29255874,31927830,27487128
"main-regional_sparse_discontinuous-baseline-n02000-p030-rx000-rs000-s10-rep-00020","main-regional_sparse_discontinuous-baseline-n02000-p030-rx000-rs000-s10","main","regional_sparse_discontinuous","baseline","uniform",2000,30,0,0,0,1,32,20,"62:124:248",29386237,32096917,27591857
"main-regional_sparse_discontinuous-baseline-n02000-p030-rx000-rs000-s10-rep-00021","main-regional_sparse_discontinuous-baseline-n02000-p030-rx000-rs000-s10","main","regional_sparse_discontinuous","baseline","uniform",2000,30,0,0,0,1,32,21,"62:124:248",29516600,32266004,27696586
"main-regional_sparse_discontinuous-baseline-n02000-p030-rx000-rs000-s10-rep-00022","main-regional_sparse_discontinuous-baseline-n02000-p030-rx000-rs000-s10","main","regional_sparse_discontinuous","baseline","uniform",2000,30,0,0,0,1,32,22,"62:124:248",29646963,32435091,27801315
"main-regional_sparse_discontinuous-baseline-n02000-p030-rx000-rs000-s10-rep-00023","main-regional_sparse_discontinuous-baseline-n02000-p030-rx000-rs000-s10","main","regional_sparse_discontinuous","baseline","uniform",2000,30,0,0,0,1,32,23,"62:124:248",29777326,32604178,27906044
"main-regional_sparse_discontinuous-baseline-n02000-p030-rx000-rs000-s10-rep-00024","main-regional_sparse_discontinuous-baseline-n02000-p030-rx000-rs000-s10","main","regional_sparse_discontinuous","baseline","uniform",2000,30,0,0,0,1,32,24,"62:124:248",29907689,32773265,28010773
"main-regional_sparse_discontinuous-baseline-n02000-p030-rx000-rs000-s10-rep-00025","main-regional_sparse_discontinuous-baseline-n02000-p030-rx000-rs000-s10","main","regional_sparse_discontinuous","baseline","uniform",2000,30,0,0,0,1,32,25,"62:124:248",30038052,32942352,28115502
"main-regional_sparse_discontinuous-baseline-n02000-p030-rx000-rs000-s10-rep-00026","main-regional_sparse_discontinuous-baseline-n02000-p030-rx000-rs000-s10","main","regional_sparse_discontinuous","baseline","uniform",2000,30,0,0,0,1,32,26,"62:124:248",30168415,33111439,28220231
"main-regional_sparse_discontinuous-baseline-n02000-p030-rx000-rs000-s10-rep-00027","main-regional_sparse_discontinuous-baseline-n02000-p030-rx000-rs000-s10","main","regional_sparse_discontinuous","baseline","uniform",2000,30,0,0,0,1,32,27,"62:124:248",30298778,33280526,28324960
"main-regional_sparse_discontinuous-baseline-n02000-p030-rx000-rs000-s10-rep-00028","main-regional_sparse_discontinuous-baseline-n02000-p030-rx000-rs000-s10","main","regional_sparse_discontinuous","baseline","uniform",2000,30,0,0,0,1,32,28,"62:124:248",30429141,33449613,28429689
"main-regional_sparse_discontinuous-baseline-n02000-p030-rx000-rs000-s10-rep-00029","main-regional_sparse_discontinuous-baseline-n02000-p030-rx000-rs000-s10","main","regional_sparse_discontinuous","baseline","uniform",2000,30,0,0,0,1,32,29,"62:124:248",30559504,33618700,28534418
"main-regional_sparse_discontinuous-baseline-n02000-p030-rx000-rs000-s10-rep-00030","main-regional_sparse_discontinuous-baseline-n02000-p030-rx000-rs000-s10","main","regional_sparse_discontinuous","baseline","uniform",2000,30,0,0,0,1,32,30,"62:124:248",30689867,33787787,28639147
"main-regional_sparse_discontinuous-baseline-n02000-p030-rx000-rs000-s10-rep-00031","main-regional_sparse_discontinuous-baseline-n02000-p030-rx000-rs000-s10","main","regional_sparse_discontinuous","baseline","uniform",2000,30,0,0,0,1,32,31,"62:124:248",30820230,33956874,28743876
"main-regional_sparse_discontinuous-baseline-n02000-p030-rx000-rs000-s10-rep-00032","main-regional_sparse_discontinuous-baseline-n02000-p030-rx000-rs000-s10","main","regional_sparse_discontinuous","baseline","uniform",2000,30,0,0,0,1,32,32,"62:124:248",30950593,34125961,28848605
"main-regional_sparse_discontinuous-baseline-n02000-p030-rx000-rs000-s10-rep-00033","main-regional_sparse_discontinuous-baseline-n02000-p030-rx000-rs000-s10","main","regional_sparse_discontinuous","baseline","uniform",2000,30,0,0,0,1,32,33,"62:124:248",31080956,34295048,28953334
"main-regional_sparse_discontinuous-baseline-n02000-p030-rx000-rs000-s10-rep-00034","main-regional_sparse_discontinuous-baseline-n02000-p030-rx000-rs000-s10","main","regional_sparse_discontinuous","baseline","uniform",2000,30,0,0,0,1,32,34,"62:124:248",31211319,34464135,29058063
"main-regional_sparse_discontinuous-baseline-n02000-p030-rx000-rs000-s10-rep-00035","main-regional_sparse_discontinuous-baseline-n02000-p030-rx000-rs000-s10","main","regional_sparse_discontinuous","baseline","uniform",2000,30,0,0,0,1,32,35,"62:124:248",31341682,34633222,29162792
"main-regional_sparse_discontinuous-baseline-n02000-p030-rx000-rs000-s10-rep-00036","main-regional_sparse_discontinuous-baseline-n02000-p030-rx000-rs000-s10","main","regional_sparse_discontinuous","baseline","uniform",2000,30,0,0,0,1,32,36,"62:124:248",31472045,34802309,29267521
"main-regional_sparse_discontinuous-baseline-n02000-p030-rx000-rs000-s10-rep-00037","main-regional_sparse_discontinuous-baseline-n02000-p030-rx000-rs000-s10","main","regional_sparse_discontinuous","baseline","uniform",2000,30,0,0,0,1,32,37,"62:124:248",31602408,34971396,29372250
"main-regional_sparse_discontinuous-baseline-n02000-p030-rx000-rs000-s10-rep-00038","main-regional_sparse_discontinuous-baseline-n02000-p030-rx000-rs000-s10","main","regional_sparse_discontinuous","baseline","uniform",2000,30,0,0,0,1,32,38,"62:124:248",31732771,35140483,29476979
"main-regional_sparse_discontinuous-baseline-n02000-p030-rx000-rs000-s10-rep-00039","main-regional_sparse_discontinuous-baseline-n02000-p030-rx000-rs000-s10","main","regional_sparse_discontinuous","baseline","uniform",2000,30,0,0,0,1,32,39,"62:124:248",31863134,35309570,29581708
"main-regional_sparse_discontinuous-baseline-n02000-p030-rx000-rs000-s10-rep-00040","main-regional_sparse_discontinuous-baseline-n02000-p030-rx000-rs000-s10","main","regional_sparse_discontinuous","baseline","uniform",2000,30,0,0,0,1,32,40,"62:124:248",31993497,35478657,29686437
"main-regional_sparse_discontinuous-baseline-n02000-p030-rx000-rs000-s10-rep-00041","main-regional_sparse_discontinuous-baseline-n02000-p030-rx000-rs000-s10","main","regional_sparse_discontinuous","baseline","uniform",2000,30,0,0,0,1,32,41,"62:124:248",32123860,35647744,29791166
"main-regional_sparse_discontinuous-baseline-n02000-p030-rx000-rs000-s10-rep-00042","main-regional_sparse_discontinuous-baseline-n02000-p030-rx000-rs000-s10","main","regional_sparse_discontinuous","baseline","uniform",2000,30,0,0,0,1,32,42,"62:124:248",32254223,35816831,29895895
"main-regional_sparse_discontinuous-baseline-n02000-p030-rx000-rs000-s10-rep-00043","main-regional_sparse_discontinuous-baseline-n02000-p030-rx000-rs000-s10","main","regional_sparse_discontinuous","baseline","uniform",2000,30,0,0,0,1,32,43,"62:124:248",32384586,35985918,30000624
"main-regional_sparse_discontinuous-baseline-n02000-p030-rx000-rs000-s10-rep-00044","main-regional_sparse_discontinuous-baseline-n02000-p030-rx000-rs000-s10","main","regional_sparse_discontinuous","baseline","uniform",2000,30,0,0,0,1,32,44,"62:124:248",32514949,36155005,30105353
"main-regional_sparse_discontinuous-baseline-n02000-p030-rx000-rs000-s10-rep-00045","main-regional_sparse_discontinuous-baseline-n02000-p030-rx000-rs000-s10","main","regional_sparse_discontinuous","baseline","uniform",2000,30,0,0,0,1,32,45,"62:124:248",32645312,36324092,30210082
"main-regional_sparse_discontinuous-baseline-n02000-p030-rx000-rs000-s10-rep-00046","main-regional_sparse_discontinuous-baseline-n02000-p030-rx000-rs000-s10","main","regional_sparse_discontinuous","baseline","uniform",2000,30,0,0,0,1,32,46,"62:124:248",32775675,36493179,30314811
"main-regional_sparse_discontinuous-baseline-n02000-p030-rx000-rs000-s10-rep-00047","main-regional_sparse_discontinuous-baseline-n02000-p030-rx000-rs000-s10","main","regional_sparse_discontinuous","baseline","uniform",2000,30,0,0,0,1,32,47,"62:124:248",32906038,36662266,30419540
"main-regional_sparse_discontinuous-baseline-n02000-p030-rx000-rs000-s10-rep-00048","main-regional_sparse_discontinuous-baseline-n02000-p030-rx000-rs000-s10","main","regional_sparse_discontinuous","baseline","uniform",2000,30,0,0,0,1,32,48,"62:124:248",33036401,36831353,30524269
"main-regional_sparse_discontinuous-baseline-n02000-p030-rx000-rs000-s10-rep-00049","main-regional_sparse_discontinuous-baseline-n02000-p030-rx000-rs000-s10","main","regional_sparse_discontinuous","baseline","uniform",2000,30,0,0,0,1,32,49,"62:124:248",33166764,37000440,30628998
"main-regional_sparse_discontinuous-baseline-n02000-p030-rx000-rs000-s10-rep-00050","main-regional_sparse_discontinuous-baseline-n02000-p030-rx000-rs000-s10","main","regional_sparse_discontinuous","baseline","uniform",2000,30,0,0,0,1,32,50,"62:124:248",33297127,37169527,30733727
"main-smooth_multiscale_local_sparse-baseline-n10000-p030-rx000-rs000-s10-rep-00001","main-smooth_multiscale_local_sparse-baseline-n10000-p030-rx000-rs000-s10","main","smooth_multiscale_local_sparse","baseline","uniform",10000,30,0,0,0,1,32,1,"250:500:1000",33427490,37338614,30838456
"main-smooth_multiscale_local_sparse-baseline-n10000-p030-rx000-rs000-s10-rep-00002","main-smooth_multiscale_local_sparse-baseline-n10000-p030-rx000-rs000-s10","main","smooth_multiscale_local_sparse","baseline","uniform",10000,30,0,0,0,1,32,2,"250:500:1000",33557853,37507701,30943185
"main-smooth_multiscale_local_sparse-baseline-n10000-p030-rx000-rs000-s10-rep-00003","main-smooth_multiscale_local_sparse-baseline-n10000-p030-rx000-rs000-s10","main","smooth_multiscale_local_sparse","baseline","uniform",10000,30,0,0,0,1,32,3,"250:500:1000",33688216,37676788,31047914
"main-smooth_multiscale_local_sparse-baseline-n10000-p030-rx000-rs000-s10-rep-00004","main-smooth_multiscale_local_sparse-baseline-n10000-p030-rx000-rs000-s10","main","smooth_multiscale_local_sparse","baseline","uniform",10000,30,0,0,0,1,32,4,"250:500:1000",33818579,37845875,31152643
"main-smooth_multiscale_local_sparse-baseline-n10000-p030-rx000-rs000-s10-rep-00005","main-smooth_multiscale_local_sparse-baseline-n10000-p030-rx000-rs000-s10","main","smooth_multiscale_local_sparse","baseline","uniform",10000,30,0,0,0,1,32,5,"250:500:1000",33948942,38014962,31257372
"main-smooth_multiscale_local_sparse-baseline-n10000-p030-rx000-rs000-s10-rep-00006","main-smooth_multiscale_local_sparse-baseline-n10000-p030-rx000-rs000-s10","main","smooth_multiscale_local_sparse","baseline","uniform",10000,30,0,0,0,1,32,6,"250:500:1000",34079305,38184049,31362101
"main-smooth_multiscale_local_sparse-baseline-n10000-p030-rx000-rs000-s10-rep-00007","main-smooth_multiscale_local_sparse-baseline-n10000-p030-rx000-rs000-s10","main","smooth_multiscale_local_sparse","baseline","uniform",10000,30,0,0,0,1,32,7,"250:500:1000",34209668,38353136,31466830
"main-smooth_multiscale_local_sparse-baseline-n10000-p030-rx000-rs000-s10-rep-00008","main-smooth_multiscale_local_sparse-baseline-n10000-p030-rx000-rs000-s10","main","smooth_multiscale_local_sparse","baseline","uniform",10000,30,0,0,0,1,32,8,"250:500:1000",34340031,38522223,31571559
"main-smooth_multiscale_local_sparse-baseline-n10000-p030-rx000-rs000-s10-rep-00009","main-smooth_multiscale_local_sparse-baseline-n10000-p030-rx000-rs000-s10","main","smooth_multiscale_local_sparse","baseline","uniform",10000,30,0,0,0,1,32,9,"250:500:1000",34470394,38691310,31676288
"main-smooth_multiscale_local_sparse-baseline-n10000-p030-rx000-rs000-s10-rep-00010","main-smooth_multiscale_local_sparse-baseline-n10000-p030-rx000-rs000-s10","main","smooth_multiscale_local_sparse","baseline","uniform",10000,30,0,0,0,1,32,10,"250:500:1000",34600757,38860397,31781017
"main-smooth_multiscale_local_sparse-baseline-n10000-p030-rx000-rs000-s10-rep-00011","main-smooth_multiscale_local_sparse-baseline-n10000-p030-rx000-rs000-s10","main","smooth_multiscale_local_sparse","baseline","uniform",10000,30,0,0,0,1,32,11,"250:500:1000",34731120,39029484,31885746
"main-smooth_multiscale_local_sparse-baseline-n10000-p030-rx000-rs000-s10-rep-00012","main-smooth_multiscale_local_sparse-baseline-n10000-p030-rx000-rs000-s10","main","smooth_multiscale_local_sparse","baseline","uniform",10000,30,0,0,0,1,32,12,"250:500:1000",34861483,39198571,31990475
"main-smooth_multiscale_local_sparse-baseline-n10000-p030-rx000-rs000-s10-rep-00013","main-smooth_multiscale_local_sparse-baseline-n10000-p030-rx000-rs000-s10","main","smooth_multiscale_local_sparse","baseline","uniform",10000,30,0,0,0,1,32,13,"250:500:1000",34991846,39367658,32095204
"main-smooth_multiscale_local_sparse-baseline-n10000-p030-rx000-rs000-s10-rep-00014","main-smooth_multiscale_local_sparse-baseline-n10000-p030-rx000-rs000-s10","main","smooth_multiscale_local_sparse","baseline","uniform",10000,30,0,0,0,1,32,14,"250:500:1000",35122209,39536745,32199933
"main-smooth_multiscale_local_sparse-baseline-n10000-p030-rx000-rs000-s10-rep-00015","main-smooth_multiscale_local_sparse-baseline-n10000-p030-rx000-rs000-s10","main","smooth_multiscale_local_sparse","baseline","uniform",10000,30,0,0,0,1,32,15,"250:500:1000",35252572,39705832,32304662
"main-smooth_multiscale_local_sparse-baseline-n10000-p030-rx000-rs000-s10-rep-00016","main-smooth_multiscale_local_sparse-baseline-n10000-p030-rx000-rs000-s10","main","smooth_multiscale_local_sparse","baseline","uniform",10000,30,0,0,0,1,32,16,"250:500:1000",35382935,39874919,32409391
"main-smooth_multiscale_local_sparse-baseline-n10000-p030-rx000-rs000-s10-rep-00017","main-smooth_multiscale_local_sparse-baseline-n10000-p030-rx000-rs000-s10","main","smooth_multiscale_local_sparse","baseline","uniform",10000,30,0,0,0,1,32,17,"250:500:1000",35513298,40044006,32514120
"main-smooth_multiscale_local_sparse-baseline-n10000-p030-rx000-rs000-s10-rep-00018","main-smooth_multiscale_local_sparse-baseline-n10000-p030-rx000-rs000-s10","main","smooth_multiscale_local_sparse","baseline","uniform",10000,30,0,0,0,1,32,18,"250:500:1000",35643661,40213093,32618849
"main-smooth_multiscale_local_sparse-baseline-n10000-p030-rx000-rs000-s10-rep-00019","main-smooth_multiscale_local_sparse-baseline-n10000-p030-rx000-rs000-s10","main","smooth_multiscale_local_sparse","baseline","uniform",10000,30,0,0,0,1,32,19,"250:500:1000",35774024,40382180,32723578
"main-smooth_multiscale_local_sparse-baseline-n10000-p030-rx000-rs000-s10-rep-00020","main-smooth_multiscale_local_sparse-baseline-n10000-p030-rx000-rs000-s10","main","smooth_multiscale_local_sparse","baseline","uniform",10000,30,0,0,0,1,32,20,"250:500:1000",35904387,40551267,32828307
"main-smooth_multiscale_local_sparse-baseline-n10000-p030-rx000-rs000-s10-rep-00021","main-smooth_multiscale_local_sparse-baseline-n10000-p030-rx000-rs000-s10","main","smooth_multiscale_local_sparse","baseline","uniform",10000,30,0,0,0,1,32,21,"250:500:1000",36034750,40720354,32933036
"main-smooth_multiscale_local_sparse-baseline-n10000-p030-rx000-rs000-s10-rep-00022","main-smooth_multiscale_local_sparse-baseline-n10000-p030-rx000-rs000-s10","main","smooth_multiscale_local_sparse","baseline","uniform",10000,30,0,0,0,1,32,22,"250:500:1000",36165113,40889441,33037765
"main-smooth_multiscale_local_sparse-baseline-n10000-p030-rx000-rs000-s10-rep-00023","main-smooth_multiscale_local_sparse-baseline-n10000-p030-rx000-rs000-s10","main","smooth_multiscale_local_sparse","baseline","uniform",10000,30,0,0,0,1,32,23,"250:500:1000",36295476,41058528,33142494
"main-smooth_multiscale_local_sparse-baseline-n10000-p030-rx000-rs000-s10-rep-00024","main-smooth_multiscale_local_sparse-baseline-n10000-p030-rx000-rs000-s10","main","smooth_multiscale_local_sparse","baseline","uniform",10000,30,0,0,0,1,32,24,"250:500:1000",36425839,41227615,33247223
"main-smooth_multiscale_local_sparse-baseline-n10000-p030-rx000-rs000-s10-rep-00025","main-smooth_multiscale_local_sparse-baseline-n10000-p030-rx000-rs000-s10","main","smooth_multiscale_local_sparse","baseline","uniform",10000,30,0,0,0,1,32,25,"250:500:1000",36556202,41396702,33351952
"main-smooth_multiscale_local_sparse-baseline-n10000-p030-rx000-rs000-s10-rep-00026","main-smooth_multiscale_local_sparse-baseline-n10000-p030-rx000-rs000-s10","main","smooth_multiscale_local_sparse","baseline","uniform",10000,30,0,0,0,1,32,26,"250:500:1000",36686565,41565789,33456681
"main-smooth_multiscale_local_sparse-baseline-n10000-p030-rx000-rs000-s10-rep-00027","main-smooth_multiscale_local_sparse-baseline-n10000-p030-rx000-rs000-s10","main","smooth_multiscale_local_sparse","baseline","uniform",10000,30,0,0,0,1,32,27,"250:500:1000",36816928,41734876,33561410
"main-smooth_multiscale_local_sparse-baseline-n10000-p030-rx000-rs000-s10-rep-00028","main-smooth_multiscale_local_sparse-baseline-n10000-p030-rx000-rs000-s10","main","smooth_multiscale_local_sparse","baseline","uniform",10000,30,0,0,0,1,32,28,"250:500:1000",36947291,41903963,33666139
"main-smooth_multiscale_local_sparse-baseline-n10000-p030-rx000-rs000-s10-rep-00029","main-smooth_multiscale_local_sparse-baseline-n10000-p030-rx000-rs000-s10","main","smooth_multiscale_local_sparse","baseline","uniform",10000,30,0,0,0,1,32,29,"250:500:1000",37077654,42073050,33770868
"main-smooth_multiscale_local_sparse-baseline-n10000-p030-rx000-rs000-s10-rep-00030","main-smooth_multiscale_local_sparse-baseline-n10000-p030-rx000-rs000-s10","main","smooth_multiscale_local_sparse","baseline","uniform",10000,30,0,0,0,1,32,30,"250:500:1000",37208017,42242137,33875597
"main-smooth_multiscale_local_sparse-baseline-n10000-p030-rx000-rs000-s10-rep-00031","main-smooth_multiscale_local_sparse-baseline-n10000-p030-rx000-rs000-s10","main","smooth_multiscale_local_sparse","baseline","uniform",10000,30,0,0,0,1,32,31,"250:500:1000",37338380,42411224,33980326
"main-smooth_multiscale_local_sparse-baseline-n10000-p030-rx000-rs000-s10-rep-00032","main-smooth_multiscale_local_sparse-baseline-n10000-p030-rx000-rs000-s10","main","smooth_multiscale_local_sparse","baseline","uniform",10000,30,0,0,0,1,32,32,"250:500:1000",37468743,42580311,34085055
"main-smooth_multiscale_local_sparse-baseline-n10000-p030-rx000-rs000-s10-rep-00033","main-smooth_multiscale_local_sparse-baseline-n10000-p030-rx000-rs000-s10","main","smooth_multiscale_local_sparse","baseline","uniform",10000,30,0,0,0,1,32,33,"250:500:1000",37599106,42749398,34189784
"main-smooth_multiscale_local_sparse-baseline-n10000-p030-rx000-rs000-s10-rep-00034","main-smooth_multiscale_local_sparse-baseline-n10000-p030-rx000-rs000-s10","main","smooth_multiscale_local_sparse","baseline","uniform",10000,30,0,0,0,1,32,34,"250:500:1000",37729469,42918485,34294513
"main-smooth_multiscale_local_sparse-baseline-n10000-p030-rx000-rs000-s10-rep-00035","main-smooth_multiscale_local_sparse-baseline-n10000-p030-rx000-rs000-s10","main","smooth_multiscale_local_sparse","baseline","uniform",10000,30,0,0,0,1,32,35,"250:500:1000",37859832,43087572,34399242
"main-smooth_multiscale_local_sparse-baseline-n10000-p030-rx000-rs000-s10-rep-00036","main-smooth_multiscale_local_sparse-baseline-n10000-p030-rx000-rs000-s10","main","smooth_multiscale_local_sparse","baseline","uniform",10000,30,0,0,0,1,32,36,"250:500:1000",37990195,43256659,34503971
"main-smooth_multiscale_local_sparse-baseline-n10000-p030-rx000-rs000-s10-rep-00037","main-smooth_multiscale_local_sparse-baseline-n10000-p030-rx000-rs000-s10","main","smooth_multiscale_local_sparse","baseline","uniform",10000,30,0,0,0,1,32,37,"250:500:1000",38120558,43425746,34608700
"main-smooth_multiscale_local_sparse-baseline-n10000-p030-rx000-rs000-s10-rep-00038","main-smooth_multiscale_local_sparse-baseline-n10000-p030-rx000-rs000-s10","main","smooth_multiscale_local_sparse","baseline","uniform",10000,30,0,0,0,1,32,38,"250:500:1000",38250921,43594833,34713429
"main-smooth_multiscale_local_sparse-baseline-n10000-p030-rx000-rs000-s10-rep-00039","main-smooth_multiscale_local_sparse-baseline-n10000-p030-rx000-rs000-s10","main","smooth_multiscale_local_sparse","baseline","uniform",10000,30,0,0,0,1,32,39,"250:500:1000",38381284,43763920,34818158
"main-smooth_multiscale_local_sparse-baseline-n10000-p030-rx000-rs000-s10-rep-00040","main-smooth_multiscale_local_sparse-baseline-n10000-p030-rx000-rs000-s10","main","smooth_multiscale_local_sparse","baseline","uniform",10000,30,0,0,0,1,32,40,"250:500:1000",38511647,43933007,34922887
"main-smooth_multiscale_local_sparse-baseline-n10000-p030-rx000-rs000-s10-rep-00041","main-smooth_multiscale_local_sparse-baseline-n10000-p030-rx000-rs000-s10","main","smooth_multiscale_local_sparse","baseline","uniform",10000,30,0,0,0,1,32,41,"250:500:1000",38642010,44102094,35027616
"main-smooth_multiscale_local_sparse-baseline-n10000-p030-rx000-rs000-s10-rep-00042","main-smooth_multiscale_local_sparse-baseline-n10000-p030-rx000-rs000-s10","main","smooth_multiscale_local_sparse","baseline","uniform",10000,30,0,0,0,1,32,42,"250:500:1000",38772373,44271181,35132345
"main-smooth_multiscale_local_sparse-baseline-n10000-p030-rx000-rs000-s10-rep-00043","main-smooth_multiscale_local_sparse-baseline-n10000-p030-rx000-rs000-s10","main","smooth_multiscale_local_sparse","baseline","uniform",10000,30,0,0,0,1,32,43,"250:500:1000",38902736,44440268,35237074
"main-smooth_multiscale_local_sparse-baseline-n10000-p030-rx000-rs000-s10-rep-00044","main-smooth_multiscale_local_sparse-baseline-n10000-p030-rx000-rs000-s10","main","smooth_multiscale_local_sparse","baseline","uniform",10000,30,0,0,0,1,32,44,"250:500:1000",39033099,44609355,35341803
"main-smooth_multiscale_local_sparse-baseline-n10000-p030-rx000-rs000-s10-rep-00045","main-smooth_multiscale_local_sparse-baseline-n10000-p030-rx000-rs000-s10","main","smooth_multiscale_local_sparse","baseline","uniform",10000,30,0,0,0,1,32,45,"250:500:1000",39163462,44778442,35446532
"main-smooth_multiscale_local_sparse-baseline-n10000-p030-rx000-rs000-s10-rep-00046","main-smooth_multiscale_local_sparse-baseline-n10000-p030-rx000-rs000-s10","main","smooth_multiscale_local_sparse","baseline","uniform",10000,30,0,0,0,1,32,46,"250:500:1000",39293825,44947529,35551261
"main-smooth_multiscale_local_sparse-baseline-n10000-p030-rx000-rs000-s10-rep-00047","main-smooth_multiscale_local_sparse-baseline-n10000-p030-rx000-rs000-s10","main","smooth_multiscale_local_sparse","baseline","uniform",10000,30,0,0,0,1,32,47,"250:500:1000",39424188,45116616,35655990
"main-smooth_multiscale_local_sparse-baseline-n10000-p030-rx000-rs000-s10-rep-00048","main-smooth_multiscale_local_sparse-baseline-n10000-p030-rx000-rs000-s10","main","smooth_multiscale_local_sparse","baseline","uniform",10000,30,0,0,0,1,32,48,"250:500:1000",39554551,45285703,35760719
"main-smooth_multiscale_local_sparse-baseline-n10000-p030-rx000-rs000-s10-rep-00049","main-smooth_multiscale_local_sparse-baseline-n10000-p030-rx000-rs000-s10","main","smooth_multiscale_local_sparse","baseline","uniform",10000,30,0,0,0,1,32,49,"250:500:1000",39684914,45454790,35865448
"main-smooth_multiscale_local_sparse-baseline-n10000-p030-rx000-rs000-s10-rep-00050","main-smooth_multiscale_local_sparse-baseline-n10000-p030-rx000-rs000-s10","main","smooth_multiscale_local_sparse","baseline","uniform",10000,30,0,0,0,1,32,50,"250:500:1000",39815277,45623877,35970177
"main-regional_sparse_discontinuous-baseline-n10000-p030-rx000-rs000-s10-rep-00001","main-regional_sparse_discontinuous-baseline-n10000-p030-rx000-rs000-s10","main","regional_sparse_discontinuous","baseline","uniform",10000,30,0,0,0,1,32,1,"250:500:1000",39945640,45792964,36074906
"main-regional_sparse_discontinuous-baseline-n10000-p030-rx000-rs000-s10-rep-00002","main-regional_sparse_discontinuous-baseline-n10000-p030-rx000-rs000-s10","main","regional_sparse_discontinuous","baseline","uniform",10000,30,0,0,0,1,32,2,"250:500:1000",40076003,45962051,36179635
"main-regional_sparse_discontinuous-baseline-n10000-p030-rx000-rs000-s10-rep-00003","main-regional_sparse_discontinuous-baseline-n10000-p030-rx000-rs000-s10","main","regional_sparse_discontinuous","baseline","uniform",10000,30,0,0,0,1,32,3,"250:500:1000",40206366,46131138,36284364
"main-regional_sparse_discontinuous-baseline-n10000-p030-rx000-rs000-s10-rep-00004","main-regional_sparse_discontinuous-baseline-n10000-p030-rx000-rs000-s10","main","regional_sparse_discontinuous","baseline","uniform",10000,30,0,0,0,1,32,4,"250:500:1000",40336729,46300225,36389093
"main-regional_sparse_discontinuous-baseline-n10000-p030-rx000-rs000-s10-rep-00005","main-regional_sparse_discontinuous-baseline-n10000-p030-rx000-rs000-s10","main","regional_sparse_discontinuous","baseline","uniform",10000,30,0,0,0,1,32,5,"250:500:1000",40467092,46469312,36493822
"main-regional_sparse_discontinuous-baseline-n10000-p030-rx000-rs000-s10-rep-00006","main-regional_sparse_discontinuous-baseline-n10000-p030-rx000-rs000-s10","main","regional_sparse_discontinuous","baseline","uniform",10000,30,0,0,0,1,32,6,"250:500:1000",40597455,46638399,36598551
"main-regional_sparse_discontinuous-baseline-n10000-p030-rx000-rs000-s10-rep-00007","main-regional_sparse_discontinuous-baseline-n10000-p030-rx000-rs000-s10","main","regional_sparse_discontinuous","baseline","uniform",10000,30,0,0,0,1,32,7,"250:500:1000",40727818,46807486,36703280
"main-regional_sparse_discontinuous-baseline-n10000-p030-rx000-rs000-s10-rep-00008","main-regional_sparse_discontinuous-baseline-n10000-p030-rx000-rs000-s10","main","regional_sparse_discontinuous","baseline","uniform",10000,30,0,0,0,1,32,8,"250:500:1000",40858181,46976573,36808009
"main-regional_sparse_discontinuous-baseline-n10000-p030-rx000-rs000-s10-rep-00009","main-regional_sparse_discontinuous-baseline-n10000-p030-rx000-rs000-s10","main","regional_sparse_discontinuous","baseline","uniform",10000,30,0,0,0,1,32,9,"250:500:1000",40988544,47145660,36912738
"main-regional_sparse_discontinuous-baseline-n10000-p030-rx000-rs000-s10-rep-00010","main-regional_sparse_discontinuous-baseline-n10000-p030-rx000-rs000-s10","main","regional_sparse_discontinuous","baseline","uniform",10000,30,0,0,0,1,32,10,"250:500:1000",41118907,47314747,37017467
"main-regional_sparse_discontinuous-baseline-n10000-p030-rx000-rs000-s10-rep-00011","main-regional_sparse_discontinuous-baseline-n10000-p030-rx000-rs000-s10","main","regional_sparse_discontinuous","baseline","uniform",10000,30,0,0,0,1,32,11,"250:500:1000",41249270,47483834,37122196
"main-regional_sparse_discontinuous-baseline-n10000-p030-rx000-rs000-s10-rep-00012","main-regional_sparse_discontinuous-baseline-n10000-p030-rx000-rs000-s10","main","regional_sparse_discontinuous","baseline","uniform",10000,30,0,0,0,1,32,12,"250:500:1000",41379633,47652921,37226925
"main-regional_sparse_discontinuous-baseline-n10000-p030-rx000-rs000-s10-rep-00013","main-regional_sparse_discontinuous-baseline-n10000-p030-rx000-rs000-s10","main","regional_sparse_discontinuous","baseline","uniform",10000,30,0,0,0,1,32,13,"250:500:1000",41509996,47822008,37331654
"main-regional_sparse_discontinuous-baseline-n10000-p030-rx000-rs000-s10-rep-00014","main-regional_sparse_discontinuous-baseline-n10000-p030-rx000-rs000-s10","main","regional_sparse_discontinuous","baseline","uniform",10000,30,0,0,0,1,32,14,"250:500:1000",41640359,47991095,37436383
"main-regional_sparse_discontinuous-baseline-n10000-p030-rx000-rs000-s10-rep-00015","main-regional_sparse_discontinuous-baseline-n10000-p030-rx000-rs000-s10","main","regional_sparse_discontinuous","baseline","uniform",10000,30,0,0,0,1,32,15,"250:500:1000",41770722,48160182,37541112
"main-regional_sparse_discontinuous-baseline-n10000-p030-rx000-rs000-s10-rep-00016","main-regional_sparse_discontinuous-baseline-n10000-p030-rx000-rs000-s10","main","regional_sparse_discontinuous","baseline","uniform",10000,30,0,0,0,1,32,16,"250:500:1000",41901085,48329269,37645841
"main-regional_sparse_discontinuous-baseline-n10000-p030-rx000-rs000-s10-rep-00017","main-regional_sparse_discontinuous-baseline-n10000-p030-rx000-rs000-s10","main","regional_sparse_discontinuous","baseline","uniform",10000,30,0,0,0,1,32,17,"250:500:1000",42031448,48498356,37750570
"main-regional_sparse_discontinuous-baseline-n10000-p030-rx000-rs000-s10-rep-00018","main-regional_sparse_discontinuous-baseline-n10000-p030-rx000-rs000-s10","main","regional_sparse_discontinuous","baseline","uniform",10000,30,0,0,0,1,32,18,"250:500:1000",42161811,48667443,37855299
"main-regional_sparse_discontinuous-baseline-n10000-p030-rx000-rs000-s10-rep-00019","main-regional_sparse_discontinuous-baseline-n10000-p030-rx000-rs000-s10","main","regional_sparse_discontinuous","baseline","uniform",10000,30,0,0,0,1,32,19,"250:500:1000",42292174,48836530,37960028
"main-regional_sparse_discontinuous-baseline-n10000-p030-rx000-rs000-s10-rep-00020","main-regional_sparse_discontinuous-baseline-n10000-p030-rx000-rs000-s10","main","regional_sparse_discontinuous","baseline","uniform",10000,30,0,0,0,1,32,20,"250:500:1000",42422537,49005617,38064757
"main-regional_sparse_discontinuous-baseline-n10000-p030-rx000-rs000-s10-rep-00021","main-regional_sparse_discontinuous-baseline-n10000-p030-rx000-rs000-s10","main","regional_sparse_discontinuous","baseline","uniform",10000,30,0,0,0,1,32,21,"250:500:1000",42552900,49174704,38169486
"main-regional_sparse_discontinuous-baseline-n10000-p030-rx000-rs000-s10-rep-00022","main-regional_sparse_discontinuous-baseline-n10000-p030-rx000-rs000-s10","main","regional_sparse_discontinuous","baseline","uniform",10000,30,0,0,0,1,32,22,"250:500:1000",42683263,49343791,38274215
"main-regional_sparse_discontinuous-baseline-n10000-p030-rx000-rs000-s10-rep-00023","main-regional_sparse_discontinuous-baseline-n10000-p030-rx000-rs000-s10","main","regional_sparse_discontinuous","baseline","uniform",10000,30,0,0,0,1,32,23,"250:500:1000",42813626,49512878,38378944
"main-regional_sparse_discontinuous-baseline-n10000-p030-rx000-rs000-s10-rep-00024","main-regional_sparse_discontinuous-baseline-n10000-p030-rx000-rs000-s10","main","regional_sparse_discontinuous","baseline","uniform",10000,30,0,0,0,1,32,24,"250:500:1000",42943989,49681965,38483673
"main-regional_sparse_discontinuous-baseline-n10000-p030-rx000-rs000-s10-rep-00025","main-regional_sparse_discontinuous-baseline-n10000-p030-rx000-rs000-s10","main","regional_sparse_discontinuous","baseline","uniform",10000,30,0,0,0,1,32,25,"250:500:1000",43074352,49851052,38588402
"main-regional_sparse_discontinuous-baseline-n10000-p030-rx000-rs000-s10-rep-00026","main-regional_sparse_discontinuous-baseline-n10000-p030-rx000-rs000-s10","main","regional_sparse_discontinuous","baseline","uniform",10000,30,0,0,0,1,32,26,"250:500:1000",43204715,50020139,38693131
"main-regional_sparse_discontinuous-baseline-n10000-p030-rx000-rs000-s10-rep-00027","main-regional_sparse_discontinuous-baseline-n10000-p030-rx000-rs000-s10","main","regional_sparse_discontinuous","baseline","uniform",10000,30,0,0,0,1,32,27,"250:500:1000",43335078,50189226,38797860
"main-regional_sparse_discontinuous-baseline-n10000-p030-rx000-rs000-s10-rep-00028","main-regional_sparse_discontinuous-baseline-n10000-p030-rx000-rs000-s10","main","regional_sparse_discontinuous","baseline","uniform",10000,30,0,0,0,1,32,28,"250:500:1000",43465441,50358313,38902589
"main-regional_sparse_discontinuous-baseline-n10000-p030-rx000-rs000-s10-rep-00029","main-regional_sparse_discontinuous-baseline-n10000-p030-rx000-rs000-s10","main","regional_sparse_discontinuous","baseline","uniform",10000,30,0,0,0,1,32,29,"250:500:1000",43595804,50527400,39007318
"main-regional_sparse_discontinuous-baseline-n10000-p030-rx000-rs000-s10-rep-00030","main-regional_sparse_discontinuous-baseline-n10000-p030-rx000-rs000-s10","main","regional_sparse_discontinuous","baseline","uniform",10000,30,0,0,0,1,32,30,"250:500:1000",43726167,50696487,39112047
"main-regional_sparse_discontinuous-baseline-n10000-p030-rx000-rs000-s10-rep-00031","main-regional_sparse_discontinuous-baseline-n10000-p030-rx000-rs000-s10","main","regional_sparse_discontinuous","baseline","uniform",10000,30,0,0,0,1,32,31,"250:500:1000",43856530,50865574,39216776
"main-regional_sparse_discontinuous-baseline-n10000-p030-rx000-rs000-s10-rep-00032","main-regional_sparse_discontinuous-baseline-n10000-p030-rx000-rs000-s10","main","regional_sparse_discontinuous","baseline","uniform",10000,30,0,0,0,1,32,32,"250:500:1000",43986893,51034661,39321505
"main-regional_sparse_discontinuous-baseline-n10000-p030-rx000-rs000-s10-rep-00033","main-regional_sparse_discontinuous-baseline-n10000-p030-rx000-rs000-s10","main","regional_sparse_discontinuous","baseline","uniform",10000,30,0,0,0,1,32,33,"250:500:1000",44117256,51203748,39426234
"main-regional_sparse_discontinuous-baseline-n10000-p030-rx000-rs000-s10-rep-00034","main-regional_sparse_discontinuous-baseline-n10000-p030-rx000-rs000-s10","main","regional_sparse_discontinuous","baseline","uniform",10000,30,0,0,0,1,32,34,"250:500:1000",44247619,51372835,39530963
"main-regional_sparse_discontinuous-baseline-n10000-p030-rx000-rs000-s10-rep-00035","main-regional_sparse_discontinuous-baseline-n10000-p030-rx000-rs000-s10","main","regional_sparse_discontinuous","baseline","uniform",10000,30,0,0,0,1,32,35,"250:500:1000",44377982,51541922,39635692
"main-regional_sparse_discontinuous-baseline-n10000-p030-rx000-rs000-s10-rep-00036","main-regional_sparse_discontinuous-baseline-n10000-p030-rx000-rs000-s10","main","regional_sparse_discontinuous","baseline","uniform",10000,30,0,0,0,1,32,36,"250:500:1000",44508345,51711009,39740421
"main-regional_sparse_discontinuous-baseline-n10000-p030-rx000-rs000-s10-rep-00037","main-regional_sparse_discontinuous-baseline-n10000-p030-rx000-rs000-s10","main","regional_sparse_discontinuous","baseline","uniform",10000,30,0,0,0,1,32,37,"250:500:1000",44638708,51880096,39845150
"main-regional_sparse_discontinuous-baseline-n10000-p030-rx000-rs000-s10-rep-00038","main-regional_sparse_discontinuous-baseline-n10000-p030-rx000-rs000-s10","main","regional_sparse_discontinuous","baseline","uniform",10000,30,0,0,0,1,32,38,"250:500:1000",44769071,52049183,39949879
"main-regional_sparse_discontinuous-baseline-n10000-p030-rx000-rs000-s10-rep-00039","main-regional_sparse_discontinuous-baseline-n10000-p030-rx000-rs000-s10","main","regional_sparse_discontinuous","baseline","uniform",10000,30,0,0,0,1,32,39,"250:500:1000",44899434,52218270,40054608
"main-regional_sparse_discontinuous-baseline-n10000-p030-rx000-rs000-s10-rep-00040","main-regional_sparse_discontinuous-baseline-n10000-p030-rx000-rs000-s10","main","regional_sparse_discontinuous","baseline","uniform",10000,30,0,0,0,1,32,40,"250:500:1000",45029797,52387357,40159337
"main-regional_sparse_discontinuous-baseline-n10000-p030-rx000-rs000-s10-rep-00041","main-regional_sparse_discontinuous-baseline-n10000-p030-rx000-rs000-s10","main","regional_sparse_discontinuous","baseline","uniform",10000,30,0,0,0,1,32,41,"250:500:1000",45160160,52556444,40264066
"main-regional_sparse_discontinuous-baseline-n10000-p030-rx000-rs000-s10-rep-00042","main-regional_sparse_discontinuous-baseline-n10000-p030-rx000-rs000-s10","main","regional_sparse_discontinuous","baseline","uniform",10000,30,0,0,0,1,32,42,"250:500:1000",45290523,52725531,40368795
"main-regional_sparse_discontinuous-baseline-n10000-p030-rx000-rs000-s10-rep-00043","main-regional_sparse_discontinuous-baseline-n10000-p030-rx000-rs000-s10","main","regional_sparse_discontinuous","baseline","uniform",10000,30,0,0,0,1,32,43,"250:500:1000",45420886,52894618,40473524
"main-regional_sparse_discontinuous-baseline-n10000-p030-rx000-rs000-s10-rep-00044","main-regional_sparse_discontinuous-baseline-n10000-p030-rx000-rs000-s10","main","regional_sparse_discontinuous","baseline","uniform",10000,30,0,0,0,1,32,44,"250:500:1000",45551249,53063705,40578253
"main-regional_sparse_discontinuous-baseline-n10000-p030-rx000-rs000-s10-rep-00045","main-regional_sparse_discontinuous-baseline-n10000-p030-rx000-rs000-s10","main","regional_sparse_discontinuous","baseline","uniform",10000,30,0,0,0,1,32,45,"250:500:1000",45681612,53232792,40682982
"main-regional_sparse_discontinuous-baseline-n10000-p030-rx000-rs000-s10-rep-00046","main-regional_sparse_discontinuous-baseline-n10000-p030-rx000-rs000-s10","main","regional_sparse_discontinuous","baseline","uniform",10000,30,0,0,0,1,32,46,"250:500:1000",45811975,53401879,40787711
"main-regional_sparse_discontinuous-baseline-n10000-p030-rx000-rs000-s10-rep-00047","main-regional_sparse_discontinuous-baseline-n10000-p030-rx000-rs000-s10","main","regional_sparse_discontinuous","baseline","uniform",10000,30,0,0,0,1,32,47,"250:500:1000",45942338,53570966,40892440
"main-regional_sparse_discontinuous-baseline-n10000-p030-rx000-rs000-s10-rep-00048","main-regional_sparse_discontinuous-baseline-n10000-p030-rx000-rs000-s10","main","regional_sparse_discontinuous","baseline","uniform",10000,30,0,0,0,1,32,48,"250:500:1000",46072701,53740053,40997169
"main-regional_sparse_discontinuous-baseline-n10000-p030-rx000-rs000-s10-rep-00049","main-regional_sparse_discontinuous-baseline-n10000-p030-rx000-rs000-s10","main","regional_sparse_discontinuous","baseline","uniform",10000,30,0,0,0,1,32,49,"250:500:1000",46203064,53909140,41101898
"main-regional_sparse_discontinuous-baseline-n10000-p030-rx000-rs000-s10-rep-00050","main-regional_sparse_discontinuous-baseline-n10000-p030-rx000-rs000-s10","main","regional_sparse_discontinuous","baseline","uniform",10000,30,0,0,0,1,32,50,"250:500:1000",46333427,54078227,41206627
"main-smooth_multiscale_local_sparse-baseline-n02000-p030-rx070-rs000-s10-rep-00001","main-smooth_multiscale_local_sparse-baseline-n02000-p030-rx070-rs000-s10","main","smooth_multiscale_local_sparse","baseline","uniform",2000,30,0.7,0,0,1,32,1,"62:124:248",46463790,54247314,41311356
"main-smooth_multiscale_local_sparse-baseline-n02000-p030-rx070-rs000-s10-rep-00002","main-smooth_multiscale_local_sparse-baseline-n02000-p030-rx070-rs000-s10","main","smooth_multiscale_local_sparse","baseline","uniform",2000,30,0.7,0,0,1,32,2,"62:124:248",46594153,54416401,41416085
"main-smooth_multiscale_local_sparse-baseline-n02000-p030-rx070-rs000-s10-rep-00003","main-smooth_multiscale_local_sparse-baseline-n02000-p030-rx070-rs000-s10","main","smooth_multiscale_local_sparse","baseline","uniform",2000,30,0.7,0,0,1,32,3,"62:124:248",46724516,54585488,41520814
"main-smooth_multiscale_local_sparse-baseline-n02000-p030-rx070-rs000-s10-rep-00004","main-smooth_multiscale_local_sparse-baseline-n02000-p030-rx070-rs000-s10","main","smooth_multiscale_local_sparse","baseline","uniform",2000,30,0.7,0,0,1,32,4,"62:124:248",46854879,54754575,41625543
"main-smooth_multiscale_local_sparse-baseline-n02000-p030-rx070-rs000-s10-rep-00005","main-smooth_multiscale_local_sparse-baseline-n02000-p030-rx070-rs000-s10","main","smooth_multiscale_local_sparse","baseline","uniform",2000,30,0.7,0,0,1,32,5,"62:124:248",46985242,54923662,41730272
"main-smooth_multiscale_local_sparse-baseline-n02000-p030-rx070-rs000-s10-rep-00006","main-smooth_multiscale_local_sparse-baseline-n02000-p030-rx070-rs000-s10","main","smooth_multiscale_local_sparse","baseline","uniform",2000,30,0.7,0,0,1,32,6,"62:124:248",47115605,55092749,41835001
"main-smooth_multiscale_local_sparse-baseline-n02000-p030-rx070-rs000-s10-rep-00007","main-smooth_multiscale_local_sparse-baseline-n02000-p030-rx070-rs000-s10","main","smooth_multiscale_local_sparse","baseline","uniform",2000,30,0.7,0,0,1,32,7,"62:124:248",47245968,55261836,41939730
"main-smooth_multiscale_local_sparse-baseline-n02000-p030-rx070-rs000-s10-rep-00008","main-smooth_multiscale_local_sparse-baseline-n02000-p030-rx070-rs000-s10","main","smooth_multiscale_local_sparse","baseline","uniform",2000,30,0.7,0,0,1,32,8,"62:124:248",47376331,55430923,42044459
"main-smooth_multiscale_local_sparse-baseline-n02000-p030-rx070-rs000-s10-rep-00009","main-smooth_multiscale_local_sparse-baseline-n02000-p030-rx070-rs000-s10","main","smooth_multiscale_local_sparse","baseline","uniform",2000,30,0.7,0,0,1,32,9,"62:124:248",47506694,55600010,42149188
"main-smooth_multiscale_local_sparse-baseline-n02000-p030-rx070-rs000-s10-rep-00010","main-smooth_multiscale_local_sparse-baseline-n02000-p030-rx070-rs000-s10","main","smooth_multiscale_local_sparse","baseline","uniform",2000,30,0.7,0,0,1,32,10,"62:124:248",47637057,55769097,42253917
"main-smooth_multiscale_local_sparse-baseline-n02000-p030-rx070-rs000-s10-rep-00011","main-smooth_multiscale_local_sparse-baseline-n02000-p030-rx070-rs000-s10","main","smooth_multiscale_local_sparse","baseline","uniform",2000,30,0.7,0,0,1,32,11,"62:124:248",47767420,55938184,42358646
"main-smooth_multiscale_local_sparse-baseline-n02000-p030-rx070-rs000-s10-rep-00012","main-smooth_multiscale_local_sparse-baseline-n02000-p030-rx070-rs000-s10","main","smooth_multiscale_local_sparse","baseline","uniform",2000,30,0.7,0,0,1,32,12,"62:124:248",47897783,56107271,42463375
"main-smooth_multiscale_local_sparse-baseline-n02000-p030-rx070-rs000-s10-rep-00013","main-smooth_multiscale_local_sparse-baseline-n02000-p030-rx070-rs000-s10","main","smooth_multiscale_local_sparse","baseline","uniform",2000,30,0.7,0,0,1,32,13,"62:124:248",48028146,56276358,42568104
"main-smooth_multiscale_local_sparse-baseline-n02000-p030-rx070-rs000-s10-rep-00014","main-smooth_multiscale_local_sparse-baseline-n02000-p030-rx070-rs000-s10","main","smooth_multiscale_local_sparse","baseline","uniform",2000,30,0.7,0,0,1,32,14,"62:124:248",48158509,56445445,42672833
"main-smooth_multiscale_local_sparse-baseline-n02000-p030-rx070-rs000-s10-rep-00015","main-smooth_multiscale_local_sparse-baseline-n02000-p030-rx070-rs000-s10","main","smooth_multiscale_local_sparse","baseline","uniform",2000,30,0.7,0,0,1,32,15,"62:124:248",48288872,56614532,42777562
"main-smooth_multiscale_local_sparse-baseline-n02000-p030-rx070-rs000-s10-rep-00016","main-smooth_multiscale_local_sparse-baseline-n02000-p030-rx070-rs000-s10","main","smooth_multiscale_local_sparse","baseline","uniform",2000,30,0.7,0,0,1,32,16,"62:124:248",48419235,56783619,42882291
"main-smooth_multiscale_local_sparse-baseline-n02000-p030-rx070-rs000-s10-rep-00017","main-smooth_multiscale_local_sparse-baseline-n02000-p030-rx070-rs000-s10","main","smooth_multiscale_local_sparse","baseline","uniform",2000,30,0.7,0,0,1,32,17,"62:124:248",48549598,56952706,42987020
"main-smooth_multiscale_local_sparse-baseline-n02000-p030-rx070-rs000-s10-rep-00018","main-smooth_multiscale_local_sparse-baseline-n02000-p030-rx070-rs000-s10","main","smooth_multiscale_local_sparse","baseline","uniform",2000,30,0.7,0,0,1,32,18,"62:124:248",48679961,57121793,43091749
"main-smooth_multiscale_local_sparse-baseline-n02000-p030-rx070-rs000-s10-rep-00019","main-smooth_multiscale_local_sparse-baseline-n02000-p030-rx070-rs000-s10","main","smooth_multiscale_local_sparse","baseline","uniform",2000,30,0.7,0,0,1,32,19,"62:124:248",48810324,57290880,43196478
"main-smooth_multiscale_local_sparse-baseline-n02000-p030-rx070-rs000-s10-rep-00020","main-smooth_multiscale_local_sparse-baseline-n02000-p030-rx070-rs000-s10","main","smooth_multiscale_local_sparse","baseline","uniform",2000,30,0.7,0,0,1,32,20,"62:124:248",48940687,57459967,43301207
"main-smooth_multiscale_local_sparse-baseline-n02000-p030-rx070-rs000-s10-rep-00021","main-smooth_multiscale_local_sparse-baseline-n02000-p030-rx070-rs000-s10","main","smooth_multiscale_local_sparse","baseline","uniform",2000,30,0.7,0,0,1,32,21,"62:124:248",49071050,57629054,43405936
"main-smooth_multiscale_local_sparse-baseline-n02000-p030-rx070-rs000-s10-rep-00022","main-smooth_multiscale_local_sparse-baseline-n02000-p030-rx070-rs000-s10","main","smooth_multiscale_local_sparse","baseline","uniform",2000,30,0.7,0,0,1,32,22,"62:124:248",49201413,57798141,43510665
"main-smooth_multiscale_local_sparse-baseline-n02000-p030-rx070-rs000-s10-rep-00023","main-smooth_multiscale_local_sparse-baseline-n02000-p030-rx070-rs000-s10","main","smooth_multiscale_local_sparse","baseline","uniform",2000,30,0.7,0,0,1,32,23,"62:124:248",49331776,57967228,43615394
"main-smooth_multiscale_local_sparse-baseline-n02000-p030-rx070-rs000-s10-rep-00024","main-smooth_multiscale_local_sparse-baseline-n02000-p030-rx070-rs000-s10","main","smooth_multiscale_local_sparse","baseline","uniform",2000,30,0.7,0,0,1,32,24,"62:124:248",49462139,58136315,43720123
"main-smooth_multiscale_local_sparse-baseline-n02000-p030-rx070-rs000-s10-rep-00025","main-smooth_multiscale_local_sparse-baseline-n02000-p030-rx070-rs000-s10","main","smooth_multiscale_local_sparse","baseline","uniform",2000,30,0.7,0,0,1,32,25,"62:124:248",49592502,58305402,43824852
"main-smooth_multiscale_local_sparse-baseline-n02000-p030-rx070-rs000-s10-rep-00026","main-smooth_multiscale_local_sparse-baseline-n02000-p030-rx070-rs000-s10","main","smooth_multiscale_local_sparse","baseline","uniform",2000,30,0.7,0,0,1,32,26,"62:124:248",49722865,58474489,43929581
"main-smooth_multiscale_local_sparse-baseline-n02000-p030-rx070-rs000-s10-rep-00027","main-smooth_multiscale_local_sparse-baseline-n02000-p030-rx070-rs000-s10","main","smooth_multiscale_local_sparse","baseline","uniform",2000,30,0.7,0,0,1,32,27,"62:124:248",49853228,58643576,44034310
"main-smooth_multiscale_local_sparse-baseline-n02000-p030-rx070-rs000-s10-rep-00028","main-smooth_multiscale_local_sparse-baseline-n02000-p030-rx070-rs000-s10","main","smooth_multiscale_local_sparse","baseline","uniform",2000,30,0.7,0,0,1,32,28,"62:124:248",49983591,58812663,44139039
"main-smooth_multiscale_local_sparse-baseline-n02000-p030-rx070-rs000-s10-rep-00029","main-smooth_multiscale_local_sparse-baseline-n02000-p030-rx070-rs000-s10","main","smooth_multiscale_local_sparse","baseline","uniform",2000,30,0.7,0,0,1,32,29,"62:124:248",50113954,58981750,44243768
"main-smooth_multiscale_local_sparse-baseline-n02000-p030-rx070-rs000-s10-rep-00030","main-smooth_multiscale_local_sparse-baseline-n02000-p030-rx070-rs000-s10","main","smooth_multiscale_local_sparse","baseline","uniform",2000,30,0.7,0,0,1,32,30,"62:124:248",50244317,59150837,44348497
"main-smooth_multiscale_local_sparse-baseline-n02000-p030-rx070-rs000-s10-rep-00031","main-smooth_multiscale_local_sparse-baseline-n02000-p030-rx070-rs000-s10","main","smooth_multiscale_local_sparse","baseline","uniform",2000,30,0.7,0,0,1,32,31,"62:124:248",50374680,59319924,44453226
"main-smooth_multiscale_local_sparse-baseline-n02000-p030-rx070-rs000-s10-rep-00032","main-smooth_multiscale_local_sparse-baseline-n02000-p030-rx070-rs000-s10","main","smooth_multiscale_local_sparse","baseline","uniform",2000,30,0.7,0,0,1,32,32,"62:124:248",50505043,59489011,44557955
"main-smooth_multiscale_local_sparse-baseline-n02000-p030-rx070-rs000-s10-rep-00033","main-smooth_multiscale_local_sparse-baseline-n02000-p030-rx070-rs000-s10","main","smooth_multiscale_local_sparse","baseline","uniform",2000,30,0.7,0,0,1,32,33,"62:124:248",50635406,59658098,44662684
"main-smooth_multiscale_local_sparse-baseline-n02000-p030-rx070-rs000-s10-rep-00034","main-smooth_multiscale_local_sparse-baseline-n02000-p030-rx070-rs000-s10","main","smooth_multiscale_local_sparse","baseline","uniform",2000,30,0.7,0,0,1,32,34,"62:124:248",50765769,59827185,44767413
"main-smooth_multiscale_local_sparse-baseline-n02000-p030-rx070-rs000-s10-rep-00035","main-smooth_multiscale_local_sparse-baseline-n02000-p030-rx070-rs000-s10","main","smooth_multiscale_local_sparse","baseline","uniform",2000,30,0.7,0,0,1,32,35,"62:124:248",50896132,59996272,44872142
"main-smooth_multiscale_local_sparse-baseline-n02000-p030-rx070-rs000-s10-rep-00036","main-smooth_multiscale_local_sparse-baseline-n02000-p030-rx070-rs000-s10","main","smooth_multiscale_local_sparse","baseline","uniform",2000,30,0.7,0,0,1,32,36,"62:124:248",51026495,60165359,44976871
"main-smooth_multiscale_local_sparse-baseline-n02000-p030-rx070-rs000-s10-rep-00037","main-smooth_multiscale_local_sparse-baseline-n02000-p030-rx070-rs000-s10","main","smooth_multiscale_local_sparse","baseline","uniform",2000,30,0.7,0,0,1,32,37,"62:124:248",51156858,60334446,45081600
"main-smooth_multiscale_local_sparse-baseline-n02000-p030-rx070-rs000-s10-rep-00038","main-smooth_multiscale_local_sparse-baseline-n02000-p030-rx070-rs000-s10","main","smooth_multiscale_local_sparse","baseline","uniform",2000,30,0.7,0,0,1,32,38,"62:124:248",51287221,60503533,45186329
"main-smooth_multiscale_local_sparse-baseline-n02000-p030-rx070-rs000-s10-rep-00039","main-smooth_multiscale_local_sparse-baseline-n02000-p030-rx070-rs000-s10","main","smooth_multiscale_local_sparse","baseline","uniform",2000,30,0.7,0,0,1,32,39,"62:124:248",51417584,60672620,45291058
"main-smooth_multiscale_local_sparse-baseline-n02000-p030-rx070-rs000-s10-rep-00040","main-smooth_multiscale_local_sparse-baseline-n02000-p030-rx070-rs000-s10","main","smooth_multiscale_local_sparse","baseline","uniform",2000,30,0.7,0,0,1,32,40,"62:124:248",51547947,60841707,45395787
"main-smooth_multiscale_local_sparse-baseline-n02000-p030-rx070-rs000-s10-rep-00041","main-smooth_multiscale_local_sparse-baseline-n02000-p030-rx070-rs000-s10","main","smooth_multiscale_local_sparse","baseline","uniform",2000,30,0.7,0,0,1,32,41,"62:124:248",51678310,61010794,45500516
"main-smooth_multiscale_local_sparse-baseline-n02000-p030-rx070-rs000-s10-rep-00042","main-smooth_multiscale_local_sparse-baseline-n02000-p030-rx070-rs000-s10","main","smooth_multiscale_local_sparse","baseline","uniform",2000,30,0.7,0,0,1,32,42,"62:124:248",51808673,61179881,45605245
"main-smooth_multiscale_local_sparse-baseline-n02000-p030-rx070-rs000-s10-rep-00043","main-smooth_multiscale_local_sparse-baseline-n02000-p030-rx070-rs000-s10","main","smooth_multiscale_local_sparse","baseline","uniform",2000,30,0.7,0,0,1,32,43,"62:124:248",51939036,61348968,45709974
"main-smooth_multiscale_local_sparse-baseline-n02000-p030-rx070-rs000-s10-rep-00044","main-smooth_multiscale_local_sparse-baseline-n02000-p030-rx070-rs000-s10","main","smooth_multiscale_local_sparse","baseline","uniform",2000,30,0.7,0,0,1,32,44,"62:124:248",52069399,61518055,45814703
"main-smooth_multiscale_local_sparse-baseline-n02000-p030-rx070-rs000-s10-rep-00045","main-smooth_multiscale_local_sparse-baseline-n02000-p030-rx070-rs000-s10","main","smooth_multiscale_local_sparse","baseline","uniform",2000,30,0.7,0,0,1,32,45,"62:124:248",52199762,61687142,45919432
"main-smooth_multiscale_local_sparse-baseline-n02000-p030-rx070-rs000-s10-rep-00046","main-smooth_multiscale_local_sparse-baseline-n02000-p030-rx070-rs000-s10","main","smooth_multiscale_local_sparse","baseline","uniform",2000,30,0.7,0,0,1,32,46,"62:124:248",52330125,61856229,46024161
"main-smooth_multiscale_local_sparse-baseline-n02000-p030-rx070-rs000-s10-rep-00047","main-smooth_multiscale_local_sparse-baseline-n02000-p030-rx070-rs000-s10","main","smooth_multiscale_local_sparse","baseline","uniform",2000,30,0.7,0,0,1,32,47,"62:124:248",52460488,62025316,46128890
"main-smooth_multiscale_local_sparse-baseline-n02000-p030-rx070-rs000-s10-rep-00048","main-smooth_multiscale_local_sparse-baseline-n02000-p030-rx070-rs000-s10","main","smooth_multiscale_local_sparse","baseline","uniform",2000,30,0.7,0,0,1,32,48,"62:124:248",52590851,62194403,46233619
"main-smooth_multiscale_local_sparse-baseline-n02000-p030-rx070-rs000-s10-rep-00049","main-smooth_multiscale_local_sparse-baseline-n02000-p030-rx070-rs000-s10","main","smooth_multiscale_local_sparse","baseline","uniform",2000,30,0.7,0,0,1,32,49,"62:124:248",52721214,62363490,46338348
"main-smooth_multiscale_local_sparse-baseline-n02000-p030-rx070-rs000-s10-rep-00050","main-smooth_multiscale_local_sparse-baseline-n02000-p030-rx070-rs000-s10","main","smooth_multiscale_local_sparse","baseline","uniform",2000,30,0.7,0,0,1,32,50,"62:124:248",52851577,62532577,46443077
"main-regional_sparse_discontinuous-baseline-n02000-p030-rx070-rs000-s10-rep-00001","main-regional_sparse_discontinuous-baseline-n02000-p030-rx070-rs000-s10","main","regional_sparse_discontinuous","baseline","uniform",2000,30,0.7,0,0,1,32,1,"62:124:248",52981940,62701664,46547806
"main-regional_sparse_discontinuous-baseline-n02000-p030-rx070-rs000-s10-rep-00002","main-regional_sparse_discontinuous-baseline-n02000-p030-rx070-rs000-s10","main","regional_sparse_discontinuous","baseline","uniform",2000,30,0.7,0,0,1,32,2,"62:124:248",53112303,62870751,46652535
"main-regional_sparse_discontinuous-baseline-n02000-p030-rx070-rs000-s10-rep-00003","main-regional_sparse_discontinuous-baseline-n02000-p030-rx070-rs000-s10","main","regional_sparse_discontinuous","baseline","uniform",2000,30,0.7,0,0,1,32,3,"62:124:248",53242666,63039838,46757264
"main-regional_sparse_discontinuous-baseline-n02000-p030-rx070-rs000-s10-rep-00004","main-regional_sparse_discontinuous-baseline-n02000-p030-rx070-rs000-s10","main","regional_sparse_discontinuous","baseline","uniform",2000,30,0.7,0,0,1,32,4,"62:124:248",53373029,63208925,46861993
"main-regional_sparse_discontinuous-baseline-n02000-p030-rx070-rs000-s10-rep-00005","main-regional_sparse_discontinuous-baseline-n02000-p030-rx070-rs000-s10","main","regional_sparse_discontinuous","baseline","uniform",2000,30,0.7,0,0,1,32,5,"62:124:248",53503392,63378012,46966722
"main-regional_sparse_discontinuous-baseline-n02000-p030-rx070-rs000-s10-rep-00006","main-regional_sparse_discontinuous-baseline-n02000-p030-rx070-rs000-s10","main","regional_sparse_discontinuous","baseline","uniform",2000,30,0.7,0,0,1,32,6,"62:124:248",53633755,63547099,47071451
"main-regional_sparse_discontinuous-baseline-n02000-p030-rx070-rs000-s10-rep-00007","main-regional_sparse_discontinuous-baseline-n02000-p030-rx070-rs000-s10","main","regional_sparse_discontinuous","baseline","uniform",2000,30,0.7,0,0,1,32,7,"62:124:248",53764118,63716186,47176180
"main-regional_sparse_discontinuous-baseline-n02000-p030-rx070-rs000-s10-rep-00008","main-regional_sparse_discontinuous-baseline-n02000-p030-rx070-rs000-s10","main","regional_sparse_discontinuous","baseline","uniform",2000,30,0.7,0,0,1,32,8,"62:124:248",53894481,63885273,47280909
"main-regional_sparse_discontinuous-baseline-n02000-p030-rx070-rs000-s10-rep-00009","main-regional_sparse_discontinuous-baseline-n02000-p030-rx070-rs000-s10","main","regional_sparse_discontinuous","baseline","uniform",2000,30,0.7,0,0,1,32,9,"62:124:248",54024844,64054360,47385638
"main-regional_sparse_discontinuous-baseline-n02000-p030-rx070-rs000-s10-rep-00010","main-regional_sparse_discontinuous-baseline-n02000-p030-rx070-rs000-s10","main","regional_sparse_discontinuous","baseline","uniform",2000,30,0.7,0,0,1,32,10,"62:124:248",54155207,64223447,47490367
"main-regional_sparse_discontinuous-baseline-n02000-p030-rx070-rs000-s10-rep-00011","main-regional_sparse_discontinuous-baseline-n02000-p030-rx070-rs000-s10","main","regional_sparse_discontinuous","baseline","uniform",2000,30,0.7,0,0,1,32,11,"62:124:248",54285570,64392534,47595096
"main-regional_sparse_discontinuous-baseline-n02000-p030-rx070-rs000-s10-rep-00012","main-regional_sparse_discontinuous-baseline-n02000-p030-rx070-rs000-s10","main","regional_sparse_discontinuous","baseline","uniform",2000,30,0.7,0,0,1,32,12,"62:124:248",54415933,64561621,47699825
"main-regional_sparse_discontinuous-baseline-n02000-p030-rx070-rs000-s10-rep-00013","main-regional_sparse_discontinuous-baseline-n02000-p030-rx070-rs000-s10","main","regional_sparse_discontinuous","baseline","uniform",2000,30,0.7,0,0,1,32,13,"62:124:248",54546296,64730708,47804554
"main-regional_sparse_discontinuous-baseline-n02000-p030-rx070-rs000-s10-rep-00014","main-regional_sparse_discontinuous-baseline-n02000-p030-rx070-rs000-s10","main","regional_sparse_discontinuous","baseline","uniform",2000,30,0.7,0,0,1,32,14,"62:124:248",54676659,64899795,47909283
"main-regional_sparse_discontinuous-baseline-n02000-p030-rx070-rs000-s10-rep-00015","main-regional_sparse_discontinuous-baseline-n02000-p030-rx070-rs000-s10","main","regional_sparse_discontinuous","baseline","uniform",2000,30,0.7,0,0,1,32,15,"62:124:248",54807022,65068882,48014012
"main-regional_sparse_discontinuous-baseline-n02000-p030-rx070-rs000-s10-rep-00016","main-regional_sparse_discontinuous-baseline-n02000-p030-rx070-rs000-s10","main","regional_sparse_discontinuous","baseline","uniform",2000,30,0.7,0,0,1,32,16,"62:124:248",54937385,65237969,48118741
"main-regional_sparse_discontinuous-baseline-n02000-p030-rx070-rs000-s10-rep-00017","main-regional_sparse_discontinuous-baseline-n02000-p030-rx070-rs000-s10","main","regional_sparse_discontinuous","baseline","uniform",2000,30,0.7,0,0,1,32,17,"62:124:248",55067748,65407056,48223470
"main-regional_sparse_discontinuous-baseline-n02000-p030-rx070-rs000-s10-rep-00018","main-regional_sparse_discontinuous-baseline-n02000-p030-rx070-rs000-s10","main","regional_sparse_discontinuous","baseline","uniform",2000,30,0.7,0,0,1,32,18,"62:124:248",55198111,65576143,48328199
"main-regional_sparse_discontinuous-baseline-n02000-p030-rx070-rs000-s10-rep-00019","main-regional_sparse_discontinuous-baseline-n02000-p030-rx070-rs000-s10","main","regional_sparse_discontinuous","baseline","uniform",2000,30,0.7,0,0,1,32,19,"62:124:248",55328474,65745230,48432928
"main-regional_sparse_discontinuous-baseline-n02000-p030-rx070-rs000-s10-rep-00020","main-regional_sparse_discontinuous-baseline-n02000-p030-rx070-rs000-s10","main","regional_sparse_discontinuous","baseline","uniform",2000,30,0.7,0,0,1,32,20,"62:124:248",55458837,65914317,48537657
"main-regional_sparse_discontinuous-baseline-n02000-p030-rx070-rs000-s10-rep-00021","main-regional_sparse_discontinuous-baseline-n02000-p030-rx070-rs000-s10","main","regional_sparse_discontinuous","baseline","uniform",2000,30,0.7,0,0,1,32,21,"62:124:248",55589200,66083404,48642386
"main-regional_sparse_discontinuous-baseline-n02000-p030-rx070-rs000-s10-rep-00022","main-regional_sparse_discontinuous-baseline-n02000-p030-rx070-rs000-s10","main","regional_sparse_discontinuous","baseline","uniform",2000,30,0.7,0,0,1,32,22,"62:124:248",55719563,66252491,48747115
"main-regional_sparse_discontinuous-baseline-n02000-p030-rx070-rs000-s10-rep-00023","main-regional_sparse_discontinuous-baseline-n02000-p030-rx070-rs000-s10","main","regional_sparse_discontinuous","baseline","uniform",2000,30,0.7,0,0,1,32,23,"62:124:248",55849926,66421578,48851844
"main-regional_sparse_discontinuous-baseline-n02000-p030-rx070-rs000-s10-rep-00024","main-regional_sparse_discontinuous-baseline-n02000-p030-rx070-rs000-s10","main","regional_sparse_discontinuous","baseline","uniform",2000,30,0.7,0,0,1,32,24,"62:124:248",55980289,66590665,48956573
"main-regional_sparse_discontinuous-baseline-n02000-p030-rx070-rs000-s10-rep-00025","main-regional_sparse_discontinuous-baseline-n02000-p030-rx070-rs000-s10","main","regional_sparse_discontinuous","baseline","uniform",2000,30,0.7,0,0,1,32,25,"62:124:248",56110652,66759752,49061302
"main-regional_sparse_discontinuous-baseline-n02000-p030-rx070-rs000-s10-rep-00026","main-regional_sparse_discontinuous-baseline-n02000-p030-rx070-rs000-s10","main","regional_sparse_discontinuous","baseline","uniform",2000,30,0.7,0,0,1,32,26,"62:124:248",56241015,66928839,49166031
"main-regional_sparse_discontinuous-baseline-n02000-p030-rx070-rs000-s10-rep-00027","main-regional_sparse_discontinuous-baseline-n02000-p030-rx070-rs000-s10","main","regional_sparse_discontinuous","baseline","uniform",2000,30,0.7,0,0,1,32,27,"62:124:248",56371378,67097926,49270760
"main-regional_sparse_discontinuous-baseline-n02000-p030-rx070-rs000-s10-rep-00028","main-regional_sparse_discontinuous-baseline-n02000-p030-rx070-rs000-s10","main","regional_sparse_discontinuous","baseline","uniform",2000,30,0.7,0,0,1,32,28,"62:124:248",56501741,67267013,49375489
"main-regional_sparse_discontinuous-baseline-n02000-p030-rx070-rs000-s10-rep-00029","main-regional_sparse_discontinuous-baseline-n02000-p030-rx070-rs000-s10","main","regional_sparse_discontinuous","baseline","uniform",2000,30,0.7,0,0,1,32,29,"62:124:248",56632104,67436100,49480218
"main-regional_sparse_discontinuous-baseline-n02000-p030-rx070-rs000-s10-rep-00030","main-regional_sparse_discontinuous-baseline-n02000-p030-rx070-rs000-s10","main","regional_sparse_discontinuous","baseline","uniform",2000,30,0.7,0,0,1,32,30,"62:124:248",56762467,67605187,49584947
"main-regional_sparse_discontinuous-baseline-n02000-p030-rx070-rs000-s10-rep-00031","main-regional_sparse_discontinuous-baseline-n02000-p030-rx070-rs000-s10","main","regional_sparse_discontinuous","baseline","uniform",2000,30,0.7,0,0,1,32,31,"62:124:248",56892830,67774274,49689676
"main-regional_sparse_discontinuous-baseline-n02000-p030-rx070-rs000-s10-rep-00032","main-regional_sparse_discontinuous-baseline-n02000-p030-rx070-rs000-s10","main","regional_sparse_discontinuous","baseline","uniform",2000,30,0.7,0,0,1,32,32,"62:124:248",57023193,67943361,49794405
"main-regional_sparse_discontinuous-baseline-n02000-p030-rx070-rs000-s10-rep-00033","main-regional_sparse_discontinuous-baseline-n02000-p030-rx070-rs000-s10","main","regional_sparse_discontinuous","baseline","uniform",2000,30,0.7,0,0,1,32,33,"62:124:248",57153556,68112448,49899134
"main-regional_sparse_discontinuous-baseline-n02000-p030-rx070-rs000-s10-rep-00034","main-regional_sparse_discontinuous-baseline-n02000-p030-rx070-rs000-s10","main","regional_sparse_discontinuous","baseline","uniform",2000,30,0.7,0,0,1,32,34,"62:124:248",57283919,68281535,50003863
"main-regional_sparse_discontinuous-baseline-n02000-p030-rx070-rs000-s10-rep-00035","main-regional_sparse_discontinuous-baseline-n02000-p030-rx070-rs000-s10","main","regional_sparse_discontinuous","baseline","uniform",2000,30,0.7,0,0,1,32,35,"62:124:248",57414282,68450622,50108592
"main-regional_sparse_discontinuous-baseline-n02000-p030-rx070-rs000-s10-rep-00036","main-regional_sparse_discontinuous-baseline-n02000-p030-rx070-rs000-s10","main","regional_sparse_discontinuous","baseline","uniform",2000,30,0.7,0,0,1,32,36,"62:124:248",57544645,68619709,50213321
"main-regional_sparse_discontinuous-baseline-n02000-p030-rx070-rs000-s10-rep-00037","main-regional_sparse_discontinuous-baseline-n02000-p030-rx070-rs000-s10","main","regional_sparse_discontinuous","baseline","uniform",2000,30,0.7,0,0,1,32,37,"62:124:248",57675008,68788796,50318050
"main-regional_sparse_discontinuous-baseline-n02000-p030-rx070-rs000-s10-rep-00038","main-regional_sparse_discontinuous-baseline-n02000-p030-rx070-rs000-s10","main","regional_sparse_discontinuous","baseline","uniform",2000,30,0.7,0,0,1,32,38,"62:124:248",57805371,68957883,50422779
"main-regional_sparse_discontinuous-baseline-n02000-p030-rx070-rs000-s10-rep-00039","main-regional_sparse_discontinuous-baseline-n02000-p030-rx070-rs000-s10","main","regional_sparse_discontinuous","baseline","uniform",2000,30,0.7,0,0,1,32,39,"62:124:248",57935734,69126970,50527508
"main-regional_sparse_discontinuous-baseline-n02000-p030-rx070-rs000-s10-rep-00040","main-regional_sparse_discontinuous-baseline-n02000-p030-rx070-rs000-s10","main","regional_sparse_discontinuous","baseline","uniform",2000,30,0.7,0,0,1,32,40,"62:124:248",58066097,69296057,50632237
"main-regional_sparse_discontinuous-baseline-n02000-p030-rx070-rs000-s10-rep-00041","main-regional_sparse_discontinuous-baseline-n02000-p030-rx070-rs000-s10","main","regional_sparse_discontinuous","baseline","uniform",2000,30,0.7,0,0,1,32,41,"62:124:248",58196460,69465144,50736966
"main-regional_sparse_discontinuous-baseline-n02000-p030-rx070-rs000-s10-rep-00042","main-regional_sparse_discontinuous-baseline-n02000-p030-rx070-rs000-s10","main","regional_sparse_discontinuous","baseline","uniform",2000,30,0.7,0,0,1,32,42,"62:124:248",58326823,69634231,50841695
"main-regional_sparse_discontinuous-baseline-n02000-p030-rx070-rs000-s10-rep-00043","main-regional_sparse_discontinuous-baseline-n02000-p030-rx070-rs000-s10","main","regional_sparse_discontinuous","baseline","uniform",2000,30,0.7,0,0,1,32,43,"62:124:248",58457186,69803318,50946424
"main-regional_sparse_discontinuous-baseline-n02000-p030-rx070-rs000-s10-rep-00044","main-regional_sparse_discontinuous-baseline-n02000-p030-rx070-rs000-s10","main","regional_sparse_discontinuous","baseline","uniform",2000,30,0.7,0,0,1,32,44,"62:124:248",58587549,69972405,51051153
"main-regional_sparse_discontinuous-baseline-n02000-p030-rx070-rs000-s10-rep-00045","main-regional_sparse_discontinuous-baseline-n02000-p030-rx070-rs000-s10","main","regional_sparse_discontinuous","baseline","uniform",2000,30,0.7,0,0,1,32,45,"62:124:248",58717912,70141492,51155882
"main-regional_sparse_discontinuous-baseline-n02000-p030-rx070-rs000-s10-rep-00046","main-regional_sparse_discontinuous-baseline-n02000-p030-rx070-rs000-s10","main","regional_sparse_discontinuous","baseline","uniform",2000,30,0.7,0,0,1,32,46,"62:124:248",58848275,70310579,51260611
"main-regional_sparse_discontinuous-baseline-n02000-p030-rx070-rs000-s10-rep-00047","main-regional_sparse_discontinuous-baseline-n02000-p030-rx070-rs000-s10","main","regional_sparse_discontinuous","baseline","uniform",2000,30,0.7,0,0,1,32,47,"62:124:248",58978638,70479666,51365340
"main-regional_sparse_discontinuous-baseline-n02000-p030-rx070-rs000-s10-rep-00048","main-regional_sparse_discontinuous-baseline-n02000-p030-rx070-rs000-s10","main","regional_sparse_discontinuous","baseline","uniform",2000,30,0.7,0,0,1,32,48,"62:124:248",59109001,70648753,51470069
"main-regional_sparse_discontinuous-baseline-n02000-p030-rx070-rs000-s10-rep-00049","main-regional_sparse_discontinuous-baseline-n02000-p030-rx070-rs000-s10","main","regional_sparse_discontinuous","baseline","uniform",2000,30,0.7,0,0,1,32,49,"62:124:248",59239364,70817840,51574798
"main-regional_sparse_discontinuous-baseline-n02000-p030-rx070-rs000-s10-rep-00050","main-regional_sparse_discontinuous-baseline-n02000-p030-rx070-rs000-s10","main","regional_sparse_discontinuous","baseline","uniform",2000,30,0.7,0,0,1,32,50,"62:124:248",59369727,70986927,51679527
"main-smooth_multiscale_local_sparse-baseline-n10000-p030-rx070-rs000-s10-rep-00001","main-smooth_multiscale_local_sparse-baseline-n10000-p030-rx070-rs000-s10","main","smooth_multiscale_local_sparse","baseline","uniform",10000,30,0.7,0,0,1,32,1,"250:500:1000",59500090,71156014,51784256
"main-smooth_multiscale_local_sparse-baseline-n10000-p030-rx070-rs000-s10-rep-00002","main-smooth_multiscale_local_sparse-baseline-n10000-p030-rx070-rs000-s10","main","smooth_multiscale_local_sparse","baseline","uniform",10000,30,0.7,0,0,1,32,2,"250:500:1000",59630453,71325101,51888985
"main-smooth_multiscale_local_sparse-baseline-n10000-p030-rx070-rs000-s10-rep-00003","main-smooth_multiscale_local_sparse-baseline-n10000-p030-rx070-rs000-s10","main","smooth_multiscale_local_sparse","baseline","uniform",10000,30,0.7,0,0,1,32,3,"250:500:1000",59760816,71494188,51993714
"main-smooth_multiscale_local_sparse-baseline-n10000-p030-rx070-rs000-s10-rep-00004","main-smooth_multiscale_local_sparse-baseline-n10000-p030-rx070-rs000-s10","main","smooth_multiscale_local_sparse","baseline","uniform",10000,30,0.7,0,0,1,32,4,"250:500:1000",59891179,71663275,52098443
"main-smooth_multiscale_local_sparse-baseline-n10000-p030-rx070-rs000-s10-rep-00005","main-smooth_multiscale_local_sparse-baseline-n10000-p030-rx070-rs000-s10","main","smooth_multiscale_local_sparse","baseline","uniform",10000,30,0.7,0,0,1,32,5,"250:500:1000",60021542,71832362,52203172
"main-smooth_multiscale_local_sparse-baseline-n10000-p030-rx070-rs000-s10-rep-00006","main-smooth_multiscale_local_sparse-baseline-n10000-p030-rx070-rs000-s10","main","smooth_multiscale_local_sparse","baseline","uniform",10000,30,0.7,0,0,1,32,6,"250:500:1000",60151905,72001449,52307901
"main-smooth_multiscale_local_sparse-baseline-n10000-p030-rx070-rs000-s10-rep-00007","main-smooth_multiscale_local_sparse-baseline-n10000-p030-rx070-rs000-s10","main","smooth_multiscale_local_sparse","baseline","uniform",10000,30,0.7,0,0,1,32,7,"250:500:1000",60282268,72170536,52412630
"main-smooth_multiscale_local_sparse-baseline-n10000-p030-rx070-rs000-s10-rep-00008","main-smooth_multiscale_local_sparse-baseline-n10000-p030-rx070-rs000-s10","main","smooth_multiscale_local_sparse","baseline","uniform",10000,30,0.7,0,0,1,32,8,"250:500:1000",60412631,72339623,52517359
"main-smooth_multiscale_local_sparse-baseline-n10000-p030-rx070-rs000-s10-rep-00009","main-smooth_multiscale_local_sparse-baseline-n10000-p030-rx070-rs000-s10","main","smooth_multiscale_local_sparse","baseline","uniform",10000,30,0.7,0,0,1,32,9,"250:500:1000",60542994,72508710,52622088
"main-smooth_multiscale_local_sparse-baseline-n10000-p030-rx070-rs000-s10-rep-00010","main-smooth_multiscale_local_sparse-baseline-n10000-p030-rx070-rs000-s10","main","smooth_multiscale_local_sparse","baseline","uniform",10000,30,0.7,0,0,1,32,10,"250:500:1000",60673357,72677797,52726817
"main-smooth_multiscale_local_sparse-baseline-n10000-p030-rx070-rs000-s10-rep-00011","main-smooth_multiscale_local_sparse-baseline-n10000-p030-rx070-rs000-s10","main","smooth_multiscale_local_sparse","baseline","uniform",10000,30,0.7,0,0,1,32,11,"250:500:1000",60803720,72846884,52831546
"main-smooth_multiscale_local_sparse-baseline-n10000-p030-rx070-rs000-s10-rep-00012","main-smooth_multiscale_local_sparse-baseline-n10000-p030-rx070-rs000-s10","main","smooth_multiscale_local_sparse","baseline","uniform",10000,30,0.7,0,0,1,32,12,"250:500:1000",60934083,73015971,52936275
"main-smooth_multiscale_local_sparse-baseline-n10000-p030-rx070-rs000-s10-rep-00013","main-smooth_multiscale_local_sparse-baseline-n10000-p030-rx070-rs000-s10","main","smooth_multiscale_local_sparse","baseline","uniform",10000,30,0.7,0,0,1,32,13,"250:500:1000",61064446,73185058,53041004
"main-smooth_multiscale_local_sparse-baseline-n10000-p030-rx070-rs000-s10-rep-00014","main-smooth_multiscale_local_sparse-baseline-n10000-p030-rx070-rs000-s10","main","smooth_multiscale_local_sparse","baseline","uniform",10000,30,0.7,0,0,1,32,14,"250:500:1000",61194809,73354145,53145733
"main-smooth_multiscale_local_sparse-baseline-n10000-p030-rx070-rs000-s10-rep-00015","main-smooth_multiscale_local_sparse-baseline-n10000-p030-rx070-rs000-s10","main","smooth_multiscale_local_sparse","baseline","uniform",10000,30,0.7,0,0,1,32,15,"250:500:1000",61325172,73523232,53250462
"main-smooth_multiscale_local_sparse-baseline-n10000-p030-rx070-rs000-s10-rep-00016","main-smooth_multiscale_local_sparse-baseline-n10000-p030-rx070-rs000-s10","main","smooth_multiscale_local_sparse","baseline","uniform",10000,30,0.7,0,0,1,32,16,"250:500:1000",61455535,73692319,53355191
"main-smooth_multiscale_local_sparse-baseline-n10000-p030-rx070-rs000-s10-rep-00017","main-smooth_multiscale_local_sparse-baseline-n10000-p030-rx070-rs000-s10","main","smooth_multiscale_local_sparse","baseline","uniform",10000,30,0.7,0,0,1,32,17,"250:500:1000",61585898,73861406,53459920
"main-smooth_multiscale_local_sparse-baseline-n10000-p030-rx070-rs000-s10-rep-00018","main-smooth_multiscale_local_sparse-baseline-n10000-p030-rx070-rs000-s10","main","smooth_multiscale_local_sparse","baseline","uniform",10000,30,0.7,0,0,1,32,18,"250:500:1000",61716261,74030493,53564649
"main-smooth_multiscale_local_sparse-baseline-n10000-p030-rx070-rs000-s10-rep-00019","main-smooth_multiscale_local_sparse-baseline-n10000-p030-rx070-rs000-s10","main","smooth_multiscale_local_sparse","baseline","uniform",10000,30,0.7,0,0,1,32,19,"250:500:1000",61846624,74199580,53669378
"main-smooth_multiscale_local_sparse-baseline-n10000-p030-rx070-rs000-s10-rep-00020","main-smooth_multiscale_local_sparse-baseline-n10000-p030-rx070-rs000-s10","main","smooth_multiscale_local_sparse","baseline","uniform",10000,30,0.7,0,0,1,32,20,"250:500:1000",61976987,74368667,53774107
"main-smooth_multiscale_local_sparse-baseline-n10000-p030-rx070-rs000-s10-rep-00021","main-smooth_multiscale_local_sparse-baseline-n10000-p030-rx070-rs000-s10","main","smooth_multiscale_local_sparse","baseline","uniform",10000,30,0.7,0,0,1,32,21,"250:500:1000",62107350,74537754,53878836
"main-smooth_multiscale_local_sparse-baseline-n10000-p030-rx070-rs000-s10-rep-00022","main-smooth_multiscale_local_sparse-baseline-n10000-p030-rx070-rs000-s10","main","smooth_multiscale_local_sparse","baseline","uniform",10000,30,0.7,0,0,1,32,22,"250:500:1000",62237713,74706841,53983565
"main-smooth_multiscale_local_sparse-baseline-n10000-p030-rx070-rs000-s10-rep-00023","main-smooth_multiscale_local_sparse-baseline-n10000-p030-rx070-rs000-s10","main","smooth_multiscale_local_sparse","baseline","uniform",10000,30,0.7,0,0,1,32,23,"250:500:1000",62368076,74875928,54088294
"main-smooth_multiscale_local_sparse-baseline-n10000-p030-rx070-rs000-s10-rep-00024","main-smooth_multiscale_local_sparse-baseline-n10000-p030-rx070-rs000-s10","main","smooth_multiscale_local_sparse","baseline","uniform",10000,30,0.7,0,0,1,32,24,"250:500:1000",62498439,75045015,54193023
"main-smooth_multiscale_local_sparse-baseline-n10000-p030-rx070-rs000-s10-rep-00025","main-smooth_multiscale_local_sparse-baseline-n10000-p030-rx070-rs000-s10","main","smooth_multiscale_local_sparse","baseline","uniform",10000,30,0.7,0,0,1,32,25,"250:500:1000",62628802,75214102,54297752
"main-smooth_multiscale_local_sparse-baseline-n10000-p030-rx070-rs000-s10-rep-00026","main-smooth_multiscale_local_sparse-baseline-n10000-p030-rx070-rs000-s10","main","smooth_multiscale_local_sparse","baseline","uniform",10000,30,0.7,0,0,1,32,26,"250:500:1000",62759165,75383189,54402481
"main-smooth_multiscale_local_sparse-baseline-n10000-p030-rx070-rs000-s10-rep-00027","main-smooth_multiscale_local_sparse-baseline-n10000-p030-rx070-rs000-s10","main","smooth_multiscale_local_sparse","baseline","uniform",10000,30,0.7,0,0,1,32,27,"250:500:1000",62889528,75552276,54507210
"main-smooth_multiscale_local_sparse-baseline-n10000-p030-rx070-rs000-s10-rep-00028","main-smooth_multiscale_local_sparse-baseline-n10000-p030-rx070-rs000-s10","main","smooth_multiscale_local_sparse","baseline","uniform",10000,30,0.7,0,0,1,32,28,"250:500:1000",63019891,75721363,54611939
"main-smooth_multiscale_local_sparse-baseline-n10000-p030-rx070-rs000-s10-rep-00029","main-smooth_multiscale_local_sparse-baseline-n10000-p030-rx070-rs000-s10","main","smooth_multiscale_local_sparse","baseline","uniform",10000,30,0.7,0,0,1,32,29,"250:500:1000",63150254,75890450,54716668
"main-smooth_multiscale_local_sparse-baseline-n10000-p030-rx070-rs000-s10-rep-00030","main-smooth_multiscale_local_sparse-baseline-n10000-p030-rx070-rs000-s10","main","smooth_multiscale_local_sparse","baseline","uniform",10000,30,0.7,0,0,1,32,30,"250:500:1000",63280617,76059537,54821397
"main-smooth_multiscale_local_sparse-baseline-n10000-p030-rx070-rs000-s10-rep-00031","main-smooth_multiscale_local_sparse-baseline-n10000-p030-rx070-rs000-s10","main","smooth_multiscale_local_sparse","baseline","uniform",10000,30,0.7,0,0,1,32,31,"250:500:1000",63410980,76228624,54926126
"main-smooth_multiscale_local_sparse-baseline-n10000-p030-rx070-rs000-s10-rep-00032","main-smooth_multiscale_local_sparse-baseline-n10000-p030-rx070-rs000-s10","main","smooth_multiscale_local_sparse","baseline","uniform",10000,30,0.7,0,0,1,32,32,"250:500:1000",63541343,76397711,55030855
"main-smooth_multiscale_local_sparse-baseline-n10000-p030-rx070-rs000-s10-rep-00033","main-smooth_multiscale_local_sparse-baseline-n10000-p030-rx070-rs000-s10","main","smooth_multiscale_local_sparse","baseline","uniform",10000,30,0.7,0,0,1,32,33,"250:500:1000",63671706,76566798,55135584
"main-smooth_multiscale_local_sparse-baseline-n10000-p030-rx070-rs000-s10-rep-00034","main-smooth_multiscale_local_sparse-baseline-n10000-p030-rx070-rs000-s10","main","smooth_multiscale_local_sparse","baseline","uniform",10000,30,0.7,0,0,1,32,34,"250:500:1000",63802069,76735885,55240313
"main-smooth_multiscale_local_sparse-baseline-n10000-p030-rx070-rs000-s10-rep-00035","main-smooth_multiscale_local_sparse-baseline-n10000-p030-rx070-rs000-s10","main","smooth_multiscale_local_sparse","baseline","uniform",10000,30,0.7,0,0,1,32,35,"250:500:1000",63932432,76904972,55345042
"main-smooth_multiscale_local_sparse-baseline-n10000-p030-rx070-rs000-s10-rep-00036","main-smooth_multiscale_local_sparse-baseline-n10000-p030-rx070-rs000-s10","main","smooth_multiscale_local_sparse","baseline","uniform",10000,30,0.7,0,0,1,32,36,"250:500:1000",64062795,77074059,55449771
"main-smooth_multiscale_local_sparse-baseline-n10000-p030-rx070-rs000-s10-rep-00037","main-smooth_multiscale_local_sparse-baseline-n10000-p030-rx070-rs000-s10","main","smooth_multiscale_local_sparse","baseline","uniform",10000,30,0.7,0,0,1,32,37,"250:500:1000",64193158,77243146,55554500
"main-smooth_multiscale_local_sparse-baseline-n10000-p030-rx070-rs000-s10-rep-00038","main-smooth_multiscale_local_sparse-baseline-n10000-p030-rx070-rs000-s10","main","smooth_multiscale_local_sparse","baseline","uniform",10000,30,0.7,0,0,1,32,38,"250:500:1000",64323521,77412233,55659229
"main-smooth_multiscale_local_sparse-baseline-n10000-p030-rx070-rs000-s10-rep-00039","main-smooth_multiscale_local_sparse-baseline-n10000-p030-rx070-rs000-s10","main","smooth_multiscale_local_sparse","baseline","uniform",10000,30,0.7,0,0,1,32,39,"250:500:1000",64453884,77581320,55763958
"main-smooth_multiscale_local_sparse-baseline-n10000-p030-rx070-rs000-s10-rep-00040","main-smooth_multiscale_local_sparse-baseline-n10000-p030-rx070-rs000-s10","main","smooth_multiscale_local_sparse","baseline","uniform",10000,30,0.7,0,0,1,32,40,"250:500:1000",64584247,77750407,55868687
"main-smooth_multiscale_local_sparse-baseline-n10000-p030-rx070-rs000-s10-rep-00041","main-smooth_multiscale_local_sparse-baseline-n10000-p030-rx070-rs000-s10","main","smooth_multiscale_local_sparse","baseline","uniform",10000,30,0.7,0,0,1,32,41,"250:500:1000",64714610,77919494,55973416
"main-smooth_multiscale_local_sparse-baseline-n10000-p030-rx070-rs000-s10-rep-00042","main-smooth_multiscale_local_sparse-baseline-n10000-p030-rx070-rs000-s10","main","smooth_multiscale_local_sparse","baseline","uniform",10000,30,0.7,0,0,1,32,42,"250:500:1000",64844973,78088581,56078145
"main-smooth_multiscale_local_sparse-baseline-n10000-p030-rx070-rs000-s10-rep-00043","main-smooth_multiscale_local_sparse-baseline-n10000-p030-rx070-rs000-s10","main","smooth_multiscale_local_sparse","baseline","uniform",10000,30,0.7,0,0,1,32,43,"250:500:1000",64975336,78257668,56182874
"main-smooth_multiscale_local_sparse-baseline-n10000-p030-rx070-rs000-s10-rep-00044","main-smooth_multiscale_local_sparse-baseline-n10000-p030-rx070-rs000-s10","main","smooth_multiscale_local_sparse","baseline","uniform",10000,30,0.7,0,0,1,32,44,"250:500:1000",65105699,78426755,56287603
"main-smooth_multiscale_local_sparse-baseline-n10000-p030-rx070-rs000-s10-rep-00045","main-smooth_multiscale_local_sparse-baseline-n10000-p030-rx070-rs000-s10","main","smooth_multiscale_local_sparse","baseline","uniform",10000,30,0.7,0,0,1,32,45,"250:500:1000",65236062,78595842,56392332
"main-smooth_multiscale_local_sparse-baseline-n10000-p030-rx070-rs000-s10-rep-00046","main-smooth_multiscale_local_sparse-baseline-n10000-p030-rx070-rs000-s10","main","smooth_multiscale_local_sparse","baseline","uniform",10000,30,0.7,0,0,1,32,46,"250:500:1000",65366425,78764929,56497061
"main-smooth_multiscale_local_sparse-baseline-n10000-p030-rx070-rs000-s10-rep-00047","main-smooth_multiscale_local_sparse-baseline-n10000-p030-rx070-rs000-s10","main","smooth_multiscale_local_sparse","baseline","uniform",10000,30,0.7,0,0,1,32,47,"250:500:1000",65496788,78934016,56601790
"main-smooth_multiscale_local_sparse-baseline-n10000-p030-rx070-rs000-s10-rep-00048","main-smooth_multiscale_local_sparse-baseline-n10000-p030-rx070-rs000-s10","main","smooth_multiscale_local_sparse","baseline","uniform",10000,30,0.7,0,0,1,32,48,"250:500:1000",65627151,79103103,56706519
"main-smooth_multiscale_local_sparse-baseline-n10000-p030-rx070-rs000-s10-rep-00049","main-smooth_multiscale_local_sparse-baseline-n10000-p030-rx070-rs000-s10","main","smooth_multiscale_local_sparse","baseline","uniform",10000,30,0.7,0,0,1,32,49,"250:500:1000",65757514,79272190,56811248
"main-smooth_multiscale_local_sparse-baseline-n10000-p030-rx070-rs000-s10-rep-00050","main-smooth_multiscale_local_sparse-baseline-n10000-p030-rx070-rs000-s10","main","smooth_multiscale_local_sparse","baseline","uniform",10000,30,0.7,0,0,1,32,50,"250:500:1000",65887877,79441277,56915977
"main-regional_sparse_discontinuous-baseline-n10000-p030-rx070-rs000-s10-rep-00001","main-regional_sparse_discontinuous-baseline-n10000-p030-rx070-rs000-s10","main","regional_sparse_discontinuous","baseline","uniform",10000,30,0.7,0,0,1,32,1,"250:500:1000",66018240,79610364,57020706
"main-regional_sparse_discontinuous-baseline-n10000-p030-rx070-rs000-s10-rep-00002","main-regional_sparse_discontinuous-baseline-n10000-p030-rx070-rs000-s10","main","regional_sparse_discontinuous","baseline","uniform",10000,30,0.7,0,0,1,32,2,"250:500:1000",66148603,79779451,57125435
"main-regional_sparse_discontinuous-baseline-n10000-p030-rx070-rs000-s10-rep-00003","main-regional_sparse_discontinuous-baseline-n10000-p030-rx070-rs000-s10","main","regional_sparse_discontinuous","baseline","uniform",10000,30,0.7,0,0,1,32,3,"250:500:1000",66278966,79948538,57230164
"main-regional_sparse_discontinuous-baseline-n10000-p030-rx070-rs000-s10-rep-00004","main-regional_sparse_discontinuous-baseline-n10000-p030-rx070-rs000-s10","main","regional_sparse_discontinuous","baseline","uniform",10000,30,0.7,0,0,1,32,4,"250:500:1000",66409329,80117625,57334893
"main-regional_sparse_discontinuous-baseline-n10000-p030-rx070-rs000-s10-rep-00005","main-regional_sparse_discontinuous-baseline-n10000-p030-rx070-rs000-s10","main","regional_sparse_discontinuous","baseline","uniform",10000,30,0.7,0,0,1,32,5,"250:500:1000",66539692,80286712,57439622
"main-regional_sparse_discontinuous-baseline-n10000-p030-rx070-rs000-s10-rep-00006","main-regional_sparse_discontinuous-baseline-n10000-p030-rx070-rs000-s10","main","regional_sparse_discontinuous","baseline","uniform",10000,30,0.7,0,0,1,32,6,"250:500:1000",66670055,80455799,57544351
"main-regional_sparse_discontinuous-baseline-n10000-p030-rx070-rs000-s10-rep-00007","main-regional_sparse_discontinuous-baseline-n10000-p030-rx070-rs000-s10","main","regional_sparse_discontinuous","baseline","uniform",10000,30,0.7,0,0,1,32,7,"250:500:1000",66800418,80624886,57649080
"main-regional_sparse_discontinuous-baseline-n10000-p030-rx070-rs000-s10-rep-00008","main-regional_sparse_discontinuous-baseline-n10000-p030-rx070-rs000-s10","main","regional_sparse_discontinuous","baseline","uniform",10000,30,0.7,0,0,1,32,8,"250:500:1000",66930781,80793973,57753809
"main-regional_sparse_discontinuous-baseline-n10000-p030-rx070-rs000-s10-rep-00009","main-regional_sparse_discontinuous-baseline-n10000-p030-rx070-rs000-s10","main","regional_sparse_discontinuous","baseline","uniform",10000,30,0.7,0,0,1,32,9,"250:500:1000",67061144,80963060,57858538
"main-regional_sparse_discontinuous-baseline-n10000-p030-rx070-rs000-s10-rep-00010","main-regional_sparse_discontinuous-baseline-n10000-p030-rx070-rs000-s10","main","regional_sparse_discontinuous","baseline","uniform",10000,30,0.7,0,0,1,32,10,"250:500:1000",67191507,81132147,57963267
"main-regional_sparse_discontinuous-baseline-n10000-p030-rx070-rs000-s10-rep-00011","main-regional_sparse_discontinuous-baseline-n10000-p030-rx070-rs000-s10","main","regional_sparse_discontinuous","baseline","uniform",10000,30,0.7,0,0,1,32,11,"250:500:1000",67321870,81301234,58067996
"main-regional_sparse_discontinuous-baseline-n10000-p030-rx070-rs000-s10-rep-00012","main-regional_sparse_discontinuous-baseline-n10000-p030-rx070-rs000-s10","main","regional_sparse_discontinuous","baseline","uniform",10000,30,0.7,0,0,1,32,12,"250:500:1000",67452233,81470321,58172725
"main-regional_sparse_discontinuous-baseline-n10000-p030-rx070-rs000-s10-rep-00013","main-regional_sparse_discontinuous-baseline-n10000-p030-rx070-rs000-s10","main","regional_sparse_discontinuous","baseline","uniform",10000,30,0.7,0,0,1,32,13,"250:500:1000",67582596,81639408,58277454
"main-regional_sparse_discontinuous-baseline-n10000-p030-rx070-rs000-s10-rep-00014","main-regional_sparse_discontinuous-baseline-n10000-p030-rx070-rs000-s10","main","regional_sparse_discontinuous","baseline","uniform",10000,30,0.7,0,0,1,32,14,"250:500:1000",67712959,81808495,58382183
"main-regional_sparse_discontinuous-baseline-n10000-p030-rx070-rs000-s10-rep-00015","main-regional_sparse_discontinuous-baseline-n10000-p030-rx070-rs000-s10","main","regional_sparse_discontinuous","baseline","uniform",10000,30,0.7,0,0,1,32,15,"250:500:1000",67843322,81977582,58486912
"main-regional_sparse_discontinuous-baseline-n10000-p030-rx070-rs000-s10-rep-00016","main-regional_sparse_discontinuous-baseline-n10000-p030-rx070-rs000-s10","main","regional_sparse_discontinuous","baseline","uniform",10000,30,0.7,0,0,1,32,16,"250:500:1000",67973685,82146669,58591641
"main-regional_sparse_discontinuous-baseline-n10000-p030-rx070-rs000-s10-rep-00017","main-regional_sparse_discontinuous-baseline-n10000-p030-rx070-rs000-s10","main","regional_sparse_discontinuous","baseline","uniform",10000,30,0.7,0,0,1,32,17,"250:500:1000",68104048,82315756,58696370
"main-regional_sparse_discontinuous-baseline-n10000-p030-rx070-rs000-s10-rep-00018","main-regional_sparse_discontinuous-baseline-n10000-p030-rx070-rs000-s10","main","regional_sparse_discontinuous","baseline","uniform",10000,30,0.7,0,0,1,32,18,"250:500:1000",68234411,82484843,58801099
"main-regional_sparse_discontinuous-baseline-n10000-p030-rx070-rs000-s10-rep-00019","main-regional_sparse_discontinuous-baseline-n10000-p030-rx070-rs000-s10","main","regional_sparse_discontinuous","baseline","uniform",10000,30,0.7,0,0,1,32,19,"250:500:1000",68364774,82653930,58905828
"main-regional_sparse_discontinuous-baseline-n10000-p030-rx070-rs000-s10-rep-00020","main-regional_sparse_discontinuous-baseline-n10000-p030-rx070-rs000-s10","main","regional_sparse_discontinuous","baseline","uniform",10000,30,0.7,0,0,1,32,20,"250:500:1000",68495137,82823017,59010557
"main-regional_sparse_discontinuous-baseline-n10000-p030-rx070-rs000-s10-rep-00021","main-regional_sparse_discontinuous-baseline-n10000-p030-rx070-rs000-s10","main","regional_sparse_discontinuous","baseline","uniform",10000,30,0.7,0,0,1,32,21,"250:500:1000",68625500,82992104,59115286
"main-regional_sparse_discontinuous-baseline-n10000-p030-rx070-rs000-s10-rep-00022","main-regional_sparse_discontinuous-baseline-n10000-p030-rx070-rs000-s10","main","regional_sparse_discontinuous","baseline","uniform",10000,30,0.7,0,0,1,32,22,"250:500:1000",68755863,83161191,59220015
"main-regional_sparse_discontinuous-baseline-n10000-p030-rx070-rs000-s10-rep-00023","main-regional_sparse_discontinuous-baseline-n10000-p030-rx070-rs000-s10","main","regional_sparse_discontinuous","baseline","uniform",10000,30,0.7,0,0,1,32,23,"250:500:1000",68886226,83330278,59324744
"main-regional_sparse_discontinuous-baseline-n10000-p030-rx070-rs000-s10-rep-00024","main-regional_sparse_discontinuous-baseline-n10000-p030-rx070-rs000-s10","main","regional_sparse_discontinuous","baseline","uniform",10000,30,0.7,0,0,1,32,24,"250:500:1000",69016589,83499365,59429473
"main-regional_sparse_discontinuous-baseline-n10000-p030-rx070-rs000-s10-rep-00025","main-regional_sparse_discontinuous-baseline-n10000-p030-rx070-rs000-s10","main","regional_sparse_discontinuous","baseline","uniform",10000,30,0.7,0,0,1,32,25,"250:500:1000",69146952,83668452,59534202
"main-regional_sparse_discontinuous-baseline-n10000-p030-rx070-rs000-s10-rep-00026","main-regional_sparse_discontinuous-baseline-n10000-p030-rx070-rs000-s10","main","regional_sparse_discontinuous","baseline","uniform",10000,30,0.7,0,0,1,32,26,"250:500:1000",69277315,83837539,59638931
"main-regional_sparse_discontinuous-baseline-n10000-p030-rx070-rs000-s10-rep-00027","main-regional_sparse_discontinuous-baseline-n10000-p030-rx070-rs000-s10","main","regional_sparse_discontinuous","baseline","uniform",10000,30,0.7,0,0,1,32,27,"250:500:1000",69407678,84006626,59743660
"main-regional_sparse_discontinuous-baseline-n10000-p030-rx070-rs000-s10-rep-00028","main-regional_sparse_discontinuous-baseline-n10000-p030-rx070-rs000-s10","main","regional_sparse_discontinuous","baseline","uniform",10000,30,0.7,0,0,1,32,28,"250:500:1000",69538041,84175713,59848389
"main-regional_sparse_discontinuous-baseline-n10000-p030-rx070-rs000-s10-rep-00029","main-regional_sparse_discontinuous-baseline-n10000-p030-rx070-rs000-s10","main","regional_sparse_discontinuous","baseline","uniform",10000,30,0.7,0,0,1,32,29,"250:500:1000",69668404,84344800,59953118
"main-regional_sparse_discontinuous-baseline-n10000-p030-rx070-rs000-s10-rep-00030","main-regional_sparse_discontinuous-baseline-n10000-p030-rx070-rs000-s10","main","regional_sparse_discontinuous","baseline","uniform",10000,30,0.7,0,0,1,32,30,"250:500:1000",69798767,84513887,60057847
"main-regional_sparse_discontinuous-baseline-n10000-p030-rx070-rs000-s10-rep-00031","main-regional_sparse_discontinuous-baseline-n10000-p030-rx070-rs000-s10","main","regional_sparse_discontinuous","baseline","uniform",10000,30,0.7,0,0,1,32,31,"250:500:1000",69929130,84682974,60162576
"main-regional_sparse_discontinuous-baseline-n10000-p030-rx070-rs000-s10-rep-00032","main-regional_sparse_discontinuous-baseline-n10000-p030-rx070-rs000-s10","main","regional_sparse_discontinuous","baseline","uniform",10000,30,0.7,0,0,1,32,32,"250:500:1000",70059493,84852061,60267305
"main-regional_sparse_discontinuous-baseline-n10000-p030-rx070-rs000-s10-rep-00033","main-regional_sparse_discontinuous-baseline-n10000-p030-rx070-rs000-s10","main","regional_sparse_discontinuous","baseline","uniform",10000,30,0.7,0,0,1,32,33,"250:500:1000",70189856,85021148,60372034
"main-regional_sparse_discontinuous-baseline-n10000-p030-rx070-rs000-s10-rep-00034","main-regional_sparse_discontinuous-baseline-n10000-p030-rx070-rs000-s10","main","regional_sparse_discontinuous","baseline","uniform",10000,30,0.7,0,0,1,32,34,"250:500:1000",70320219,85190235,60476763
"main-regional_sparse_discontinuous-baseline-n10000-p030-rx070-rs000-s10-rep-00035","main-regional_sparse_discontinuous-baseline-n10000-p030-rx070-rs000-s10","main","regional_sparse_discontinuous","baseline","uniform",10000,30,0.7,0,0,1,32,35,"250:500:1000",70450582,85359322,60581492
"main-regional_sparse_discontinuous-baseline-n10000-p030-rx070-rs000-s10-rep-00036","main-regional_sparse_discontinuous-baseline-n10000-p030-rx070-rs000-s10","main","regional_sparse_discontinuous","baseline","uniform",10000,30,0.7,0,0,1,32,36,"250:500:1000",70580945,85528409,60686221
"main-regional_sparse_discontinuous-baseline-n10000-p030-rx070-rs000-s10-rep-00037","main-regional_sparse_discontinuous-baseline-n10000-p030-rx070-rs000-s10","main","regional_sparse_discontinuous","baseline","uniform",10000,30,0.7,0,0,1,32,37,"250:500:1000",70711308,85697496,60790950
"main-regional_sparse_discontinuous-baseline-n10000-p030-rx070-rs000-s10-rep-00038","main-regional_sparse_discontinuous-baseline-n10000-p030-rx070-rs000-s10","main","regional_sparse_discontinuous","baseline","uniform",10000,30,0.7,0,0,1,32,38,"250:500:1000",70841671,85866583,60895679
"main-regional_sparse_discontinuous-baseline-n10000-p030-rx070-rs000-s10-rep-00039","main-regional_sparse_discontinuous-baseline-n10000-p030-rx070-rs000-s10","main","regional_sparse_discontinuous","baseline","uniform",10000,30,0.7,0,0,1,32,39,"250:500:1000",70972034,86035670,61000408
"main-regional_sparse_discontinuous-baseline-n10000-p030-rx070-rs000-s10-rep-00040","main-regional_sparse_discontinuous-baseline-n10000-p030-rx070-rs000-s10","main","regional_sparse_discontinuous","baseline","uniform",10000,30,0.7,0,0,1,32,40,"250:500:1000",71102397,86204757,61105137
"main-regional_sparse_discontinuous-baseline-n10000-p030-rx070-rs000-s10-rep-00041","main-regional_sparse_discontinuous-baseline-n10000-p030-rx070-rs000-s10","main","regional_sparse_discontinuous","baseline","uniform",10000,30,0.7,0,0,1,32,41,"250:500:1000",71232760,86373844,61209866
"main-regional_sparse_discontinuous-baseline-n10000-p030-rx070-rs000-s10-rep-00042","main-regional_sparse_discontinuous-baseline-n10000-p030-rx070-rs000-s10","main","regional_sparse_discontinuous","baseline","uniform",10000,30,0.7,0,0,1,32,42,"250:500:1000",71363123,86542931,61314595
"main-regional_sparse_discontinuous-baseline-n10000-p030-rx070-rs000-s10-rep-00043","main-regional_sparse_discontinuous-baseline-n10000-p030-rx070-rs000-s10","main","regional_sparse_discontinuous","baseline","uniform",10000,30,0.7,0,0,1,32,43,"250:500:1000",71493486,86712018,61419324
"main-regional_sparse_discontinuous-baseline-n10000-p030-rx070-rs000-s10-rep-00044","main-regional_sparse_discontinuous-baseline-n10000-p030-rx070-rs000-s10","main","regional_sparse_discontinuous","baseline","uniform",10000,30,0.7,0,0,1,32,44,"250:500:1000",71623849,86881105,61524053
"main-regional_sparse_discontinuous-baseline-n10000-p030-rx070-rs000-s10-rep-00045","main-regional_sparse_discontinuous-baseline-n10000-p030-rx070-rs000-s10","main","regional_sparse_discontinuous","baseline","uniform",10000,30,0.7,0,0,1,32,45,"250:500:1000",71754212,87050192,61628782
"main-regional_sparse_discontinuous-baseline-n10000-p030-rx070-rs000-s10-rep-00046","main-regional_sparse_discontinuous-baseline-n10000-p030-rx070-rs000-s10","main","regional_sparse_discontinuous","baseline","uniform",10000,30,0.7,0,0,1,32,46,"250:500:1000",71884575,87219279,61733511
"main-regional_sparse_discontinuous-baseline-n10000-p030-rx070-rs000-s10-rep-00047","main-regional_sparse_discontinuous-baseline-n10000-p030-rx070-rs000-s10","main","regional_sparse_discontinuous","baseline","uniform",10000,30,0.7,0,0,1,32,47,"250:500:1000",72014938,87388366,61838240
"main-regional_sparse_discontinuous-baseline-n10000-p030-rx070-rs000-s10-rep-00048","main-regional_sparse_discontinuous-baseline-n10000-p030-rx070-rs000-s10","main","regional_sparse_discontinuous","baseline","uniform",10000,30,0.7,0,0,1,32,48,"250:500:1000",72145301,87557453,61942969
"main-regional_sparse_discontinuous-baseline-n10000-p030-rx070-rs000-s10-rep-00049","main-regional_sparse_discontinuous-baseline-n10000-p030-rx070-rs000-s10","main","regional_sparse_discontinuous","baseline","uniform",10000,30,0.7,0,0,1,32,49,"250:500:1000",72275664,87726540,62047698
"main-regional_sparse_discontinuous-baseline-n10000-p030-rx070-rs000-s10-rep-00050","main-regional_sparse_discontinuous-baseline-n10000-p030-rx070-rs000-s10","main","regional_sparse_discontinuous","baseline","uniform",10000,30,0.7,0,0,1,32,50,"250:500:1000",72406027,87895627,62152427
"main-smooth_multiscale_local_sparse-baseline-n02000-p030-rx000-rs070-s10-rep-00001","main-smooth_multiscale_local_sparse-baseline-n02000-p030-rx000-rs070-s10","main","smooth_multiscale_local_sparse","baseline","uniform",2000,30,0,0.7,0,1,32,1,"62:124:248",72536390,88064714,62257156
"main-smooth_multiscale_local_sparse-baseline-n02000-p030-rx000-rs070-s10-rep-00002","main-smooth_multiscale_local_sparse-baseline-n02000-p030-rx000-rs070-s10","main","smooth_multiscale_local_sparse","baseline","uniform",2000,30,0,0.7,0,1,32,2,"62:124:248",72666753,88233801,62361885
"main-smooth_multiscale_local_sparse-baseline-n02000-p030-rx000-rs070-s10-rep-00003","main-smooth_multiscale_local_sparse-baseline-n02000-p030-rx000-rs070-s10","main","smooth_multiscale_local_sparse","baseline","uniform",2000,30,0,0.7,0,1,32,3,"62:124:248",72797116,88402888,62466614
"main-smooth_multiscale_local_sparse-baseline-n02000-p030-rx000-rs070-s10-rep-00004","main-smooth_multiscale_local_sparse-baseline-n02000-p030-rx000-rs070-s10","main","smooth_multiscale_local_sparse","baseline","uniform",2000,30,0,0.7,0,1,32,4,"62:124:248",72927479,88571975,62571343
"main-smooth_multiscale_local_sparse-baseline-n02000-p030-rx000-rs070-s10-rep-00005","main-smooth_multiscale_local_sparse-baseline-n02000-p030-rx000-rs070-s10","main","smooth_multiscale_local_sparse","baseline","uniform",2000,30,0,0.7,0,1,32,5,"62:124:248",73057842,88741062,62676072
"main-smooth_multiscale_local_sparse-baseline-n02000-p030-rx000-rs070-s10-rep-00006","main-smooth_multiscale_local_sparse-baseline-n02000-p030-rx000-rs070-s10","main","smooth_multiscale_local_sparse","baseline","uniform",2000,30,0,0.7,0,1,32,6,"62:124:248",73188205,88910149,62780801
"main-smooth_multiscale_local_sparse-baseline-n02000-p030-rx000-rs070-s10-rep-00007","main-smooth_multiscale_local_sparse-baseline-n02000-p030-rx000-rs070-s10","main","smooth_multiscale_local_sparse","baseline","uniform",2000,30,0,0.7,0,1,32,7,"62:124:248",73318568,89079236,62885530
"main-smooth_multiscale_local_sparse-baseline-n02000-p030-rx000-rs070-s10-rep-00008","main-smooth_multiscale_local_sparse-baseline-n02000-p030-rx000-rs070-s10","main","smooth_multiscale_local_sparse","baseline","uniform",2000,30,0,0.7,0,1,32,8,"62:124:248",73448931,89248323,62990259
"main-smooth_multiscale_local_sparse-baseline-n02000-p030-rx000-rs070-s10-rep-00009","main-smooth_multiscale_local_sparse-baseline-n02000-p030-rx000-rs070-s10","main","smooth_multiscale_local_sparse","baseline","uniform",2000,30,0,0.7,0,1,32,9,"62:124:248",73579294,89417410,63094988
"main-smooth_multiscale_local_sparse-baseline-n02000-p030-rx000-rs070-s10-rep-00010","main-smooth_multiscale_local_sparse-baseline-n02000-p030-rx000-rs070-s10","main","smooth_multiscale_local_sparse","baseline","uniform",2000,30,0,0.7,0,1,32,10,"62:124:248",73709657,89586497,63199717
"main-smooth_multiscale_local_sparse-baseline-n02000-p030-rx000-rs070-s10-rep-00011","main-smooth_multiscale_local_sparse-baseline-n02000-p030-rx000-rs070-s10","main","smooth_multiscale_local_sparse","baseline","uniform",2000,30,0,0.7,0,1,32,11,"62:124:248",73840020,89755584,63304446
"main-smooth_multiscale_local_sparse-baseline-n02000-p030-rx000-rs070-s10-rep-00012","main-smooth_multiscale_local_sparse-baseline-n02000-p030-rx000-rs070-s10","main","smooth_multiscale_local_sparse","baseline","uniform",2000,30,0,0.7,0,1,32,12,"62:124:248",73970383,89924671,63409175
"main-smooth_multiscale_local_sparse-baseline-n02000-p030-rx000-rs070-s10-rep-00013","main-smooth_multiscale_local_sparse-baseline-n02000-p030-rx000-rs070-s10","main","smooth_multiscale_local_sparse","baseline","uniform",2000,30,0,0.7,0,1,32,13,"62:124:248",74100746,90093758,63513904
"main-smooth_multiscale_local_sparse-baseline-n02000-p030-rx000-rs070-s10-rep-00014","main-smooth_multiscale_local_sparse-baseline-n02000-p030-rx000-rs070-s10","main","smooth_multiscale_local_sparse","baseline","uniform",2000,30,0,0.7,0,1,32,14,"62:124:248",74231109,90262845,63618633
"main-smooth_multiscale_local_sparse-baseline-n02000-p030-rx000-rs070-s10-rep-00015","main-smooth_multiscale_local_sparse-baseline-n02000-p030-rx000-rs070-s10","main","smooth_multiscale_local_sparse","baseline","uniform",2000,30,0,0.7,0,1,32,15,"62:124:248",74361472,90431932,63723362
"main-smooth_multiscale_local_sparse-baseline-n02000-p030-rx000-rs070-s10-rep-00016","main-smooth_multiscale_local_sparse-baseline-n02000-p030-rx000-rs070-s10","main","smooth_multiscale_local_sparse","baseline","uniform",2000,30,0,0.7,0,1,32,16,"62:124:248",74491835,90601019,63828091
"main-smooth_multiscale_local_sparse-baseline-n02000-p030-rx000-rs070-s10-rep-00017","main-smooth_multiscale_local_sparse-baseline-n02000-p030-rx000-rs070-s10","main","smooth_multiscale_local_sparse","baseline","uniform",2000,30,0,0.7,0,1,32,17,"62:124:248",74622198,90770106,63932820
"main-smooth_multiscale_local_sparse-baseline-n02000-p030-rx000-rs070-s10-rep-00018","main-smooth_multiscale_local_sparse-baseline-n02000-p030-rx000-rs070-s10","main","smooth_multiscale_local_sparse","baseline","uniform",2000,30,0,0.7,0,1,32,18,"62:124:248",74752561,90939193,64037549
"main-smooth_multiscale_local_sparse-baseline-n02000-p030-rx000-rs070-s10-rep-00019","main-smooth_multiscale_local_sparse-baseline-n02000-p030-rx000-rs070-s10","main","smooth_multiscale_local_sparse","baseline","uniform",2000,30,0,0.7,0,1,32,19,"62:124:248",74882924,91108280,64142278
"main-smooth_multiscale_local_sparse-baseline-n02000-p030-rx000-rs070-s10-rep-00020","main-smooth_multiscale_local_sparse-baseline-n02000-p030-rx000-rs070-s10","main","smooth_multiscale_local_sparse","baseline","uniform",2000,30,0,0.7,0,1,32,20,"62:124:248",75013287,91277367,64247007
"main-smooth_multiscale_local_sparse-baseline-n02000-p030-rx000-rs070-s10-rep-00021","main-smooth_multiscale_local_sparse-baseline-n02000-p030-rx000-rs070-s10","main","smooth_multiscale_local_sparse","baseline","uniform",2000,30,0,0.7,0,1,32,21,"62:124:248",75143650,91446454,64351736
"main-smooth_multiscale_local_sparse-baseline-n02000-p030-rx000-rs070-s10-rep-00022","main-smooth_multiscale_local_sparse-baseline-n02000-p030-rx000-rs070-s10","main","smooth_multiscale_local_sparse","baseline","uniform",2000,30,0,0.7,0,1,32,22,"62:124:248",75274013,91615541,64456465
"main-smooth_multiscale_local_sparse-baseline-n02000-p030-rx000-rs070-s10-rep-00023","main-smooth_multiscale_local_sparse-baseline-n02000-p030-rx000-rs070-s10","main","smooth_multiscale_local_sparse","baseline","uniform",2000,30,0,0.7,0,1,32,23,"62:124:248",75404376,91784628,64561194
"main-smooth_multiscale_local_sparse-baseline-n02000-p030-rx000-rs070-s10-rep-00024","main-smooth_multiscale_local_sparse-baseline-n02000-p030-rx000-rs070-s10","main","smooth_multiscale_local_sparse","baseline","uniform",2000,30,0,0.7,0,1,32,24,"62:124:248",75534739,91953715,64665923
"main-smooth_multiscale_local_sparse-baseline-n02000-p030-rx000-rs070-s10-rep-00025","main-smooth_multiscale_local_sparse-baseline-n02000-p030-rx000-rs070-s10","main","smooth_multiscale_local_sparse","baseline","uniform",2000,30,0,0.7,0,1,32,25,"62:124:248",75665102,92122802,64770652
"main-smooth_multiscale_local_sparse-baseline-n02000-p030-rx000-rs070-s10-rep-00026","main-smooth_multiscale_local_sparse-baseline-n02000-p030-rx000-rs070-s10","main","smooth_multiscale_local_sparse","baseline","uniform",2000,30,0,0.7,0,1,32,26,"62:124:248",75795465,92291889,64875381
"main-smooth_multiscale_local_sparse-baseline-n02000-p030-rx000-rs070-s10-rep-00027","main-smooth_multiscale_local_sparse-baseline-n02000-p030-rx000-rs070-s10","main","smooth_multiscale_local_sparse","baseline","uniform",2000,30,0,0.7,0,1,32,27,"62:124:248",75925828,92460976,64980110
"main-smooth_multiscale_local_sparse-baseline-n02000-p030-rx000-rs070-s10-rep-00028","main-smooth_multiscale_local_sparse-baseline-n02000-p030-rx000-rs070-s10","main","smooth_multiscale_local_sparse","baseline","uniform",2000,30,0,0.7,0,1,32,28,"62:124:248",76056191,92630063,65084839
"main-smooth_multiscale_local_sparse-baseline-n02000-p030-rx000-rs070-s10-rep-00029","main-smooth_multiscale_local_sparse-baseline-n02000-p030-rx000-rs070-s10","main","smooth_multiscale_local_sparse","baseline","uniform",2000,30,0,0.7,0,1,32,29,"62:124:248",76186554,92799150,65189568
"main-smooth_multiscale_local_sparse-baseline-n02000-p030-rx000-rs070-s10-rep-00030","main-smooth_multiscale_local_sparse-baseline-n02000-p030-rx000-rs070-s10","main","smooth_multiscale_local_sparse","baseline","uniform",2000,30,0,0.7,0,1,32,30,"62:124:248",76316917,92968237,65294297
"main-smooth_multiscale_local_sparse-baseline-n02000-p030-rx000-rs070-s10-rep-00031","main-smooth_multiscale_local_sparse-baseline-n02000-p030-rx000-rs070-s10","main","smooth_multiscale_local_sparse","baseline","uniform",2000,30,0,0.7,0,1,32,31,"62:124:248",76447280,93137324,65399026
"main-smooth_multiscale_local_sparse-baseline-n02000-p030-rx000-rs070-s10-rep-00032","main-smooth_multiscale_local_sparse-baseline-n02000-p030-rx000-rs070-s10","main","smooth_multiscale_local_sparse","baseline","uniform",2000,30,0,0.7,0,1,32,32,"62:124:248",76577643,93306411,65503755
"main-smooth_multiscale_local_sparse-baseline-n02000-p030-rx000-rs070-s10-rep-00033","main-smooth_multiscale_local_sparse-baseline-n02000-p030-rx000-rs070-s10","main","smooth_multiscale_local_sparse","baseline","uniform",2000,30,0,0.7,0,1,32,33,"62:124:248",76708006,93475498,65608484
"main-smooth_multiscale_local_sparse-baseline-n02000-p030-rx000-rs070-s10-rep-00034","main-smooth_multiscale_local_sparse-baseline-n02000-p030-rx000-rs070-s10","main","smooth_multiscale_local_sparse","baseline","uniform",2000,30,0,0.7,0,1,32,34,"62:124:248",76838369,93644585,65713213
"main-smooth_multiscale_local_sparse-baseline-n02000-p030-rx000-rs070-s10-rep-00035","main-smooth_multiscale_local_sparse-baseline-n02000-p030-rx000-rs070-s10","main","smooth_multiscale_local_sparse","baseline","uniform",2000,30,0,0.7,0,1,32,35,"62:124:248",76968732,93813672,65817942
"main-smooth_multiscale_local_sparse-baseline-n02000-p030-rx000-rs070-s10-rep-00036","main-smooth_multiscale_local_sparse-baseline-n02000-p030-rx000-rs070-s10","main","smooth_multiscale_local_sparse","baseline","uniform",2000,30,0,0.7,0,1,32,36,"62:124:248",77099095,93982759,65922671
"main-smooth_multiscale_local_sparse-baseline-n02000-p030-rx000-rs070-s10-rep-00037","main-smooth_multiscale_local_sparse-baseline-n02000-p030-rx000-rs070-s10","main","smooth_multiscale_local_sparse","baseline","uniform",2000,30,0,0.7,0,1,32,37,"62:124:248",77229458,94151846,66027400
"main-smooth_multiscale_local_sparse-baseline-n02000-p030-rx000-rs070-s10-rep-00038","main-smooth_multiscale_local_sparse-baseline-n02000-p030-rx000-rs070-s10","main","smooth_multiscale_local_sparse","baseline","uniform",2000,30,0,0.7,0,1,32,38,"62:124:248",77359821,94320933,66132129
"main-smooth_multiscale_local_sparse-baseline-n02000-p030-rx000-rs070-s10-rep-00039","main-smooth_multiscale_local_sparse-baseline-n02000-p030-rx000-rs070-s10","main","smooth_multiscale_local_sparse","baseline","uniform",2000,30,0,0.7,0,1,32,39,"62:124:248",77490184,94490020,66236858
"main-smooth_multiscale_local_sparse-baseline-n02000-p030-rx000-rs070-s10-rep-00040","main-smooth_multiscale_local_sparse-baseline-n02000-p030-rx000-rs070-s10","main","smooth_multiscale_local_sparse","baseline","uniform",2000,30,0,0.7,0,1,32,40,"62:124:248",77620547,94659107,66341587
"main-smooth_multiscale_local_sparse-baseline-n02000-p030-rx000-rs070-s10-rep-00041","main-smooth_multiscale_local_sparse-baseline-n02000-p030-rx000-rs070-s10","main","smooth_multiscale_local_sparse","baseline","uniform",2000,30,0,0.7,0,1,32,41,"62:124:248",77750910,94828194,66446316
"main-smooth_multiscale_local_sparse-baseline-n02000-p030-rx000-rs070-s10-rep-00042","main-smooth_multiscale_local_sparse-baseline-n02000-p030-rx000-rs070-s10","main","smooth_multiscale_local_sparse","baseline","uniform",2000,30,0,0.7,0,1,32,42,"62:124:248",77881273,94997281,66551045
"main-smooth_multiscale_local_sparse-baseline-n02000-p030-rx000-rs070-s10-rep-00043","main-smooth_multiscale_local_sparse-baseline-n02000-p030-rx000-rs070-s10","main","smooth_multiscale_local_sparse","baseline","uniform",2000,30,0,0.7,0,1,32,43,"62:124:248",78011636,95166368,66655774
"main-smooth_multiscale_local_sparse-baseline-n02000-p030-rx000-rs070-s10-rep-00044","main-smooth_multiscale_local_sparse-baseline-n02000-p030-rx000-rs070-s10","main","smooth_multiscale_local_sparse","baseline","uniform",2000,30,0,0.7,0,1,32,44,"62:124:248",78141999,95335455,66760503
"main-smooth_multiscale_local_sparse-baseline-n02000-p030-rx000-rs070-s10-rep-00045","main-smooth_multiscale_local_sparse-baseline-n02000-p030-rx000-rs070-s10","main","smooth_multiscale_local_sparse","baseline","uniform",2000,30,0,0.7,0,1,32,45,"62:124:248",78272362,95504542,66865232
"main-smooth_multiscale_local_sparse-baseline-n02000-p030-rx000-rs070-s10-rep-00046","main-smooth_multiscale_local_sparse-baseline-n02000-p030-rx000-rs070-s10","main","smooth_multiscale_local_sparse","baseline","uniform",2000,30,0,0.7,0,1,32,46,"62:124:248",78402725,95673629,66969961
"main-smooth_multiscale_local_sparse-baseline-n02000-p030-rx000-rs070-s10-rep-00047","main-smooth_multiscale_local_sparse-baseline-n02000-p030-rx000-rs070-s10","main","smooth_multiscale_local_sparse","baseline","uniform",2000,30,0,0.7,0,1,32,47,"62:124:248",78533088,95842716,67074690
"main-smooth_multiscale_local_sparse-baseline-n02000-p030-rx000-rs070-s10-rep-00048","main-smooth_multiscale_local_sparse-baseline-n02000-p030-rx000-rs070-s10","main","smooth_multiscale_local_sparse","baseline","uniform",2000,30,0,0.7,0,1,32,48,"62:124:248",78663451,96011803,67179419
"main-smooth_multiscale_local_sparse-baseline-n02000-p030-rx000-rs070-s10-rep-00049","main-smooth_multiscale_local_sparse-baseline-n02000-p030-rx000-rs070-s10","main","smooth_multiscale_local_sparse","baseline","uniform",2000,30,0,0.7,0,1,32,49,"62:124:248",78793814,96180890,67284148
"main-smooth_multiscale_local_sparse-baseline-n02000-p030-rx000-rs070-s10-rep-00050","main-smooth_multiscale_local_sparse-baseline-n02000-p030-rx000-rs070-s10","main","smooth_multiscale_local_sparse","baseline","uniform",2000,30,0,0.7,0,1,32,50,"62:124:248",78924177,96349977,67388877
"main-regional_sparse_discontinuous-baseline-n02000-p030-rx000-rs070-s10-rep-00001","main-regional_sparse_discontinuous-baseline-n02000-p030-rx000-rs070-s10","main","regional_sparse_discontinuous","baseline","uniform",2000,30,0,0.7,0,1,32,1,"62:124:248",79054540,96519064,67493606
"main-regional_sparse_discontinuous-baseline-n02000-p030-rx000-rs070-s10-rep-00002","main-regional_sparse_discontinuous-baseline-n02000-p030-rx000-rs070-s10","main","regional_sparse_discontinuous","baseline","uniform",2000,30,0,0.7,0,1,32,2,"62:124:248",79184903,96688151,67598335
"main-regional_sparse_discontinuous-baseline-n02000-p030-rx000-rs070-s10-rep-00003","main-regional_sparse_discontinuous-baseline-n02000-p030-rx000-rs070-s10","main","regional_sparse_discontinuous","baseline","uniform",2000,30,0,0.7,0,1,32,3,"62:124:248",79315266,96857238,67703064
"main-regional_sparse_discontinuous-baseline-n02000-p030-rx000-rs070-s10-rep-00004","main-regional_sparse_discontinuous-baseline-n02000-p030-rx000-rs070-s10","main","regional_sparse_discontinuous","baseline","uniform",2000,30,0,0.7,0,1,32,4,"62:124:248",79445629,97026325,67807793
"main-regional_sparse_discontinuous-baseline-n02000-p030-rx000-rs070-s10-rep-00005","main-regional_sparse_discontinuous-baseline-n02000-p030-rx000-rs070-s10","main","regional_sparse_discontinuous","baseline","uniform",2000,30,0,0.7,0,1,32,5,"62:124:248",79575992,97195412,67912522
"main-regional_sparse_discontinuous-baseline-n02000-p030-rx000-rs070-s10-rep-00006","main-regional_sparse_discontinuous-baseline-n02000-p030-rx000-rs070-s10","main","regional_sparse_discontinuous","baseline","uniform",2000,30,0,0.7,0,1,32,6,"62:124:248",79706355,97364499,68017251
"main-regional_sparse_discontinuous-baseline-n02000-p030-rx000-rs070-s10-rep-00007","main-regional_sparse_discontinuous-baseline-n02000-p030-rx000-rs070-s10","main","regional_sparse_discontinuous","baseline","uniform",2000,30,0,0.7,0,1,32,7,"62:124:248",79836718,97533586,68121980
"main-regional_sparse_discontinuous-baseline-n02000-p030-rx000-rs070-s10-rep-00008","main-regional_sparse_discontinuous-baseline-n02000-p030-rx000-rs070-s10","main","regional_sparse_discontinuous","baseline","uniform",2000,30,0,0.7,0,1,32,8,"62:124:248",79967081,97702673,68226709
"main-regional_sparse_discontinuous-baseline-n02000-p030-rx000-rs070-s10-rep-00009","main-regional_sparse_discontinuous-baseline-n02000-p030-rx000-rs070-s10","main","regional_sparse_discontinuous","baseline","uniform",2000,30,0,0.7,0,1,32,9,"62:124:248",80097444,97871760,68331438
"main-regional_sparse_discontinuous-baseline-n02000-p030-rx000-rs070-s10-rep-00010","main-regional_sparse_discontinuous-baseline-n02000-p030-rx000-rs070-s10","main","regional_sparse_discontinuous","baseline","uniform",2000,30,0,0.7,0,1,32,10,"62:124:248",80227807,98040847,68436167
"main-regional_sparse_discontinuous-baseline-n02000-p030-rx000-rs070-s10-rep-00011","main-regional_sparse_discontinuous-baseline-n02000-p030-rx000-rs070-s10","main","regional_sparse_discontinuous","baseline","uniform",2000,30,0,0.7,0,1,32,11,"62:124:248",80358170,98209934,68540896
"main-regional_sparse_discontinuous-baseline-n02000-p030-rx000-rs070-s10-rep-00012","main-regional_sparse_discontinuous-baseline-n02000-p030-rx000-rs070-s10","main","regional_sparse_discontinuous","baseline","uniform",2000,30,0,0.7,0,1,32,12,"62:124:248",80488533,98379021,68645625
"main-regional_sparse_discontinuous-baseline-n02000-p030-rx000-rs070-s10-rep-00013","main-regional_sparse_discontinuous-baseline-n02000-p030-rx000-rs070-s10","main","regional_sparse_discontinuous","baseline","uniform",2000,30,0,0.7,0,1,32,13,"62:124:248",80618896,98548108,68750354
"main-regional_sparse_discontinuous-baseline-n02000-p030-rx000-rs070-s10-rep-00014","main-regional_sparse_discontinuous-baseline-n02000-p030-rx000-rs070-s10","main","regional_sparse_discontinuous","baseline","uniform",2000,30,0,0.7,0,1,32,14,"62:124:248",80749259,98717195,68855083
"main-regional_sparse_discontinuous-baseline-n02000-p030-rx000-rs070-s10-rep-00015","main-regional_sparse_discontinuous-baseline-n02000-p030-rx000-rs070-s10","main","regional_sparse_discontinuous","baseline","uniform",2000,30,0,0.7,0,1,32,15,"62:124:248",80879622,98886282,68959812
"main-regional_sparse_discontinuous-baseline-n02000-p030-rx000-rs070-s10-rep-00016","main-regional_sparse_discontinuous-baseline-n02000-p030-rx000-rs070-s10","main","regional_sparse_discontinuous","baseline","uniform",2000,30,0,0.7,0,1,32,16,"62:124:248",81009985,99055369,69064541
"main-regional_sparse_discontinuous-baseline-n02000-p030-rx000-rs070-s10-rep-00017","main-regional_sparse_discontinuous-baseline-n02000-p030-rx000-rs070-s10","main","regional_sparse_discontinuous","baseline","uniform",2000,30,0,0.7,0,1,32,17,"62:124:248",81140348,99224456,69169270
"main-regional_sparse_discontinuous-baseline-n02000-p030-rx000-rs070-s10-rep-00018","main-regional_sparse_discontinuous-baseline-n02000-p030-rx000-rs070-s10","main","regional_sparse_discontinuous","baseline","uniform",2000,30,0,0.7,0,1,32,18,"62:124:248",81270711,99393543,69273999
"main-regional_sparse_discontinuous-baseline-n02000-p030-rx000-rs070-s10-rep-00019","main-regional_sparse_discontinuous-baseline-n02000-p030-rx000-rs070-s10","main","regional_sparse_discontinuous","baseline","uniform",2000,30,0,0.7,0,1,32,19,"62:124:248",81401074,99562630,69378728
"main-regional_sparse_discontinuous-baseline-n02000-p030-rx000-rs070-s10-rep-00020","main-regional_sparse_discontinuous-baseline-n02000-p030-rx000-rs070-s10","main","regional_sparse_discontinuous","baseline","uniform",2000,30,0,0.7,0,1,32,20,"62:124:248",81531437,99731717,69483457
"main-regional_sparse_discontinuous-baseline-n02000-p030-rx000-rs070-s10-rep-00021","main-regional_sparse_discontinuous-baseline-n02000-p030-rx000-rs070-s10","main","regional_sparse_discontinuous","baseline","uniform",2000,30,0,0.7,0,1,32,21,"62:124:248",81661800,99900804,69588186
"main-regional_sparse_discontinuous-baseline-n02000-p030-rx000-rs070-s10-rep-00022","main-regional_sparse_discontinuous-baseline-n02000-p030-rx000-rs070-s10","main","regional_sparse_discontinuous","baseline","uniform",2000,30,0,0.7,0,1,32,22,"62:124:248",81792163,100069891,69692915
"main-regional_sparse_discontinuous-baseline-n02000-p030-rx000-rs070-s10-rep-00023","main-regional_sparse_discontinuous-baseline-n02000-p030-rx000-rs070-s10","main","regional_sparse_discontinuous","baseline","uniform",2000,30,0,0.7,0,1,32,23,"62:124:248",81922526,100238978,69797644
"main-regional_sparse_discontinuous-baseline-n02000-p030-rx000-rs070-s10-rep-00024","main-regional_sparse_discontinuous-baseline-n02000-p030-rx000-rs070-s10","main","regional_sparse_discontinuous","baseline","uniform",2000,30,0,0.7,0,1,32,24,"62:124:248",82052889,100408065,69902373
"main-regional_sparse_discontinuous-baseline-n02000-p030-rx000-rs070-s10-rep-00025","main-regional_sparse_discontinuous-baseline-n02000-p030-rx000-rs070-s10","main","regional_sparse_discontinuous","baseline","uniform",2000,30,0,0.7,0,1,32,25,"62:124:248",82183252,100577152,70007102
"main-regional_sparse_discontinuous-baseline-n02000-p030-rx000-rs070-s10-rep-00026","main-regional_sparse_discontinuous-baseline-n02000-p030-rx000-rs070-s10","main","regional_sparse_discontinuous","baseline","uniform",2000,30,0,0.7,0,1,32,26,"62:124:248",82313615,100746239,70111831
"main-regional_sparse_discontinuous-baseline-n02000-p030-rx000-rs070-s10-rep-00027","main-regional_sparse_discontinuous-baseline-n02000-p030-rx000-rs070-s10","main","regional_sparse_discontinuous","baseline","uniform",2000,30,0,0.7,0,1,32,27,"62:124:248",82443978,100915326,70216560
"main-regional_sparse_discontinuous-baseline-n02000-p030-rx000-rs070-s10-rep-00028","main-regional_sparse_discontinuous-baseline-n02000-p030-rx000-rs070-s10","main","regional_sparse_discontinuous","baseline","uniform",2000,30,0,0.7,0,1,32,28,"62:124:248",82574341,101084413,70321289
"main-regional_sparse_discontinuous-baseline-n02000-p030-rx000-rs070-s10-rep-00029","main-regional_sparse_discontinuous-baseline-n02000-p030-rx000-rs070-s10","main","regional_sparse_discontinuous","baseline","uniform",2000,30,0,0.7,0,1,32,29,"62:124:248",82704704,101253500,70426018
"main-regional_sparse_discontinuous-baseline-n02000-p030-rx000-rs070-s10-rep-00030","main-regional_sparse_discontinuous-baseline-n02000-p030-rx000-rs070-s10","main","regional_sparse_discontinuous","baseline","uniform",2000,30,0,0.7,0,1,32,30,"62:124:248",82835067,101422587,70530747
"main-regional_sparse_discontinuous-baseline-n02000-p030-rx000-rs070-s10-rep-00031","main-regional_sparse_discontinuous-baseline-n02000-p030-rx000-rs070-s10","main","regional_sparse_discontinuous","baseline","uniform",2000,30,0,0.7,0,1,32,31,"62:124:248",82965430,101591674,70635476
"main-regional_sparse_discontinuous-baseline-n02000-p030-rx000-rs070-s10-rep-00032","main-regional_sparse_discontinuous-baseline-n02000-p030-rx000-rs070-s10","main","regional_sparse_discontinuous","baseline","uniform",2000,30,0,0.7,0,1,32,32,"62:124:248",83095793,101760761,70740205
"main-regional_sparse_discontinuous-baseline-n02000-p030-rx000-rs070-s10-rep-00033","main-regional_sparse_discontinuous-baseline-n02000-p030-rx000-rs070-s10","main","regional_sparse_discontinuous","baseline","uniform",2000,30,0,0.7,0,1,32,33,"62:124:248",83226156,101929848,70844934
"main-regional_sparse_discontinuous-baseline-n02000-p030-rx000-rs070-s10-rep-00034","main-regional_sparse_discontinuous-baseline-n02000-p030-rx000-rs070-s10","main","regional_sparse_discontinuous","baseline","uniform",2000,30,0,0.7,0,1,32,34,"62:124:248",83356519,102098935,70949663
"main-regional_sparse_discontinuous-baseline-n02000-p030-rx000-rs070-s10-rep-00035","main-regional_sparse_discontinuous-baseline-n02000-p030-rx000-rs070-s10","main","regional_sparse_discontinuous","baseline","uniform",2000,30,0,0.7,0,1,32,35,"62:124:248",83486882,102268022,71054392
"main-regional_sparse_discontinuous-baseline-n02000-p030-rx000-rs070-s10-rep-00036","main-regional_sparse_discontinuous-baseline-n02000-p030-rx000-rs070-s10","main","regional_sparse_discontinuous","baseline","uniform",2000,30,0,0.7,0,1,32,36,"62:124:248",83617245,102437109,71159121
"main-regional_sparse_discontinuous-baseline-n02000-p030-rx000-rs070-s10-rep-00037","main-regional_sparse_discontinuous-baseline-n02000-p030-rx000-rs070-s10","main","regional_sparse_discontinuous","baseline","uniform",2000,30,0,0.7,0,1,32,37,"62:124:248",83747608,102606196,71263850
"main-regional_sparse_discontinuous-baseline-n02000-p030-rx000-rs070-s10-rep-00038","main-regional_sparse_discontinuous-baseline-n02000-p030-rx000-rs070-s10","main","regional_sparse_discontinuous","baseline","uniform",2000,30,0,0.7,0,1,32,38,"62:124:248",83877971,102775283,71368579
"main-regional_sparse_discontinuous-baseline-n02000-p030-rx000-rs070-s10-rep-00039","main-regional_sparse_discontinuous-baseline-n02000-p030-rx000-rs070-s10","main","regional_sparse_discontinuous","baseline","uniform",2000,30,0,0.7,0,1,32,39,"62:124:248",84008334,102944370,71473308
"main-regional_sparse_discontinuous-baseline-n02000-p030-rx000-rs070-s10-rep-00040","main-regional_sparse_discontinuous-baseline-n02000-p030-rx000-rs070-s10","main","regional_sparse_discontinuous","baseline","uniform",2000,30,0,0.7,0,1,32,40,"62:124:248",84138697,103113457,71578037
"main-regional_sparse_discontinuous-baseline-n02000-p030-rx000-rs070-s10-rep-00041","main-regional_sparse_discontinuous-baseline-n02000-p030-rx000-rs070-s10","main","regional_sparse_discontinuous","baseline","uniform",2000,30,0,0.7,0,1,32,41,"62:124:248",84269060,103282544,71682766
"main-regional_sparse_discontinuous-baseline-n02000-p030-rx000-rs070-s10-rep-00042","main-regional_sparse_discontinuous-baseline-n02000-p030-rx000-rs070-s10","main","regional_sparse_discontinuous","baseline","uniform",2000,30,0,0.7,0,1,32,42,"62:124:248",84399423,103451631,71787495
"main-regional_sparse_discontinuous-baseline-n02000-p030-rx000-rs070-s10-rep-00043","main-regional_sparse_discontinuous-baseline-n02000-p030-rx000-rs070-s10","main","regional_sparse_discontinuous","baseline","uniform",2000,30,0,0.7,0,1,32,43,"62:124:248",84529786,103620718,71892224
"main-regional_sparse_discontinuous-baseline-n02000-p030-rx000-rs070-s10-rep-00044","main-regional_sparse_discontinuous-baseline-n02000-p030-rx000-rs070-s10","main","regional_sparse_discontinuous","baseline","uniform",2000,30,0,0.7,0,1,32,44,"62:124:248",84660149,103789805,71996953
"main-regional_sparse_discontinuous-baseline-n02000-p030-rx000-rs070-s10-rep-00045","main-regional_sparse_discontinuous-baseline-n02000-p030-rx000-rs070-s10","main","regional_sparse_discontinuous","baseline","uniform",2000,30,0,0.7,0,1,32,45,"62:124:248",84790512,103958892,72101682
"main-regional_sparse_discontinuous-baseline-n02000-p030-rx000-rs070-s10-rep-00046","main-regional_sparse_discontinuous-baseline-n02000-p030-rx000-rs070-s10","main","regional_sparse_discontinuous","baseline","uniform",2000,30,0,0.7,0,1,32,46,"62:124:248",84920875,104127979,72206411
"main-regional_sparse_discontinuous-baseline-n02000-p030-rx000-rs070-s10-rep-00047","main-regional_sparse_discontinuous-baseline-n02000-p030-rx000-rs070-s10","main","regional_sparse_discontinuous","baseline","uniform",2000,30,0,0.7,0,1,32,47,"62:124:248",85051238,104297066,72311140
"main-regional_sparse_discontinuous-baseline-n02000-p030-rx000-rs070-s10-rep-00048","main-regional_sparse_discontinuous-baseline-n02000-p030-rx000-rs070-s10","main","regional_sparse_discontinuous","baseline","uniform",2000,30,0,0.7,0,1,32,48,"62:124:248",85181601,104466153,72415869
"main-regional_sparse_discontinuous-baseline-n02000-p030-rx000-rs070-s10-rep-00049","main-regional_sparse_discontinuous-baseline-n02000-p030-rx000-rs070-s10","main","regional_sparse_discontinuous","baseline","uniform",2000,30,0,0.7,0,1,32,49,"62:124:248",85311964,104635240,72520598
"main-regional_sparse_discontinuous-baseline-n02000-p030-rx000-rs070-s10-rep-00050","main-regional_sparse_discontinuous-baseline-n02000-p030-rx000-rs070-s10","main","regional_sparse_discontinuous","baseline","uniform",2000,30,0,0.7,0,1,32,50,"62:124:248",85442327,104804327,72625327
"main-smooth_multiscale_local_sparse-baseline-n10000-p030-rx000-rs070-s10-rep-00001","main-smooth_multiscale_local_sparse-baseline-n10000-p030-rx000-rs070-s10","main","smooth_multiscale_local_sparse","baseline","uniform",10000,30,0,0.7,0,1,32,1,"250:500:1000",85572690,104973414,72730056
"main-smooth_multiscale_local_sparse-baseline-n10000-p030-rx000-rs070-s10-rep-00002","main-smooth_multiscale_local_sparse-baseline-n10000-p030-rx000-rs070-s10","main","smooth_multiscale_local_sparse","baseline","uniform",10000,30,0,0.7,0,1,32,2,"250:500:1000",85703053,105142501,72834785
"main-smooth_multiscale_local_sparse-baseline-n10000-p030-rx000-rs070-s10-rep-00003","main-smooth_multiscale_local_sparse-baseline-n10000-p030-rx000-rs070-s10","main","smooth_multiscale_local_sparse","baseline","uniform",10000,30,0,0.7,0,1,32,3,"250:500:1000",85833416,105311588,72939514
"main-smooth_multiscale_local_sparse-baseline-n10000-p030-rx000-rs070-s10-rep-00004","main-smooth_multiscale_local_sparse-baseline-n10000-p030-rx000-rs070-s10","main","smooth_multiscale_local_sparse","baseline","uniform",10000,30,0,0.7,0,1,32,4,"250:500:1000",85963779,105480675,73044243
"main-smooth_multiscale_local_sparse-baseline-n10000-p030-rx000-rs070-s10-rep-00005","main-smooth_multiscale_local_sparse-baseline-n10000-p030-rx000-rs070-s10","main","smooth_multiscale_local_sparse","baseline","uniform",10000,30,0,0.7,0,1,32,5,"250:500:1000",86094142,105649762,73148972
"main-smooth_multiscale_local_sparse-baseline-n10000-p030-rx000-rs070-s10-rep-00006","main-smooth_multiscale_local_sparse-baseline-n10000-p030-rx000-rs070-s10","main","smooth_multiscale_local_sparse","baseline","uniform",10000,30,0,0.7,0,1,32,6,"250:500:1000",86224505,105818849,73253701
"main-smooth_multiscale_local_sparse-baseline-n10000-p030-rx000-rs070-s10-rep-00007","main-smooth_multiscale_local_sparse-baseline-n10000-p030-rx000-rs070-s10","main","smooth_multiscale_local_sparse","baseline","uniform",10000,30,0,0.7,0,1,32,7,"250:500:1000",86354868,105987936,73358430
"main-smooth_multiscale_local_sparse-baseline-n10000-p030-rx000-rs070-s10-rep-00008","main-smooth_multiscale_local_sparse-baseline-n10000-p030-rx000-rs070-s10","main","smooth_multiscale_local_sparse","baseline","uniform",10000,30,0,0.7,0,1,32,8,"250:500:1000",86485231,106157023,73463159
"main-smooth_multiscale_local_sparse-baseline-n10000-p030-rx000-rs070-s10-rep-00009","main-smooth_multiscale_local_sparse-baseline-n10000-p030-rx000-rs070-s10","main","smooth_multiscale_local_sparse","baseline","uniform",10000,30,0,0.7,0,1,32,9,"250:500:1000",86615594,106326110,73567888
"main-smooth_multiscale_local_sparse-baseline-n10000-p030-rx000-rs070-s10-rep-00010","main-smooth_multiscale_local_sparse-baseline-n10000-p030-rx000-rs070-s10","main","smooth_multiscale_local_sparse","baseline","uniform",10000,30,0,0.7,0,1,32,10,"250:500:1000",86745957,106495197,73672617
"main-smooth_multiscale_local_sparse-baseline-n10000-p030-rx000-rs070-s10-rep-00011","main-smooth_multiscale_local_sparse-baseline-n10000-p030-rx000-rs070-s10","main","smooth_multiscale_local_sparse","baseline","uniform",10000,30,0,0.7,0,1,32,11,"250:500:1000",86876320,106664284,73777346
"main-smooth_multiscale_local_sparse-baseline-n10000-p030-rx000-rs070-s10-rep-00012","main-smooth_multiscale_local_sparse-baseline-n10000-p030-rx000-rs070-s10","main","smooth_multiscale_local_sparse","baseline","uniform",10000,30,0,0.7,0,1,32,12,"250:500:1000",87006683,106833371,73882075
"main-smooth_multiscale_local_sparse-baseline-n10000-p030-rx000-rs070-s10-rep-00013","main-smooth_multiscale_local_sparse-baseline-n10000-p030-rx000-rs070-s10","main","smooth_multiscale_local_sparse","baseline","uniform",10000,30,0,0.7,0,1,32,13,"250:500:1000",87137046,107002458,73986804
"main-smooth_multiscale_local_sparse-baseline-n10000-p030-rx000-rs070-s10-rep-00014","main-smooth_multiscale_local_sparse-baseline-n10000-p030-rx000-rs070-s10","main","smooth_multiscale_local_sparse","baseline","uniform",10000,30,0,0.7,0,1,32,14,"250:500:1000",87267409,107171545,74091533
"main-smooth_multiscale_local_sparse-baseline-n10000-p030-rx000-rs070-s10-rep-00015","main-smooth_multiscale_local_sparse-baseline-n10000-p030-rx000-rs070-s10","main","smooth_multiscale_local_sparse","baseline","uniform",10000,30,0,0.7,0,1,32,15,"250:500:1000",87397772,107340632,74196262
"main-smooth_multiscale_local_sparse-baseline-n10000-p030-rx000-rs070-s10-rep-00016","main-smooth_multiscale_local_sparse-baseline-n10000-p030-rx000-rs070-s10","main","smooth_multiscale_local_sparse","baseline","uniform",10000,30,0,0.7,0,1,32,16,"250:500:1000",87528135,107509719,74300991
"main-smooth_multiscale_local_sparse-baseline-n10000-p030-rx000-rs070-s10-rep-00017","main-smooth_multiscale_local_sparse-baseline-n10000-p030-rx000-rs070-s10","main","smooth_multiscale_local_sparse","baseline","uniform",10000,30,0,0.7,0,1,32,17,"250:500:1000",87658498,107678806,74405720
"main-smooth_multiscale_local_sparse-baseline-n10000-p030-rx000-rs070-s10-rep-00018","main-smooth_multiscale_local_sparse-baseline-n10000-p030-rx000-rs070-s10","main","smooth_multiscale_local_sparse","baseline","uniform",10000,30,0,0.7,0,1,32,18,"250:500:1000",87788861,107847893,74510449
"main-smooth_multiscale_local_sparse-baseline-n10000-p030-rx000-rs070-s10-rep-00019","main-smooth_multiscale_local_sparse-baseline-n10000-p030-rx000-rs070-s10","main","smooth_multiscale_local_sparse","baseline","uniform",10000,30,0,0.7,0,1,32,19,"250:500:1000",87919224,108016980,74615178
"main-smooth_multiscale_local_sparse-baseline-n10000-p030-rx000-rs070-s10-rep-00020","main-smooth_multiscale_local_sparse-baseline-n10000-p030-rx000-rs070-s10","main","smooth_multiscale_local_sparse","baseline","uniform",10000,30,0,0.7,0,1,32,20,"250:500:1000",88049587,108186067,74719907
"main-smooth_multiscale_local_sparse-baseline-n10000-p030-rx000-rs070-s10-rep-00021","main-smooth_multiscale_local_sparse-baseline-n10000-p030-rx000-rs070-s10","main","smooth_multiscale_local_sparse","baseline","uniform",10000,30,0,0.7,0,1,32,21,"250:500:1000",88179950,108355154,74824636
"main-smooth_multiscale_local_sparse-baseline-n10000-p030-rx000-rs070-s10-rep-00022","main-smooth_multiscale_local_sparse-baseline-n10000-p030-rx000-rs070-s10","main","smooth_multiscale_local_sparse","baseline","uniform",10000,30,0,0.7,0,1,32,22,"250:500:1000",88310313,108524241,74929365
"main-smooth_multiscale_local_sparse-baseline-n10000-p030-rx000-rs070-s10-rep-00023","main-smooth_multiscale_local_sparse-baseline-n10000-p030-rx000-rs070-s10","main","smooth_multiscale_local_sparse","baseline","uniform",10000,30,0,0.7,0,1,32,23,"250:500:1000",88440676,108693328,75034094
"main-smooth_multiscale_local_sparse-baseline-n10000-p030-rx000-rs070-s10-rep-00024","main-smooth_multiscale_local_sparse-baseline-n10000-p030-rx000-rs070-s10","main","smooth_multiscale_local_sparse","baseline","uniform",10000,30,0,0.7,0,1,32,24,"250:500:1000",88571039,108862415,75138823
"main-smooth_multiscale_local_sparse-baseline-n10000-p030-rx000-rs070-s10-rep-00025","main-smooth_multiscale_local_sparse-baseline-n10000-p030-rx000-rs070-s10","main","smooth_multiscale_local_sparse","baseline","uniform",10000,30,0,0.7,0,1,32,25,"250:500:1000",88701402,109031502,75243552
"main-smooth_multiscale_local_sparse-baseline-n10000-p030-rx000-rs070-s10-rep-00026","main-smooth_multiscale_local_sparse-baseline-n10000-p030-rx000-rs070-s10","main","smooth_multiscale_local_sparse","baseline","uniform",10000,30,0,0.7,0,1,32,26,"250:500:1000",88831765,109200589,75348281
"main-smooth_multiscale_local_sparse-baseline-n10000-p030-rx000-rs070-s10-rep-00027","main-smooth_multiscale_local_sparse-baseline-n10000-p030-rx000-rs070-s10","main","smooth_multiscale_local_sparse","baseline","uniform",10000,30,0,0.7,0,1,32,27,"250:500:1000",88962128,109369676,75453010
"main-smooth_multiscale_local_sparse-baseline-n10000-p030-rx000-rs070-s10-rep-00028","main-smooth_multiscale_local_sparse-baseline-n10000-p030-rx000-rs070-s10","main","smooth_multiscale_local_sparse","baseline","uniform",10000,30,0,0.7,0,1,32,28,"250:500:1000",89092491,109538763,75557739
"main-smooth_multiscale_local_sparse-baseline-n10000-p030-rx000-rs070-s10-rep-00029","main-smooth_multiscale_local_sparse-baseline-n10000-p030-rx000-rs070-s10","main","smooth_multiscale_local_sparse","baseline","uniform",10000,30,0,0.7,0,1,32,29,"250:500:1000",89222854,109707850,75662468
"main-smooth_multiscale_local_sparse-baseline-n10000-p030-rx000-rs070-s10-rep-00030","main-smooth_multiscale_local_sparse-baseline-n10000-p030-rx000-rs070-s10","main","smooth_multiscale_local_sparse","baseline","uniform",10000,30,0,0.7,0,1,32,30,"250:500:1000",89353217,109876937,75767197
"main-smooth_multiscale_local_sparse-baseline-n10000-p030-rx000-rs070-s10-rep-00031","main-smooth_multiscale_local_sparse-baseline-n10000-p030-rx000-rs070-s10","main","smooth_multiscale_local_sparse","baseline","uniform",10000,30,0,0.7,0,1,32,31,"250:500:1000",89483580,110046024,75871926
"main-smooth_multiscale_local_sparse-baseline-n10000-p030-rx000-rs070-s10-rep-00032","main-smooth_multiscale_local_sparse-baseline-n10000-p030-rx000-rs070-s10","main","smooth_multiscale_local_sparse","baseline","uniform",10000,30,0,0.7,0,1,32,32,"250:500:1000",89613943,110215111,75976655
"main-smooth_multiscale_local_sparse-baseline-n10000-p030-rx000-rs070-s10-rep-00033","main-smooth_multiscale_local_sparse-baseline-n10000-p030-rx000-rs070-s10","main","smooth_multiscale_local_sparse","baseline","uniform",10000,30,0,0.7,0,1,32,33,"250:500:1000",89744306,110384198,76081384
"main-smooth_multiscale_local_sparse-baseline-n10000-p030-rx000-rs070-s10-rep-00034","main-smooth_multiscale_local_sparse-baseline-n10000-p030-rx000-rs070-s10","main","smooth_multiscale_local_sparse","baseline","uniform",10000,30,0,0.7,0,1,32,34,"250:500:1000",89874669,110553285,76186113
"main-smooth_multiscale_local_sparse-baseline-n10000-p030-rx000-rs070-s10-rep-00035","main-smooth_multiscale_local_sparse-baseline-n10000-p030-rx000-rs070-s10","main","smooth_multiscale_local_sparse","baseline","uniform",10000,30,0,0.7,0,1,32,35,"250:500:1000",90005032,110722372,76290842
"main-smooth_multiscale_local_sparse-baseline-n10000-p030-rx000-rs070-s10-rep-00036","main-smooth_multiscale_local_sparse-baseline-n10000-p030-rx000-rs070-s10","main","smooth_multiscale_local_sparse","baseline","uniform",10000,30,0,0.7,0,1,32,36,"250:500:1000",90135395,110891459,76395571
"main-smooth_multiscale_local_sparse-baseline-n10000-p030-rx000-rs070-s10-rep-00037","main-smooth_multiscale_local_sparse-baseline-n10000-p030-rx000-rs070-s10","main","smooth_multiscale_local_sparse","baseline","uniform",10000,30,0,0.7,0,1,32,37,"250:500:1000",90265758,111060546,76500300
"main-smooth_multiscale_local_sparse-baseline-n10000-p030-rx000-rs070-s10-rep-00038","main-smooth_multiscale_local_sparse-baseline-n10000-p030-rx000-rs070-s10","main","smooth_multiscale_local_sparse","baseline","uniform",10000,30,0,0.7,0,1,32,38,"250:500:1000",90396121,111229633,76605029
"main-smooth_multiscale_local_sparse-baseline-n10000-p030-rx000-rs070-s10-rep-00039","main-smooth_multiscale_local_sparse-baseline-n10000-p030-rx000-rs070-s10","main","smooth_multiscale_local_sparse","baseline","uniform",10000,30,0,0.7,0,1,32,39,"250:500:1000",90526484,111398720,76709758
"main-smooth_multiscale_local_sparse-baseline-n10000-p030-rx000-rs070-s10-rep-00040","main-smooth_multiscale_local_sparse-baseline-n10000-p030-rx000-rs070-s10","main","smooth_multiscale_local_sparse","baseline","uniform",10000,30,0,0.7,0,1,32,40,"250:500:1000",90656847,111567807,76814487
"main-smooth_multiscale_local_sparse-baseline-n10000-p030-rx000-rs070-s10-rep-00041","main-smooth_multiscale_local_sparse-baseline-n10000-p030-rx000-rs070-s10","main","smooth_multiscale_local_sparse","baseline","uniform",10000,30,0,0.7,0,1,32,41,"250:500:1000",90787210,111736894,76919216
"main-smooth_multiscale_local_sparse-baseline-n10000-p030-rx000-rs070-s10-rep-00042","main-smooth_multiscale_local_sparse-baseline-n10000-p030-rx000-rs070-s10","main","smooth_multiscale_local_sparse","baseline","uniform",10000,30,0,0.7,0,1,32,42,"250:500:1000",90917573,111905981,77023945
"main-smooth_multiscale_local_sparse-baseline-n10000-p030-rx000-rs070-s10-rep-00043","main-smooth_multiscale_local_sparse-baseline-n10000-p030-rx000-rs070-s10","main","smooth_multiscale_local_sparse","baseline","uniform",10000,30,0,0.7,0,1,32,43,"250:500:1000",91047936,112075068,77128674
"main-smooth_multiscale_local_sparse-baseline-n10000-p030-rx000-rs070-s10-rep-00044","main-smooth_multiscale_local_sparse-baseline-n10000-p030-rx000-rs070-s10","main","smooth_multiscale_local_sparse","baseline","uniform",10000,30,0,0.7,0,1,32,44,"250:500:1000",91178299,112244155,77233403
"main-smooth_multiscale_local_sparse-baseline-n10000-p030-rx000-rs070-s10-rep-00045","main-smooth_multiscale_local_sparse-baseline-n10000-p030-rx000-rs070-s10","main","smooth_multiscale_local_sparse","baseline","uniform",10000,30,0,0.7,0,1,32,45,"250:500:1000",91308662,112413242,77338132
"main-smooth_multiscale_local_sparse-baseline-n10000-p030-rx000-rs070-s10-rep-00046","main-smooth_multiscale_local_sparse-baseline-n10000-p030-rx000-rs070-s10","main","smooth_multiscale_local_sparse","baseline","uniform",10000,30,0,0.7,0,1,32,46,"250:500:1000",91439025,112582329,77442861
"main-smooth_multiscale_local_sparse-baseline-n10000-p030-rx000-rs070-s10-rep-00047","main-smooth_multiscale_local_sparse-baseline-n10000-p030-rx000-rs070-s10","main","smooth_multiscale_local_sparse","baseline","uniform",10000,30,0,0.7,0,1,32,47,"250:500:1000",91569388,112751416,77547590
"main-smooth_multiscale_local_sparse-baseline-n10000-p030-rx000-rs070-s10-rep-00048","main-smooth_multiscale_local_sparse-baseline-n10000-p030-rx000-rs070-s10","main","smooth_multiscale_local_sparse","baseline","uniform",10000,30,0,0.7,0,1,32,48,"250:500:1000",91699751,112920503,77652319
"main-smooth_multiscale_local_sparse-baseline-n10000-p030-rx000-rs070-s10-rep-00049","main-smooth_multiscale_local_sparse-baseline-n10000-p030-rx000-rs070-s10","main","smooth_multiscale_local_sparse","baseline","uniform",10000,30,0,0.7,0,1,32,49,"250:500:1000",91830114,113089590,77757048
"main-smooth_multiscale_local_sparse-baseline-n10000-p030-rx000-rs070-s10-rep-00050","main-smooth_multiscale_local_sparse-baseline-n10000-p030-rx000-rs070-s10","main","smooth_multiscale_local_sparse","baseline","uniform",10000,30,0,0.7,0,1,32,50,"250:500:1000",91960477,113258677,77861777
"main-regional_sparse_discontinuous-baseline-n10000-p030-rx000-rs070-s10-rep-00001","main-regional_sparse_discontinuous-baseline-n10000-p030-rx000-rs070-s10","main","regional_sparse_discontinuous","baseline","uniform",10000,30,0,0.7,0,1,32,1,"250:500:1000",92090840,113427764,77966506
"main-regional_sparse_discontinuous-baseline-n10000-p030-rx000-rs070-s10-rep-00002","main-regional_sparse_discontinuous-baseline-n10000-p030-rx000-rs070-s10","main","regional_sparse_discontinuous","baseline","uniform",10000,30,0,0.7,0,1,32,2,"250:500:1000",92221203,113596851,78071235
"main-regional_sparse_discontinuous-baseline-n10000-p030-rx000-rs070-s10-rep-00003","main-regional_sparse_discontinuous-baseline-n10000-p030-rx000-rs070-s10","main","regional_sparse_discontinuous","baseline","uniform",10000,30,0,0.7,0,1,32,3,"250:500:1000",92351566,113765938,78175964
"main-regional_sparse_discontinuous-baseline-n10000-p030-rx000-rs070-s10-rep-00004","main-regional_sparse_discontinuous-baseline-n10000-p030-rx000-rs070-s10","main","regional_sparse_discontinuous","baseline","uniform",10000,30,0,0.7,0,1,32,4,"250:500:1000",92481929,113935025,78280693
"main-regional_sparse_discontinuous-baseline-n10000-p030-rx000-rs070-s10-rep-00005","main-regional_sparse_discontinuous-baseline-n10000-p030-rx000-rs070-s10","main","regional_sparse_discontinuous","baseline","uniform",10000,30,0,0.7,0,1,32,5,"250:500:1000",92612292,114104112,78385422
"main-regional_sparse_discontinuous-baseline-n10000-p030-rx000-rs070-s10-rep-00006","main-regional_sparse_discontinuous-baseline-n10000-p030-rx000-rs070-s10","main","regional_sparse_discontinuous","baseline","uniform",10000,30,0,0.7,0,1,32,6,"250:500:1000",92742655,114273199,78490151
"main-regional_sparse_discontinuous-baseline-n10000-p030-rx000-rs070-s10-rep-00007","main-regional_sparse_discontinuous-baseline-n10000-p030-rx000-rs070-s10","main","regional_sparse_discontinuous","baseline","uniform",10000,30,0,0.7,0,1,32,7,"250:500:1000",92873018,114442286,78594880
"main-regional_sparse_discontinuous-baseline-n10000-p030-rx000-rs070-s10-rep-00008","main-regional_sparse_discontinuous-baseline-n10000-p030-rx000-rs070-s10","main","regional_sparse_discontinuous","baseline","uniform",10000,30,0,0.7,0,1,32,8,"250:500:1000",93003381,114611373,78699609
"main-regional_sparse_discontinuous-baseline-n10000-p030-rx000-rs070-s10-rep-00009","main-regional_sparse_discontinuous-baseline-n10000-p030-rx000-rs070-s10","main","regional_sparse_discontinuous","baseline","uniform",10000,30,0,0.7,0,1,32,9,"250:500:1000",93133744,114780460,78804338
"main-regional_sparse_discontinuous-baseline-n10000-p030-rx000-rs070-s10-rep-00010","main-regional_sparse_discontinuous-baseline-n10000-p030-rx000-rs070-s10","main","regional_sparse_discontinuous","baseline","uniform",10000,30,0,0.7,0,1,32,10,"250:500:1000",93264107,114949547,78909067
"main-regional_sparse_discontinuous-baseline-n10000-p030-rx000-rs070-s10-rep-00011","main-regional_sparse_discontinuous-baseline-n10000-p030-rx000-rs070-s10","main","regional_sparse_discontinuous","baseline","uniform",10000,30,0,0.7,0,1,32,11,"250:500:1000",93394470,115118634,79013796
"main-regional_sparse_discontinuous-baseline-n10000-p030-rx000-rs070-s10-rep-00012","main-regional_sparse_discontinuous-baseline-n10000-p030-rx000-rs070-s10","main","regional_sparse_discontinuous","baseline","uniform",10000,30,0,0.7,0,1,32,12,"250:500:1000",93524833,115287721,79118525
"main-regional_sparse_discontinuous-baseline-n10000-p030-rx000-rs070-s10-rep-00013","main-regional_sparse_discontinuous-baseline-n10000-p030-rx000-rs070-s10","main","regional_sparse_discontinuous","baseline","uniform",10000,30,0,0.7,0,1,32,13,"250:500:1000",93655196,115456808,79223254
"main-regional_sparse_discontinuous-baseline-n10000-p030-rx000-rs070-s10-rep-00014","main-regional_sparse_discontinuous-baseline-n10000-p030-rx000-rs070-s10","main","regional_sparse_discontinuous","baseline","uniform",10000,30,0,0.7,0,1,32,14,"250:500:1000",93785559,115625895,79327983
"main-regional_sparse_discontinuous-baseline-n10000-p030-rx000-rs070-s10-rep-00015","main-regional_sparse_discontinuous-baseline-n10000-p030-rx000-rs070-s10","main","regional_sparse_discontinuous","baseline","uniform",10000,30,0,0.7,0,1,32,15,"250:500:1000",93915922,115794982,79432712
"main-regional_sparse_discontinuous-baseline-n10000-p030-rx000-rs070-s10-rep-00016","main-regional_sparse_discontinuous-baseline-n10000-p030-rx000-rs070-s10","main","regional_sparse_discontinuous","baseline","uniform",10000,30,0,0.7,0,1,32,16,"250:500:1000",94046285,115964069,79537441
"main-regional_sparse_discontinuous-baseline-n10000-p030-rx000-rs070-s10-rep-00017","main-regional_sparse_discontinuous-baseline-n10000-p030-rx000-rs070-s10","main","regional_sparse_discontinuous","baseline","uniform",10000,30,0,0.7,0,1,32,17,"250:500:1000",94176648,116133156,79642170
"main-regional_sparse_discontinuous-baseline-n10000-p030-rx000-rs070-s10-rep-00018","main-regional_sparse_discontinuous-baseline-n10000-p030-rx000-rs070-s10","main","regional_sparse_discontinuous","baseline","uniform",10000,30,0,0.7,0,1,32,18,"250:500:1000",94307011,116302243,79746899
"main-regional_sparse_discontinuous-baseline-n10000-p030-rx000-rs070-s10-rep-00019","main-regional_sparse_discontinuous-baseline-n10000-p030-rx000-rs070-s10","main","regional_sparse_discontinuous","baseline","uniform",10000,30,0,0.7,0,1,32,19,"250:500:1000",94437374,116471330,79851628
"main-regional_sparse_discontinuous-baseline-n10000-p030-rx000-rs070-s10-rep-00020","main-regional_sparse_discontinuous-baseline-n10000-p030-rx000-rs070-s10","main","regional_sparse_discontinuous","baseline","uniform",10000,30,0,0.7,0,1,32,20,"250:500:1000",94567737,116640417,79956357
"main-regional_sparse_discontinuous-baseline-n10000-p030-rx000-rs070-s10-rep-00021","main-regional_sparse_discontinuous-baseline-n10000-p030-rx000-rs070-s10","main","regional_sparse_discontinuous","baseline","uniform",10000,30,0,0.7,0,1,32,21,"250:500:1000",94698100,116809504,80061086
"main-regional_sparse_discontinuous-baseline-n10000-p030-rx000-rs070-s10-rep-00022","main-regional_sparse_discontinuous-baseline-n10000-p030-rx000-rs070-s10","main","regional_sparse_discontinuous","baseline","uniform",10000,30,0,0.7,0,1,32,22,"250:500:1000",94828463,116978591,80165815
"main-regional_sparse_discontinuous-baseline-n10000-p030-rx000-rs070-s10-rep-00023","main-regional_sparse_discontinuous-baseline-n10000-p030-rx000-rs070-s10","main","regional_sparse_discontinuous","baseline","uniform",10000,30,0,0.7,0,1,32,23,"250:500:1000",94958826,117147678,80270544
"main-regional_sparse_discontinuous-baseline-n10000-p030-rx000-rs070-s10-rep-00024","main-regional_sparse_discontinuous-baseline-n10000-p030-rx000-rs070-s10","main","regional_sparse_discontinuous","baseline","uniform",10000,30,0,0.7,0,1,32,24,"250:500:1000",95089189,117316765,80375273
"main-regional_sparse_discontinuous-baseline-n10000-p030-rx000-rs070-s10-rep-00025","main-regional_sparse_discontinuous-baseline-n10000-p030-rx000-rs070-s10","main","regional_sparse_discontinuous","baseline","uniform",10000,30,0,0.7,0,1,32,25,"250:500:1000",95219552,117485852,80480002
"main-regional_sparse_discontinuous-baseline-n10000-p030-rx000-rs070-s10-rep-00026","main-regional_sparse_discontinuous-baseline-n10000-p030-rx000-rs070-s10","main","regional_sparse_discontinuous","baseline","uniform",10000,30,0,0.7,0,1,32,26,"250:500:1000",95349915,117654939,80584731
"main-regional_sparse_discontinuous-baseline-n10000-p030-rx000-rs070-s10-rep-00027","main-regional_sparse_discontinuous-baseline-n10000-p030-rx000-rs070-s10","main","regional_sparse_discontinuous","baseline","uniform",10000,30,0,0.7,0,1,32,27,"250:500:1000",95480278,117824026,80689460
"main-regional_sparse_discontinuous-baseline-n10000-p030-rx000-rs070-s10-rep-00028","main-regional_sparse_discontinuous-baseline-n10000-p030-rx000-rs070-s10","main","regional_sparse_discontinuous","baseline","uniform",10000,30,0,0.7,0,1,32,28,"250:500:1000",95610641,117993113,80794189
"main-regional_sparse_discontinuous-baseline-n10000-p030-rx000-rs070-s10-rep-00029","main-regional_sparse_discontinuous-baseline-n10000-p030-rx000-rs070-s10","main","regional_sparse_discontinuous","baseline","uniform",10000,30,0,0.7,0,1,32,29,"250:500:1000",95741004,118162200,80898918
"main-regional_sparse_discontinuous-baseline-n10000-p030-rx000-rs070-s10-rep-00030","main-regional_sparse_discontinuous-baseline-n10000-p030-rx000-rs070-s10","main","regional_sparse_discontinuous","baseline","uniform",10000,30,0,0.7,0,1,32,30,"250:500:1000",95871367,118331287,81003647
"main-regional_sparse_discontinuous-baseline-n10000-p030-rx000-rs070-s10-rep-00031","main-regional_sparse_discontinuous-baseline-n10000-p030-rx000-rs070-s10","main","regional_sparse_discontinuous","baseline","uniform",10000,30,0,0.7,0,1,32,31,"250:500:1000",96001730,118500374,81108376
"main-regional_sparse_discontinuous-baseline-n10000-p030-rx000-rs070-s10-rep-00032","main-regional_sparse_discontinuous-baseline-n10000-p030-rx000-rs070-s10","main","regional_sparse_discontinuous","baseline","uniform",10000,30,0,0.7,0,1,32,32,"250:500:1000",96132093,118669461,81213105
"main-regional_sparse_discontinuous-baseline-n10000-p030-rx000-rs070-s10-rep-00033","main-regional_sparse_discontinuous-baseline-n10000-p030-rx000-rs070-s10","main","regional_sparse_discontinuous","baseline","uniform",10000,30,0,0.7,0,1,32,33,"250:500:1000",96262456,118838548,81317834
"main-regional_sparse_discontinuous-baseline-n10000-p030-rx000-rs070-s10-rep-00034","main-regional_sparse_discontinuous-baseline-n10000-p030-rx000-rs070-s10","main","regional_sparse_discontinuous","baseline","uniform",10000,30,0,0.7,0,1,32,34,"250:500:1000",96392819,119007635,81422563
"main-regional_sparse_discontinuous-baseline-n10000-p030-rx000-rs070-s10-rep-00035","main-regional_sparse_discontinuous-baseline-n10000-p030-rx000-rs070-s10","main","regional_sparse_discontinuous","baseline","uniform",10000,30,0,0.7,0,1,32,35,"250:500:1000",96523182,119176722,81527292
"main-regional_sparse_discontinuous-baseline-n10000-p030-rx000-rs070-s10-rep-00036","main-regional_sparse_discontinuous-baseline-n10000-p030-rx000-rs070-s10","main","regional_sparse_discontinuous","baseline","uniform",10000,30,0,0.7,0,1,32,36,"250:500:1000",96653545,119345809,81632021
"main-regional_sparse_discontinuous-baseline-n10000-p030-rx000-rs070-s10-rep-00037","main-regional_sparse_discontinuous-baseline-n10000-p030-rx000-rs070-s10","main","regional_sparse_discontinuous","baseline","uniform",10000,30,0,0.7,0,1,32,37,"250:500:1000",96783908,119514896,81736750
"main-regional_sparse_discontinuous-baseline-n10000-p030-rx000-rs070-s10-rep-00038","main-regional_sparse_discontinuous-baseline-n10000-p030-rx000-rs070-s10","main","regional_sparse_discontinuous","baseline","uniform",10000,30,0,0.7,0,1,32,38,"250:500:1000",96914271,119683983,81841479
"main-regional_sparse_discontinuous-baseline-n10000-p030-rx000-rs070-s10-rep-00039","main-regional_sparse_discontinuous-baseline-n10000-p030-rx000-rs070-s10","main","regional_sparse_discontinuous","baseline","uniform",10000,30,0,0.7,0,1,32,39,"250:500:1000",97044634,119853070,81946208
"main-regional_sparse_discontinuous-baseline-n10000-p030-rx000-rs070-s10-rep-00040","main-regional_sparse_discontinuous-baseline-n10000-p030-rx000-rs070-s10","main","regional_sparse_discontinuous","baseline","uniform",10000,30,0,0.7,0,1,32,40,"250:500:1000",97174997,120022157,82050937
"main-regional_sparse_discontinuous-baseline-n10000-p030-rx000-rs070-s10-rep-00041","main-regional_sparse_discontinuous-baseline-n10000-p030-rx000-rs070-s10","main","regional_sparse_discontinuous","baseline","uniform",10000,30,0,0.7,0,1,32,41,"250:500:1000",97305360,120191244,82155666
"main-regional_sparse_discontinuous-baseline-n10000-p030-rx000-rs070-s10-rep-00042","main-regional_sparse_discontinuous-baseline-n10000-p030-rx000-rs070-s10","main","regional_sparse_discontinuous","baseline","uniform",10000,30,0,0.7,0,1,32,42,"250:500:1000",97435723,120360331,82260395
"main-regional_sparse_discontinuous-baseline-n10000-p030-rx000-rs070-s10-rep-00043","main-regional_sparse_discontinuous-baseline-n10000-p030-rx000-rs070-s10","main","regional_sparse_discontinuous","baseline","uniform",10000,30,0,0.7,0,1,32,43,"250:500:1000",97566086,120529418,82365124
"main-regional_sparse_discontinuous-baseline-n10000-p030-rx000-rs070-s10-rep-00044","main-regional_sparse_discontinuous-baseline-n10000-p030-rx000-rs070-s10","main","regional_sparse_discontinuous","baseline","uniform",10000,30,0,0.7,0,1,32,44,"250:500:1000",97696449,120698505,82469853
"main-regional_sparse_discontinuous-baseline-n10000-p030-rx000-rs070-s10-rep-00045","main-regional_sparse_discontinuous-baseline-n10000-p030-rx000-rs070-s10","main","regional_sparse_discontinuous","baseline","uniform",10000,30,0,0.7,0,1,32,45,"250:500:1000",97826812,120867592,82574582
"main-regional_sparse_discontinuous-baseline-n10000-p030-rx000-rs070-s10-rep-00046","main-regional_sparse_discontinuous-baseline-n10000-p030-rx000-rs070-s10","main","regional_sparse_discontinuous","baseline","uniform",10000,30,0,0.7,0,1,32,46,"250:500:1000",97957175,121036679,82679311
"main-regional_sparse_discontinuous-baseline-n10000-p030-rx000-rs070-s10-rep-00047","main-regional_sparse_discontinuous-baseline-n10000-p030-rx000-rs070-s10","main","regional_sparse_discontinuous","baseline","uniform",10000,30,0,0.7,0,1,32,47,"250:500:1000",98087538,121205766,82784040
"main-regional_sparse_discontinuous-baseline-n10000-p030-rx000-rs070-s10-rep-00048","main-regional_sparse_discontinuous-baseline-n10000-p030-rx000-rs070-s10","main","regional_sparse_discontinuous","baseline","uniform",10000,30,0,0.7,0,1,32,48,"250:500:1000",98217901,121374853,82888769
"main-regional_sparse_discontinuous-baseline-n10000-p030-rx000-rs070-s10-rep-00049","main-regional_sparse_discontinuous-baseline-n10000-p030-rx000-rs070-s10","main","regional_sparse_discontinuous","baseline","uniform",10000,30,0,0.7,0,1,32,49,"250:500:1000",98348264,121543940,82993498
"main-regional_sparse_discontinuous-baseline-n10000-p030-rx000-rs070-s10-rep-00050","main-regional_sparse_discontinuous-baseline-n10000-p030-rx000-rs070-s10","main","regional_sparse_discontinuous","baseline","uniform",10000,30,0,0.7,0,1,32,50,"250:500:1000",98478627,121713027,83098227
"main-smooth_multiscale_local_sparse-baseline-n02000-p030-rx070-rs070-s10-rep-00001","main-smooth_multiscale_local_sparse-baseline-n02000-p030-rx070-rs070-s10","main","smooth_multiscale_local_sparse","baseline","uniform",2000,30,0.7,0.7,0,1,32,1,"62:124:248",98608990,121882114,83202956
"main-smooth_multiscale_local_sparse-baseline-n02000-p030-rx070-rs070-s10-rep-00002","main-smooth_multiscale_local_sparse-baseline-n02000-p030-rx070-rs070-s10","main","smooth_multiscale_local_sparse","baseline","uniform",2000,30,0.7,0.7,0,1,32,2,"62:124:248",98739353,122051201,83307685
"main-smooth_multiscale_local_sparse-baseline-n02000-p030-rx070-rs070-s10-rep-00003","main-smooth_multiscale_local_sparse-baseline-n02000-p030-rx070-rs070-s10","main","smooth_multiscale_local_sparse","baseline","uniform",2000,30,0.7,0.7,0,1,32,3,"62:124:248",98869716,122220288,83412414
"main-smooth_multiscale_local_sparse-baseline-n02000-p030-rx070-rs070-s10-rep-00004","main-smooth_multiscale_local_sparse-baseline-n02000-p030-rx070-rs070-s10","main","smooth_multiscale_local_sparse","baseline","uniform",2000,30,0.7,0.7,0,1,32,4,"62:124:248",99000079,122389375,83517143
"main-smooth_multiscale_local_sparse-baseline-n02000-p030-rx070-rs070-s10-rep-00005","main-smooth_multiscale_local_sparse-baseline-n02000-p030-rx070-rs070-s10","main","smooth_multiscale_local_sparse","baseline","uniform",2000,30,0.7,0.7,0,1,32,5,"62:124:248",99130442,122558462,83621872
"main-smooth_multiscale_local_sparse-baseline-n02000-p030-rx070-rs070-s10-rep-00006","main-smooth_multiscale_local_sparse-baseline-n02000-p030-rx070-rs070-s10","main","smooth_multiscale_local_sparse","baseline","uniform",2000,30,0.7,0.7,0,1,32,6,"62:124:248",99260805,122727549,83726601
"main-smooth_multiscale_local_sparse-baseline-n02000-p030-rx070-rs070-s10-rep-00007","main-smooth_multiscale_local_sparse-baseline-n02000-p030-rx070-rs070-s10","main","smooth_multiscale_local_sparse","baseline","uniform",2000,30,0.7,0.7,0,1,32,7,"62:124:248",99391168,122896636,83831330
"main-smooth_multiscale_local_sparse-baseline-n02000-p030-rx070-rs070-s10-rep-00008","main-smooth_multiscale_local_sparse-baseline-n02000-p030-rx070-rs070-s10","main","smooth_multiscale_local_sparse","baseline","uniform",2000,30,0.7,0.7,0,1,32,8,"62:124:248",99521531,123065723,83936059
"main-smooth_multiscale_local_sparse-baseline-n02000-p030-rx070-rs070-s10-rep-00009","main-smooth_multiscale_local_sparse-baseline-n02000-p030-rx070-rs070-s10","main","smooth_multiscale_local_sparse","baseline","uniform",2000,30,0.7,0.7,0,1,32,9,"62:124:248",99651894,123234810,84040788
"main-smooth_multiscale_local_sparse-baseline-n02000-p030-rx070-rs070-s10-rep-00010","main-smooth_multiscale_local_sparse-baseline-n02000-p030-rx070-rs070-s10","main","smooth_multiscale_local_sparse","baseline","uniform",2000,30,0.7,0.7,0,1,32,10,"62:124:248",99782257,123403897,84145517
"main-smooth_multiscale_local_sparse-baseline-n02000-p030-rx070-rs070-s10-rep-00011","main-smooth_multiscale_local_sparse-baseline-n02000-p030-rx070-rs070-s10","main","smooth_multiscale_local_sparse","baseline","uniform",2000,30,0.7,0.7,0,1,32,11,"62:124:248",99912620,123572984,84250246
"main-smooth_multiscale_local_sparse-baseline-n02000-p030-rx070-rs070-s10-rep-00012","main-smooth_multiscale_local_sparse-baseline-n02000-p030-rx070-rs070-s10","main","smooth_multiscale_local_sparse","baseline","uniform",2000,30,0.7,0.7,0,1,32,12,"62:124:248",100042983,123742071,84354975
"main-smooth_multiscale_local_sparse-baseline-n02000-p030-rx070-rs070-s10-rep-00013","main-smooth_multiscale_local_sparse-baseline-n02000-p030-rx070-rs070-s10","main","smooth_multiscale_local_sparse","baseline","uniform",2000,30,0.7,0.7,0,1,32,13,"62:124:248",100173346,123911158,84459704
"main-smooth_multiscale_local_sparse-baseline-n02000-p030-rx070-rs070-s10-rep-00014","main-smooth_multiscale_local_sparse-baseline-n02000-p030-rx070-rs070-s10","main","smooth_multiscale_local_sparse","baseline","uniform",2000,30,0.7,0.7,0,1,32,14,"62:124:248",100303709,124080245,84564433
"main-smooth_multiscale_local_sparse-baseline-n02000-p030-rx070-rs070-s10-rep-00015","main-smooth_multiscale_local_sparse-baseline-n02000-p030-rx070-rs070-s10","main","smooth_multiscale_local_sparse","baseline","uniform",2000,30,0.7,0.7,0,1,32,15,"62:124:248",100434072,124249332,84669162
"main-smooth_multiscale_local_sparse-baseline-n02000-p030-rx070-rs070-s10-rep-00016","main-smooth_multiscale_local_sparse-baseline-n02000-p030-rx070-rs070-s10","main","smooth_multiscale_local_sparse","baseline","uniform",2000,30,0.7,0.7,0,1,32,16,"62:124:248",100564435,124418419,84773891
"main-smooth_multiscale_local_sparse-baseline-n02000-p030-rx070-rs070-s10-rep-00017","main-smooth_multiscale_local_sparse-baseline-n02000-p030-rx070-rs070-s10","main","smooth_multiscale_local_sparse","baseline","uniform",2000,30,0.7,0.7,0,1,32,17,"62:124:248",100694798,124587506,84878620
"main-smooth_multiscale_local_sparse-baseline-n02000-p030-rx070-rs070-s10-rep-00018","main-smooth_multiscale_local_sparse-baseline-n02000-p030-rx070-rs070-s10","main","smooth_multiscale_local_sparse","baseline","uniform",2000,30,0.7,0.7,0,1,32,18,"62:124:248",100825161,124756593,84983349
"main-smooth_multiscale_local_sparse-baseline-n02000-p030-rx070-rs070-s10-rep-00019","main-smooth_multiscale_local_sparse-baseline-n02000-p030-rx070-rs070-s10","main","smooth_multiscale_local_sparse","baseline","uniform",2000,30,0.7,0.7,0,1,32,19,"62:124:248",100955524,124925680,85088078
"main-smooth_multiscale_local_sparse-baseline-n02000-p030-rx070-rs070-s10-rep-00020","main-smooth_multiscale_local_sparse-baseline-n02000-p030-rx070-rs070-s10","main","smooth_multiscale_local_sparse","baseline","uniform",2000,30,0.7,0.7,0,1,32,20,"62:124:248",101085887,125094767,85192807
"main-smooth_multiscale_local_sparse-baseline-n02000-p030-rx070-rs070-s10-rep-00021","main-smooth_multiscale_local_sparse-baseline-n02000-p030-rx070-rs070-s10","main","smooth_multiscale_local_sparse","baseline","uniform",2000,30,0.7,0.7,0,1,32,21,"62:124:248",101216250,125263854,85297536
"main-smooth_multiscale_local_sparse-baseline-n02000-p030-rx070-rs070-s10-rep-00022","main-smooth_multiscale_local_sparse-baseline-n02000-p030-rx070-rs070-s10","main","smooth_multiscale_local_sparse","baseline","uniform",2000,30,0.7,0.7,0,1,32,22,"62:124:248",101346613,125432941,85402265
"main-smooth_multiscale_local_sparse-baseline-n02000-p030-rx070-rs070-s10-rep-00023","main-smooth_multiscale_local_sparse-baseline-n02000-p030-rx070-rs070-s10","main","smooth_multiscale_local_sparse","baseline","uniform",2000,30,0.7,0.7,0,1,32,23,"62:124:248",101476976,125602028,85506994
"main-smooth_multiscale_local_sparse-baseline-n02000-p030-rx070-rs070-s10-rep-00024","main-smooth_multiscale_local_sparse-baseline-n02000-p030-rx070-rs070-s10","main","smooth_multiscale_local_sparse","baseline","uniform",2000,30,0.7,0.7,0,1,32,24,"62:124:248",101607339,125771115,85611723
"main-smooth_multiscale_local_sparse-baseline-n02000-p030-rx070-rs070-s10-rep-00025","main-smooth_multiscale_local_sparse-baseline-n02000-p030-rx070-rs070-s10","main","smooth_multiscale_local_sparse","baseline","uniform",2000,30,0.7,0.7,0,1,32,25,"62:124:248",101737702,125940202,85716452
"main-smooth_multiscale_local_sparse-baseline-n02000-p030-rx070-rs070-s10-rep-00026","main-smooth_multiscale_local_sparse-baseline-n02000-p030-rx070-rs070-s10","main","smooth_multiscale_local_sparse","baseline","uniform",2000,30,0.7,0.7,0,1,32,26,"62:124:248",101868065,126109289,85821181
"main-smooth_multiscale_local_sparse-baseline-n02000-p030-rx070-rs070-s10-rep-00027","main-smooth_multiscale_local_sparse-baseline-n02000-p030-rx070-rs070-s10","main","smooth_multiscale_local_sparse","baseline","uniform",2000,30,0.7,0.7,0,1,32,27,"62:124:248",101998428,126278376,85925910
"main-smooth_multiscale_local_sparse-baseline-n02000-p030-rx070-rs070-s10-rep-00028","main-smooth_multiscale_local_sparse-baseline-n02000-p030-rx070-rs070-s10","main","smooth_multiscale_local_sparse","baseline","uniform",2000,30,0.7,0.7,0,1,32,28,"62:124:248",102128791,126447463,86030639
"main-smooth_multiscale_local_sparse-baseline-n02000-p030-rx070-rs070-s10-rep-00029","main-smooth_multiscale_local_sparse-baseline-n02000-p030-rx070-rs070-s10","main","smooth_multiscale_local_sparse","baseline","uniform",2000,30,0.7,0.7,0,1,32,29,"62:124:248",102259154,126616550,86135368
"main-smooth_multiscale_local_sparse-baseline-n02000-p030-rx070-rs070-s10-rep-00030","main-smooth_multiscale_local_sparse-baseline-n02000-p030-rx070-rs070-s10","main","smooth_multiscale_local_sparse","baseline","uniform",2000,30,0.7,0.7,0,1,32,30,"62:124:248",102389517,126785637,86240097
"main-smooth_multiscale_local_sparse-baseline-n02000-p030-rx070-rs070-s10-rep-00031","main-smooth_multiscale_local_sparse-baseline-n02000-p030-rx070-rs070-s10","main","smooth_multiscale_local_sparse","baseline","uniform",2000,30,0.7,0.7,0,1,32,31,"62:124:248",102519880,126954724,86344826
"main-smooth_multiscale_local_sparse-baseline-n02000-p030-rx070-rs070-s10-rep-00032","main-smooth_multiscale_local_sparse-baseline-n02000-p030-rx070-rs070-s10","main","smooth_multiscale_local_sparse","baseline","uniform",2000,30,0.7,0.7,0,1,32,32,"62:124:248",102650243,127123811,86449555
"main-smooth_multiscale_local_sparse-baseline-n02000-p030-rx070-rs070-s10-rep-00033","main-smooth_multiscale_local_sparse-baseline-n02000-p030-rx070-rs070-s10","main","smooth_multiscale_local_sparse","baseline","uniform",2000,30,0.7,0.7,0,1,32,33,"62:124:248",102780606,127292898,86554284
"main-smooth_multiscale_local_sparse-baseline-n02000-p030-rx070-rs070-s10-rep-00034","main-smooth_multiscale_local_sparse-baseline-n02000-p030-rx070-rs070-s10","main","smooth_multiscale_local_sparse","baseline","uniform",2000,30,0.7,0.7,0,1,32,34,"62:124:248",102910969,127461985,86659013
"main-smooth_multiscale_local_sparse-baseline-n02000-p030-rx070-rs070-s10-rep-00035","main-smooth_multiscale_local_sparse-baseline-n02000-p030-rx070-rs070-s10","main","smooth_multiscale_local_sparse","baseline","uniform",2000,30,0.7,0.7,0,1,32,35,"62:124:248",103041332,127631072,86763742
"main-smooth_multiscale_local_sparse-baseline-n02000-p030-rx070-rs070-s10-rep-00036","main-smooth_multiscale_local_sparse-baseline-n02000-p030-rx070-rs070-s10","main","smooth_multiscale_local_sparse","baseline","uniform",2000,30,0.7,0.7,0,1,32,36,"62:124:248",103171695,127800159,86868471
"main-smooth_multiscale_local_sparse-baseline-n02000-p030-rx070-rs070-s10-rep-00037","main-smooth_multiscale_local_sparse-baseline-n02000-p030-rx070-rs070-s10","main","smooth_multiscale_local_sparse","baseline","uniform",2000,30,0.7,0.7,0,1,32,37,"62:124:248",103302058,127969246,86973200
"main-smooth_multiscale_local_sparse-baseline-n02000-p030-rx070-rs070-s10-rep-00038","main-smooth_multiscale_local_sparse-baseline-n02000-p030-rx070-rs070-s10","main","smooth_multiscale_local_sparse","baseline","uniform",2000,30,0.7,0.7,0,1,32,38,"62:124:248",103432421,128138333,87077929
"main-smooth_multiscale_local_sparse-baseline-n02000-p030-rx070-rs070-s10-rep-00039","main-smooth_multiscale_local_sparse-baseline-n02000-p030-rx070-rs070-s10","main","smooth_multiscale_local_sparse","baseline","uniform",2000,30,0.7,0.7,0,1,32,39,"62:124:248",103562784,128307420,87182658
"main-smooth_multiscale_local_sparse-baseline-n02000-p030-rx070-rs070-s10-rep-00040","main-smooth_multiscale_local_sparse-baseline-n02000-p030-rx070-rs070-s10","main","smooth_multiscale_local_sparse","baseline","uniform",2000,30,0.7,0.7,0,1,32,40,"62:124:248",103693147,128476507,87287387
"main-smooth_multiscale_local_sparse-baseline-n02000-p030-rx070-rs070-s10-rep-00041","main-smooth_multiscale_local_sparse-baseline-n02000-p030-rx070-rs070-s10","main","smooth_multiscale_local_sparse","baseline","uniform",2000,30,0.7,0.7,0,1,32,41,"62:124:248",103823510,128645594,87392116
"main-smooth_multiscale_local_sparse-baseline-n02000-p030-rx070-rs070-s10-rep-00042","main-smooth_multiscale_local_sparse-baseline-n02000-p030-rx070-rs070-s10","main","smooth_multiscale_local_sparse","baseline","uniform",2000,30,0.7,0.7,0,1,32,42,"62:124:248",103953873,128814681,87496845
"main-smooth_multiscale_local_sparse-baseline-n02000-p030-rx070-rs070-s10-rep-00043","main-smooth_multiscale_local_sparse-baseline-n02000-p030-rx070-rs070-s10","main","smooth_multiscale_local_sparse","baseline","uniform",2000,30,0.7,0.7,0,1,32,43,"62:124:248",104084236,128983768,87601574
"main-smooth_multiscale_local_sparse-baseline-n02000-p030-rx070-rs070-s10-rep-00044","main-smooth_multiscale_local_sparse-baseline-n02000-p030-rx070-rs070-s10","main","smooth_multiscale_local_sparse","baseline","uniform",2000,30,0.7,0.7,0,1,32,44,"62:124:248",104214599,129152855,87706303
"main-smooth_multiscale_local_sparse-baseline-n02000-p030-rx070-rs070-s10-rep-00045","main-smooth_multiscale_local_sparse-baseline-n02000-p030-rx070-rs070-s10","main","smooth_multiscale_local_sparse","baseline","uniform",2000,30,0.7,0.7,0,1,32,45,"62:124:248",104344962,129321942,87811032
"main-smooth_multiscale_local_sparse-baseline-n02000-p030-rx070-rs070-s10-rep-00046","main-smooth_multiscale_local_sparse-baseline-n02000-p030-rx070-rs070-s10","main","smooth_multiscale_local_sparse","baseline","uniform",2000,30,0.7,0.7,0,1,32,46,"62:124:248",104475325,129491029,87915761
"main-smooth_multiscale_local_sparse-baseline-n02000-p030-rx070-rs070-s10-rep-00047","main-smooth_multiscale_local_sparse-baseline-n02000-p030-rx070-rs070-s10","main","smooth_multiscale_local_sparse","baseline","uniform",2000,30,0.7,0.7,0,1,32,47,"62:124:248",104605688,129660116,88020490
"main-smooth_multiscale_local_sparse-baseline-n02000-p030-rx070-rs070-s10-rep-00048","main-smooth_multiscale_local_sparse-baseline-n02000-p030-rx070-rs070-s10","main","smooth_multiscale_local_sparse","baseline","uniform",2000,30,0.7,0.7,0,1,32,48,"62:124:248",104736051,129829203,88125219
"main-smooth_multiscale_local_sparse-baseline-n02000-p030-rx070-rs070-s10-rep-00049","main-smooth_multiscale_local_sparse-baseline-n02000-p030-rx070-rs070-s10","main","smooth_multiscale_local_sparse","baseline","uniform",2000,30,0.7,0.7,0,1,32,49,"62:124:248",104866414,129998290,88229948
"main-smooth_multiscale_local_sparse-baseline-n02000-p030-rx070-rs070-s10-rep-00050","main-smooth_multiscale_local_sparse-baseline-n02000-p030-rx070-rs070-s10","main","smooth_multiscale_local_sparse","baseline","uniform",2000,30,0.7,0.7,0,1,32,50,"62:124:248",104996777,130167377,88334677
"main-regional_sparse_discontinuous-baseline-n02000-p030-rx070-rs070-s10-rep-00001","main-regional_sparse_discontinuous-baseline-n02000-p030-rx070-rs070-s10","main","regional_sparse_discontinuous","baseline","uniform",2000,30,0.7,0.7,0,1,32,1,"62:124:248",105127140,130336464,88439406
"main-regional_sparse_discontinuous-baseline-n02000-p030-rx070-rs070-s10-rep-00002","main-regional_sparse_discontinuous-baseline-n02000-p030-rx070-rs070-s10","main","regional_sparse_discontinuous","baseline","uniform",2000,30,0.7,0.7,0,1,32,2,"62:124:248",105257503,130505551,88544135
"main-regional_sparse_discontinuous-baseline-n02000-p030-rx070-rs070-s10-rep-00003","main-regional_sparse_discontinuous-baseline-n02000-p030-rx070-rs070-s10","main","regional_sparse_discontinuous","baseline","uniform",2000,30,0.7,0.7,0,1,32,3,"62:124:248",105387866,130674638,88648864
"main-regional_sparse_discontinuous-baseline-n02000-p030-rx070-rs070-s10-rep-00004","main-regional_sparse_discontinuous-baseline-n02000-p030-rx070-rs070-s10","main","regional_sparse_discontinuous","baseline","uniform",2000,30,0.7,0.7,0,1,32,4,"62:124:248",105518229,130843725,88753593
"main-regional_sparse_discontinuous-baseline-n02000-p030-rx070-rs070-s10-rep-00005","main-regional_sparse_discontinuous-baseline-n02000-p030-rx070-rs070-s10","main","regional_sparse_discontinuous","baseline","uniform",2000,30,0.7,0.7,0,1,32,5,"62:124:248",105648592,131012812,88858322
"main-regional_sparse_discontinuous-baseline-n02000-p030-rx070-rs070-s10-rep-00006","main-regional_sparse_discontinuous-baseline-n02000-p030-rx070-rs070-s10","main","regional_sparse_discontinuous","baseline","uniform",2000,30,0.7,0.7,0,1,32,6,"62:124:248",105778955,131181899,88963051
"main-regional_sparse_discontinuous-baseline-n02000-p030-rx070-rs070-s10-rep-00007","main-regional_sparse_discontinuous-baseline-n02000-p030-rx070-rs070-s10","main","regional_sparse_discontinuous","baseline","uniform",2000,30,0.7,0.7,0,1,32,7,"62:124:248",105909318,131350986,89067780
"main-regional_sparse_discontinuous-baseline-n02000-p030-rx070-rs070-s10-rep-00008","main-regional_sparse_discontinuous-baseline-n02000-p030-rx070-rs070-s10","main","regional_sparse_discontinuous","baseline","uniform",2000,30,0.7,0.7,0,1,32,8,"62:124:248",106039681,131520073,89172509
"main-regional_sparse_discontinuous-baseline-n02000-p030-rx070-rs070-s10-rep-00009","main-regional_sparse_discontinuous-baseline-n02000-p030-rx070-rs070-s10","main","regional_sparse_discontinuous","baseline","uniform",2000,30,0.7,0.7,0,1,32,9,"62:124:248",106170044,131689160,89277238
"main-regional_sparse_discontinuous-baseline-n02000-p030-rx070-rs070-s10-rep-00010","main-regional_sparse_discontinuous-baseline-n02000-p030-rx070-rs070-s10","main","regional_sparse_discontinuous","baseline","uniform",2000,30,0.7,0.7,0,1,32,10,"62:124:248",106300407,131858247,89381967
"main-regional_sparse_discontinuous-baseline-n02000-p030-rx070-rs070-s10-rep-00011","main-regional_sparse_discontinuous-baseline-n02000-p030-rx070-rs070-s10","main","regional_sparse_discontinuous","baseline","uniform",2000,30,0.7,0.7,0,1,32,11,"62:124:248",106430770,132027334,89486696
"main-regional_sparse_discontinuous-baseline-n02000-p030-rx070-rs070-s10-rep-00012","main-regional_sparse_discontinuous-baseline-n02000-p030-rx070-rs070-s10","main","regional_sparse_discontinuous","baseline","uniform",2000,30,0.7,0.7,0,1,32,12,"62:124:248",106561133,132196421,89591425
"main-regional_sparse_discontinuous-baseline-n02000-p030-rx070-rs070-s10-rep-00013","main-regional_sparse_discontinuous-baseline-n02000-p030-rx070-rs070-s10","main","regional_sparse_discontinuous","baseline","uniform",2000,30,0.7,0.7,0,1,32,13,"62:124:248",106691496,132365508,89696154
"main-regional_sparse_discontinuous-baseline-n02000-p030-rx070-rs070-s10-rep-00014","main-regional_sparse_discontinuous-baseline-n02000-p030-rx070-rs070-s10","main","regional_sparse_discontinuous","baseline","uniform",2000,30,0.7,0.7,0,1,32,14,"62:124:248",106821859,132534595,89800883
"main-regional_sparse_discontinuous-baseline-n02000-p030-rx070-rs070-s10-rep-00015","main-regional_sparse_discontinuous-baseline-n02000-p030-rx070-rs070-s10","main","regional_sparse_discontinuous","baseline","uniform",2000,30,0.7,0.7,0,1,32,15,"62:124:248",106952222,132703682,89905612
"main-regional_sparse_discontinuous-baseline-n02000-p030-rx070-rs070-s10-rep-00016","main-regional_sparse_discontinuous-baseline-n02000-p030-rx070-rs070-s10","main","regional_sparse_discontinuous","baseline","uniform",2000,30,0.7,0.7,0,1,32,16,"62:124:248",107082585,132872769,90010341
"main-regional_sparse_discontinuous-baseline-n02000-p030-rx070-rs070-s10-rep-00017","main-regional_sparse_discontinuous-baseline-n02000-p030-rx070-rs070-s10","main","regional_sparse_discontinuous","baseline","uniform",2000,30,0.7,0.7,0,1,32,17,"62:124:248",107212948,133041856,90115070
"main-regional_sparse_discontinuous-baseline-n02000-p030-rx070-rs070-s10-rep-00018","main-regional_sparse_discontinuous-baseline-n02000-p030-rx070-rs070-s10","main","regional_sparse_discontinuous","baseline","uniform",2000,30,0.7,0.7,0,1,32,18,"62:124:248",107343311,133210943,90219799
"main-regional_sparse_discontinuous-baseline-n02000-p030-rx070-rs070-s10-rep-00019","main-regional_sparse_discontinuous-baseline-n02000-p030-rx070-rs070-s10","main","regional_sparse_discontinuous","baseline","uniform",2000,30,0.7,0.7,0,1,32,19,"62:124:248",107473674,133380030,90324528
"main-regional_sparse_discontinuous-baseline-n02000-p030-rx070-rs070-s10-rep-00020","main-regional_sparse_discontinuous-baseline-n02000-p030-rx070-rs070-s10","main","regional_sparse_discontinuous","baseline","uniform",2000,30,0.7,0.7,0,1,32,20,"62:124:248",107604037,133549117,90429257
"main-regional_sparse_discontinuous-baseline-n02000-p030-rx070-rs070-s10-rep-00021","main-regional_sparse_discontinuous-baseline-n02000-p030-rx070-rs070-s10","main","regional_sparse_discontinuous","baseline","uniform",2000,30,0.7,0.7,0,1,32,21,"62:124:248",107734400,133718204,90533986
"main-regional_sparse_discontinuous-baseline-n02000-p030-rx070-rs070-s10-rep-00022","main-regional_sparse_discontinuous-baseline-n02000-p030-rx070-rs070-s10","main","regional_sparse_discontinuous","baseline","uniform",2000,30,0.7,0.7,0,1,32,22,"62:124:248",107864763,133887291,90638715
"main-regional_sparse_discontinuous-baseline-n02000-p030-rx070-rs070-s10-rep-00023","main-regional_sparse_discontinuous-baseline-n02000-p030-rx070-rs070-s10","main","regional_sparse_discontinuous","baseline","uniform",2000,30,0.7,0.7,0,1,32,23,"62:124:248",107995126,134056378,90743444
"main-regional_sparse_discontinuous-baseline-n02000-p030-rx070-rs070-s10-rep-00024","main-regional_sparse_discontinuous-baseline-n02000-p030-rx070-rs070-s10","main","regional_sparse_discontinuous","baseline","uniform",2000,30,0.7,0.7,0,1,32,24,"62:124:248",108125489,134225465,90848173
"main-regional_sparse_discontinuous-baseline-n02000-p030-rx070-rs070-s10-rep-00025","main-regional_sparse_discontinuous-baseline-n02000-p030-rx070-rs070-s10","main","regional_sparse_discontinuous","baseline","uniform",2000,30,0.7,0.7,0,1,32,25,"62:124:248",108255852,134394552,90952902
"main-regional_sparse_discontinuous-baseline-n02000-p030-rx070-rs070-s10-rep-00026","main-regional_sparse_discontinuous-baseline-n02000-p030-rx070-rs070-s10","main","regional_sparse_discontinuous","baseline","uniform",2000,30,0.7,0.7,0,1,32,26,"62:124:248",108386215,134563639,91057631
"main-regional_sparse_discontinuous-baseline-n02000-p030-rx070-rs070-s10-rep-00027","main-regional_sparse_discontinuous-baseline-n02000-p030-rx070-rs070-s10","main","regional_sparse_discontinuous","baseline","uniform",2000,30,0.7,0.7,0,1,32,27,"62:124:248",108516578,134732726,91162360
"main-regional_sparse_discontinuous-baseline-n02000-p030-rx070-rs070-s10-rep-00028","main-regional_sparse_discontinuous-baseline-n02000-p030-rx070-rs070-s10","main","regional_sparse_discontinuous","baseline","uniform",2000,30,0.7,0.7,0,1,32,28,"62:124:248",108646941,134901813,91267089
"main-regional_sparse_discontinuous-baseline-n02000-p030-rx070-rs070-s10-rep-00029","main-regional_sparse_discontinuous-baseline-n02000-p030-rx070-rs070-s10","main","regional_sparse_discontinuous","baseline","uniform",2000,30,0.7,0.7,0,1,32,29,"62:124:248",108777304,135070900,91371818
"main-regional_sparse_discontinuous-baseline-n02000-p030-rx070-rs070-s10-rep-00030","main-regional_sparse_discontinuous-baseline-n02000-p030-rx070-rs070-s10","main","regional_sparse_discontinuous","baseline","uniform",2000,30,0.7,0.7,0,1,32,30,"62:124:248",108907667,135239987,91476547
"main-regional_sparse_discontinuous-baseline-n02000-p030-rx070-rs070-s10-rep-00031","main-regional_sparse_discontinuous-baseline-n02000-p030-rx070-rs070-s10","main","regional_sparse_discontinuous","baseline","uniform",2000,30,0.7,0.7,0,1,32,31,"62:124:248",109038030,135409074,91581276
"main-regional_sparse_discontinuous-baseline-n02000-p030-rx070-rs070-s10-rep-00032","main-regional_sparse_discontinuous-baseline-n02000-p030-rx070-rs070-s10","main","regional_sparse_discontinuous","baseline","uniform",2000,30,0.7,0.7,0,1,32,32,"62:124:248",109168393,135578161,91686005
"main-regional_sparse_discontinuous-baseline-n02000-p030-rx070-rs070-s10-rep-00033","main-regional_sparse_discontinuous-baseline-n02000-p030-rx070-rs070-s10","main","regional_sparse_discontinuous","baseline","uniform",2000,30,0.7,0.7,0,1,32,33,"62:124:248",109298756,135747248,91790734
"main-regional_sparse_discontinuous-baseline-n02000-p030-rx070-rs070-s10-rep-00034","main-regional_sparse_discontinuous-baseline-n02000-p030-rx070-rs070-s10","main","regional_sparse_discontinuous","baseline","uniform",2000,30,0.7,0.7,0,1,32,34,"62:124:248",109429119,135916335,91895463
"main-regional_sparse_discontinuous-baseline-n02000-p030-rx070-rs070-s10-rep-00035","main-regional_sparse_discontinuous-baseline-n02000-p030-rx070-rs070-s10","main","regional_sparse_discontinuous","baseline","uniform",2000,30,0.7,0.7,0,1,32,35,"62:124:248",109559482,136085422,92000192
"main-regional_sparse_discontinuous-baseline-n02000-p030-rx070-rs070-s10-rep-00036","main-regional_sparse_discontinuous-baseline-n02000-p030-rx070-rs070-s10","main","regional_sparse_discontinuous","baseline","uniform",2000,30,0.7,0.7,0,1,32,36,"62:124:248",109689845,136254509,92104921
"main-regional_sparse_discontinuous-baseline-n02000-p030-rx070-rs070-s10-rep-00037","main-regional_sparse_discontinuous-baseline-n02000-p030-rx070-rs070-s10","main","regional_sparse_discontinuous","baseline","uniform",2000,30,0.7,0.7,0,1,32,37,"62:124:248",109820208,136423596,92209650
"main-regional_sparse_discontinuous-baseline-n02000-p030-rx070-rs070-s10-rep-00038","main-regional_sparse_discontinuous-baseline-n02000-p030-rx070-rs070-s10","main","regional_sparse_discontinuous","baseline","uniform",2000,30,0.7,0.7,0,1,32,38,"62:124:248",109950571,136592683,92314379
"main-regional_sparse_discontinuous-baseline-n02000-p030-rx070-rs070-s10-rep-00039","main-regional_sparse_discontinuous-baseline-n02000-p030-rx070-rs070-s10","main","regional_sparse_discontinuous","baseline","uniform",2000,30,0.7,0.7,0,1,32,39,"62:124:248",110080934,136761770,92419108
"main-regional_sparse_discontinuous-baseline-n02000-p030-rx070-rs070-s10-rep-00040","main-regional_sparse_discontinuous-baseline-n02000-p030-rx070-rs070-s10","main","regional_sparse_discontinuous","baseline","uniform",2000,30,0.7,0.7,0,1,32,40,"62:124:248",110211297,136930857,92523837
"main-regional_sparse_discontinuous-baseline-n02000-p030-rx070-rs070-s10-rep-00041","main-regional_sparse_discontinuous-baseline-n02000-p030-rx070-rs070-s10","main","regional_sparse_discontinuous","baseline","uniform",2000,30,0.7,0.7,0,1,32,41,"62:124:248",110341660,137099944,92628566
"main-regional_sparse_discontinuous-baseline-n02000-p030-rx070-rs070-s10-rep-00042","main-regional_sparse_discontinuous-baseline-n02000-p030-rx070-rs070-s10","main","regional_sparse_discontinuous","baseline","uniform",2000,30,0.7,0.7,0,1,32,42,"62:124:248",110472023,137269031,92733295
"main-regional_sparse_discontinuous-baseline-n02000-p030-rx070-rs070-s10-rep-00043","main-regional_sparse_discontinuous-baseline-n02000-p030-rx070-rs070-s10","main","regional_sparse_discontinuous","baseline","uniform",2000,30,0.7,0.7,0,1,32,43,"62:124:248",110602386,137438118,92838024
"main-regional_sparse_discontinuous-baseline-n02000-p030-rx070-rs070-s10-rep-00044","main-regional_sparse_discontinuous-baseline-n02000-p030-rx070-rs070-s10","main","regional_sparse_discontinuous","baseline","uniform",2000,30,0.7,0.7,0,1,32,44,"62:124:248",110732749,137607205,92942753
"main-regional_sparse_discontinuous-baseline-n02000-p030-rx070-rs070-s10-rep-00045","main-regional_sparse_discontinuous-baseline-n02000-p030-rx070-rs070-s10","main","regional_sparse_discontinuous","baseline","uniform",2000,30,0.7,0.7,0,1,32,45,"62:124:248",110863112,137776292,93047482
"main-regional_sparse_discontinuous-baseline-n02000-p030-rx070-rs070-s10-rep-00046","main-regional_sparse_discontinuous-baseline-n02000-p030-rx070-rs070-s10","main","regional_sparse_discontinuous","baseline","uniform",2000,30,0.7,0.7,0,1,32,46,"62:124:248",110993475,137945379,93152211
"main-regional_sparse_discontinuous-baseline-n02000-p030-rx070-rs070-s10-rep-00047","main-regional_sparse_discontinuous-baseline-n02000-p030-rx070-rs070-s10","main","regional_sparse_discontinuous","baseline","uniform",2000,30,0.7,0.7,0,1,32,47,"62:124:248",111123838,138114466,93256940
"main-regional_sparse_discontinuous-baseline-n02000-p030-rx070-rs070-s10-rep-00048","main-regional_sparse_discontinuous-baseline-n02000-p030-rx070-rs070-s10","main","regional_sparse_discontinuous","baseline","uniform",2000,30,0.7,0.7,0,1,32,48,"62:124:248",111254201,138283553,93361669
"main-regional_sparse_discontinuous-baseline-n02000-p030-rx070-rs070-s10-rep-00049","main-regional_sparse_discontinuous-baseline-n02000-p030-rx070-rs070-s10","main","regional_sparse_discontinuous","baseline","uniform",2000,30,0.7,0.7,0,1,32,49,"62:124:248",111384564,138452640,93466398
"main-regional_sparse_discontinuous-baseline-n02000-p030-rx070-rs070-s10-rep-00050","main-regional_sparse_discontinuous-baseline-n02000-p030-rx070-rs070-s10","main","regional_sparse_discontinuous","baseline","uniform",2000,30,0.7,0.7,0,1,32,50,"62:124:248",111514927,138621727,93571127
"main-smooth_multiscale_local_sparse-baseline-n10000-p030-rx070-rs070-s10-rep-00001","main-smooth_multiscale_local_sparse-baseline-n10000-p030-rx070-rs070-s10","main","smooth_multiscale_local_sparse","baseline","uniform",10000,30,0.7,0.7,0,1,32,1,"250:500:1000",111645290,138790814,93675856
"main-smooth_multiscale_local_sparse-baseline-n10000-p030-rx070-rs070-s10-rep-00002","main-smooth_multiscale_local_sparse-baseline-n10000-p030-rx070-rs070-s10","main","smooth_multiscale_local_sparse","baseline","uniform",10000,30,0.7,0.7,0,1,32,2,"250:500:1000",111775653,138959901,93780585
"main-smooth_multiscale_local_sparse-baseline-n10000-p030-rx070-rs070-s10-rep-00003","main-smooth_multiscale_local_sparse-baseline-n10000-p030-rx070-rs070-s10","main","smooth_multiscale_local_sparse","baseline","uniform",10000,30,0.7,0.7,0,1,32,3,"250:500:1000",111906016,139128988,93885314
"main-smooth_multiscale_local_sparse-baseline-n10000-p030-rx070-rs070-s10-rep-00004","main-smooth_multiscale_local_sparse-baseline-n10000-p030-rx070-rs070-s10","main","smooth_multiscale_local_sparse","baseline","uniform",10000,30,0.7,0.7,0,1,32,4,"250:500:1000",112036379,139298075,93990043
"main-smooth_multiscale_local_sparse-baseline-n10000-p030-rx070-rs070-s10-rep-00005","main-smooth_multiscale_local_sparse-baseline-n10000-p030-rx070-rs070-s10","main","smooth_multiscale_local_sparse","baseline","uniform",10000,30,0.7,0.7,0,1,32,5,"250:500:1000",112166742,139467162,94094772
"main-smooth_multiscale_local_sparse-baseline-n10000-p030-rx070-rs070-s10-rep-00006","main-smooth_multiscale_local_sparse-baseline-n10000-p030-rx070-rs070-s10","main","smooth_multiscale_local_sparse","baseline","uniform",10000,30,0.7,0.7,0,1,32,6,"250:500:1000",112297105,139636249,94199501
"main-smooth_multiscale_local_sparse-baseline-n10000-p030-rx070-rs070-s10-rep-00007","main-smooth_multiscale_local_sparse-baseline-n10000-p030-rx070-rs070-s10","main","smooth_multiscale_local_sparse","baseline","uniform",10000,30,0.7,0.7,0,1,32,7,"250:500:1000",112427468,139805336,94304230
"main-smooth_multiscale_local_sparse-baseline-n10000-p030-rx070-rs070-s10-rep-00008","main-smooth_multiscale_local_sparse-baseline-n10000-p030-rx070-rs070-s10","main","smooth_multiscale_local_sparse","baseline","uniform",10000,30,0.7,0.7,0,1,32,8,"250:500:1000",112557831,139974423,94408959
"main-smooth_multiscale_local_sparse-baseline-n10000-p030-rx070-rs070-s10-rep-00009","main-smooth_multiscale_local_sparse-baseline-n10000-p030-rx070-rs070-s10","main","smooth_multiscale_local_sparse","baseline","uniform",10000,30,0.7,0.7,0,1,32,9,"250:500:1000",112688194,140143510,94513688
"main-smooth_multiscale_local_sparse-baseline-n10000-p030-rx070-rs070-s10-rep-00010","main-smooth_multiscale_local_sparse-baseline-n10000-p030-rx070-rs070-s10","main","smooth_multiscale_local_sparse","baseline","uniform",10000,30,0.7,0.7,0,1,32,10,"250:500:1000",112818557,140312597,94618417
"main-smooth_multiscale_local_sparse-baseline-n10000-p030-rx070-rs070-s10-rep-00011","main-smooth_multiscale_local_sparse-baseline-n10000-p030-rx070-rs070-s10","main","smooth_multiscale_local_sparse","baseline","uniform",10000,30,0.7,0.7,0,1,32,11,"250:500:1000",112948920,140481684,94723146
"main-smooth_multiscale_local_sparse-baseline-n10000-p030-rx070-rs070-s10-rep-00012","main-smooth_multiscale_local_sparse-baseline-n10000-p030-rx070-rs070-s10","main","smooth_multiscale_local_sparse","baseline","uniform",10000,30,0.7,0.7,0,1,32,12,"250:500:1000",113079283,140650771,94827875
"main-smooth_multiscale_local_sparse-baseline-n10000-p030-rx070-rs070-s10-rep-00013","main-smooth_multiscale_local_sparse-baseline-n10000-p030-rx070-rs070-s10","main","smooth_multiscale_local_sparse","baseline","uniform",10000,30,0.7,0.7,0,1,32,13,"250:500:1000",113209646,140819858,94932604
"main-smooth_multiscale_local_sparse-baseline-n10000-p030-rx070-rs070-s10-rep-00014","main-smooth_multiscale_local_sparse-baseline-n10000-p030-rx070-rs070-s10","main","smooth_multiscale_local_sparse","baseline","uniform",10000,30,0.7,0.7,0,1,32,14,"250:500:1000",113340009,140988945,95037333
"main-smooth_multiscale_local_sparse-baseline-n10000-p030-rx070-rs070-s10-rep-00015","main-smooth_multiscale_local_sparse-baseline-n10000-p030-rx070-rs070-s10","main","smooth_multiscale_local_sparse","baseline","uniform",10000,30,0.7,0.7,0,1,32,15,"250:500:1000",113470372,141158032,95142062
"main-smooth_multiscale_local_sparse-baseline-n10000-p030-rx070-rs070-s10-rep-00016","main-smooth_multiscale_local_sparse-baseline-n10000-p030-rx070-rs070-s10","main","smooth_multiscale_local_sparse","baseline","uniform",10000,30,0.7,0.7,0,1,32,16,"250:500:1000",113600735,141327119,95246791
"main-smooth_multiscale_local_sparse-baseline-n10000-p030-rx070-rs070-s10-rep-00017","main-smooth_multiscale_local_sparse-baseline-n10000-p030-rx070-rs070-s10","main","smooth_multiscale_local_sparse","baseline","uniform",10000,30,0.7,0.7,0,1,32,17,"250:500:1000",113731098,141496206,95351520
"main-smooth_multiscale_local_sparse-baseline-n10000-p030-rx070-rs070-s10-rep-00018","main-smooth_multiscale_local_sparse-baseline-n10000-p030-rx070-rs070-s10","main","smooth_multiscale_local_sparse","baseline","uniform",10000,30,0.7,0.7,0,1,32,18,"250:500:1000",113861461,141665293,95456249
"main-smooth_multiscale_local_sparse-baseline-n10000-p030-rx070-rs070-s10-rep-00019","main-smooth_multiscale_local_sparse-baseline-n10000-p030-rx070-rs070-s10","main","smooth_multiscale_local_sparse","baseline","uniform",10000,30,0.7,0.7,0,1,32,19,"250:500:1000",113991824,141834380,95560978
"main-smooth_multiscale_local_sparse-baseline-n10000-p030-rx070-rs070-s10-rep-00020","main-smooth_multiscale_local_sparse-baseline-n10000-p030-rx070-rs070-s10","main","smooth_multiscale_local_sparse","baseline","uniform",10000,30,0.7,0.7,0,1,32,20,"250:500:1000",114122187,142003467,95665707
"main-smooth_multiscale_local_sparse-baseline-n10000-p030-rx070-rs070-s10-rep-00021","main-smooth_multiscale_local_sparse-baseline-n10000-p030-rx070-rs070-s10","main","smooth_multiscale_local_sparse","baseline","uniform",10000,30,0.7,0.7,0,1,32,21,"250:500:1000",114252550,142172554,95770436
"main-smooth_multiscale_local_sparse-baseline-n10000-p030-rx070-rs070-s10-rep-00022","main-smooth_multiscale_local_sparse-baseline-n10000-p030-rx070-rs070-s10","main","smooth_multiscale_local_sparse","baseline","uniform",10000,30,0.7,0.7,0,1,32,22,"250:500:1000",114382913,142341641,95875165
"main-smooth_multiscale_local_sparse-baseline-n10000-p030-rx070-rs070-s10-rep-00023","main-smooth_multiscale_local_sparse-baseline-n10000-p030-rx070-rs070-s10","main","smooth_multiscale_local_sparse","baseline","uniform",10000,30,0.7,0.7,0,1,32,23,"250:500:1000",114513276,142510728,95979894
"main-smooth_multiscale_local_sparse-baseline-n10000-p030-rx070-rs070-s10-rep-00024","main-smooth_multiscale_local_sparse-baseline-n10000-p030-rx070-rs070-s10","main","smooth_multiscale_local_sparse","baseline","uniform",10000,30,0.7,0.7,0,1,32,24,"250:500:1000",114643639,142679815,96084623
"main-smooth_multiscale_local_sparse-baseline-n10000-p030-rx070-rs070-s10-rep-00025","main-smooth_multiscale_local_sparse-baseline-n10000-p030-rx070-rs070-s10","main","smooth_multiscale_local_sparse","baseline","uniform",10000,30,0.7,0.7,0,1,32,25,"250:500:1000",114774002,142848902,96189352
"main-smooth_multiscale_local_sparse-baseline-n10000-p030-rx070-rs070-s10-rep-00026","main-smooth_multiscale_local_sparse-baseline-n10000-p030-rx070-rs070-s10","main","smooth_multiscale_local_sparse","baseline","uniform",10000,30,0.7,0.7,0,1,32,26,"250:500:1000",114904365,143017989,96294081
"main-smooth_multiscale_local_sparse-baseline-n10000-p030-rx070-rs070-s10-rep-00027","main-smooth_multiscale_local_sparse-baseline-n10000-p030-rx070-rs070-s10","main","smooth_multiscale_local_sparse","baseline","uniform",10000,30,0.7,0.7,0,1,32,27,"250:500:1000",115034728,143187076,96398810
"main-smooth_multiscale_local_sparse-baseline-n10000-p030-rx070-rs070-s10-rep-00028","main-smooth_multiscale_local_sparse-baseline-n10000-p030-rx070-rs070-s10","main","smooth_multiscale_local_sparse","baseline","uniform",10000,30,0.7,0.7,0,1,32,28,"250:500:1000",115165091,143356163,96503539
"main-smooth_multiscale_local_sparse-baseline-n10000-p030-rx070-rs070-s10-rep-00029","main-smooth_multiscale_local_sparse-baseline-n10000-p030-rx070-rs070-s10","main","smooth_multiscale_local_sparse","baseline","uniform",10000,30,0.7,0.7,0,1,32,29,"250:500:1000",115295454,143525250,96608268
"main-smooth_multiscale_local_sparse-baseline-n10000-p030-rx070-rs070-s10-rep-00030","main-smooth_multiscale_local_sparse-baseline-n10000-p030-rx070-rs070-s10","main","smooth_multiscale_local_sparse","baseline","uniform",10000,30,0.7,0.7,0,1,32,30,"250:500:1000",115425817,143694337,96712997
"main-smooth_multiscale_local_sparse-baseline-n10000-p030-rx070-rs070-s10-rep-00031","main-smooth_multiscale_local_sparse-baseline-n10000-p030-rx070-rs070-s10","main","smooth_multiscale_local_sparse","baseline","uniform",10000,30,0.7,0.7,0,1,32,31,"250:500:1000",115556180,143863424,96817726
"main-smooth_multiscale_local_sparse-baseline-n10000-p030-rx070-rs070-s10-rep-00032","main-smooth_multiscale_local_sparse-baseline-n10000-p030-rx070-rs070-s10","main","smooth_multiscale_local_sparse","baseline","uniform",10000,30,0.7,0.7,0,1,32,32,"250:500:1000",115686543,144032511,96922455
"main-smooth_multiscale_local_sparse-baseline-n10000-p030-rx070-rs070-s10-rep-00033","main-smooth_multiscale_local_sparse-baseline-n10000-p030-rx070-rs070-s10","main","smooth_multiscale_local_sparse","baseline","uniform",10000,30,0.7,0.7,0,1,32,33,"250:500:1000",115816906,144201598,97027184
"main-smooth_multiscale_local_sparse-baseline-n10000-p030-rx070-rs070-s10-rep-00034","main-smooth_multiscale_local_sparse-baseline-n10000-p030-rx070-rs070-s10","main","smooth_multiscale_local_sparse","baseline","uniform",10000,30,0.7,0.7,0,1,32,34,"250:500:1000",115947269,144370685,97131913
"main-smooth_multiscale_local_sparse-baseline-n10000-p030-rx070-rs070-s10-rep-00035","main-smooth_multiscale_local_sparse-baseline-n10000-p030-rx070-rs070-s10","main","smooth_multiscale_local_sparse","baseline","uniform",10000,30,0.7,0.7,0,1,32,35,"250:500:1000",116077632,144539772,97236642
"main-smooth_multiscale_local_sparse-baseline-n10000-p030-rx070-rs070-s10-rep-00036","main-smooth_multiscale_local_sparse-baseline-n10000-p030-rx070-rs070-s10","main","smooth_multiscale_local_sparse","baseline","uniform",10000,30,0.7,0.7,0,1,32,36,"250:500:1000",116207995,144708859,97341371
"main-smooth_multiscale_local_sparse-baseline-n10000-p030-rx070-rs070-s10-rep-00037","main-smooth_multiscale_local_sparse-baseline-n10000-p030-rx070-rs070-s10","main","smooth_multiscale_local_sparse","baseline","uniform",10000,30,0.7,0.7,0,1,32,37,"250:500:1000",116338358,144877946,97446100
"main-smooth_multiscale_local_sparse-baseline-n10000-p030-rx070-rs070-s10-rep-00038","main-smooth_multiscale_local_sparse-baseline-n10000-p030-rx070-rs070-s10","main","smooth_multiscale_local_sparse","baseline","uniform",10000,30,0.7,0.7,0,1,32,38,"250:500:1000",116468721,145047033,97550829
"main-smooth_multiscale_local_sparse-baseline-n10000-p030-rx070-rs070-s10-rep-00039","main-smooth_multiscale_local_sparse-baseline-n10000-p030-rx070-rs070-s10","main","smooth_multiscale_local_sparse","baseline","uniform",10000,30,0.7,0.7,0,1,32,39,"250:500:1000",116599084,145216120,97655558
"main-smooth_multiscale_local_sparse-baseline-n10000-p030-rx070-rs070-s10-rep-00040","main-smooth_multiscale_local_sparse-baseline-n10000-p030-rx070-rs070-s10","main","smooth_multiscale_local_sparse","baseline","uniform",10000,30,0.7,0.7,0,1,32,40,"250:500:1000",116729447,145385207,97760287
"main-smooth_multiscale_local_sparse-baseline-n10000-p030-rx070-rs070-s10-rep-00041","main-smooth_multiscale_local_sparse-baseline-n10000-p030-rx070-rs070-s10","main","smooth_multiscale_local_sparse","baseline","uniform",10000,30,0.7,0.7,0,1,32,41,"250:500:1000",116859810,145554294,97865016
"main-smooth_multiscale_local_sparse-baseline-n10000-p030-rx070-rs070-s10-rep-00042","main-smooth_multiscale_local_sparse-baseline-n10000-p030-rx070-rs070-s10","main","smooth_multiscale_local_sparse","baseline","uniform",10000,30,0.7,0.7,0,1,32,42,"250:500:1000",116990173,145723381,97969745
"main-smooth_multiscale_local_sparse-baseline-n10000-p030-rx070-rs070-s10-rep-00043","main-smooth_multiscale_local_sparse-baseline-n10000-p030-rx070-rs070-s10","main","smooth_multiscale_local_sparse","baseline","uniform",10000,30,0.7,0.7,0,1,32,43,"250:500:1000",117120536,145892468,98074474
"main-smooth_multiscale_local_sparse-baseline-n10000-p030-rx070-rs070-s10-rep-00044","main-smooth_multiscale_local_sparse-baseline-n10000-p030-rx070-rs070-s10","main","smooth_multiscale_local_sparse","baseline","uniform",10000,30,0.7,0.7,0,1,32,44,"250:500:1000",117250899,146061555,98179203
"main-smooth_multiscale_local_sparse-baseline-n10000-p030-rx070-rs070-s10-rep-00045","main-smooth_multiscale_local_sparse-baseline-n10000-p030-rx070-rs070-s10","main","smooth_multiscale_local_sparse","baseline","uniform",10000,30,0.7,0.7,0,1,32,45,"250:500:1000",117381262,146230642,98283932
"main-smooth_multiscale_local_sparse-baseline-n10000-p030-rx070-rs070-s10-rep-00046","main-smooth_multiscale_local_sparse-baseline-n10000-p030-rx070-rs070-s10","main","smooth_multiscale_local_sparse","baseline","uniform",10000,30,0.7,0.7,0,1,32,46,"250:500:1000",117511625,146399729,98388661
"main-smooth_multiscale_local_sparse-baseline-n10000-p030-rx070-rs070-s10-rep-00047","main-smooth_multiscale_local_sparse-baseline-n10000-p030-rx070-rs070-s10","main","smooth_multiscale_local_sparse","baseline","uniform",10000,30,0.7,0.7,0,1,32,47,"250:500:1000",117641988,146568816,98493390
"main-smooth_multiscale_local_sparse-baseline-n10000-p030-rx070-rs070-s10-rep-00048","main-smooth_multiscale_local_sparse-baseline-n10000-p030-rx070-rs070-s10","main","smooth_multiscale_local_sparse","baseline","uniform",10000,30,0.7,0.7,0,1,32,48,"250:500:1000",117772351,146737903,98598119
"main-smooth_multiscale_local_sparse-baseline-n10000-p030-rx070-rs070-s10-rep-00049","main-smooth_multiscale_local_sparse-baseline-n10000-p030-rx070-rs070-s10","main","smooth_multiscale_local_sparse","baseline","uniform",10000,30,0.7,0.7,0,1,32,49,"250:500:1000",117902714,146906990,98702848
"main-smooth_multiscale_local_sparse-baseline-n10000-p030-rx070-rs070-s10-rep-00050","main-smooth_multiscale_local_sparse-baseline-n10000-p030-rx070-rs070-s10","main","smooth_multiscale_local_sparse","baseline","uniform",10000,30,0.7,0.7,0,1,32,50,"250:500:1000",118033077,147076077,98807577
"main-regional_sparse_discontinuous-baseline-n10000-p030-rx070-rs070-s10-rep-00001","main-regional_sparse_discontinuous-baseline-n10000-p030-rx070-rs070-s10","main","regional_sparse_discontinuous","baseline","uniform",10000,30,0.7,0.7,0,1,32,1,"250:500:1000",118163440,147245164,98912306
"main-regional_sparse_discontinuous-baseline-n10000-p030-rx070-rs070-s10-rep-00002","main-regional_sparse_discontinuous-baseline-n10000-p030-rx070-rs070-s10","main","regional_sparse_discontinuous","baseline","uniform",10000,30,0.7,0.7,0,1,32,2,"250:500:1000",118293803,147414251,99017035
"main-regional_sparse_discontinuous-baseline-n10000-p030-rx070-rs070-s10-rep-00003","main-regional_sparse_discontinuous-baseline-n10000-p030-rx070-rs070-s10","main","regional_sparse_discontinuous","baseline","uniform",10000,30,0.7,0.7,0,1,32,3,"250:500:1000",118424166,147583338,99121764
"main-regional_sparse_discontinuous-baseline-n10000-p030-rx070-rs070-s10-rep-00004","main-regional_sparse_discontinuous-baseline-n10000-p030-rx070-rs070-s10","main","regional_sparse_discontinuous","baseline","uniform",10000,30,0.7,0.7,0,1,32,4,"250:500:1000",118554529,147752425,99226493
"main-regional_sparse_discontinuous-baseline-n10000-p030-rx070-rs070-s10-rep-00005","main-regional_sparse_discontinuous-baseline-n10000-p030-rx070-rs070-s10","main","regional_sparse_discontinuous","baseline","uniform",10000,30,0.7,0.7,0,1,32,5,"250:500:1000",118684892,147921512,99331222
"main-regional_sparse_discontinuous-baseline-n10000-p030-rx070-rs070-s10-rep-00006","main-regional_sparse_discontinuous-baseline-n10000-p030-rx070-rs070-s10","main","regional_sparse_discontinuous","baseline","uniform",10000,30,0.7,0.7,0,1,32,6,"250:500:1000",118815255,148090599,99435951
"main-regional_sparse_discontinuous-baseline-n10000-p030-rx070-rs070-s10-rep-00007","main-regional_sparse_discontinuous-baseline-n10000-p030-rx070-rs070-s10","main","regional_sparse_discontinuous","baseline","uniform",10000,30,0.7,0.7,0,1,32,7,"250:500:1000",118945618,148259686,99540680
"main-regional_sparse_discontinuous-baseline-n10000-p030-rx070-rs070-s10-rep-00008","main-regional_sparse_discontinuous-baseline-n10000-p030-rx070-rs070-s10","main","regional_sparse_discontinuous","baseline","uniform",10000,30,0.7,0.7,0,1,32,8,"250:500:1000",119075981,148428773,99645409
"main-regional_sparse_discontinuous-baseline-n10000-p030-rx070-rs070-s10-rep-00009","main-regional_sparse_discontinuous-baseline-n10000-p030-rx070-rs070-s10","main","regional_sparse_discontinuous","baseline","uniform",10000,30,0.7,0.7,0,1,32,9,"250:500:1000",119206344,148597860,99750138
"main-regional_sparse_discontinuous-baseline-n10000-p030-rx070-rs070-s10-rep-00010","main-regional_sparse_discontinuous-baseline-n10000-p030-rx070-rs070-s10","main","regional_sparse_discontinuous","baseline","uniform",10000,30,0.7,0.7,0,1,32,10,"250:500:1000",119336707,148766947,99854867
"main-regional_sparse_discontinuous-baseline-n10000-p030-rx070-rs070-s10-rep-00011","main-regional_sparse_discontinuous-baseline-n10000-p030-rx070-rs070-s10","main","regional_sparse_discontinuous","baseline","uniform",10000,30,0.7,0.7,0,1,32,11,"250:500:1000",119467070,148936034,99959596
"main-regional_sparse_discontinuous-baseline-n10000-p030-rx070-rs070-s10-rep-00012","main-regional_sparse_discontinuous-baseline-n10000-p030-rx070-rs070-s10","main","regional_sparse_discontinuous","baseline","uniform",10000,30,0.7,0.7,0,1,32,12,"250:500:1000",119597433,149105121,100064325
"main-regional_sparse_discontinuous-baseline-n10000-p030-rx070-rs070-s10-rep-00013","main-regional_sparse_discontinuous-baseline-n10000-p030-rx070-rs070-s10","main","regional_sparse_discontinuous","baseline","uniform",10000,30,0.7,0.7,0,1,32,13,"250:500:1000",119727796,149274208,100169054
"main-regional_sparse_discontinuous-baseline-n10000-p030-rx070-rs070-s10-rep-00014","main-regional_sparse_discontinuous-baseline-n10000-p030-rx070-rs070-s10","main","regional_sparse_discontinuous","baseline","uniform",10000,30,0.7,0.7,0,1,32,14,"250:500:1000",119858159,149443295,100273783
"main-regional_sparse_discontinuous-baseline-n10000-p030-rx070-rs070-s10-rep-00015","main-regional_sparse_discontinuous-baseline-n10000-p030-rx070-rs070-s10","main","regional_sparse_discontinuous","baseline","uniform",10000,30,0.7,0.7,0,1,32,15,"250:500:1000",119988522,149612382,100378512
"main-regional_sparse_discontinuous-baseline-n10000-p030-rx070-rs070-s10-rep-00016","main-regional_sparse_discontinuous-baseline-n10000-p030-rx070-rs070-s10","main","regional_sparse_discontinuous","baseline","uniform",10000,30,0.7,0.7,0,1,32,16,"250:500:1000",120118885,149781469,100483241
"main-regional_sparse_discontinuous-baseline-n10000-p030-rx070-rs070-s10-rep-00017","main-regional_sparse_discontinuous-baseline-n10000-p030-rx070-rs070-s10","main","regional_sparse_discontinuous","baseline","uniform",10000,30,0.7,0.7,0,1,32,17,"250:500:1000",120249248,149950556,100587970
"main-regional_sparse_discontinuous-baseline-n10000-p030-rx070-rs070-s10-rep-00018","main-regional_sparse_discontinuous-baseline-n10000-p030-rx070-rs070-s10","main","regional_sparse_discontinuous","baseline","uniform",10000,30,0.7,0.7,0,1,32,18,"250:500:1000",120379611,150119643,100692699
"main-regional_sparse_discontinuous-baseline-n10000-p030-rx070-rs070-s10-rep-00019","main-regional_sparse_discontinuous-baseline-n10000-p030-rx070-rs070-s10","main","regional_sparse_discontinuous","baseline","uniform",10000,30,0.7,0.7,0,1,32,19,"250:500:1000",120509974,150288730,100797428
"main-regional_sparse_discontinuous-baseline-n10000-p030-rx070-rs070-s10-rep-00020","main-regional_sparse_discontinuous-baseline-n10000-p030-rx070-rs070-s10","main","regional_sparse_discontinuous","baseline","uniform",10000,30,0.7,0.7,0,1,32,20,"250:500:1000",120640337,150457817,100902157
"main-regional_sparse_discontinuous-baseline-n10000-p030-rx070-rs070-s10-rep-00021","main-regional_sparse_discontinuous-baseline-n10000-p030-rx070-rs070-s10","main","regional_sparse_discontinuous","baseline","uniform",10000,30,0.7,0.7,0,1,32,21,"250:500:1000",120770700,150626904,101006886
"main-regional_sparse_discontinuous-baseline-n10000-p030-rx070-rs070-s10-rep-00022","main-regional_sparse_discontinuous-baseline-n10000-p030-rx070-rs070-s10","main","regional_sparse_discontinuous","baseline","uniform",10000,30,0.7,0.7,0,1,32,22,"250:500:1000",120901063,150795991,101111615
"main-regional_sparse_discontinuous-baseline-n10000-p030-rx070-rs070-s10-rep-00023","main-regional_sparse_discontinuous-baseline-n10000-p030-rx070-rs070-s10","main","regional_sparse_discontinuous","baseline","uniform",10000,30,0.7,0.7,0,1,32,23,"250:500:1000",121031426,150965078,101216344
"main-regional_sparse_discontinuous-baseline-n10000-p030-rx070-rs070-s10-rep-00024","main-regional_sparse_discontinuous-baseline-n10000-p030-rx070-rs070-s10","main","regional_sparse_discontinuous","baseline","uniform",10000,30,0.7,0.7,0,1,32,24,"250:500:1000",121161789,151134165,101321073
"main-regional_sparse_discontinuous-baseline-n10000-p030-rx070-rs070-s10-rep-00025","main-regional_sparse_discontinuous-baseline-n10000-p030-rx070-rs070-s10","main","regional_sparse_discontinuous","baseline","uniform",10000,30,0.7,0.7,0,1,32,25,"250:500:1000",121292152,151303252,101425802
"main-regional_sparse_discontinuous-baseline-n10000-p030-rx070-rs070-s10-rep-00026","main-regional_sparse_discontinuous-baseline-n10000-p030-rx070-rs070-s10","main","regional_sparse_discontinuous","baseline","uniform",10000,30,0.7,0.7,0,1,32,26,"250:500:1000",121422515,151472339,101530531
"main-regional_sparse_discontinuous-baseline-n10000-p030-rx070-rs070-s10-rep-00027","main-regional_sparse_discontinuous-baseline-n10000-p030-rx070-rs070-s10","main","regional_sparse_discontinuous","baseline","uniform",10000,30,0.7,0.7,0,1,32,27,"250:500:1000",121552878,151641426,101635260
"main-regional_sparse_discontinuous-baseline-n10000-p030-rx070-rs070-s10-rep-00028","main-regional_sparse_discontinuous-baseline-n10000-p030-rx070-rs070-s10","main","regional_sparse_discontinuous","baseline","uniform",10000,30,0.7,0.7,0,1,32,28,"250:500:1000",121683241,151810513,101739989
"main-regional_sparse_discontinuous-baseline-n10000-p030-rx070-rs070-s10-rep-00029","main-regional_sparse_discontinuous-baseline-n10000-p030-rx070-rs070-s10","main","regional_sparse_discontinuous","baseline","uniform",10000,30,0.7,0.7,0,1,32,29,"250:500:1000",121813604,151979600,101844718
"main-regional_sparse_discontinuous-baseline-n10000-p030-rx070-rs070-s10-rep-00030","main-regional_sparse_discontinuous-baseline-n10000-p030-rx070-rs070-s10","main","regional_sparse_discontinuous","baseline","uniform",10000,30,0.7,0.7,0,1,32,30,"250:500:1000",121943967,152148687,101949447
"main-regional_sparse_discontinuous-baseline-n10000-p030-rx070-rs070-s10-rep-00031","main-regional_sparse_discontinuous-baseline-n10000-p030-rx070-rs070-s10","main","regional_sparse_discontinuous","baseline","uniform",10000,30,0.7,0.7,0,1,32,31,"250:500:1000",122074330,152317774,102054176
"main-regional_sparse_discontinuous-baseline-n10000-p030-rx070-rs070-s10-rep-00032","main-regional_sparse_discontinuous-baseline-n10000-p030-rx070-rs070-s10","main","regional_sparse_discontinuous","baseline","uniform",10000,30,0.7,0.7,0,1,32,32,"250:500:1000",122204693,152486861,102158905
"main-regional_sparse_discontinuous-baseline-n10000-p030-rx070-rs070-s10-rep-00033","main-regional_sparse_discontinuous-baseline-n10000-p030-rx070-rs070-s10","main","regional_sparse_discontinuous","baseline","uniform",10000,30,0.7,0.7,0,1,32,33,"250:500:1000",122335056,152655948,102263634
"main-regional_sparse_discontinuous-baseline-n10000-p030-rx070-rs070-s10-rep-00034","main-regional_sparse_discontinuous-baseline-n10000-p030-rx070-rs070-s10","main","regional_sparse_discontinuous","baseline","uniform",10000,30,0.7,0.7,0,1,32,34,"250:500:1000",122465419,152825035,102368363
"main-regional_sparse_discontinuous-baseline-n10000-p030-rx070-rs070-s10-rep-00035","main-regional_sparse_discontinuous-baseline-n10000-p030-rx070-rs070-s10","main","regional_sparse_discontinuous","baseline","uniform",10000,30,0.7,0.7,0,1,32,35,"250:500:1000",122595782,152994122,102473092
"main-regional_sparse_discontinuous-baseline-n10000-p030-rx070-rs070-s10-rep-00036","main-regional_sparse_discontinuous-baseline-n10000-p030-rx070-rs070-s10","main","regional_sparse_discontinuous","baseline","uniform",10000,30,0.7,0.7,0,1,32,36,"250:500:1000",122726145,153163209,102577821
"main-regional_sparse_discontinuous-baseline-n10000-p030-rx070-rs070-s10-rep-00037","main-regional_sparse_discontinuous-baseline-n10000-p030-rx070-rs070-s10","main","regional_sparse_discontinuous","baseline","uniform",10000,30,0.7,0.7,0,1,32,37,"250:500:1000",122856508,153332296,102682550
"main-regional_sparse_discontinuous-baseline-n10000-p030-rx070-rs070-s10-rep-00038","main-regional_sparse_discontinuous-baseline-n10000-p030-rx070-rs070-s10","main","regional_sparse_discontinuous","baseline","uniform",10000,30,0.7,0.7,0,1,32,38,"250:500:1000",122986871,153501383,102787279
"main-regional_sparse_discontinuous-baseline-n10000-p030-rx070-rs070-s10-rep-00039","main-regional_sparse_discontinuous-baseline-n10000-p030-rx070-rs070-s10","main","regional_sparse_discontinuous","baseline","uniform",10000,30,0.7,0.7,0,1,32,39,"250:500:1000",123117234,153670470,102892008
"main-regional_sparse_discontinuous-baseline-n10000-p030-rx070-rs070-s10-rep-00040","main-regional_sparse_discontinuous-baseline-n10000-p030-rx070-rs070-s10","main","regional_sparse_discontinuous","baseline","uniform",10000,30,0.7,0.7,0,1,32,40,"250:500:1000",123247597,153839557,102996737
"main-regional_sparse_discontinuous-baseline-n10000-p030-rx070-rs070-s10-rep-00041","main-regional_sparse_discontinuous-baseline-n10000-p030-rx070-rs070-s10","main","regional_sparse_discontinuous","baseline","uniform",10000,30,0.7,0.7,0,1,32,41,"250:500:1000",123377960,154008644,103101466
"main-regional_sparse_discontinuous-baseline-n10000-p030-rx070-rs070-s10-rep-00042","main-regional_sparse_discontinuous-baseline-n10000-p030-rx070-rs070-s10","main","regional_sparse_discontinuous","baseline","uniform",10000,30,0.7,0.7,0,1,32,42,"250:500:1000",123508323,154177731,103206195
"main-regional_sparse_discontinuous-baseline-n10000-p030-rx070-rs070-s10-rep-00043","main-regional_sparse_discontinuous-baseline-n10000-p030-rx070-rs070-s10","main","regional_sparse_discontinuous","baseline","uniform",10000,30,0.7,0.7,0,1,32,43,"250:500:1000",123638686,154346818,103310924
"main-regional_sparse_discontinuous-baseline-n10000-p030-rx070-rs070-s10-rep-00044","main-regional_sparse_discontinuous-baseline-n10000-p030-rx070-rs070-s10","main","regional_sparse_discontinuous","baseline","uniform",10000,30,0.7,0.7,0,1,32,44,"250:500:1000",123769049,154515905,103415653
"main-regional_sparse_discontinuous-baseline-n10000-p030-rx070-rs070-s10-rep-00045","main-regional_sparse_discontinuous-baseline-n10000-p030-rx070-rs070-s10","main","regional_sparse_discontinuous","baseline","uniform",10000,30,0.7,0.7,0,1,32,45,"250:500:1000",123899412,154684992,103520382
"main-regional_sparse_discontinuous-baseline-n10000-p030-rx070-rs070-s10-rep-00046","main-regional_sparse_discontinuous-baseline-n10000-p030-rx070-rs070-s10","main","regional_sparse_discontinuous","baseline","uniform",10000,30,0.7,0.7,0,1,32,46,"250:500:1000",124029775,154854079,103625111
"main-regional_sparse_discontinuous-baseline-n10000-p030-rx070-rs070-s10-rep-00047","main-regional_sparse_discontinuous-baseline-n10000-p030-rx070-rs070-s10","main","regional_sparse_discontinuous","baseline","uniform",10000,30,0.7,0.7,0,1,32,47,"250:500:1000",124160138,155023166,103729840
"main-regional_sparse_discontinuous-baseline-n10000-p030-rx070-rs070-s10-rep-00048","main-regional_sparse_discontinuous-baseline-n10000-p030-rx070-rs070-s10","main","regional_sparse_discontinuous","baseline","uniform",10000,30,0.7,0.7,0,1,32,48,"250:500:1000",124290501,155192253,103834569
"main-regional_sparse_discontinuous-baseline-n10000-p030-rx070-rs070-s10-rep-00049","main-regional_sparse_discontinuous-baseline-n10000-p030-rx070-rs070-s10","main","regional_sparse_discontinuous","baseline","uniform",10000,30,0.7,0.7,0,1,32,49,"250:500:1000",124420864,155361340,103939298
"main-regional_sparse_discontinuous-baseline-n10000-p030-rx070-rs070-s10-rep-00050","main-regional_sparse_discontinuous-baseline-n10000-p030-rx070-rs070-s10","main","regional_sparse_discontinuous","baseline","uniform",10000,30,0.7,0.7,0,1,32,50,"250:500:1000",124551227,155530427,104044027
"main-smooth_multiscale_local_sparse-baseline-n02000-p030-rx000-rs000-s30-rep-00001","main-smooth_multiscale_local_sparse-baseline-n02000-p030-rx000-rs000-s30","main","smooth_multiscale_local_sparse","baseline","uniform",2000,30,0,0,0,3,32,1,"62:124:248",124681590,155699514,104148756
"main-smooth_multiscale_local_sparse-baseline-n02000-p030-rx000-rs000-s30-rep-00002","main-smooth_multiscale_local_sparse-baseline-n02000-p030-rx000-rs000-s30","main","smooth_multiscale_local_sparse","baseline","uniform",2000,30,0,0,0,3,32,2,"62:124:248",124811953,155868601,104253485
"main-smooth_multiscale_local_sparse-baseline-n02000-p030-rx000-rs000-s30-rep-00003","main-smooth_multiscale_local_sparse-baseline-n02000-p030-rx000-rs000-s30","main","smooth_multiscale_local_sparse","baseline","uniform",2000,30,0,0,0,3,32,3,"62:124:248",124942316,156037688,104358214
"main-smooth_multiscale_local_sparse-baseline-n02000-p030-rx000-rs000-s30-rep-00004","main-smooth_multiscale_local_sparse-baseline-n02000-p030-rx000-rs000-s30","main","smooth_multiscale_local_sparse","baseline","uniform",2000,30,0,0,0,3,32,4,"62:124:248",125072679,156206775,104462943
"main-smooth_multiscale_local_sparse-baseline-n02000-p030-rx000-rs000-s30-rep-00005","main-smooth_multiscale_local_sparse-baseline-n02000-p030-rx000-rs000-s30","main","smooth_multiscale_local_sparse","baseline","uniform",2000,30,0,0,0,3,32,5,"62:124:248",125203042,156375862,104567672
"main-smooth_multiscale_local_sparse-baseline-n02000-p030-rx000-rs000-s30-rep-00006","main-smooth_multiscale_local_sparse-baseline-n02000-p030-rx000-rs000-s30","main","smooth_multiscale_local_sparse","baseline","uniform",2000,30,0,0,0,3,32,6,"62:124:248",125333405,156544949,104672401
"main-smooth_multiscale_local_sparse-baseline-n02000-p030-rx000-rs000-s30-rep-00007","main-smooth_multiscale_local_sparse-baseline-n02000-p030-rx000-rs000-s30","main","smooth_multiscale_local_sparse","baseline","uniform",2000,30,0,0,0,3,32,7,"62:124:248",125463768,156714036,104777130
"main-smooth_multiscale_local_sparse-baseline-n02000-p030-rx000-rs000-s30-rep-00008","main-smooth_multiscale_local_sparse-baseline-n02000-p030-rx000-rs000-s30","main","smooth_multiscale_local_sparse","baseline","uniform",2000,30,0,0,0,3,32,8,"62:124:248",125594131,156883123,104881859
"main-smooth_multiscale_local_sparse-baseline-n02000-p030-rx000-rs000-s30-rep-00009","main-smooth_multiscale_local_sparse-baseline-n02000-p030-rx000-rs000-s30","main","smooth_multiscale_local_sparse","baseline","uniform",2000,30,0,0,0,3,32,9,"62:124:248",125724494,157052210,104986588
"main-smooth_multiscale_local_sparse-baseline-n02000-p030-rx000-rs000-s30-rep-00010","main-smooth_multiscale_local_sparse-baseline-n02000-p030-rx000-rs000-s30","main","smooth_multiscale_local_sparse","baseline","uniform",2000,30,0,0,0,3,32,10,"62:124:248",125854857,157221297,105091317
"main-smooth_multiscale_local_sparse-baseline-n02000-p030-rx000-rs000-s30-rep-00011","main-smooth_multiscale_local_sparse-baseline-n02000-p030-rx000-rs000-s30","main","smooth_multiscale_local_sparse","baseline","uniform",2000,30,0,0,0,3,32,11,"62:124:248",125985220,157390384,105196046
"main-smooth_multiscale_local_sparse-baseline-n02000-p030-rx000-rs000-s30-rep-00012","main-smooth_multiscale_local_sparse-baseline-n02000-p030-rx000-rs000-s30","main","smooth_multiscale_local_sparse","baseline","uniform",2000,30,0,0,0,3,32,12,"62:124:248",126115583,157559471,105300775
"main-smooth_multiscale_local_sparse-baseline-n02000-p030-rx000-rs000-s30-rep-00013","main-smooth_multiscale_local_sparse-baseline-n02000-p030-rx000-rs000-s30","main","smooth_multiscale_local_sparse","baseline","uniform",2000,30,0,0,0,3,32,13,"62:124:248",126245946,157728558,105405504
"main-smooth_multiscale_local_sparse-baseline-n02000-p030-rx000-rs000-s30-rep-00014","main-smooth_multiscale_local_sparse-baseline-n02000-p030-rx000-rs000-s30","main","smooth_multiscale_local_sparse","baseline","uniform",2000,30,0,0,0,3,32,14,"62:124:248",126376309,157897645,105510233
"main-smooth_multiscale_local_sparse-baseline-n02000-p030-rx000-rs000-s30-rep-00015","main-smooth_multiscale_local_sparse-baseline-n02000-p030-rx000-rs000-s30","main","smooth_multiscale_local_sparse","baseline","uniform",2000,30,0,0,0,3,32,15,"62:124:248",126506672,158066732,105614962
"main-smooth_multiscale_local_sparse-baseline-n02000-p030-rx000-rs000-s30-rep-00016","main-smooth_multiscale_local_sparse-baseline-n02000-p030-rx000-rs000-s30","main","smooth_multiscale_local_sparse","baseline","uniform",2000,30,0,0,0,3,32,16,"62:124:248",126637035,158235819,105719691
"main-smooth_multiscale_local_sparse-baseline-n02000-p030-rx000-rs000-s30-rep-00017","main-smooth_multiscale_local_sparse-baseline-n02000-p030-rx000-rs000-s30","main","smooth_multiscale_local_sparse","baseline","uniform",2000,30,0,0,0,3,32,17,"62:124:248",126767398,158404906,105824420
"main-smooth_multiscale_local_sparse-baseline-n02000-p030-rx000-rs000-s30-rep-00018","main-smooth_multiscale_local_sparse-baseline-n02000-p030-rx000-rs000-s30","main","smooth_multiscale_local_sparse","baseline","uniform",2000,30,0,0,0,3,32,18,"62:124:248",126897761,158573993,105929149
"main-smooth_multiscale_local_sparse-baseline-n02000-p030-rx000-rs000-s30-rep-00019","main-smooth_multiscale_local_sparse-baseline-n02000-p030-rx000-rs000-s30","main","smooth_multiscale_local_sparse","baseline","uniform",2000,30,0,0,0,3,32,19,"62:124:248",127028124,158743080,106033878
"main-smooth_multiscale_local_sparse-baseline-n02000-p030-rx000-rs000-s30-rep-00020","main-smooth_multiscale_local_sparse-baseline-n02000-p030-rx000-rs000-s30","main","smooth_multiscale_local_sparse","baseline","uniform",2000,30,0,0,0,3,32,20,"62:124:248",127158487,158912167,106138607
"main-smooth_multiscale_local_sparse-baseline-n02000-p030-rx000-rs000-s30-rep-00021","main-smooth_multiscale_local_sparse-baseline-n02000-p030-rx000-rs000-s30","main","smooth_multiscale_local_sparse","baseline","uniform",2000,30,0,0,0,3,32,21,"62:124:248",127288850,159081254,106243336
"main-smooth_multiscale_local_sparse-baseline-n02000-p030-rx000-rs000-s30-rep-00022","main-smooth_multiscale_local_sparse-baseline-n02000-p030-rx000-rs000-s30","main","smooth_multiscale_local_sparse","baseline","uniform",2000,30,0,0,0,3,32,22,"62:124:248",127419213,159250341,106348065
"main-smooth_multiscale_local_sparse-baseline-n02000-p030-rx000-rs000-s30-rep-00023","main-smooth_multiscale_local_sparse-baseline-n02000-p030-rx000-rs000-s30","main","smooth_multiscale_local_sparse","baseline","uniform",2000,30,0,0,0,3,32,23,"62:124:248",127549576,159419428,106452794
"main-smooth_multiscale_local_sparse-baseline-n02000-p030-rx000-rs000-s30-rep-00024","main-smooth_multiscale_local_sparse-baseline-n02000-p030-rx000-rs000-s30","main","smooth_multiscale_local_sparse","baseline","uniform",2000,30,0,0,0,3,32,24,"62:124:248",127679939,159588515,106557523
"main-smooth_multiscale_local_sparse-baseline-n02000-p030-rx000-rs000-s30-rep-00025","main-smooth_multiscale_local_sparse-baseline-n02000-p030-rx000-rs000-s30","main","smooth_multiscale_local_sparse","baseline","uniform",2000,30,0,0,0,3,32,25,"62:124:248",127810302,159757602,106662252
"main-smooth_multiscale_local_sparse-baseline-n02000-p030-rx000-rs000-s30-rep-00026","main-smooth_multiscale_local_sparse-baseline-n02000-p030-rx000-rs000-s30","main","smooth_multiscale_local_sparse","baseline","uniform",2000,30,0,0,0,3,32,26,"62:124:248",127940665,159926689,106766981
"main-smooth_multiscale_local_sparse-baseline-n02000-p030-rx000-rs000-s30-rep-00027","main-smooth_multiscale_local_sparse-baseline-n02000-p030-rx000-rs000-s30","main","smooth_multiscale_local_sparse","baseline","uniform",2000,30,0,0,0,3,32,27,"62:124:248",128071028,160095776,106871710
"main-smooth_multiscale_local_sparse-baseline-n02000-p030-rx000-rs000-s30-rep-00028","main-smooth_multiscale_local_sparse-baseline-n02000-p030-rx000-rs000-s30","main","smooth_multiscale_local_sparse","baseline","uniform",2000,30,0,0,0,3,32,28,"62:124:248",128201391,160264863,106976439
"main-smooth_multiscale_local_sparse-baseline-n02000-p030-rx000-rs000-s30-rep-00029","main-smooth_multiscale_local_sparse-baseline-n02000-p030-rx000-rs000-s30","main","smooth_multiscale_local_sparse","baseline","uniform",2000,30,0,0,0,3,32,29,"62:124:248",128331754,160433950,107081168
"main-smooth_multiscale_local_sparse-baseline-n02000-p030-rx000-rs000-s30-rep-00030","main-smooth_multiscale_local_sparse-baseline-n02000-p030-rx000-rs000-s30","main","smooth_multiscale_local_sparse","baseline","uniform",2000,30,0,0,0,3,32,30,"62:124:248",128462117,160603037,107185897
"main-smooth_multiscale_local_sparse-baseline-n02000-p030-rx000-rs000-s30-rep-00031","main-smooth_multiscale_local_sparse-baseline-n02000-p030-rx000-rs000-s30","main","smooth_multiscale_local_sparse","baseline","uniform",2000,30,0,0,0,3,32,31,"62:124:248",128592480,160772124,107290626
"main-smooth_multiscale_local_sparse-baseline-n02000-p030-rx000-rs000-s30-rep-00032","main-smooth_multiscale_local_sparse-baseline-n02000-p030-rx000-rs000-s30","main","smooth_multiscale_local_sparse","baseline","uniform",2000,30,0,0,0,3,32,32,"62:124:248",128722843,160941211,107395355
"main-smooth_multiscale_local_sparse-baseline-n02000-p030-rx000-rs000-s30-rep-00033","main-smooth_multiscale_local_sparse-baseline-n02000-p030-rx000-rs000-s30","main","smooth_multiscale_local_sparse","baseline","uniform",2000,30,0,0,0,3,32,33,"62:124:248",128853206,161110298,107500084
"main-smooth_multiscale_local_sparse-baseline-n02000-p030-rx000-rs000-s30-rep-00034","main-smooth_multiscale_local_sparse-baseline-n02000-p030-rx000-rs000-s30","main","smooth_multiscale_local_sparse","baseline","uniform",2000,30,0,0,0,3,32,34,"62:124:248",128983569,161279385,107604813
"main-smooth_multiscale_local_sparse-baseline-n02000-p030-rx000-rs000-s30-rep-00035","main-smooth_multiscale_local_sparse-baseline-n02000-p030-rx000-rs000-s30","main","smooth_multiscale_local_sparse","baseline","uniform",2000,30,0,0,0,3,32,35,"62:124:248",129113932,161448472,107709542
"main-smooth_multiscale_local_sparse-baseline-n02000-p030-rx000-rs000-s30-rep-00036","main-smooth_multiscale_local_sparse-baseline-n02000-p030-rx000-rs000-s30","main","smooth_multiscale_local_sparse","baseline","uniform",2000,30,0,0,0,3,32,36,"62:124:248",129244295,161617559,107814271
"main-smooth_multiscale_local_sparse-baseline-n02000-p030-rx000-rs000-s30-rep-00037","main-smooth_multiscale_local_sparse-baseline-n02000-p030-rx000-rs000-s30","main","smooth_multiscale_local_sparse","baseline","uniform",2000,30,0,0,0,3,32,37,"62:124:248",129374658,161786646,107919000
"main-smooth_multiscale_local_sparse-baseline-n02000-p030-rx000-rs000-s30-rep-00038","main-smooth_multiscale_local_sparse-baseline-n02000-p030-rx000-rs000-s30","main","smooth_multiscale_local_sparse","baseline","uniform",2000,30,0,0,0,3,32,38,"62:124:248",129505021,161955733,108023729
"main-smooth_multiscale_local_sparse-baseline-n02000-p030-rx000-rs000-s30-rep-00039","main-smooth_multiscale_local_sparse-baseline-n02000-p030-rx000-rs000-s30","main","smooth_multiscale_local_sparse","baseline","uniform",2000,30,0,0,0,3,32,39,"62:124:248",129635384,162124820,108128458
"main-smooth_multiscale_local_sparse-baseline-n02000-p030-rx000-rs000-s30-rep-00040","main-smooth_multiscale_local_sparse-baseline-n02000-p030-rx000-rs000-s30","main","smooth_multiscale_local_sparse","baseline","uniform",2000,30,0,0,0,3,32,40,"62:124:248",129765747,162293907,108233187
"main-smooth_multiscale_local_sparse-baseline-n02000-p030-rx000-rs000-s30-rep-00041","main-smooth_multiscale_local_sparse-baseline-n02000-p030-rx000-rs000-s30","main","smooth_multiscale_local_sparse","baseline","uniform",2000,30,0,0,0,3,32,41,"62:124:248",129896110,162462994,108337916
"main-smooth_multiscale_local_sparse-baseline-n02000-p030-rx000-rs000-s30-rep-00042","main-smooth_multiscale_local_sparse-baseline-n02000-p030-rx000-rs000-s30","main","smooth_multiscale_local_sparse","baseline","uniform",2000,30,0,0,0,3,32,42,"62:124:248",130026473,162632081,108442645
"main-smooth_multiscale_local_sparse-baseline-n02000-p030-rx000-rs000-s30-rep-00043","main-smooth_multiscale_local_sparse-baseline-n02000-p030-rx000-rs000-s30","main","smooth_multiscale_local_sparse","baseline","uniform",2000,30,0,0,0,3,32,43,"62:124:248",130156836,162801168,108547374
"main-smooth_multiscale_local_sparse-baseline-n02000-p030-rx000-rs000-s30-rep-00044","main-smooth_multiscale_local_sparse-baseline-n02000-p030-rx000-rs000-s30","main","smooth_multiscale_local_sparse","baseline","uniform",2000,30,0,0,0,3,32,44,"62:124:248",130287199,162970255,108652103
"main-smooth_multiscale_local_sparse-baseline-n02000-p030-rx000-rs000-s30-rep-00045","main-smooth_multiscale_local_sparse-baseline-n02000-p030-rx000-rs000-s30","main","smooth_multiscale_local_sparse","baseline","uniform",2000,30,0,0,0,3,32,45,"62:124:248",130417562,163139342,108756832
"main-smooth_multiscale_local_sparse-baseline-n02000-p030-rx000-rs000-s30-rep-00046","main-smooth_multiscale_local_sparse-baseline-n02000-p030-rx000-rs000-s30","main","smooth_multiscale_local_sparse","baseline","uniform",2000,30,0,0,0,3,32,46,"62:124:248",130547925,163308429,108861561
"main-smooth_multiscale_local_sparse-baseline-n02000-p030-rx000-rs000-s30-rep-00047","main-smooth_multiscale_local_sparse-baseline-n02000-p030-rx000-rs000-s30","main","smooth_multiscale_local_sparse","baseline","uniform",2000,30,0,0,0,3,32,47,"62:124:248",130678288,163477516,108966290
"main-smooth_multiscale_local_sparse-baseline-n02000-p030-rx000-rs000-s30-rep-00048","main-smooth_multiscale_local_sparse-baseline-n02000-p030-rx000-rs000-s30","main","smooth_multiscale_local_sparse","baseline","uniform",2000,30,0,0,0,3,32,48,"62:124:248",130808651,163646603,109071019
"main-smooth_multiscale_local_sparse-baseline-n02000-p030-rx000-rs000-s30-rep-00049","main-smooth_multiscale_local_sparse-baseline-n02000-p030-rx000-rs000-s30","main","smooth_multiscale_local_sparse","baseline","uniform",2000,30,0,0,0,3,32,49,"62:124:248",130939014,163815690,109175748
"main-smooth_multiscale_local_sparse-baseline-n02000-p030-rx000-rs000-s30-rep-00050","main-smooth_multiscale_local_sparse-baseline-n02000-p030-rx000-rs000-s30","main","smooth_multiscale_local_sparse","baseline","uniform",2000,30,0,0,0,3,32,50,"62:124:248",131069377,163984777,109280477
"main-regional_sparse_discontinuous-baseline-n02000-p030-rx000-rs000-s30-rep-00001","main-regional_sparse_discontinuous-baseline-n02000-p030-rx000-rs000-s30","main","regional_sparse_discontinuous","baseline","uniform",2000,30,0,0,0,3,32,1,"62:124:248",131199740,164153864,109385206
"main-regional_sparse_discontinuous-baseline-n02000-p030-rx000-rs000-s30-rep-00002","main-regional_sparse_discontinuous-baseline-n02000-p030-rx000-rs000-s30","main","regional_sparse_discontinuous","baseline","uniform",2000,30,0,0,0,3,32,2,"62:124:248",131330103,164322951,109489935
"main-regional_sparse_discontinuous-baseline-n02000-p030-rx000-rs000-s30-rep-00003","main-regional_sparse_discontinuous-baseline-n02000-p030-rx000-rs000-s30","main","regional_sparse_discontinuous","baseline","uniform",2000,30,0,0,0,3,32,3,"62:124:248",131460466,164492038,109594664
"main-regional_sparse_discontinuous-baseline-n02000-p030-rx000-rs000-s30-rep-00004","main-regional_sparse_discontinuous-baseline-n02000-p030-rx000-rs000-s30","main","regional_sparse_discontinuous","baseline","uniform",2000,30,0,0,0,3,32,4,"62:124:248",131590829,164661125,109699393
"main-regional_sparse_discontinuous-baseline-n02000-p030-rx000-rs000-s30-rep-00005","main-regional_sparse_discontinuous-baseline-n02000-p030-rx000-rs000-s30","main","regional_sparse_discontinuous","baseline","uniform",2000,30,0,0,0,3,32,5,"62:124:248",131721192,164830212,109804122
"main-regional_sparse_discontinuous-baseline-n02000-p030-rx000-rs000-s30-rep-00006","main-regional_sparse_discontinuous-baseline-n02000-p030-rx000-rs000-s30","main","regional_sparse_discontinuous","baseline","uniform",2000,30,0,0,0,3,32,6,"62:124:248",131851555,164999299,109908851
"main-regional_sparse_discontinuous-baseline-n02000-p030-rx000-rs000-s30-rep-00007","main-regional_sparse_discontinuous-baseline-n02000-p030-rx000-rs000-s30","main","regional_sparse_discontinuous","baseline","uniform",2000,30,0,0,0,3,32,7,"62:124:248",131981918,165168386,110013580
"main-regional_sparse_discontinuous-baseline-n02000-p030-rx000-rs000-s30-rep-00008","main-regional_sparse_discontinuous-baseline-n02000-p030-rx000-rs000-s30","main","regional_sparse_discontinuous","baseline","uniform",2000,30,0,0,0,3,32,8,"62:124:248",132112281,165337473,110118309
"main-regional_sparse_discontinuous-baseline-n02000-p030-rx000-rs000-s30-rep-00009","main-regional_sparse_discontinuous-baseline-n02000-p030-rx000-rs000-s30","main","regional_sparse_discontinuous","baseline","uniform",2000,30,0,0,0,3,32,9,"62:124:248",132242644,165506560,110223038
"main-regional_sparse_discontinuous-baseline-n02000-p030-rx000-rs000-s30-rep-00010","main-regional_sparse_discontinuous-baseline-n02000-p030-rx000-rs000-s30","main","regional_sparse_discontinuous","baseline","uniform",2000,30,0,0,0,3,32,10,"62:124:248",132373007,165675647,110327767
"main-regional_sparse_discontinuous-baseline-n02000-p030-rx000-rs000-s30-rep-00011","main-regional_sparse_discontinuous-baseline-n02000-p030-rx000-rs000-s30","main","regional_sparse_discontinuous","baseline","uniform",2000,30,0,0,0,3,32,11,"62:124:248",132503370,165844734,110432496
"main-regional_sparse_discontinuous-baseline-n02000-p030-rx000-rs000-s30-rep-00012","main-regional_sparse_discontinuous-baseline-n02000-p030-rx000-rs000-s30","main","regional_sparse_discontinuous","baseline","uniform",2000,30,0,0,0,3,32,12,"62:124:248",132633733,166013821,110537225
"main-regional_sparse_discontinuous-baseline-n02000-p030-rx000-rs000-s30-rep-00013","main-regional_sparse_discontinuous-baseline-n02000-p030-rx000-rs000-s30","main","regional_sparse_discontinuous","baseline","uniform",2000,30,0,0,0,3,32,13,"62:124:248",132764096,166182908,110641954
"main-regional_sparse_discontinuous-baseline-n02000-p030-rx000-rs000-s30-rep-00014","main-regional_sparse_discontinuous-baseline-n02000-p030-rx000-rs000-s30","main","regional_sparse_discontinuous","baseline","uniform",2000,30,0,0,0,3,32,14,"62:124:248",132894459,166351995,110746683
"main-regional_sparse_discontinuous-baseline-n02000-p030-rx000-rs000-s30-rep-00015","main-regional_sparse_discontinuous-baseline-n02000-p030-rx000-rs000-s30","main","regional_sparse_discontinuous","baseline","uniform",2000,30,0,0,0,3,32,15,"62:124:248",133024822,166521082,110851412
"main-regional_sparse_discontinuous-baseline-n02000-p030-rx000-rs000-s30-rep-00016","main-regional_sparse_discontinuous-baseline-n02000-p030-rx000-rs000-s30","main","regional_sparse_discontinuous","baseline","uniform",2000,30,0,0,0,3,32,16,"62:124:248",133155185,166690169,110956141
"main-regional_sparse_discontinuous-baseline-n02000-p030-rx000-rs000-s30-rep-00017","main-regional_sparse_discontinuous-baseline-n02000-p030-rx000-rs000-s30","main","regional_sparse_discontinuous","baseline","uniform",2000,30,0,0,0,3,32,17,"62:124:248",133285548,166859256,111060870
"main-regional_sparse_discontinuous-baseline-n02000-p030-rx000-rs000-s30-rep-00018","main-regional_sparse_discontinuous-baseline-n02000-p030-rx000-rs000-s30","main","regional_sparse_discontinuous","baseline","uniform",2000,30,0,0,0,3,32,18,"62:124:248",133415911,167028343,111165599
"main-regional_sparse_discontinuous-baseline-n02000-p030-rx000-rs000-s30-rep-00019","main-regional_sparse_discontinuous-baseline-n02000-p030-rx000-rs000-s30","main","regional_sparse_discontinuous","baseline","uniform",2000,30,0,0,0,3,32,19,"62:124:248",133546274,167197430,111270328
"main-regional_sparse_discontinuous-baseline-n02000-p030-rx000-rs000-s30-rep-00020","main-regional_sparse_discontinuous-baseline-n02000-p030-rx000-rs000-s30","main","regional_sparse_discontinuous","baseline","uniform",2000,30,0,0,0,3,32,20,"62:124:248",133676637,167366517,111375057
"main-regional_sparse_discontinuous-baseline-n02000-p030-rx000-rs000-s30-rep-00021","main-regional_sparse_discontinuous-baseline-n02000-p030-rx000-rs000-s30","main","regional_sparse_discontinuous","baseline","uniform",2000,30,0,0,0,3,32,21,"62:124:248",133807000,167535604,111479786
"main-regional_sparse_discontinuous-baseline-n02000-p030-rx000-rs000-s30-rep-00022","main-regional_sparse_discontinuous-baseline-n02000-p030-rx000-rs000-s30","main","regional_sparse_discontinuous","baseline","uniform",2000,30,0,0,0,3,32,22,"62:124:248",133937363,167704691,111584515
"main-regional_sparse_discontinuous-baseline-n02000-p030-rx000-rs000-s30-rep-00023","main-regional_sparse_discontinuous-baseline-n02000-p030-rx000-rs000-s30","main","regional_sparse_discontinuous","baseline","uniform",2000,30,0,0,0,3,32,23,"62:124:248",134067726,167873778,111689244
"main-regional_sparse_discontinuous-baseline-n02000-p030-rx000-rs000-s30-rep-00024","main-regional_sparse_discontinuous-baseline-n02000-p030-rx000-rs000-s30","main","regional_sparse_discontinuous","baseline","uniform",2000,30,0,0,0,3,32,24,"62:124:248",134198089,168042865,111793973
"main-regional_sparse_discontinuous-baseline-n02000-p030-rx000-rs000-s30-rep-00025","main-regional_sparse_discontinuous-baseline-n02000-p030-rx000-rs000-s30","main","regional_sparse_discontinuous","baseline","uniform",2000,30,0,0,0,3,32,25,"62:124:248",134328452,168211952,111898702
"main-regional_sparse_discontinuous-baseline-n02000-p030-rx000-rs000-s30-rep-00026","main-regional_sparse_discontinuous-baseline-n02000-p030-rx000-rs000-s30","main","regional_sparse_discontinuous","baseline","uniform",2000,30,0,0,0,3,32,26,"62:124:248",134458815,168381039,112003431
"main-regional_sparse_discontinuous-baseline-n02000-p030-rx000-rs000-s30-rep-00027","main-regional_sparse_discontinuous-baseline-n02000-p030-rx000-rs000-s30","main","regional_sparse_discontinuous","baseline","uniform",2000,30,0,0,0,3,32,27,"62:124:248",134589178,168550126,112108160
"main-regional_sparse_discontinuous-baseline-n02000-p030-rx000-rs000-s30-rep-00028","main-regional_sparse_discontinuous-baseline-n02000-p030-rx000-rs000-s30","main","regional_sparse_discontinuous","baseline","uniform",2000,30,0,0,0,3,32,28,"62:124:248",134719541,168719213,112212889
"main-regional_sparse_discontinuous-baseline-n02000-p030-rx000-rs000-s30-rep-00029","main-regional_sparse_discontinuous-baseline-n02000-p030-rx000-rs000-s30","main","regional_sparse_discontinuous","baseline","uniform",2000,30,0,0,0,3,32,29,"62:124:248",134849904,168888300,112317618
"main-regional_sparse_discontinuous-baseline-n02000-p030-rx000-rs000-s30-rep-00030","main-regional_sparse_discontinuous-baseline-n02000-p030-rx000-rs000-s30","main","regional_sparse_discontinuous","baseline","uniform",2000,30,0,0,0,3,32,30,"62:124:248",134980267,169057387,112422347
"main-regional_sparse_discontinuous-baseline-n02000-p030-rx000-rs000-s30-rep-00031","main-regional_sparse_discontinuous-baseline-n02000-p030-rx000-rs000-s30","main","regional_sparse_discontinuous","baseline","uniform",2000,30,0,0,0,3,32,31,"62:124:248",135110630,169226474,112527076
"main-regional_sparse_discontinuous-baseline-n02000-p030-rx000-rs000-s30-rep-00032","main-regional_sparse_discontinuous-baseline-n02000-p030-rx000-rs000-s30","main","regional_sparse_discontinuous","baseline","uniform",2000,30,0,0,0,3,32,32,"62:124:248",135240993,169395561,112631805
"main-regional_sparse_discontinuous-baseline-n02000-p030-rx000-rs000-s30-rep-00033","main-regional_sparse_discontinuous-baseline-n02000-p030-rx000-rs000-s30","main","regional_sparse_discontinuous","baseline","uniform",2000,30,0,0,0,3,32,33,"62:124:248",135371356,169564648,112736534
"main-regional_sparse_discontinuous-baseline-n02000-p030-rx000-rs000-s30-rep-00034","main-regional_sparse_discontinuous-baseline-n02000-p030-rx000-rs000-s30","main","regional_sparse_discontinuous","baseline","uniform",2000,30,0,0,0,3,32,34,"62:124:248",135501719,169733735,112841263
"main-regional_sparse_discontinuous-baseline-n02000-p030-rx000-rs000-s30-rep-00035","main-regional_sparse_discontinuous-baseline-n02000-p030-rx000-rs000-s30","main","regional_sparse_discontinuous","baseline","uniform",2000,30,0,0,0,3,32,35,"62:124:248",135632082,169902822,112945992
"main-regional_sparse_discontinuous-baseline-n02000-p030-rx000-rs000-s30-rep-00036","main-regional_sparse_discontinuous-baseline-n02000-p030-rx000-rs000-s30","main","regional_sparse_discontinuous","baseline","uniform",2000,30,0,0,0,3,32,36,"62:124:248",135762445,170071909,113050721
"main-regional_sparse_discontinuous-baseline-n02000-p030-rx000-rs000-s30-rep-00037","main-regional_sparse_discontinuous-baseline-n02000-p030-rx000-rs000-s30","main","regional_sparse_discontinuous","baseline","uniform",2000,30,0,0,0,3,32,37,"62:124:248",135892808,170240996,113155450
"main-regional_sparse_discontinuous-baseline-n02000-p030-rx000-rs000-s30-rep-00038","main-regional_sparse_discontinuous-baseline-n02000-p030-rx000-rs000-s30","main","regional_sparse_discontinuous","baseline","uniform",2000,30,0,0,0,3,32,38,"62:124:248",136023171,170410083,113260179
"main-regional_sparse_discontinuous-baseline-n02000-p030-rx000-rs000-s30-rep-00039","main-regional_sparse_discontinuous-baseline-n02000-p030-rx000-rs000-s30","main","regional_sparse_discontinuous","baseline","uniform",2000,30,0,0,0,3,32,39,"62:124:248",136153534,170579170,113364908
"main-regional_sparse_discontinuous-baseline-n02000-p030-rx000-rs000-s30-rep-00040","main-regional_sparse_discontinuous-baseline-n02000-p030-rx000-rs000-s30","main","regional_sparse_discontinuous","baseline","uniform",2000,30,0,0,0,3,32,40,"62:124:248",136283897,170748257,113469637
"main-regional_sparse_discontinuous-baseline-n02000-p030-rx000-rs000-s30-rep-00041","main-regional_sparse_discontinuous-baseline-n02000-p030-rx000-rs000-s30","main","regional_sparse_discontinuous","baseline","uniform",2000,30,0,0,0,3,32,41,"62:124:248",136414260,170917344,113574366
"main-regional_sparse_discontinuous-baseline-n02000-p030-rx000-rs000-s30-rep-00042","main-regional_sparse_discontinuous-baseline-n02000-p030-rx000-rs000-s30","main","regional_sparse_discontinuous","baseline","uniform",2000,30,0,0,0,3,32,42,"62:124:248",136544623,171086431,113679095
"main-regional_sparse_discontinuous-baseline-n02000-p030-rx000-rs000-s30-rep-00043","main-regional_sparse_discontinuous-baseline-n02000-p030-rx000-rs000-s30","main","regional_sparse_discontinuous","baseline","uniform",2000,30,0,0,0,3,32,43,"62:124:248",136674986,171255518,113783824
"main-regional_sparse_discontinuous-baseline-n02000-p030-rx000-rs000-s30-rep-00044","main-regional_sparse_discontinuous-baseline-n02000-p030-rx000-rs000-s30","main","regional_sparse_discontinuous","baseline","uniform",2000,30,0,0,0,3,32,44,"62:124:248",136805349,171424605,113888553
"main-regional_sparse_discontinuous-baseline-n02000-p030-rx000-rs000-s30-rep-00045","main-regional_sparse_discontinuous-baseline-n02000-p030-rx000-rs000-s30","main","regional_sparse_discontinuous","baseline","uniform",2000,30,0,0,0,3,32,45,"62:124:248",136935712,171593692,113993282
"main-regional_sparse_discontinuous-baseline-n02000-p030-rx000-rs000-s30-rep-00046","main-regional_sparse_discontinuous-baseline-n02000-p030-rx000-rs000-s30","main","regional_sparse_discontinuous","baseline","uniform",2000,30,0,0,0,3,32,46,"62:124:248",137066075,171762779,114098011
"main-regional_sparse_discontinuous-baseline-n02000-p030-rx000-rs000-s30-rep-00047","main-regional_sparse_discontinuous-baseline-n02000-p030-rx000-rs000-s30","main","regional_sparse_discontinuous","baseline","uniform",2000,30,0,0,0,3,32,47,"62:124:248",137196438,171931866,114202740
"main-regional_sparse_discontinuous-baseline-n02000-p030-rx000-rs000-s30-rep-00048","main-regional_sparse_discontinuous-baseline-n02000-p030-rx000-rs000-s30","main","regional_sparse_discontinuous","baseline","uniform",2000,30,0,0,0,3,32,48,"62:124:248",137326801,172100953,114307469
"main-regional_sparse_discontinuous-baseline-n02000-p030-rx000-rs000-s30-rep-00049","main-regional_sparse_discontinuous-baseline-n02000-p030-rx000-rs000-s30","main","regional_sparse_discontinuous","baseline","uniform",2000,30,0,0,0,3,32,49,"62:124:248",137457164,172270040,114412198
"main-regional_sparse_discontinuous-baseline-n02000-p030-rx000-rs000-s30-rep-00050","main-regional_sparse_discontinuous-baseline-n02000-p030-rx000-rs000-s30","main","regional_sparse_discontinuous","baseline","uniform",2000,30,0,0,0,3,32,50,"62:124:248",137587527,172439127,114516927
"main-smooth_multiscale_local_sparse-baseline-n10000-p030-rx000-rs000-s30-rep-00001","main-smooth_multiscale_local_sparse-baseline-n10000-p030-rx000-rs000-s30","main","smooth_multiscale_local_sparse","baseline","uniform",10000,30,0,0,0,3,32,1,"250:500:1000",137717890,172608214,114621656
"main-smooth_multiscale_local_sparse-baseline-n10000-p030-rx000-rs000-s30-rep-00002","main-smooth_multiscale_local_sparse-baseline-n10000-p030-rx000-rs000-s30","main","smooth_multiscale_local_sparse","baseline","uniform",10000,30,0,0,0,3,32,2,"250:500:1000",137848253,172777301,114726385
"main-smooth_multiscale_local_sparse-baseline-n10000-p030-rx000-rs000-s30-rep-00003","main-smooth_multiscale_local_sparse-baseline-n10000-p030-rx000-rs000-s30","main","smooth_multiscale_local_sparse","baseline","uniform",10000,30,0,0,0,3,32,3,"250:500:1000",137978616,172946388,114831114
"main-smooth_multiscale_local_sparse-baseline-n10000-p030-rx000-rs000-s30-rep-00004","main-smooth_multiscale_local_sparse-baseline-n10000-p030-rx000-rs000-s30","main","smooth_multiscale_local_sparse","baseline","uniform",10000,30,0,0,0,3,32,4,"250:500:1000",138108979,173115475,114935843
"main-smooth_multiscale_local_sparse-baseline-n10000-p030-rx000-rs000-s30-rep-00005","main-smooth_multiscale_local_sparse-baseline-n10000-p030-rx000-rs000-s30","main","smooth_multiscale_local_sparse","baseline","uniform",10000,30,0,0,0,3,32,5,"250:500:1000",138239342,173284562,115040572
"main-smooth_multiscale_local_sparse-baseline-n10000-p030-rx000-rs000-s30-rep-00006","main-smooth_multiscale_local_sparse-baseline-n10000-p030-rx000-rs000-s30","main","smooth_multiscale_local_sparse","baseline","uniform",10000,30,0,0,0,3,32,6,"250:500:1000",138369705,173453649,115145301
"main-smooth_multiscale_local_sparse-baseline-n10000-p030-rx000-rs000-s30-rep-00007","main-smooth_multiscale_local_sparse-baseline-n10000-p030-rx000-rs000-s30","main","smooth_multiscale_local_sparse","baseline","uniform",10000,30,0,0,0,3,32,7,"250:500:1000",138500068,173622736,115250030
"main-smooth_multiscale_local_sparse-baseline-n10000-p030-rx000-rs000-s30-rep-00008","main-smooth_multiscale_local_sparse-baseline-n10000-p030-rx000-rs000-s30","main","smooth_multiscale_local_sparse","baseline","uniform",10000,30,0,0,0,3,32,8,"250:500:1000",138630431,173791823,115354759
"main-smooth_multiscale_local_sparse-baseline-n10000-p030-rx000-rs000-s30-rep-00009","main-smooth_multiscale_local_sparse-baseline-n10000-p030-rx000-rs000-s30","main","smooth_multiscale_local_sparse","baseline","uniform",10000,30,0,0,0,3,32,9,"250:500:1000",138760794,173960910,115459488
"main-smooth_multiscale_local_sparse-baseline-n10000-p030-rx000-rs000-s30-rep-00010","main-smooth_multiscale_local_sparse-baseline-n10000-p030-rx000-rs000-s30","main","smooth_multiscale_local_sparse","baseline","uniform",10000,30,0,0,0,3,32,10,"250:500:1000",138891157,174129997,115564217
"main-smooth_multiscale_local_sparse-baseline-n10000-p030-rx000-rs000-s30-rep-00011","main-smooth_multiscale_local_sparse-baseline-n10000-p030-rx000-rs000-s30","main","smooth_multiscale_local_sparse","baseline","uniform",10000,30,0,0,0,3,32,11,"250:500:1000",139021520,174299084,115668946
"main-smooth_multiscale_local_sparse-baseline-n10000-p030-rx000-rs000-s30-rep-00012","main-smooth_multiscale_local_sparse-baseline-n10000-p030-rx000-rs000-s30","main","smooth_multiscale_local_sparse","baseline","uniform",10000,30,0,0,0,3,32,12,"250:500:1000",139151883,174468171,115773675
"main-smooth_multiscale_local_sparse-baseline-n10000-p030-rx000-rs000-s30-rep-00013","main-smooth_multiscale_local_sparse-baseline-n10000-p030-rx000-rs000-s30","main","smooth_multiscale_local_sparse","baseline","uniform",10000,30,0,0,0,3,32,13,"250:500:1000",139282246,174637258,115878404
"main-smooth_multiscale_local_sparse-baseline-n10000-p030-rx000-rs000-s30-rep-00014","main-smooth_multiscale_local_sparse-baseline-n10000-p030-rx000-rs000-s30","main","smooth_multiscale_local_sparse","baseline","uniform",10000,30,0,0,0,3,32,14,"250:500:1000",139412609,174806345,115983133
"main-smooth_multiscale_local_sparse-baseline-n10000-p030-rx000-rs000-s30-rep-00015","main-smooth_multiscale_local_sparse-baseline-n10000-p030-rx000-rs000-s30","main","smooth_multiscale_local_sparse","baseline","uniform",10000,30,0,0,0,3,32,15,"250:500:1000",139542972,174975432,116087862
"main-smooth_multiscale_local_sparse-baseline-n10000-p030-rx000-rs000-s30-rep-00016","main-smooth_multiscale_local_sparse-baseline-n10000-p030-rx000-rs000-s30","main","smooth_multiscale_local_sparse","baseline","uniform",10000,30,0,0,0,3,32,16,"250:500:1000",139673335,175144519,116192591
"main-smooth_multiscale_local_sparse-baseline-n10000-p030-rx000-rs000-s30-rep-00017","main-smooth_multiscale_local_sparse-baseline-n10000-p030-rx000-rs000-s30","main","smooth_multiscale_local_sparse","baseline","uniform",10000,30,0,0,0,3,32,17,"250:500:1000",139803698,175313606,116297320
"main-smooth_multiscale_local_sparse-baseline-n10000-p030-rx000-rs000-s30-rep-00018","main-smooth_multiscale_local_sparse-baseline-n10000-p030-rx000-rs000-s30","main","smooth_multiscale_local_sparse","baseline","uniform",10000,30,0,0,0,3,32,18,"250:500:1000",139934061,175482693,116402049
"main-smooth_multiscale_local_sparse-baseline-n10000-p030-rx000-rs000-s30-rep-00019","main-smooth_multiscale_local_sparse-baseline-n10000-p030-rx000-rs000-s30","main","smooth_multiscale_local_sparse","baseline","uniform",10000,30,0,0,0,3,32,19,"250:500:1000",140064424,175651780,116506778
"main-smooth_multiscale_local_sparse-baseline-n10000-p030-rx000-rs000-s30-rep-00020","main-smooth_multiscale_local_sparse-baseline-n10000-p030-rx000-rs000-s30","main","smooth_multiscale_local_sparse","baseline","uniform",10000,30,0,0,0,3,32,20,"250:500:1000",140194787,175820867,116611507
"main-smooth_multiscale_local_sparse-baseline-n10000-p030-rx000-rs000-s30-rep-00021","main-smooth_multiscale_local_sparse-baseline-n10000-p030-rx000-rs000-s30","main","smooth_multiscale_local_sparse","baseline","uniform",10000,30,0,0,0,3,32,21,"250:500:1000",140325150,175989954,116716236
"main-smooth_multiscale_local_sparse-baseline-n10000-p030-rx000-rs000-s30-rep-00022","main-smooth_multiscale_local_sparse-baseline-n10000-p030-rx000-rs000-s30","main","smooth_multiscale_local_sparse","baseline","uniform",10000,30,0,0,0,3,32,22,"250:500:1000",140455513,176159041,116820965
"main-smooth_multiscale_local_sparse-baseline-n10000-p030-rx000-rs000-s30-rep-00023","main-smooth_multiscale_local_sparse-baseline-n10000-p030-rx000-rs000-s30","main","smooth_multiscale_local_sparse","baseline","uniform",10000,30,0,0,0,3,32,23,"250:500:1000",140585876,176328128,116925694
"main-smooth_multiscale_local_sparse-baseline-n10000-p030-rx000-rs000-s30-rep-00024","main-smooth_multiscale_local_sparse-baseline-n10000-p030-rx000-rs000-s30","main","smooth_multiscale_local_sparse","baseline","uniform",10000,30,0,0,0,3,32,24,"250:500:1000",140716239,176497215,117030423
"main-smooth_multiscale_local_sparse-baseline-n10000-p030-rx000-rs000-s30-rep-00025","main-smooth_multiscale_local_sparse-baseline-n10000-p030-rx000-rs000-s30","main","smooth_multiscale_local_sparse","baseline","uniform",10000,30,0,0,0,3,32,25,"250:500:1000",140846602,176666302,117135152
"main-smooth_multiscale_local_sparse-baseline-n10000-p030-rx000-rs000-s30-rep-00026","main-smooth_multiscale_local_sparse-baseline-n10000-p030-rx000-rs000-s30","main","smooth_multiscale_local_sparse","baseline","uniform",10000,30,0,0,0,3,32,26,"250:500:1000",140976965,176835389,117239881
"main-smooth_multiscale_local_sparse-baseline-n10000-p030-rx000-rs000-s30-rep-00027","main-smooth_multiscale_local_sparse-baseline-n10000-p030-rx000-rs000-s30","main","smooth_multiscale_local_sparse","baseline","uniform",10000,30,0,0,0,3,32,27,"250:500:1000",141107328,177004476,117344610
"main-smooth_multiscale_local_sparse-baseline-n10000-p030-rx000-rs000-s30-rep-00028","main-smooth_multiscale_local_sparse-baseline-n10000-p030-rx000-rs000-s30","main","smooth_multiscale_local_sparse","baseline","uniform",10000,30,0,0,0,3,32,28,"250:500:1000",141237691,177173563,117449339
"main-smooth_multiscale_local_sparse-baseline-n10000-p030-rx000-rs000-s30-rep-00029","main-smooth_multiscale_local_sparse-baseline-n10000-p030-rx000-rs000-s30","main","smooth_multiscale_local_sparse","baseline","uniform",10000,30,0,0,0,3,32,29,"250:500:1000",141368054,177342650,117554068
"main-smooth_multiscale_local_sparse-baseline-n10000-p030-rx000-rs000-s30-rep-00030","main-smooth_multiscale_local_sparse-baseline-n10000-p030-rx000-rs000-s30","main","smooth_multiscale_local_sparse","baseline","uniform",10000,30,0,0,0,3,32,30,"250:500:1000",141498417,177511737,117658797
"main-smooth_multiscale_local_sparse-baseline-n10000-p030-rx000-rs000-s30-rep-00031","main-smooth_multiscale_local_sparse-baseline-n10000-p030-rx000-rs000-s30","main","smooth_multiscale_local_sparse","baseline","uniform",10000,30,0,0,0,3,32,31,"250:500:1000",141628780,177680824,117763526
"main-smooth_multiscale_local_sparse-baseline-n10000-p030-rx000-rs000-s30-rep-00032","main-smooth_multiscale_local_sparse-baseline-n10000-p030-rx000-rs000-s30","main","smooth_multiscale_local_sparse","baseline","uniform",10000,30,0,0,0,3,32,32,"250:500:1000",141759143,177849911,117868255
"main-smooth_multiscale_local_sparse-baseline-n10000-p030-rx000-rs000-s30-rep-00033","main-smooth_multiscale_local_sparse-baseline-n10000-p030-rx000-rs000-s30","main","smooth_multiscale_local_sparse","baseline","uniform",10000,30,0,0,0,3,32,33,"250:500:1000",141889506,178018998,117972984
"main-smooth_multiscale_local_sparse-baseline-n10000-p030-rx000-rs000-s30-rep-00034","main-smooth_multiscale_local_sparse-baseline-n10000-p030-rx000-rs000-s30","main","smooth_multiscale_local_sparse","baseline","uniform",10000,30,0,0,0,3,32,34,"250:500:1000",142019869,178188085,118077713
"main-smooth_multiscale_local_sparse-baseline-n10000-p030-rx000-rs000-s30-rep-00035","main-smooth_multiscale_local_sparse-baseline-n10000-p030-rx000-rs000-s30","main","smooth_multiscale_local_sparse","baseline","uniform",10000,30,0,0,0,3,32,35,"250:500:1000",142150232,178357172,118182442
"main-smooth_multiscale_local_sparse-baseline-n10000-p030-rx000-rs000-s30-rep-00036","main-smooth_multiscale_local_sparse-baseline-n10000-p030-rx000-rs000-s30","main","smooth_multiscale_local_sparse","baseline","uniform",10000,30,0,0,0,3,32,36,"250:500:1000",142280595,178526259,118287171
"main-smooth_multiscale_local_sparse-baseline-n10000-p030-rx000-rs000-s30-rep-00037","main-smooth_multiscale_local_sparse-baseline-n10000-p030-rx000-rs000-s30","main","smooth_multiscale_local_sparse","baseline","uniform",10000,30,0,0,0,3,32,37,"250:500:1000",142410958,178695346,118391900
"main-smooth_multiscale_local_sparse-baseline-n10000-p030-rx000-rs000-s30-rep-00038","main-smooth_multiscale_local_sparse-baseline-n10000-p030-rx000-rs000-s30","main","smooth_multiscale_local_sparse","baseline","uniform",10000,30,0,0,0,3,32,38,"250:500:1000",142541321,178864433,118496629
"main-smooth_multiscale_local_sparse-baseline-n10000-p030-rx000-rs000-s30-rep-00039","main-smooth_multiscale_local_sparse-baseline-n10000-p030-rx000-rs000-s30","main","smooth_multiscale_local_sparse","baseline","uniform",10000,30,0,0,0,3,32,39,"250:500:1000",142671684,179033520,118601358
"main-smooth_multiscale_local_sparse-baseline-n10000-p030-rx000-rs000-s30-rep-00040","main-smooth_multiscale_local_sparse-baseline-n10000-p030-rx000-rs000-s30","main","smooth_multiscale_local_sparse","baseline","uniform",10000,30,0,0,0,3,32,40,"250:500:1000",142802047,179202607,118706087
"main-smooth_multiscale_local_sparse-baseline-n10000-p030-rx000-rs000-s30-rep-00041","main-smooth_multiscale_local_sparse-baseline-n10000-p030-rx000-rs000-s30","main","smooth_multiscale_local_sparse","baseline","uniform",10000,30,0,0,0,3,32,41,"250:500:1000",142932410,179371694,118810816
"main-smooth_multiscale_local_sparse-baseline-n10000-p030-rx000-rs000-s30-rep-00042","main-smooth_multiscale_local_sparse-baseline-n10000-p030-rx000-rs000-s30","main","smooth_multiscale_local_sparse","baseline","uniform",10000,30,0,0,0,3,32,42,"250:500:1000",143062773,179540781,118915545
"main-smooth_multiscale_local_sparse-baseline-n10000-p030-rx000-rs000-s30-rep-00043","main-smooth_multiscale_local_sparse-baseline-n10000-p030-rx000-rs000-s30","main","smooth_multiscale_local_sparse","baseline","uniform",10000,30,0,0,0,3,32,43,"250:500:1000",143193136,179709868,119020274
"main-smooth_multiscale_local_sparse-baseline-n10000-p030-rx000-rs000-s30-rep-00044","main-smooth_multiscale_local_sparse-baseline-n10000-p030-rx000-rs000-s30","main","smooth_multiscale_local_sparse","baseline","uniform",10000,30,0,0,0,3,32,44,"250:500:1000",143323499,179878955,119125003
"main-smooth_multiscale_local_sparse-baseline-n10000-p030-rx000-rs000-s30-rep-00045","main-smooth_multiscale_local_sparse-baseline-n10000-p030-rx000-rs000-s30","main","smooth_multiscale_local_sparse","baseline","uniform",10000,30,0,0,0,3,32,45,"250:500:1000",143453862,180048042,119229732
"main-smooth_multiscale_local_sparse-baseline-n10000-p030-rx000-rs000-s30-rep-00046","main-smooth_multiscale_local_sparse-baseline-n10000-p030-rx000-rs000-s30","main","smooth_multiscale_local_sparse","baseline","uniform",10000,30,0,0,0,3,32,46,"250:500:1000",143584225,180217129,119334461
"main-smooth_multiscale_local_sparse-baseline-n10000-p030-rx000-rs000-s30-rep-00047","main-smooth_multiscale_local_sparse-baseline-n10000-p030-rx000-rs000-s30","main","smooth_multiscale_local_sparse","baseline","uniform",10000,30,0,0,0,3,32,47,"250:500:1000",143714588,180386216,119439190
"main-smooth_multiscale_local_sparse-baseline-n10000-p030-rx000-rs000-s30-rep-00048","main-smooth_multiscale_local_sparse-baseline-n10000-p030-rx000-rs000-s30","main","smooth_multiscale_local_sparse","baseline","uniform",10000,30,0,0,0,3,32,48,"250:500:1000",143844951,180555303,119543919
"main-smooth_multiscale_local_sparse-baseline-n10000-p030-rx000-rs000-s30-rep-00049","main-smooth_multiscale_local_sparse-baseline-n10000-p030-rx000-rs000-s30","main","smooth_multiscale_local_sparse","baseline","uniform",10000,30,0,0,0,3,32,49,"250:500:1000",143975314,180724390,119648648
"main-smooth_multiscale_local_sparse-baseline-n10000-p030-rx000-rs000-s30-rep-00050","main-smooth_multiscale_local_sparse-baseline-n10000-p030-rx000-rs000-s30","main","smooth_multiscale_local_sparse","baseline","uniform",10000,30,0,0,0,3,32,50,"250:500:1000",144105677,180893477,119753377
"main-regional_sparse_discontinuous-baseline-n10000-p030-rx000-rs000-s30-rep-00001","main-regional_sparse_discontinuous-baseline-n10000-p030-rx000-rs000-s30","main","regional_sparse_discontinuous","baseline","uniform",10000,30,0,0,0,3,32,1,"250:500:1000",144236040,181062564,119858106
"main-regional_sparse_discontinuous-baseline-n10000-p030-rx000-rs000-s30-rep-00002","main-regional_sparse_discontinuous-baseline-n10000-p030-rx000-rs000-s30","main","regional_sparse_discontinuous","baseline","uniform",10000,30,0,0,0,3,32,2,"250:500:1000",144366403,181231651,119962835
"main-regional_sparse_discontinuous-baseline-n10000-p030-rx000-rs000-s30-rep-00003","main-regional_sparse_discontinuous-baseline-n10000-p030-rx000-rs000-s30","main","regional_sparse_discontinuous","baseline","uniform",10000,30,0,0,0,3,32,3,"250:500:1000",144496766,181400738,120067564
"main-regional_sparse_discontinuous-baseline-n10000-p030-rx000-rs000-s30-rep-00004","main-regional_sparse_discontinuous-baseline-n10000-p030-rx000-rs000-s30","main","regional_sparse_discontinuous","baseline","uniform",10000,30,0,0,0,3,32,4,"250:500:1000",144627129,181569825,120172293
"main-regional_sparse_discontinuous-baseline-n10000-p030-rx000-rs000-s30-rep-00005","main-regional_sparse_discontinuous-baseline-n10000-p030-rx000-rs000-s30","main","regional_sparse_discontinuous","baseline","uniform",10000,30,0,0,0,3,32,5,"250:500:1000",144757492,181738912,120277022
"main-regional_sparse_discontinuous-baseline-n10000-p030-rx000-rs000-s30-rep-00006","main-regional_sparse_discontinuous-baseline-n10000-p030-rx000-rs000-s30","main","regional_sparse_discontinuous","baseline","uniform",10000,30,0,0,0,3,32,6,"250:500:1000",144887855,181907999,120381751
"main-regional_sparse_discontinuous-baseline-n10000-p030-rx000-rs000-s30-rep-00007","main-regional_sparse_discontinuous-baseline-n10000-p030-rx000-rs000-s30","main","regional_sparse_discontinuous","baseline","uniform",10000,30,0,0,0,3,32,7,"250:500:1000",145018218,182077086,120486480
"main-regional_sparse_discontinuous-baseline-n10000-p030-rx000-rs000-s30-rep-00008","main-regional_sparse_discontinuous-baseline-n10000-p030-rx000-rs000-s30","main","regional_sparse_discontinuous","baseline","uniform",10000,30,0,0,0,3,32,8,"250:500:1000",145148581,182246173,120591209
"main-regional_sparse_discontinuous-baseline-n10000-p030-rx000-rs000-s30-rep-00009","main-regional_sparse_discontinuous-baseline-n10000-p030-rx000-rs000-s30","main","regional_sparse_discontinuous","baseline","uniform",10000,30,0,0,0,3,32,9,"250:500:1000",145278944,182415260,120695938
"main-regional_sparse_discontinuous-baseline-n10000-p030-rx000-rs000-s30-rep-00010","main-regional_sparse_discontinuous-baseline-n10000-p030-rx000-rs000-s30","main","regional_sparse_discontinuous","baseline","uniform",10000,30,0,0,0,3,32,10,"250:500:1000",145409307,182584347,120800667
"main-regional_sparse_discontinuous-baseline-n10000-p030-rx000-rs000-s30-rep-00011","main-regional_sparse_discontinuous-baseline-n10000-p030-rx000-rs000-s30","main","regional_sparse_discontinuous","baseline","uniform",10000,30,0,0,0,3,32,11,"250:500:1000",145539670,182753434,120905396
"main-regional_sparse_discontinuous-baseline-n10000-p030-rx000-rs000-s30-rep-00012","main-regional_sparse_discontinuous-baseline-n10000-p030-rx000-rs000-s30","main","regional_sparse_discontinuous","baseline","uniform",10000,30,0,0,0,3,32,12,"250:500:1000",145670033,182922521,121010125
"main-regional_sparse_discontinuous-baseline-n10000-p030-rx000-rs000-s30-rep-00013","main-regional_sparse_discontinuous-baseline-n10000-p030-rx000-rs000-s30","main","regional_sparse_discontinuous","baseline","uniform",10000,30,0,0,0,3,32,13,"250:500:1000",145800396,183091608,121114854
"main-regional_sparse_discontinuous-baseline-n10000-p030-rx000-rs000-s30-rep-00014","main-regional_sparse_discontinuous-baseline-n10000-p030-rx000-rs000-s30","main","regional_sparse_discontinuous","baseline","uniform",10000,30,0,0,0,3,32,14,"250:500:1000",145930759,183260695,121219583
"main-regional_sparse_discontinuous-baseline-n10000-p030-rx000-rs000-s30-rep-00015","main-regional_sparse_discontinuous-baseline-n10000-p030-rx000-rs000-s30","main","regional_sparse_discontinuous","baseline","uniform",10000,30,0,0,0,3,32,15,"250:500:1000",146061122,183429782,121324312
"main-regional_sparse_discontinuous-baseline-n10000-p030-rx000-rs000-s30-rep-00016","main-regional_sparse_discontinuous-baseline-n10000-p030-rx000-rs000-s30","main","regional_sparse_discontinuous","baseline","uniform",10000,30,0,0,0,3,32,16,"250:500:1000",146191485,183598869,121429041
"main-regional_sparse_discontinuous-baseline-n10000-p030-rx000-rs000-s30-rep-00017","main-regional_sparse_discontinuous-baseline-n10000-p030-rx000-rs000-s30","main","regional_sparse_discontinuous","baseline","uniform",10000,30,0,0,0,3,32,17,"250:500:1000",146321848,183767956,121533770
"main-regional_sparse_discontinuous-baseline-n10000-p030-rx000-rs000-s30-rep-00018","main-regional_sparse_discontinuous-baseline-n10000-p030-rx000-rs000-s30","main","regional_sparse_discontinuous","baseline","uniform",10000,30,0,0,0,3,32,18,"250:500:1000",146452211,183937043,121638499
"main-regional_sparse_discontinuous-baseline-n10000-p030-rx000-rs000-s30-rep-00019","main-regional_sparse_discontinuous-baseline-n10000-p030-rx000-rs000-s30","main","regional_sparse_discontinuous","baseline","uniform",10000,30,0,0,0,3,32,19,"250:500:1000",146582574,184106130,121743228
"main-regional_sparse_discontinuous-baseline-n10000-p030-rx000-rs000-s30-rep-00020","main-regional_sparse_discontinuous-baseline-n10000-p030-rx000-rs000-s30","main","regional_sparse_discontinuous","baseline","uniform",10000,30,0,0,0,3,32,20,"250:500:1000",146712937,184275217,121847957
"main-regional_sparse_discontinuous-baseline-n10000-p030-rx000-rs000-s30-rep-00021","main-regional_sparse_discontinuous-baseline-n10000-p030-rx000-rs000-s30","main","regional_sparse_discontinuous","baseline","uniform",10000,30,0,0,0,3,32,21,"250:500:1000",146843300,184444304,121952686
"main-regional_sparse_discontinuous-baseline-n10000-p030-rx000-rs000-s30-rep-00022","main-regional_sparse_discontinuous-baseline-n10000-p030-rx000-rs000-s30","main","regional_sparse_discontinuous","baseline","uniform",10000,30,0,0,0,3,32,22,"250:500:1000",146973663,184613391,122057415
"main-regional_sparse_discontinuous-baseline-n10000-p030-rx000-rs000-s30-rep-00023","main-regional_sparse_discontinuous-baseline-n10000-p030-rx000-rs000-s30","main","regional_sparse_discontinuous","baseline","uniform",10000,30,0,0,0,3,32,23,"250:500:1000",147104026,184782478,122162144
"main-regional_sparse_discontinuous-baseline-n10000-p030-rx000-rs000-s30-rep-00024","main-regional_sparse_discontinuous-baseline-n10000-p030-rx000-rs000-s30","main","regional_sparse_discontinuous","baseline","uniform",10000,30,0,0,0,3,32,24,"250:500:1000",147234389,184951565,122266873
"main-regional_sparse_discontinuous-baseline-n10000-p030-rx000-rs000-s30-rep-00025","main-regional_sparse_discontinuous-baseline-n10000-p030-rx000-rs000-s30","main","regional_sparse_discontinuous","baseline","uniform",10000,30,0,0,0,3,32,25,"250:500:1000",147364752,185120652,122371602
"main-regional_sparse_discontinuous-baseline-n10000-p030-rx000-rs000-s30-rep-00026","main-regional_sparse_discontinuous-baseline-n10000-p030-rx000-rs000-s30","main","regional_sparse_discontinuous","baseline","uniform",10000,30,0,0,0,3,32,26,"250:500:1000",147495115,185289739,122476331
"main-regional_sparse_discontinuous-baseline-n10000-p030-rx000-rs000-s30-rep-00027","main-regional_sparse_discontinuous-baseline-n10000-p030-rx000-rs000-s30","main","regional_sparse_discontinuous","baseline","uniform",10000,30,0,0,0,3,32,27,"250:500:1000",147625478,185458826,122581060
"main-regional_sparse_discontinuous-baseline-n10000-p030-rx000-rs000-s30-rep-00028","main-regional_sparse_discontinuous-baseline-n10000-p030-rx000-rs000-s30","main","regional_sparse_discontinuous","baseline","uniform",10000,30,0,0,0,3,32,28,"250:500:1000",147755841,185627913,122685789
"main-regional_sparse_discontinuous-baseline-n10000-p030-rx000-rs000-s30-rep-00029","main-regional_sparse_discontinuous-baseline-n10000-p030-rx000-rs000-s30","main","regional_sparse_discontinuous","baseline","uniform",10000,30,0,0,0,3,32,29,"250:500:1000",147886204,185797000,122790518
"main-regional_sparse_discontinuous-baseline-n10000-p030-rx000-rs000-s30-rep-00030","main-regional_sparse_discontinuous-baseline-n10000-p030-rx000-rs000-s30","main","regional_sparse_discontinuous","baseline","uniform",10000,30,0,0,0,3,32,30,"250:500:1000",148016567,185966087,122895247
"main-regional_sparse_discontinuous-baseline-n10000-p030-rx000-rs000-s30-rep-00031","main-regional_sparse_discontinuous-baseline-n10000-p030-rx000-rs000-s30","main","regional_sparse_discontinuous","baseline","uniform",10000,30,0,0,0,3,32,31,"250:500:1000",148146930,186135174,122999976
"main-regional_sparse_discontinuous-baseline-n10000-p030-rx000-rs000-s30-rep-00032","main-regional_sparse_discontinuous-baseline-n10000-p030-rx000-rs000-s30","main","regional_sparse_discontinuous","baseline","uniform",10000,30,0,0,0,3,32,32,"250:500:1000",148277293,186304261,123104705
"main-regional_sparse_discontinuous-baseline-n10000-p030-rx000-rs000-s30-rep-00033","main-regional_sparse_discontinuous-baseline-n10000-p030-rx000-rs000-s30","main","regional_sparse_discontinuous","baseline","uniform",10000,30,0,0,0,3,32,33,"250:500:1000",148407656,186473348,123209434
"main-regional_sparse_discontinuous-baseline-n10000-p030-rx000-rs000-s30-rep-00034","main-regional_sparse_discontinuous-baseline-n10000-p030-rx000-rs000-s30","main","regional_sparse_discontinuous","baseline","uniform",10000,30,0,0,0,3,32,34,"250:500:1000",148538019,186642435,123314163
"main-regional_sparse_discontinuous-baseline-n10000-p030-rx000-rs000-s30-rep-00035","main-regional_sparse_discontinuous-baseline-n10000-p030-rx000-rs000-s30","main","regional_sparse_discontinuous","baseline","uniform",10000,30,0,0,0,3,32,35,"250:500:1000",148668382,186811522,123418892
"main-regional_sparse_discontinuous-baseline-n10000-p030-rx000-rs000-s30-rep-00036","main-regional_sparse_discontinuous-baseline-n10000-p030-rx000-rs000-s30","main","regional_sparse_discontinuous","baseline","uniform",10000,30,0,0,0,3,32,36,"250:500:1000",148798745,186980609,123523621
"main-regional_sparse_discontinuous-baseline-n10000-p030-rx000-rs000-s30-rep-00037","main-regional_sparse_discontinuous-baseline-n10000-p030-rx000-rs000-s30","main","regional_sparse_discontinuous","baseline","uniform",10000,30,0,0,0,3,32,37,"250:500:1000",148929108,187149696,123628350
"main-regional_sparse_discontinuous-baseline-n10000-p030-rx000-rs000-s30-rep-00038","main-regional_sparse_discontinuous-baseline-n10000-p030-rx000-rs000-s30","main","regional_sparse_discontinuous","baseline","uniform",10000,30,0,0,0,3,32,38,"250:500:1000",149059471,187318783,123733079
"main-regional_sparse_discontinuous-baseline-n10000-p030-rx000-rs000-s30-rep-00039","main-regional_sparse_discontinuous-baseline-n10000-p030-rx000-rs000-s30","main","regional_sparse_discontinuous","baseline","uniform",10000,30,0,0,0,3,32,39,"250:500:1000",149189834,187487870,123837808
"main-regional_sparse_discontinuous-baseline-n10000-p030-rx000-rs000-s30-rep-00040","main-regional_sparse_discontinuous-baseline-n10000-p030-rx000-rs000-s30","main","regional_sparse_discontinuous","baseline","uniform",10000,30,0,0,0,3,32,40,"250:500:1000",149320197,187656957,123942537
"main-regional_sparse_discontinuous-baseline-n10000-p030-rx000-rs000-s30-rep-00041","main-regional_sparse_discontinuous-baseline-n10000-p030-rx000-rs000-s30","main","regional_sparse_discontinuous","baseline","uniform",10000,30,0,0,0,3,32,41,"250:500:1000",149450560,187826044,124047266
"main-regional_sparse_discontinuous-baseline-n10000-p030-rx000-rs000-s30-rep-00042","main-regional_sparse_discontinuous-baseline-n10000-p030-rx000-rs000-s30","main","regional_sparse_discontinuous","baseline","uniform",10000,30,0,0,0,3,32,42,"250:500:1000",149580923,187995131,124151995
"main-regional_sparse_discontinuous-baseline-n10000-p030-rx000-rs000-s30-rep-00043","main-regional_sparse_discontinuous-baseline-n10000-p030-rx000-rs000-s30","main","regional_sparse_discontinuous","baseline","uniform",10000,30,0,0,0,3,32,43,"250:500:1000",149711286,188164218,124256724
"main-regional_sparse_discontinuous-baseline-n10000-p030-rx000-rs000-s30-rep-00044","main-regional_sparse_discontinuous-baseline-n10000-p030-rx000-rs000-s30","main","regional_sparse_discontinuous","baseline","uniform",10000,30,0,0,0,3,32,44,"250:500:1000",149841649,188333305,124361453
"main-regional_sparse_discontinuous-baseline-n10000-p030-rx000-rs000-s30-rep-00045","main-regional_sparse_discontinuous-baseline-n10000-p030-rx000-rs000-s30","main","regional_sparse_discontinuous","baseline","uniform",10000,30,0,0,0,3,32,45,"250:500:1000",149972012,188502392,124466182
"main-regional_sparse_discontinuous-baseline-n10000-p030-rx000-rs000-s30-rep-00046","main-regional_sparse_discontinuous-baseline-n10000-p030-rx000-rs000-s30","main","regional_sparse_discontinuous","baseline","uniform",10000,30,0,0,0,3,32,46,"250:500:1000",150102375,188671479,124570911
"main-regional_sparse_discontinuous-baseline-n10000-p030-rx000-rs000-s30-rep-00047","main-regional_sparse_discontinuous-baseline-n10000-p030-rx000-rs000-s30","main","regional_sparse_discontinuous","baseline","uniform",10000,30,0,0,0,3,32,47,"250:500:1000",150232738,188840566,124675640
"main-regional_sparse_discontinuous-baseline-n10000-p030-rx000-rs000-s30-rep-00048","main-regional_sparse_discontinuous-baseline-n10000-p030-rx000-rs000-s30","main","regional_sparse_discontinuous","baseline","uniform",10000,30,0,0,0,3,32,48,"250:500:1000",150363101,189009653,124780369
"main-regional_sparse_discontinuous-baseline-n10000-p030-rx000-rs000-s30-rep-00049","main-regional_sparse_discontinuous-baseline-n10000-p030-rx000-rs000-s30","main","regional_sparse_discontinuous","baseline","uniform",10000,30,0,0,0,3,32,49,"250:500:1000",150493464,189178740,124885098
"main-regional_sparse_discontinuous-baseline-n10000-p030-rx000-rs000-s30-rep-00050","main-regional_sparse_discontinuous-baseline-n10000-p030-rx000-rs000-s30","main","regional_sparse_discontinuous","baseline","uniform",10000,30,0,0,0,3,32,50,"250:500:1000",150623827,189347827,124989827
"main-smooth_multiscale_local_sparse-baseline-n02000-p030-rx070-rs000-s30-rep-00001","main-smooth_multiscale_local_sparse-baseline-n02000-p030-rx070-rs000-s30","main","smooth_multiscale_local_sparse","baseline","uniform",2000,30,0.7,0,0,3,32,1,"62:124:248",150754190,189516914,125094556
"main-smooth_multiscale_local_sparse-baseline-n02000-p030-rx070-rs000-s30-rep-00002","main-smooth_multiscale_local_sparse-baseline-n02000-p030-rx070-rs000-s30","main","smooth_multiscale_local_sparse","baseline","uniform",2000,30,0.7,0,0,3,32,2,"62:124:248",150884553,189686001,125199285
"main-smooth_multiscale_local_sparse-baseline-n02000-p030-rx070-rs000-s30-rep-00003","main-smooth_multiscale_local_sparse-baseline-n02000-p030-rx070-rs000-s30","main","smooth_multiscale_local_sparse","baseline","uniform",2000,30,0.7,0,0,3,32,3,"62:124:248",151014916,189855088,125304014
"main-smooth_multiscale_local_sparse-baseline-n02000-p030-rx070-rs000-s30-rep-00004","main-smooth_multiscale_local_sparse-baseline-n02000-p030-rx070-rs000-s30","main","smooth_multiscale_local_sparse","baseline","uniform",2000,30,0.7,0,0,3,32,4,"62:124:248",151145279,190024175,125408743
"main-smooth_multiscale_local_sparse-baseline-n02000-p030-rx070-rs000-s30-rep-00005","main-smooth_multiscale_local_sparse-baseline-n02000-p030-rx070-rs000-s30","main","smooth_multiscale_local_sparse","baseline","uniform",2000,30,0.7,0,0,3,32,5,"62:124:248",151275642,190193262,125513472
"main-smooth_multiscale_local_sparse-baseline-n02000-p030-rx070-rs000-s30-rep-00006","main-smooth_multiscale_local_sparse-baseline-n02000-p030-rx070-rs000-s30","main","smooth_multiscale_local_sparse","baseline","uniform",2000,30,0.7,0,0,3,32,6,"62:124:248",151406005,190362349,125618201
"main-smooth_multiscale_local_sparse-baseline-n02000-p030-rx070-rs000-s30-rep-00007","main-smooth_multiscale_local_sparse-baseline-n02000-p030-rx070-rs000-s30","main","smooth_multiscale_local_sparse","baseline","uniform",2000,30,0.7,0,0,3,32,7,"62:124:248",151536368,190531436,125722930
"main-smooth_multiscale_local_sparse-baseline-n02000-p030-rx070-rs000-s30-rep-00008","main-smooth_multiscale_local_sparse-baseline-n02000-p030-rx070-rs000-s30","main","smooth_multiscale_local_sparse","baseline","uniform",2000,30,0.7,0,0,3,32,8,"62:124:248",151666731,190700523,125827659
"main-smooth_multiscale_local_sparse-baseline-n02000-p030-rx070-rs000-s30-rep-00009","main-smooth_multiscale_local_sparse-baseline-n02000-p030-rx070-rs000-s30","main","smooth_multiscale_local_sparse","baseline","uniform",2000,30,0.7,0,0,3,32,9,"62:124:248",151797094,190869610,125932388
"main-smooth_multiscale_local_sparse-baseline-n02000-p030-rx070-rs000-s30-rep-00010","main-smooth_multiscale_local_sparse-baseline-n02000-p030-rx070-rs000-s30","main","smooth_multiscale_local_sparse","baseline","uniform",2000,30,0.7,0,0,3,32,10,"62:124:248",151927457,191038697,126037117
"main-smooth_multiscale_local_sparse-baseline-n02000-p030-rx070-rs000-s30-rep-00011","main-smooth_multiscale_local_sparse-baseline-n02000-p030-rx070-rs000-s30","main","smooth_multiscale_local_sparse","baseline","uniform",2000,30,0.7,0,0,3,32,11,"62:124:248",152057820,191207784,126141846
"main-smooth_multiscale_local_sparse-baseline-n02000-p030-rx070-rs000-s30-rep-00012","main-smooth_multiscale_local_sparse-baseline-n02000-p030-rx070-rs000-s30","main","smooth_multiscale_local_sparse","baseline","uniform",2000,30,0.7,0,0,3,32,12,"62:124:248",152188183,191376871,126246575
"main-smooth_multiscale_local_sparse-baseline-n02000-p030-rx070-rs000-s30-rep-00013","main-smooth_multiscale_local_sparse-baseline-n02000-p030-rx070-rs000-s30","main","smooth_multiscale_local_sparse","baseline","uniform",2000,30,0.7,0,0,3,32,13,"62:124:248",152318546,191545958,126351304
"main-smooth_multiscale_local_sparse-baseline-n02000-p030-rx070-rs000-s30-rep-00014","main-smooth_multiscale_local_sparse-baseline-n02000-p030-rx070-rs000-s30","main","smooth_multiscale_local_sparse","baseline","uniform",2000,30,0.7,0,0,3,32,14,"62:124:248",152448909,191715045,126456033
"main-smooth_multiscale_local_sparse-baseline-n02000-p030-rx070-rs000-s30-rep-00015","main-smooth_multiscale_local_sparse-baseline-n02000-p030-rx070-rs000-s30","main","smooth_multiscale_local_sparse","baseline","uniform",2000,30,0.7,0,0,3,32,15,"62:124:248",152579272,191884132,126560762
"main-smooth_multiscale_local_sparse-baseline-n02000-p030-rx070-rs000-s30-rep-00016","main-smooth_multiscale_local_sparse-baseline-n02000-p030-rx070-rs000-s30","main","smooth_multiscale_local_sparse","baseline","uniform",2000,30,0.7,0,0,3,32,16,"62:124:248",152709635,192053219,126665491
"main-smooth_multiscale_local_sparse-baseline-n02000-p030-rx070-rs000-s30-rep-00017","main-smooth_multiscale_local_sparse-baseline-n02000-p030-rx070-rs000-s30","main","smooth_multiscale_local_sparse","baseline","uniform",2000,30,0.7,0,0,3,32,17,"62:124:248",152839998,192222306,126770220
"main-smooth_multiscale_local_sparse-baseline-n02000-p030-rx070-rs000-s30-rep-00018","main-smooth_multiscale_local_sparse-baseline-n02000-p030-rx070-rs000-s30","main","smooth_multiscale_local_sparse","baseline","uniform",2000,30,0.7,0,0,3,32,18,"62:124:248",152970361,192391393,126874949
"main-smooth_multiscale_local_sparse-baseline-n02000-p030-rx070-rs000-s30-rep-00019","main-smooth_multiscale_local_sparse-baseline-n02000-p030-rx070-rs000-s30","main","smooth_multiscale_local_sparse","baseline","uniform",2000,30,0.7,0,0,3,32,19,"62:124:248",153100724,192560480,126979678
"main-smooth_multiscale_local_sparse-baseline-n02000-p030-rx070-rs000-s30-rep-00020","main-smooth_multiscale_local_sparse-baseline-n02000-p030-rx070-rs000-s30","main","smooth_multiscale_local_sparse","baseline","uniform",2000,30,0.7,0,0,3,32,20,"62:124:248",153231087,192729567,127084407
"main-smooth_multiscale_local_sparse-baseline-n02000-p030-rx070-rs000-s30-rep-00021","main-smooth_multiscale_local_sparse-baseline-n02000-p030-rx070-rs000-s30","main","smooth_multiscale_local_sparse","baseline","uniform",2000,30,0.7,0,0,3,32,21,"62:124:248",153361450,192898654,127189136
"main-smooth_multiscale_local_sparse-baseline-n02000-p030-rx070-rs000-s30-rep-00022","main-smooth_multiscale_local_sparse-baseline-n02000-p030-rx070-rs000-s30","main","smooth_multiscale_local_sparse","baseline","uniform",2000,30,0.7,0,0,3,32,22,"62:124:248",153491813,193067741,127293865
"main-smooth_multiscale_local_sparse-baseline-n02000-p030-rx070-rs000-s30-rep-00023","main-smooth_multiscale_local_sparse-baseline-n02000-p030-rx070-rs000-s30","main","smooth_multiscale_local_sparse","baseline","uniform",2000,30,0.7,0,0,3,32,23,"62:124:248",153622176,193236828,127398594
"main-smooth_multiscale_local_sparse-baseline-n02000-p030-rx070-rs000-s30-rep-00024","main-smooth_multiscale_local_sparse-baseline-n02000-p030-rx070-rs000-s30","main","smooth_multiscale_local_sparse","baseline","uniform",2000,30,0.7,0,0,3,32,24,"62:124:248",153752539,193405915,127503323
"main-smooth_multiscale_local_sparse-baseline-n02000-p030-rx070-rs000-s30-rep-00025","main-smooth_multiscale_local_sparse-baseline-n02000-p030-rx070-rs000-s30","main","smooth_multiscale_local_sparse","baseline","uniform",2000,30,0.7,0,0,3,32,25,"62:124:248",153882902,193575002,127608052
"main-smooth_multiscale_local_sparse-baseline-n02000-p030-rx070-rs000-s30-rep-00026","main-smooth_multiscale_local_sparse-baseline-n02000-p030-rx070-rs000-s30","main","smooth_multiscale_local_sparse","baseline","uniform",2000,30,0.7,0,0,3,32,26,"62:124:248",154013265,193744089,127712781
"main-smooth_multiscale_local_sparse-baseline-n02000-p030-rx070-rs000-s30-rep-00027","main-smooth_multiscale_local_sparse-baseline-n02000-p030-rx070-rs000-s30","main","smooth_multiscale_local_sparse","baseline","uniform",2000,30,0.7,0,0,3,32,27,"62:124:248",154143628,193913176,127817510
"main-smooth_multiscale_local_sparse-baseline-n02000-p030-rx070-rs000-s30-rep-00028","main-smooth_multiscale_local_sparse-baseline-n02000-p030-rx070-rs000-s30","main","smooth_multiscale_local_sparse","baseline","uniform",2000,30,0.7,0,0,3,32,28,"62:124:248",154273991,194082263,127922239
"main-smooth_multiscale_local_sparse-baseline-n02000-p030-rx070-rs000-s30-rep-00029","main-smooth_multiscale_local_sparse-baseline-n02000-p030-rx070-rs000-s30","main","smooth_multiscale_local_sparse","baseline","uniform",2000,30,0.7,0,0,3,32,29,"62:124:248",154404354,194251350,128026968
"main-smooth_multiscale_local_sparse-baseline-n02000-p030-rx070-rs000-s30-rep-00030","main-smooth_multiscale_local_sparse-baseline-n02000-p030-rx070-rs000-s30","main","smooth_multiscale_local_sparse","baseline","uniform",2000,30,0.7,0,0,3,32,30,"62:124:248",154534717,194420437,128131697
"main-smooth_multiscale_local_sparse-baseline-n02000-p030-rx070-rs000-s30-rep-00031","main-smooth_multiscale_local_sparse-baseline-n02000-p030-rx070-rs000-s30","main","smooth_multiscale_local_sparse","baseline","uniform",2000,30,0.7,0,0,3,32,31,"62:124:248",154665080,194589524,128236426
"main-smooth_multiscale_local_sparse-baseline-n02000-p030-rx070-rs000-s30-rep-00032","main-smooth_multiscale_local_sparse-baseline-n02000-p030-rx070-rs000-s30","main","smooth_multiscale_local_sparse","baseline","uniform",2000,30,0.7,0,0,3,32,32,"62:124:248",154795443,194758611,128341155
"main-smooth_multiscale_local_sparse-baseline-n02000-p030-rx070-rs000-s30-rep-00033","main-smooth_multiscale_local_sparse-baseline-n02000-p030-rx070-rs000-s30","main","smooth_multiscale_local_sparse","baseline","uniform",2000,30,0.7,0,0,3,32,33,"62:124:248",154925806,194927698,128445884
"main-smooth_multiscale_local_sparse-baseline-n02000-p030-rx070-rs000-s30-rep-00034","main-smooth_multiscale_local_sparse-baseline-n02000-p030-rx070-rs000-s30","main","smooth_multiscale_local_sparse","baseline","uniform",2000,30,0.7,0,0,3,32,34,"62:124:248",155056169,195096785,128550613
"main-smooth_multiscale_local_sparse-baseline-n02000-p030-rx070-rs000-s30-rep-00035","main-smooth_multiscale_local_sparse-baseline-n02000-p030-rx070-rs000-s30","main","smooth_multiscale_local_sparse","baseline","uniform",2000,30,0.7,0,0,3,32,35,"62:124:248",155186532,195265872,128655342
"main-smooth_multiscale_local_sparse-baseline-n02000-p030-rx070-rs000-s30-rep-00036","main-smooth_multiscale_local_sparse-baseline-n02000-p030-rx070-rs000-s30","main","smooth_multiscale_local_sparse","baseline","uniform",2000,30,0.7,0,0,3,32,36,"62:124:248",155316895,195434959,128760071
"main-smooth_multiscale_local_sparse-baseline-n02000-p030-rx070-rs000-s30-rep-00037","main-smooth_multiscale_local_sparse-baseline-n02000-p030-rx070-rs000-s30","main","smooth_multiscale_local_sparse","baseline","uniform",2000,30,0.7,0,0,3,32,37,"62:124:248",155447258,195604046,128864800
"main-smooth_multiscale_local_sparse-baseline-n02000-p030-rx070-rs000-s30-rep-00038","main-smooth_multiscale_local_sparse-baseline-n02000-p030-rx070-rs000-s30","main","smooth_multiscale_local_sparse","baseline","uniform",2000,30,0.7,0,0,3,32,38,"62:124:248",155577621,195773133,128969529
"main-smooth_multiscale_local_sparse-baseline-n02000-p030-rx070-rs000-s30-rep-00039","main-smooth_multiscale_local_sparse-baseline-n02000-p030-rx070-rs000-s30","main","smooth_multiscale_local_sparse","baseline","uniform",2000,30,0.7,0,0,3,32,39,"62:124:248",155707984,195942220,129074258
"main-smooth_multiscale_local_sparse-baseline-n02000-p030-rx070-rs000-s30-rep-00040","main-smooth_multiscale_local_sparse-baseline-n02000-p030-rx070-rs000-s30","main","smooth_multiscale_local_sparse","baseline","uniform",2000,30,0.7,0,0,3,32,40,"62:124:248",155838347,196111307,129178987
"main-smooth_multiscale_local_sparse-baseline-n02000-p030-rx070-rs000-s30-rep-00041","main-smooth_multiscale_local_sparse-baseline-n02000-p030-rx070-rs000-s30","main","smooth_multiscale_local_sparse","baseline","uniform",2000,30,0.7,0,0,3,32,41,"62:124:248",155968710,196280394,129283716
"main-smooth_multiscale_local_sparse-baseline-n02000-p030-rx070-rs000-s30-rep-00042","main-smooth_multiscale_local_sparse-baseline-n02000-p030-rx070-rs000-s30","main","smooth_multiscale_local_sparse","baseline","uniform",2000,30,0.7,0,0,3,32,42,"62:124:248",156099073,196449481,129388445
"main-smooth_multiscale_local_sparse-baseline-n02000-p030-rx070-rs000-s30-rep-00043","main-smooth_multiscale_local_sparse-baseline-n02000-p030-rx070-rs000-s30","main","smooth_multiscale_local_sparse","baseline","uniform",2000,30,0.7,0,0,3,32,43,"62:124:248",156229436,196618568,129493174
"main-smooth_multiscale_local_sparse-baseline-n02000-p030-rx070-rs000-s30-rep-00044","main-smooth_multiscale_local_sparse-baseline-n02000-p030-rx070-rs000-s30","main","smooth_multiscale_local_sparse","baseline","uniform",2000,30,0.7,0,0,3,32,44,"62:124:248",156359799,196787655,129597903
"main-smooth_multiscale_local_sparse-baseline-n02000-p030-rx070-rs000-s30-rep-00045","main-smooth_multiscale_local_sparse-baseline-n02000-p030-rx070-rs000-s30","main","smooth_multiscale_local_sparse","baseline","uniform",2000,30,0.7,0,0,3,32,45,"62:124:248",156490162,196956742,129702632
"main-smooth_multiscale_local_sparse-baseline-n02000-p030-rx070-rs000-s30-rep-00046","main-smooth_multiscale_local_sparse-baseline-n02000-p030-rx070-rs000-s30","main","smooth_multiscale_local_sparse","baseline","uniform",2000,30,0.7,0,0,3,32,46,"62:124:248",156620525,197125829,129807361
"main-smooth_multiscale_local_sparse-baseline-n02000-p030-rx070-rs000-s30-rep-00047","main-smooth_multiscale_local_sparse-baseline-n02000-p030-rx070-rs000-s30","main","smooth_multiscale_local_sparse","baseline","uniform",2000,30,0.7,0,0,3,32,47,"62:124:248",156750888,197294916,129912090
"main-smooth_multiscale_local_sparse-baseline-n02000-p030-rx070-rs000-s30-rep-00048","main-smooth_multiscale_local_sparse-baseline-n02000-p030-rx070-rs000-s30","main","smooth_multiscale_local_sparse","baseline","uniform",2000,30,0.7,0,0,3,32,48,"62:124:248",156881251,197464003,130016819
"main-smooth_multiscale_local_sparse-baseline-n02000-p030-rx070-rs000-s30-rep-00049","main-smooth_multiscale_local_sparse-baseline-n02000-p030-rx070-rs000-s30","main","smooth_multiscale_local_sparse","baseline","uniform",2000,30,0.7,0,0,3,32,49,"62:124:248",157011614,197633090,130121548
"main-smooth_multiscale_local_sparse-baseline-n02000-p030-rx070-rs000-s30-rep-00050","main-smooth_multiscale_local_sparse-baseline-n02000-p030-rx070-rs000-s30","main","smooth_multiscale_local_sparse","baseline","uniform",2000,30,0.7,0,0,3,32,50,"62:124:248",157141977,197802177,130226277
"main-regional_sparse_discontinuous-baseline-n02000-p030-rx070-rs000-s30-rep-00001","main-regional_sparse_discontinuous-baseline-n02000-p030-rx070-rs000-s30","main","regional_sparse_discontinuous","baseline","uniform",2000,30,0.7,0,0,3,32,1,"62:124:248",157272340,197971264,130331006
"main-regional_sparse_discontinuous-baseline-n02000-p030-rx070-rs000-s30-rep-00002","main-regional_sparse_discontinuous-baseline-n02000-p030-rx070-rs000-s30","main","regional_sparse_discontinuous","baseline","uniform",2000,30,0.7,0,0,3,32,2,"62:124:248",157402703,198140351,130435735
"main-regional_sparse_discontinuous-baseline-n02000-p030-rx070-rs000-s30-rep-00003","main-regional_sparse_discontinuous-baseline-n02000-p030-rx070-rs000-s30","main","regional_sparse_discontinuous","baseline","uniform",2000,30,0.7,0,0,3,32,3,"62:124:248",157533066,198309438,130540464
"main-regional_sparse_discontinuous-baseline-n02000-p030-rx070-rs000-s30-rep-00004","main-regional_sparse_discontinuous-baseline-n02000-p030-rx070-rs000-s30","main","regional_sparse_discontinuous","baseline","uniform",2000,30,0.7,0,0,3,32,4,"62:124:248",157663429,198478525,130645193
"main-regional_sparse_discontinuous-baseline-n02000-p030-rx070-rs000-s30-rep-00005","main-regional_sparse_discontinuous-baseline-n02000-p030-rx070-rs000-s30","main","regional_sparse_discontinuous","baseline","uniform",2000,30,0.7,0,0,3,32,5,"62:124:248",157793792,198647612,130749922
"main-regional_sparse_discontinuous-baseline-n02000-p030-rx070-rs000-s30-rep-00006","main-regional_sparse_discontinuous-baseline-n02000-p030-rx070-rs000-s30","main","regional_sparse_discontinuous","baseline","uniform",2000,30,0.7,0,0,3,32,6,"62:124:248",157924155,198816699,130854651
"main-regional_sparse_discontinuous-baseline-n02000-p030-rx070-rs000-s30-rep-00007","main-regional_sparse_discontinuous-baseline-n02000-p030-rx070-rs000-s30","main","regional_sparse_discontinuous","baseline","uniform",2000,30,0.7,0,0,3,32,7,"62:124:248",158054518,198985786,130959380
"main-regional_sparse_discontinuous-baseline-n02000-p030-rx070-rs000-s30-rep-00008","main-regional_sparse_discontinuous-baseline-n02000-p030-rx070-rs000-s30","main","regional_sparse_discontinuous","baseline","uniform",2000,30,0.7,0,0,3,32,8,"62:124:248",158184881,199154873,131064109
"main-regional_sparse_discontinuous-baseline-n02000-p030-rx070-rs000-s30-rep-00009","main-regional_sparse_discontinuous-baseline-n02000-p030-rx070-rs000-s30","main","regional_sparse_discontinuous","baseline","uniform",2000,30,0.7,0,0,3,32,9,"62:124:248",158315244,199323960,131168838
"main-regional_sparse_discontinuous-baseline-n02000-p030-rx070-rs000-s30-rep-00010","main-regional_sparse_discontinuous-baseline-n02000-p030-rx070-rs000-s30","main","regional_sparse_discontinuous","baseline","uniform",2000,30,0.7,0,0,3,32,10,"62:124:248",158445607,199493047,131273567
"main-regional_sparse_discontinuous-baseline-n02000-p030-rx070-rs000-s30-rep-00011","main-regional_sparse_discontinuous-baseline-n02000-p030-rx070-rs000-s30","main","regional_sparse_discontinuous","baseline","uniform",2000,30,0.7,0,0,3,32,11,"62:124:248",158575970,199662134,131378296
"main-regional_sparse_discontinuous-baseline-n02000-p030-rx070-rs000-s30-rep-00012","main-regional_sparse_discontinuous-baseline-n02000-p030-rx070-rs000-s30","main","regional_sparse_discontinuous","baseline","uniform",2000,30,0.7,0,0,3,32,12,"62:124:248",158706333,199831221,131483025
"main-regional_sparse_discontinuous-baseline-n02000-p030-rx070-rs000-s30-rep-00013","main-regional_sparse_discontinuous-baseline-n02000-p030-rx070-rs000-s30","main","regional_sparse_discontinuous","baseline","uniform",2000,30,0.7,0,0,3,32,13,"62:124:248",158836696,200000308,131587754
"main-regional_sparse_discontinuous-baseline-n02000-p030-rx070-rs000-s30-rep-00014","main-regional_sparse_discontinuous-baseline-n02000-p030-rx070-rs000-s30","main","regional_sparse_discontinuous","baseline","uniform",2000,30,0.7,0,0,3,32,14,"62:124:248",158967059,200169395,131692483
"main-regional_sparse_discontinuous-baseline-n02000-p030-rx070-rs000-s30-rep-00015","main-regional_sparse_discontinuous-baseline-n02000-p030-rx070-rs000-s30","main","regional_sparse_discontinuous","baseline","uniform",2000,30,0.7,0,0,3,32,15,"62:124:248",159097422,200338482,131797212
"main-regional_sparse_discontinuous-baseline-n02000-p030-rx070-rs000-s30-rep-00016","main-regional_sparse_discontinuous-baseline-n02000-p030-rx070-rs000-s30","main","regional_sparse_discontinuous","baseline","uniform",2000,30,0.7,0,0,3,32,16,"62:124:248",159227785,200507569,131901941
"main-regional_sparse_discontinuous-baseline-n02000-p030-rx070-rs000-s30-rep-00017","main-regional_sparse_discontinuous-baseline-n02000-p030-rx070-rs000-s30","main","regional_sparse_discontinuous","baseline","uniform",2000,30,0.7,0,0,3,32,17,"62:124:248",159358148,200676656,132006670
"main-regional_sparse_discontinuous-baseline-n02000-p030-rx070-rs000-s30-rep-00018","main-regional_sparse_discontinuous-baseline-n02000-p030-rx070-rs000-s30","main","regional_sparse_discontinuous","baseline","uniform",2000,30,0.7,0,0,3,32,18,"62:124:248",159488511,200845743,132111399
"main-regional_sparse_discontinuous-baseline-n02000-p030-rx070-rs000-s30-rep-00019","main-regional_sparse_discontinuous-baseline-n02000-p030-rx070-rs000-s30","main","regional_sparse_discontinuous","baseline","uniform",2000,30,0.7,0,0,3,32,19,"62:124:248",159618874,201014830,132216128
"main-regional_sparse_discontinuous-baseline-n02000-p030-rx070-rs000-s30-rep-00020","main-regional_sparse_discontinuous-baseline-n02000-p030-rx070-rs000-s30","main","regional_sparse_discontinuous","baseline","uniform",2000,30,0.7,0,0,3,32,20,"62:124:248",159749237,201183917,132320857
"main-regional_sparse_discontinuous-baseline-n02000-p030-rx070-rs000-s30-rep-00021","main-regional_sparse_discontinuous-baseline-n02000-p030-rx070-rs000-s30","main","regional_sparse_discontinuous","baseline","uniform",2000,30,0.7,0,0,3,32,21,"62:124:248",159879600,201353004,132425586
"main-regional_sparse_discontinuous-baseline-n02000-p030-rx070-rs000-s30-rep-00022","main-regional_sparse_discontinuous-baseline-n02000-p030-rx070-rs000-s30","main","regional_sparse_discontinuous","baseline","uniform",2000,30,0.7,0,0,3,32,22,"62:124:248",160009963,201522091,132530315
"main-regional_sparse_discontinuous-baseline-n02000-p030-rx070-rs000-s30-rep-00023","main-regional_sparse_discontinuous-baseline-n02000-p030-rx070-rs000-s30","main","regional_sparse_discontinuous","baseline","uniform",2000,30,0.7,0,0,3,32,23,"62:124:248",160140326,201691178,132635044
"main-regional_sparse_discontinuous-baseline-n02000-p030-rx070-rs000-s30-rep-00024","main-regional_sparse_discontinuous-baseline-n02000-p030-rx070-rs000-s30","main","regional_sparse_discontinuous","baseline","uniform",2000,30,0.7,0,0,3,32,24,"62:124:248",160270689,201860265,132739773
"main-regional_sparse_discontinuous-baseline-n02000-p030-rx070-rs000-s30-rep-00025","main-regional_sparse_discontinuous-baseline-n02000-p030-rx070-rs000-s30","main","regional_sparse_discontinuous","baseline","uniform",2000,30,0.7,0,0,3,32,25,"62:124:248",160401052,202029352,132844502
"main-regional_sparse_discontinuous-baseline-n02000-p030-rx070-rs000-s30-rep-00026","main-regional_sparse_discontinuous-baseline-n02000-p030-rx070-rs000-s30","main","regional_sparse_discontinuous","baseline","uniform",2000,30,0.7,0,0,3,32,26,"62:124:248",160531415,202198439,132949231
"main-regional_sparse_discontinuous-baseline-n02000-p030-rx070-rs000-s30-rep-00027","main-regional_sparse_discontinuous-baseline-n02000-p030-rx070-rs000-s30","main","regional_sparse_discontinuous","baseline","uniform",2000,30,0.7,0,0,3,32,27,"62:124:248",160661778,202367526,133053960
"main-regional_sparse_discontinuous-baseline-n02000-p030-rx070-rs000-s30-rep-00028","main-regional_sparse_discontinuous-baseline-n02000-p030-rx070-rs000-s30","main","regional_sparse_discontinuous","baseline","uniform",2000,30,0.7,0,0,3,32,28,"62:124:248",160792141,202536613,133158689
"main-regional_sparse_discontinuous-baseline-n02000-p030-rx070-rs000-s30-rep-00029","main-regional_sparse_discontinuous-baseline-n02000-p030-rx070-rs000-s30","main","regional_sparse_discontinuous","baseline","uniform",2000,30,0.7,0,0,3,32,29,"62:124:248",160922504,202705700,133263418
"main-regional_sparse_discontinuous-baseline-n02000-p030-rx070-rs000-s30-rep-00030","main-regional_sparse_discontinuous-baseline-n02000-p030-rx070-rs000-s30","main","regional_sparse_discontinuous","baseline","uniform",2000,30,0.7,0,0,3,32,30,"62:124:248",161052867,202874787,133368147
"main-regional_sparse_discontinuous-baseline-n02000-p030-rx070-rs000-s30-rep-00031","main-regional_sparse_discontinuous-baseline-n02000-p030-rx070-rs000-s30","main","regional_sparse_discontinuous","baseline","uniform",2000,30,0.7,0,0,3,32,31,"62:124:248",161183230,203043874,133472876
"main-regional_sparse_discontinuous-baseline-n02000-p030-rx070-rs000-s30-rep-00032","main-regional_sparse_discontinuous-baseline-n02000-p030-rx070-rs000-s30","main","regional_sparse_discontinuous","baseline","uniform",2000,30,0.7,0,0,3,32,32,"62:124:248",161313593,203212961,133577605
"main-regional_sparse_discontinuous-baseline-n02000-p030-rx070-rs000-s30-rep-00033","main-regional_sparse_discontinuous-baseline-n02000-p030-rx070-rs000-s30","main","regional_sparse_discontinuous","baseline","uniform",2000,30,0.7,0,0,3,32,33,"62:124:248",161443956,203382048,133682334
"main-regional_sparse_discontinuous-baseline-n02000-p030-rx070-rs000-s30-rep-00034","main-regional_sparse_discontinuous-baseline-n02000-p030-rx070-rs000-s30","main","regional_sparse_discontinuous","baseline","uniform",2000,30,0.7,0,0,3,32,34,"62:124:248",161574319,203551135,133787063
"main-regional_sparse_discontinuous-baseline-n02000-p030-rx070-rs000-s30-rep-00035","main-regional_sparse_discontinuous-baseline-n02000-p030-rx070-rs000-s30","main","regional_sparse_discontinuous","baseline","uniform",2000,30,0.7,0,0,3,32,35,"62:124:248",161704682,203720222,133891792
"main-regional_sparse_discontinuous-baseline-n02000-p030-rx070-rs000-s30-rep-00036","main-regional_sparse_discontinuous-baseline-n02000-p030-rx070-rs000-s30","main","regional_sparse_discontinuous","baseline","uniform",2000,30,0.7,0,0,3,32,36,"62:124:248",161835045,203889309,133996521
"main-regional_sparse_discontinuous-baseline-n02000-p030-rx070-rs000-s30-rep-00037","main-regional_sparse_discontinuous-baseline-n02000-p030-rx070-rs000-s30","main","regional_sparse_discontinuous","baseline","uniform",2000,30,0.7,0,0,3,32,37,"62:124:248",161965408,204058396,134101250
"main-regional_sparse_discontinuous-baseline-n02000-p030-rx070-rs000-s30-rep-00038","main-regional_sparse_discontinuous-baseline-n02000-p030-rx070-rs000-s30","main","regional_sparse_discontinuous","baseline","uniform",2000,30,0.7,0,0,3,32,38,"62:124:248",162095771,204227483,134205979
"main-regional_sparse_discontinuous-baseline-n02000-p030-rx070-rs000-s30-rep-00039","main-regional_sparse_discontinuous-baseline-n02000-p030-rx070-rs000-s30","main","regional_sparse_discontinuous","baseline","uniform",2000,30,0.7,0,0,3,32,39,"62:124:248",162226134,204396570,134310708
"main-regional_sparse_discontinuous-baseline-n02000-p030-rx070-rs000-s30-rep-00040","main-regional_sparse_discontinuous-baseline-n02000-p030-rx070-rs000-s30","main","regional_sparse_discontinuous","baseline","uniform",2000,30,0.7,0,0,3,32,40,"62:124:248",162356497,204565657,134415437
"main-regional_sparse_discontinuous-baseline-n02000-p030-rx070-rs000-s30-rep-00041","main-regional_sparse_discontinuous-baseline-n02000-p030-rx070-rs000-s30","main","regional_sparse_discontinuous","baseline","uniform",2000,30,0.7,0,0,3,32,41,"62:124:248",162486860,204734744,134520166
"main-regional_sparse_discontinuous-baseline-n02000-p030-rx070-rs000-s30-rep-00042","main-regional_sparse_discontinuous-baseline-n02000-p030-rx070-rs000-s30","main","regional_sparse_discontinuous","baseline","uniform",2000,30,0.7,0,0,3,32,42,"62:124:248",162617223,204903831,134624895
"main-regional_sparse_discontinuous-baseline-n02000-p030-rx070-rs000-s30-rep-00043","main-regional_sparse_discontinuous-baseline-n02000-p030-rx070-rs000-s30","main","regional_sparse_discontinuous","baseline","uniform",2000,30,0.7,0,0,3,32,43,"62:124:248",162747586,205072918,134729624
"main-regional_sparse_discontinuous-baseline-n02000-p030-rx070-rs000-s30-rep-00044","main-regional_sparse_discontinuous-baseline-n02000-p030-rx070-rs000-s30","main","regional_sparse_discontinuous","baseline","uniform",2000,30,0.7,0,0,3,32,44,"62:124:248",162877949,205242005,134834353
"main-regional_sparse_discontinuous-baseline-n02000-p030-rx070-rs000-s30-rep-00045","main-regional_sparse_discontinuous-baseline-n02000-p030-rx070-rs000-s30","main","regional_sparse_discontinuous","baseline","uniform",2000,30,0.7,0,0,3,32,45,"62:124:248",163008312,205411092,134939082
"main-regional_sparse_discontinuous-baseline-n02000-p030-rx070-rs000-s30-rep-00046","main-regional_sparse_discontinuous-baseline-n02000-p030-rx070-rs000-s30","main","regional_sparse_discontinuous","baseline","uniform",2000,30,0.7,0,0,3,32,46,"62:124:248",163138675,205580179,135043811
"main-regional_sparse_discontinuous-baseline-n02000-p030-rx070-rs000-s30-rep-00047","main-regional_sparse_discontinuous-baseline-n02000-p030-rx070-rs000-s30","main","regional_sparse_discontinuous","baseline","uniform",2000,30,0.7,0,0,3,32,47,"62:124:248",163269038,205749266,135148540
"main-regional_sparse_discontinuous-baseline-n02000-p030-rx070-rs000-s30-rep-00048","main-regional_sparse_discontinuous-baseline-n02000-p030-rx070-rs000-s30","main","regional_sparse_discontinuous","baseline","uniform",2000,30,0.7,0,0,3,32,48,"62:124:248",163399401,205918353,135253269
"main-regional_sparse_discontinuous-baseline-n02000-p030-rx070-rs000-s30-rep-00049","main-regional_sparse_discontinuous-baseline-n02000-p030-rx070-rs000-s30","main","regional_sparse_discontinuous","baseline","uniform",2000,30,0.7,0,0,3,32,49,"62:124:248",163529764,206087440,135357998
"main-regional_sparse_discontinuous-baseline-n02000-p030-rx070-rs000-s30-rep-00050","main-regional_sparse_discontinuous-baseline-n02000-p030-rx070-rs000-s30","main","regional_sparse_discontinuous","baseline","uniform",2000,30,0.7,0,0,3,32,50,"62:124:248",163660127,206256527,135462727
"main-smooth_multiscale_local_sparse-baseline-n10000-p030-rx070-rs000-s30-rep-00001","main-smooth_multiscale_local_sparse-baseline-n10000-p030-rx070-rs000-s30","main","smooth_multiscale_local_sparse","baseline","uniform",10000,30,0.7,0,0,3,32,1,"250:500:1000",163790490,206425614,135567456
"main-smooth_multiscale_local_sparse-baseline-n10000-p030-rx070-rs000-s30-rep-00002","main-smooth_multiscale_local_sparse-baseline-n10000-p030-rx070-rs000-s30","main","smooth_multiscale_local_sparse","baseline","uniform",10000,30,0.7,0,0,3,32,2,"250:500:1000",163920853,206594701,135672185
"main-smooth_multiscale_local_sparse-baseline-n10000-p030-rx070-rs000-s30-rep-00003","main-smooth_multiscale_local_sparse-baseline-n10000-p030-rx070-rs000-s30","main","smooth_multiscale_local_sparse","baseline","uniform",10000,30,0.7,0,0,3,32,3,"250:500:1000",164051216,206763788,135776914
"main-smooth_multiscale_local_sparse-baseline-n10000-p030-rx070-rs000-s30-rep-00004","main-smooth_multiscale_local_sparse-baseline-n10000-p030-rx070-rs000-s30","main","smooth_multiscale_local_sparse","baseline","uniform",10000,30,0.7,0,0,3,32,4,"250:500:1000",164181579,206932875,135881643
"main-smooth_multiscale_local_sparse-baseline-n10000-p030-rx070-rs000-s30-rep-00005","main-smooth_multiscale_local_sparse-baseline-n10000-p030-rx070-rs000-s30","main","smooth_multiscale_local_sparse","baseline","uniform",10000,30,0.7,0,0,3,32,5,"250:500:1000",164311942,207101962,135986372
"main-smooth_multiscale_local_sparse-baseline-n10000-p030-rx070-rs000-s30-rep-00006","main-smooth_multiscale_local_sparse-baseline-n10000-p030-rx070-rs000-s30","main","smooth_multiscale_local_sparse","baseline","uniform",10000,30,0.7,0,0,3,32,6,"250:500:1000",164442305,207271049,136091101
"main-smooth_multiscale_local_sparse-baseline-n10000-p030-rx070-rs000-s30-rep-00007","main-smooth_multiscale_local_sparse-baseline-n10000-p030-rx070-rs000-s30","main","smooth_multiscale_local_sparse","baseline","uniform",10000,30,0.7,0,0,3,32,7,"250:500:1000",164572668,207440136,136195830
"main-smooth_multiscale_local_sparse-baseline-n10000-p030-rx070-rs000-s30-rep-00008","main-smooth_multiscale_local_sparse-baseline-n10000-p030-rx070-rs000-s30","main","smooth_multiscale_local_sparse","baseline","uniform",10000,30,0.7,0,0,3,32,8,"250:500:1000",164703031,207609223,136300559
"main-smooth_multiscale_local_sparse-baseline-n10000-p030-rx070-rs000-s30-rep-00009","main-smooth_multiscale_local_sparse-baseline-n10000-p030-rx070-rs000-s30","main","smooth_multiscale_local_sparse","baseline","uniform",10000,30,0.7,0,0,3,32,9,"250:500:1000",164833394,207778310,136405288
"main-smooth_multiscale_local_sparse-baseline-n10000-p030-rx070-rs000-s30-rep-00010","main-smooth_multiscale_local_sparse-baseline-n10000-p030-rx070-rs000-s30","main","smooth_multiscale_local_sparse","baseline","uniform",10000,30,0.7,0,0,3,32,10,"250:500:1000",164963757,207947397,136510017
"main-smooth_multiscale_local_sparse-baseline-n10000-p030-rx070-rs000-s30-rep-00011","main-smooth_multiscale_local_sparse-baseline-n10000-p030-rx070-rs000-s30","main","smooth_multiscale_local_sparse","baseline","uniform",10000,30,0.7,0,0,3,32,11,"250:500:1000",165094120,208116484,136614746
"main-smooth_multiscale_local_sparse-baseline-n10000-p030-rx070-rs000-s30-rep-00012","main-smooth_multiscale_local_sparse-baseline-n10000-p030-rx070-rs000-s30","main","smooth_multiscale_local_sparse","baseline","uniform",10000,30,0.7,0,0,3,32,12,"250:500:1000",165224483,208285571,136719475
"main-smooth_multiscale_local_sparse-baseline-n10000-p030-rx070-rs000-s30-rep-00013","main-smooth_multiscale_local_sparse-baseline-n10000-p030-rx070-rs000-s30","main","smooth_multiscale_local_sparse","baseline","uniform",10000,30,0.7,0,0,3,32,13,"250:500:1000",165354846,208454658,136824204
"main-smooth_multiscale_local_sparse-baseline-n10000-p030-rx070-rs000-s30-rep-00014","main-smooth_multiscale_local_sparse-baseline-n10000-p030-rx070-rs000-s30","main","smooth_multiscale_local_sparse","baseline","uniform",10000,30,0.7,0,0,3,32,14,"250:500:1000",165485209,208623745,136928933
"main-smooth_multiscale_local_sparse-baseline-n10000-p030-rx070-rs000-s30-rep-00015","main-smooth_multiscale_local_sparse-baseline-n10000-p030-rx070-rs000-s30","main","smooth_multiscale_local_sparse","baseline","uniform",10000,30,0.7,0,0,3,32,15,"250:500:1000",165615572,208792832,137033662
"main-smooth_multiscale_local_sparse-baseline-n10000-p030-rx070-rs000-s30-rep-00016","main-smooth_multiscale_local_sparse-baseline-n10000-p030-rx070-rs000-s30","main","smooth_multiscale_local_sparse","baseline","uniform",10000,30,0.7,0,0,3,32,16,"250:500:1000",165745935,208961919,137138391
"main-smooth_multiscale_local_sparse-baseline-n10000-p030-rx070-rs000-s30-rep-00017","main-smooth_multiscale_local_sparse-baseline-n10000-p030-rx070-rs000-s30","main","smooth_multiscale_local_sparse","baseline","uniform",10000,30,0.7,0,0,3,32,17,"250:500:1000",165876298,209131006,137243120
"main-smooth_multiscale_local_sparse-baseline-n10000-p030-rx070-rs000-s30-rep-00018","main-smooth_multiscale_local_sparse-baseline-n10000-p030-rx070-rs000-s30","main","smooth_multiscale_local_sparse","baseline","uniform",10000,30,0.7,0,0,3,32,18,"250:500:1000",166006661,209300093,137347849
"main-smooth_multiscale_local_sparse-baseline-n10000-p030-rx070-rs000-s30-rep-00019","main-smooth_multiscale_local_sparse-baseline-n10000-p030-rx070-rs000-s30","main","smooth_multiscale_local_sparse","baseline","uniform",10000,30,0.7,0,0,3,32,19,"250:500:1000",166137024,209469180,137452578
"main-smooth_multiscale_local_sparse-baseline-n10000-p030-rx070-rs000-s30-rep-00020","main-smooth_multiscale_local_sparse-baseline-n10000-p030-rx070-rs000-s30","main","smooth_multiscale_local_sparse","baseline","uniform",10000,30,0.7,0,0,3,32,20,"250:500:1000",166267387,209638267,137557307
"main-smooth_multiscale_local_sparse-baseline-n10000-p030-rx070-rs000-s30-rep-00021","main-smooth_multiscale_local_sparse-baseline-n10000-p030-rx070-rs000-s30","main","smooth_multiscale_local_sparse","baseline","uniform",10000,30,0.7,0,0,3,32,21,"250:500:1000",166397750,209807354,137662036
"main-smooth_multiscale_local_sparse-baseline-n10000-p030-rx070-rs000-s30-rep-00022","main-smooth_multiscale_local_sparse-baseline-n10000-p030-rx070-rs000-s30","main","smooth_multiscale_local_sparse","baseline","uniform",10000,30,0.7,0,0,3,32,22,"250:500:1000",166528113,209976441,137766765
"main-smooth_multiscale_local_sparse-baseline-n10000-p030-rx070-rs000-s30-rep-00023","main-smooth_multiscale_local_sparse-baseline-n10000-p030-rx070-rs000-s30","main","smooth_multiscale_local_sparse","baseline","uniform",10000,30,0.7,0,0,3,32,23,"250:500:1000",166658476,210145528,137871494
"main-smooth_multiscale_local_sparse-baseline-n10000-p030-rx070-rs000-s30-rep-00024","main-smooth_multiscale_local_sparse-baseline-n10000-p030-rx070-rs000-s30","main","smooth_multiscale_local_sparse","baseline","uniform",10000,30,0.7,0,0,3,32,24,"250:500:1000",166788839,210314615,137976223
"main-smooth_multiscale_local_sparse-baseline-n10000-p030-rx070-rs000-s30-rep-00025","main-smooth_multiscale_local_sparse-baseline-n10000-p030-rx070-rs000-s30","main","smooth_multiscale_local_sparse","baseline","uniform",10000,30,0.7,0,0,3,32,25,"250:500:1000",166919202,210483702,138080952
"main-smooth_multiscale_local_sparse-baseline-n10000-p030-rx070-rs000-s30-rep-00026","main-smooth_multiscale_local_sparse-baseline-n10000-p030-rx070-rs000-s30","main","smooth_multiscale_local_sparse","baseline","uniform",10000,30,0.7,0,0,3,32,26,"250:500:1000",167049565,210652789,138185681
"main-smooth_multiscale_local_sparse-baseline-n10000-p030-rx070-rs000-s30-rep-00027","main-smooth_multiscale_local_sparse-baseline-n10000-p030-rx070-rs000-s30","main","smooth_multiscale_local_sparse","baseline","uniform",10000,30,0.7,0,0,3,32,27,"250:500:1000",167179928,210821876,138290410
"main-smooth_multiscale_local_sparse-baseline-n10000-p030-rx070-rs000-s30-rep-00028","main-smooth_multiscale_local_sparse-baseline-n10000-p030-rx070-rs000-s30","main","smooth_multiscale_local_sparse","baseline","uniform",10000,30,0.7,0,0,3,32,28,"250:500:1000",167310291,210990963,138395139
"main-smooth_multiscale_local_sparse-baseline-n10000-p030-rx070-rs000-s30-rep-00029","main-smooth_multiscale_local_sparse-baseline-n10000-p030-rx070-rs000-s30","main","smooth_multiscale_local_sparse","baseline","uniform",10000,30,0.7,0,0,3,32,29,"250:500:1000",167440654,211160050,138499868
"main-smooth_multiscale_local_sparse-baseline-n10000-p030-rx070-rs000-s30-rep-00030","main-smooth_multiscale_local_sparse-baseline-n10000-p030-rx070-rs000-s30","main","smooth_multiscale_local_sparse","baseline","uniform",10000,30,0.7,0,0,3,32,30,"250:500:1000",167571017,211329137,138604597
"main-smooth_multiscale_local_sparse-baseline-n10000-p030-rx070-rs000-s30-rep-00031","main-smooth_multiscale_local_sparse-baseline-n10000-p030-rx070-rs000-s30","main","smooth_multiscale_local_sparse","baseline","uniform",10000,30,0.7,0,0,3,32,31,"250:500:1000",167701380,211498224,138709326
"main-smooth_multiscale_local_sparse-baseline-n10000-p030-rx070-rs000-s30-rep-00032","main-smooth_multiscale_local_sparse-baseline-n10000-p030-rx070-rs000-s30","main","smooth_multiscale_local_sparse","baseline","uniform",10000,30,0.7,0,0,3,32,32,"250:500:1000",167831743,211667311,138814055
"main-smooth_multiscale_local_sparse-baseline-n10000-p030-rx070-rs000-s30-rep-00033","main-smooth_multiscale_local_sparse-baseline-n10000-p030-rx070-rs000-s30","main","smooth_multiscale_local_sparse","baseline","uniform",10000,30,0.7,0,0,3,32,33,"250:500:1000",167962106,211836398,138918784
"main-smooth_multiscale_local_sparse-baseline-n10000-p030-rx070-rs000-s30-rep-00034","main-smooth_multiscale_local_sparse-baseline-n10000-p030-rx070-rs000-s30","main","smooth_multiscale_local_sparse","baseline","uniform",10000,30,0.7,0,0,3,32,34,"250:500:1000",168092469,212005485,139023513
"main-smooth_multiscale_local_sparse-baseline-n10000-p030-rx070-rs000-s30-rep-00035","main-smooth_multiscale_local_sparse-baseline-n10000-p030-rx070-rs000-s30","main","smooth_multiscale_local_sparse","baseline","uniform",10000,30,0.7,0,0,3,32,35,"250:500:1000",168222832,212174572,139128242
"main-smooth_multiscale_local_sparse-baseline-n10000-p030-rx070-rs000-s30-rep-00036","main-smooth_multiscale_local_sparse-baseline-n10000-p030-rx070-rs000-s30","main","smooth_multiscale_local_sparse","baseline","uniform",10000,30,0.7,0,0,3,32,36,"250:500:1000",168353195,212343659,139232971
"main-smooth_multiscale_local_sparse-baseline-n10000-p030-rx070-rs000-s30-rep-00037","main-smooth_multiscale_local_sparse-baseline-n10000-p030-rx070-rs000-s30","main","smooth_multiscale_local_sparse","baseline","uniform",10000,30,0.7,0,0,3,32,37,"250:500:1000",168483558,212512746,139337700
"main-smooth_multiscale_local_sparse-baseline-n10000-p030-rx070-rs000-s30-rep-00038","main-smooth_multiscale_local_sparse-baseline-n10000-p030-rx070-rs000-s30","main","smooth_multiscale_local_sparse","baseline","uniform",10000,30,0.7,0,0,3,32,38,"250:500:1000",168613921,212681833,139442429
"main-smooth_multiscale_local_sparse-baseline-n10000-p030-rx070-rs000-s30-rep-00039","main-smooth_multiscale_local_sparse-baseline-n10000-p030-rx070-rs000-s30","main","smooth_multiscale_local_sparse","baseline","uniform",10000,30,0.7,0,0,3,32,39,"250:500:1000",168744284,212850920,139547158
"main-smooth_multiscale_local_sparse-baseline-n10000-p030-rx070-rs000-s30-rep-00040","main-smooth_multiscale_local_sparse-baseline-n10000-p030-rx070-rs000-s30","main","smooth_multiscale_local_sparse","baseline","uniform",10000,30,0.7,0,0,3,32,40,"250:500:1000",168874647,213020007,139651887
"main-smooth_multiscale_local_sparse-baseline-n10000-p030-rx070-rs000-s30-rep-00041","main-smooth_multiscale_local_sparse-baseline-n10000-p030-rx070-rs000-s30","main","smooth_multiscale_local_sparse","baseline","uniform",10000,30,0.7,0,0,3,32,41,"250:500:1000",169005010,213189094,139756616
"main-smooth_multiscale_local_sparse-baseline-n10000-p030-rx070-rs000-s30-rep-00042","main-smooth_multiscale_local_sparse-baseline-n10000-p030-rx070-rs000-s30","main","smooth_multiscale_local_sparse","baseline","uniform",10000,30,0.7,0,0,3,32,42,"250:500:1000",169135373,213358181,139861345
"main-smooth_multiscale_local_sparse-baseline-n10000-p030-rx070-rs000-s30-rep-00043","main-smooth_multiscale_local_sparse-baseline-n10000-p030-rx070-rs000-s30","main","smooth_multiscale_local_sparse","baseline","uniform",10000,30,0.7,0,0,3,32,43,"250:500:1000",169265736,213527268,139966074
"main-smooth_multiscale_local_sparse-baseline-n10000-p030-rx070-rs000-s30-rep-00044","main-smooth_multiscale_local_sparse-baseline-n10000-p030-rx070-rs000-s30","main","smooth_multiscale_local_sparse","baseline","uniform",10000,30,0.7,0,0,3,32,44,"250:500:1000",169396099,213696355,140070803
"main-smooth_multiscale_local_sparse-baseline-n10000-p030-rx070-rs000-s30-rep-00045","main-smooth_multiscale_local_sparse-baseline-n10000-p030-rx070-rs000-s30","main","smooth_multiscale_local_sparse","baseline","uniform",10000,30,0.7,0,0,3,32,45,"250:500:1000",169526462,213865442,140175532
"main-smooth_multiscale_local_sparse-baseline-n10000-p030-rx070-rs000-s30-rep-00046","main-smooth_multiscale_local_sparse-baseline-n10000-p030-rx070-rs000-s30","main","smooth_multiscale_local_sparse","baseline","uniform",10000,30,0.7,0,0,3,32,46,"250:500:1000",169656825,214034529,140280261
"main-smooth_multiscale_local_sparse-baseline-n10000-p030-rx070-rs000-s30-rep-00047","main-smooth_multiscale_local_sparse-baseline-n10000-p030-rx070-rs000-s30","main","smooth_multiscale_local_sparse","baseline","uniform",10000,30,0.7,0,0,3,32,47,"250:500:1000",169787188,214203616,140384990
"main-smooth_multiscale_local_sparse-baseline-n10000-p030-rx070-rs000-s30-rep-00048","main-smooth_multiscale_local_sparse-baseline-n10000-p030-rx070-rs000-s30","main","smooth_multiscale_local_sparse","baseline","uniform",10000,30,0.7,0,0,3,32,48,"250:500:1000",169917551,214372703,140489719
"main-smooth_multiscale_local_sparse-baseline-n10000-p030-rx070-rs000-s30-rep-00049","main-smooth_multiscale_local_sparse-baseline-n10000-p030-rx070-rs000-s30","main","smooth_multiscale_local_sparse","baseline","uniform",10000,30,0.7,0,0,3,32,49,"250:500:1000",170047914,214541790,140594448
"main-smooth_multiscale_local_sparse-baseline-n10000-p030-rx070-rs000-s30-rep-00050","main-smooth_multiscale_local_sparse-baseline-n10000-p030-rx070-rs000-s30","main","smooth_multiscale_local_sparse","baseline","uniform",10000,30,0.7,0,0,3,32,50,"250:500:1000",170178277,214710877,140699177
"main-regional_sparse_discontinuous-baseline-n10000-p030-rx070-rs000-s30-rep-00001","main-regional_sparse_discontinuous-baseline-n10000-p030-rx070-rs000-s30","main","regional_sparse_discontinuous","baseline","uniform",10000,30,0.7,0,0,3,32,1,"250:500:1000",170308640,214879964,140803906
"main-regional_sparse_discontinuous-baseline-n10000-p030-rx070-rs000-s30-rep-00002","main-regional_sparse_discontinuous-baseline-n10000-p030-rx070-rs000-s30","main","regional_sparse_discontinuous","baseline","uniform",10000,30,0.7,0,0,3,32,2,"250:500:1000",170439003,215049051,140908635
"main-regional_sparse_discontinuous-baseline-n10000-p030-rx070-rs000-s30-rep-00003","main-regional_sparse_discontinuous-baseline-n10000-p030-rx070-rs000-s30","main","regional_sparse_discontinuous","baseline","uniform",10000,30,0.7,0,0,3,32,3,"250:500:1000",170569366,215218138,141013364
"main-regional_sparse_discontinuous-baseline-n10000-p030-rx070-rs000-s30-rep-00004","main-regional_sparse_discontinuous-baseline-n10000-p030-rx070-rs000-s30","main","regional_sparse_discontinuous","baseline","uniform",10000,30,0.7,0,0,3,32,4,"250:500:1000",170699729,215387225,141118093
"main-regional_sparse_discontinuous-baseline-n10000-p030-rx070-rs000-s30-rep-00005","main-regional_sparse_discontinuous-baseline-n10000-p030-rx070-rs000-s30","main","regional_sparse_discontinuous","baseline","uniform",10000,30,0.7,0,0,3,32,5,"250:500:1000",170830092,215556312,141222822
"main-regional_sparse_discontinuous-baseline-n10000-p030-rx070-rs000-s30-rep-00006","main-regional_sparse_discontinuous-baseline-n10000-p030-rx070-rs000-s30","main","regional_sparse_discontinuous","baseline","uniform",10000,30,0.7,0,0,3,32,6,"250:500:1000",170960455,215725399,141327551
"main-regional_sparse_discontinuous-baseline-n10000-p030-rx070-rs000-s30-rep-00007","main-regional_sparse_discontinuous-baseline-n10000-p030-rx070-rs000-s30","main","regional_sparse_discontinuous","baseline","uniform",10000,30,0.7,0,0,3,32,7,"250:500:1000",171090818,215894486,141432280
"main-regional_sparse_discontinuous-baseline-n10000-p030-rx070-rs000-s30-rep-00008","main-regional_sparse_discontinuous-baseline-n10000-p030-rx070-rs000-s30","main","regional_sparse_discontinuous","baseline","uniform",10000,30,0.7,0,0,3,32,8,"250:500:1000",171221181,216063573,141537009
"main-regional_sparse_discontinuous-baseline-n10000-p030-rx070-rs000-s30-rep-00009","main-regional_sparse_discontinuous-baseline-n10000-p030-rx070-rs000-s30","main","regional_sparse_discontinuous","baseline","uniform",10000,30,0.7,0,0,3,32,9,"250:500:1000",171351544,216232660,141641738
"main-regional_sparse_discontinuous-baseline-n10000-p030-rx070-rs000-s30-rep-00010","main-regional_sparse_discontinuous-baseline-n10000-p030-rx070-rs000-s30","main","regional_sparse_discontinuous","baseline","uniform",10000,30,0.7,0,0,3,32,10,"250:500:1000",171481907,216401747,141746467
"main-regional_sparse_discontinuous-baseline-n10000-p030-rx070-rs000-s30-rep-00011","main-regional_sparse_discontinuous-baseline-n10000-p030-rx070-rs000-s30","main","regional_sparse_discontinuous","baseline","uniform",10000,30,0.7,0,0,3,32,11,"250:500:1000",171612270,216570834,141851196
"main-regional_sparse_discontinuous-baseline-n10000-p030-rx070-rs000-s30-rep-00012","main-regional_sparse_discontinuous-baseline-n10000-p030-rx070-rs000-s30","main","regional_sparse_discontinuous","baseline","uniform",10000,30,0.7,0,0,3,32,12,"250:500:1000",171742633,216739921,141955925
"main-regional_sparse_discontinuous-baseline-n10000-p030-rx070-rs000-s30-rep-00013","main-regional_sparse_discontinuous-baseline-n10000-p030-rx070-rs000-s30","main","regional_sparse_discontinuous","baseline","uniform",10000,30,0.7,0,0,3,32,13,"250:500:1000",171872996,216909008,142060654
"main-regional_sparse_discontinuous-baseline-n10000-p030-rx070-rs000-s30-rep-00014","main-regional_sparse_discontinuous-baseline-n10000-p030-rx070-rs000-s30","main","regional_sparse_discontinuous","baseline","uniform",10000,30,0.7,0,0,3,32,14,"250:500:1000",172003359,217078095,142165383
"main-regional_sparse_discontinuous-baseline-n10000-p030-rx070-rs000-s30-rep-00015","main-regional_sparse_discontinuous-baseline-n10000-p030-rx070-rs000-s30","main","regional_sparse_discontinuous","baseline","uniform",10000,30,0.7,0,0,3,32,15,"250:500:1000",172133722,217247182,142270112
"main-regional_sparse_discontinuous-baseline-n10000-p030-rx070-rs000-s30-rep-00016","main-regional_sparse_discontinuous-baseline-n10000-p030-rx070-rs000-s30","main","regional_sparse_discontinuous","baseline","uniform",10000,30,0.7,0,0,3,32,16,"250:500:1000",172264085,217416269,142374841
"main-regional_sparse_discontinuous-baseline-n10000-p030-rx070-rs000-s30-rep-00017","main-regional_sparse_discontinuous-baseline-n10000-p030-rx070-rs000-s30","main","regional_sparse_discontinuous","baseline","uniform",10000,30,0.7,0,0,3,32,17,"250:500:1000",172394448,217585356,142479570
"main-regional_sparse_discontinuous-baseline-n10000-p030-rx070-rs000-s30-rep-00018","main-regional_sparse_discontinuous-baseline-n10000-p030-rx070-rs000-s30","main","regional_sparse_discontinuous","baseline","uniform",10000,30,0.7,0,0,3,32,18,"250:500:1000",172524811,217754443,142584299
"main-regional_sparse_discontinuous-baseline-n10000-p030-rx070-rs000-s30-rep-00019","main-regional_sparse_discontinuous-baseline-n10000-p030-rx070-rs000-s30","main","regional_sparse_discontinuous","baseline","uniform",10000,30,0.7,0,0,3,32,19,"250:500:1000",172655174,217923530,142689028
"main-regional_sparse_discontinuous-baseline-n10000-p030-rx070-rs000-s30-rep-00020","main-regional_sparse_discontinuous-baseline-n10000-p030-rx070-rs000-s30","main","regional_sparse_discontinuous","baseline","uniform",10000,30,0.7,0,0,3,32,20,"250:500:1000",172785537,218092617,142793757
"main-regional_sparse_discontinuous-baseline-n10000-p030-rx070-rs000-s30-rep-00021","main-regional_sparse_discontinuous-baseline-n10000-p030-rx070-rs000-s30","main","regional_sparse_discontinuous","baseline","uniform",10000,30,0.7,0,0,3,32,21,"250:500:1000",172915900,218261704,142898486
"main-regional_sparse_discontinuous-baseline-n10000-p030-rx070-rs000-s30-rep-00022","main-regional_sparse_discontinuous-baseline-n10000-p030-rx070-rs000-s30","main","regional_sparse_discontinuous","baseline","uniform",10000,30,0.7,0,0,3,32,22,"250:500:1000",173046263,218430791,143003215
"main-regional_sparse_discontinuous-baseline-n10000-p030-rx070-rs000-s30-rep-00023","main-regional_sparse_discontinuous-baseline-n10000-p030-rx070-rs000-s30","main","regional_sparse_discontinuous","baseline","uniform",10000,30,0.7,0,0,3,32,23,"250:500:1000",173176626,218599878,143107944
"main-regional_sparse_discontinuous-baseline-n10000-p030-rx070-rs000-s30-rep-00024","main-regional_sparse_discontinuous-baseline-n10000-p030-rx070-rs000-s30","main","regional_sparse_discontinuous","baseline","uniform",10000,30,0.7,0,0,3,32,24,"250:500:1000",173306989,218768965,143212673
"main-regional_sparse_discontinuous-baseline-n10000-p030-rx070-rs000-s30-rep-00025","main-regional_sparse_discontinuous-baseline-n10000-p030-rx070-rs000-s30","main","regional_sparse_discontinuous","baseline","uniform",10000,30,0.7,0,0,3,32,25,"250:500:1000",173437352,218938052,143317402
"main-regional_sparse_discontinuous-baseline-n10000-p030-rx070-rs000-s30-rep-00026","main-regional_sparse_discontinuous-baseline-n10000-p030-rx070-rs000-s30","main","regional_sparse_discontinuous","baseline","uniform",10000,30,0.7,0,0,3,32,26,"250:500:1000",173567715,219107139,143422131
"main-regional_sparse_discontinuous-baseline-n10000-p030-rx070-rs000-s30-rep-00027","main-regional_sparse_discontinuous-baseline-n10000-p030-rx070-rs000-s30","main","regional_sparse_discontinuous","baseline","uniform",10000,30,0.7,0,0,3,32,27,"250:500:1000",173698078,219276226,143526860
"main-regional_sparse_discontinuous-baseline-n10000-p030-rx070-rs000-s30-rep-00028","main-regional_sparse_discontinuous-baseline-n10000-p030-rx070-rs000-s30","main","regional_sparse_discontinuous","baseline","uniform",10000,30,0.7,0,0,3,32,28,"250:500:1000",173828441,219445313,143631589
"main-regional_sparse_discontinuous-baseline-n10000-p030-rx070-rs000-s30-rep-00029","main-regional_sparse_discontinuous-baseline-n10000-p030-rx070-rs000-s30","main","regional_sparse_discontinuous","baseline","uniform",10000,30,0.7,0,0,3,32,29,"250:500:1000",173958804,219614400,143736318
"main-regional_sparse_discontinuous-baseline-n10000-p030-rx070-rs000-s30-rep-00030","main-regional_sparse_discontinuous-baseline-n10000-p030-rx070-rs000-s30","main","regional_sparse_discontinuous","baseline","uniform",10000,30,0.7,0,0,3,32,30,"250:500:1000",174089167,219783487,143841047
"main-regional_sparse_discontinuous-baseline-n10000-p030-rx070-rs000-s30-rep-00031","main-regional_sparse_discontinuous-baseline-n10000-p030-rx070-rs000-s30","main","regional_sparse_discontinuous","baseline","uniform",10000,30,0.7,0,0,3,32,31,"250:500:1000",174219530,219952574,143945776
"main-regional_sparse_discontinuous-baseline-n10000-p030-rx070-rs000-s30-rep-00032","main-regional_sparse_discontinuous-baseline-n10000-p030-rx070-rs000-s30","main","regional_sparse_discontinuous","baseline","uniform",10000,30,0.7,0,0,3,32,32,"250:500:1000",174349893,220121661,144050505
"main-regional_sparse_discontinuous-baseline-n10000-p030-rx070-rs000-s30-rep-00033","main-regional_sparse_discontinuous-baseline-n10000-p030-rx070-rs000-s30","main","regional_sparse_discontinuous","baseline","uniform",10000,30,0.7,0,0,3,32,33,"250:500:1000",174480256,220290748,144155234
"main-regional_sparse_discontinuous-baseline-n10000-p030-rx070-rs000-s30-rep-00034","main-regional_sparse_discontinuous-baseline-n10000-p030-rx070-rs000-s30","main","regional_sparse_discontinuous","baseline","uniform",10000,30,0.7,0,0,3,32,34,"250:500:1000",174610619,220459835,144259963
"main-regional_sparse_discontinuous-baseline-n10000-p030-rx070-rs000-s30-rep-00035","main-regional_sparse_discontinuous-baseline-n10000-p030-rx070-rs000-s30","main","regional_sparse_discontinuous","baseline","uniform",10000,30,0.7,0,0,3,32,35,"250:500:1000",174740982,220628922,144364692
"main-regional_sparse_discontinuous-baseline-n10000-p030-rx070-rs000-s30-rep-00036","main-regional_sparse_discontinuous-baseline-n10000-p030-rx070-rs000-s30","main","regional_sparse_discontinuous","baseline","uniform",10000,30,0.7,0,0,3,32,36,"250:500:1000",174871345,220798009,144469421
"main-regional_sparse_discontinuous-baseline-n10000-p030-rx070-rs000-s30-rep-00037","main-regional_sparse_discontinuous-baseline-n10000-p030-rx070-rs000-s30","main","regional_sparse_discontinuous","baseline","uniform",10000,30,0.7,0,0,3,32,37,"250:500:1000",175001708,220967096,144574150
"main-regional_sparse_discontinuous-baseline-n10000-p030-rx070-rs000-s30-rep-00038","main-regional_sparse_discontinuous-baseline-n10000-p030-rx070-rs000-s30","main","regional_sparse_discontinuous","baseline","uniform",10000,30,0.7,0,0,3,32,38,"250:500:1000",175132071,221136183,144678879
"main-regional_sparse_discontinuous-baseline-n10000-p030-rx070-rs000-s30-rep-00039","main-regional_sparse_discontinuous-baseline-n10000-p030-rx070-rs000-s30","main","regional_sparse_discontinuous","baseline","uniform",10000,30,0.7,0,0,3,32,39,"250:500:1000",175262434,221305270,144783608
"main-regional_sparse_discontinuous-baseline-n10000-p030-rx070-rs000-s30-rep-00040","main-regional_sparse_discontinuous-baseline-n10000-p030-rx070-rs000-s30","main","regional_sparse_discontinuous","baseline","uniform",10000,30,0.7,0,0,3,32,40,"250:500:1000",175392797,221474357,144888337
"main-regional_sparse_discontinuous-baseline-n10000-p030-rx070-rs000-s30-rep-00041","main-regional_sparse_discontinuous-baseline-n10000-p030-rx070-rs000-s30","main","regional_sparse_discontinuous","baseline","uniform",10000,30,0.7,0,0,3,32,41,"250:500:1000",175523160,221643444,144993066
"main-regional_sparse_discontinuous-baseline-n10000-p030-rx070-rs000-s30-rep-00042","main-regional_sparse_discontinuous-baseline-n10000-p030-rx070-rs000-s30","main","regional_sparse_discontinuous","baseline","uniform",10000,30,0.7,0,0,3,32,42,"250:500:1000",175653523,221812531,145097795
"main-regional_sparse_discontinuous-baseline-n10000-p030-rx070-rs000-s30-rep-00043","main-regional_sparse_discontinuous-baseline-n10000-p030-rx070-rs000-s30","main","regional_sparse_discontinuous","baseline","uniform",10000,30,0.7,0,0,3,32,43,"250:500:1000",175783886,221981618,145202524
"main-regional_sparse_discontinuous-baseline-n10000-p030-rx070-rs000-s30-rep-00044","main-regional_sparse_discontinuous-baseline-n10000-p030-rx070-rs000-s30","main","regional_sparse_discontinuous","baseline","uniform",10000,30,0.7,0,0,3,32,44,"250:500:1000",175914249,222150705,145307253
"main-regional_sparse_discontinuous-baseline-n10000-p030-rx070-rs000-s30-rep-00045","main-regional_sparse_discontinuous-baseline-n10000-p030-rx070-rs000-s30","main","regional_sparse_discontinuous","baseline","uniform",10000,30,0.7,0,0,3,32,45,"250:500:1000",176044612,222319792,145411982
"main-regional_sparse_discontinuous-baseline-n10000-p030-rx070-rs000-s30-rep-00046","main-regional_sparse_discontinuous-baseline-n10000-p030-rx070-rs000-s30","main","regional_sparse_discontinuous","baseline","uniform",10000,30,0.7,0,0,3,32,46,"250:500:1000",176174975,222488879,145516711
"main-regional_sparse_discontinuous-baseline-n10000-p030-rx070-rs000-s30-rep-00047","main-regional_sparse_discontinuous-baseline-n10000-p030-rx070-rs000-s30","main","regional_sparse_discontinuous","baseline","uniform",10000,30,0.7,0,0,3,32,47,"250:500:1000",176305338,222657966,145621440
"main-regional_sparse_discontinuous-baseline-n10000-p030-rx070-rs000-s30-rep-00048","main-regional_sparse_discontinuous-baseline-n10000-p030-rx070-rs000-s30","main","regional_sparse_discontinuous","baseline","uniform",10000,30,0.7,0,0,3,32,48,"250:500:1000",176435701,222827053,145726169
"main-regional_sparse_discontinuous-baseline-n10000-p030-rx070-rs000-s30-rep-00049","main-regional_sparse_discontinuous-baseline-n10000-p030-rx070-rs000-s30","main","regional_sparse_discontinuous","baseline","uniform",10000,30,0.7,0,0,3,32,49,"250:500:1000",176566064,222996140,145830898
"main-regional_sparse_discontinuous-baseline-n10000-p030-rx070-rs000-s30-rep-00050","main-regional_sparse_discontinuous-baseline-n10000-p030-rx070-rs000-s30","main","regional_sparse_discontinuous","baseline","uniform",10000,30,0.7,0,0,3,32,50,"250:500:1000",176696427,223165227,145935627
"main-smooth_multiscale_local_sparse-baseline-n02000-p030-rx000-rs070-s30-rep-00001","main-smooth_multiscale_local_sparse-baseline-n02000-p030-rx000-rs070-s30","main","smooth_multiscale_local_sparse","baseline","uniform",2000,30,0,0.7,0,3,32,1,"62:124:248",176826790,223334314,146040356
"main-smooth_multiscale_local_sparse-baseline-n02000-p030-rx000-rs070-s30-rep-00002","main-smooth_multiscale_local_sparse-baseline-n02000-p030-rx000-rs070-s30","main","smooth_multiscale_local_sparse","baseline","uniform",2000,30,0,0.7,0,3,32,2,"62:124:248",176957153,223503401,146145085
"main-smooth_multiscale_local_sparse-baseline-n02000-p030-rx000-rs070-s30-rep-00003","main-smooth_multiscale_local_sparse-baseline-n02000-p030-rx000-rs070-s30","main","smooth_multiscale_local_sparse","baseline","uniform",2000,30,0,0.7,0,3,32,3,"62:124:248",177087516,223672488,146249814
"main-smooth_multiscale_local_sparse-baseline-n02000-p030-rx000-rs070-s30-rep-00004","main-smooth_multiscale_local_sparse-baseline-n02000-p030-rx000-rs070-s30","main","smooth_multiscale_local_sparse","baseline","uniform",2000,30,0,0.7,0,3,32,4,"62:124:248",177217879,223841575,146354543
"main-smooth_multiscale_local_sparse-baseline-n02000-p030-rx000-rs070-s30-rep-00005","main-smooth_multiscale_local_sparse-baseline-n02000-p030-rx000-rs070-s30","main","smooth_multiscale_local_sparse","baseline","uniform",2000,30,0,0.7,0,3,32,5,"62:124:248",177348242,224010662,146459272
"main-smooth_multiscale_local_sparse-baseline-n02000-p030-rx000-rs070-s30-rep-00006","main-smooth_multiscale_local_sparse-baseline-n02000-p030-rx000-rs070-s30","main","smooth_multiscale_local_sparse","baseline","uniform",2000,30,0,0.7,0,3,32,6,"62:124:248",177478605,224179749,146564001
"main-smooth_multiscale_local_sparse-baseline-n02000-p030-rx000-rs070-s30-rep-00007","main-smooth_multiscale_local_sparse-baseline-n02000-p030-rx000-rs070-s30","main","smooth_multiscale_local_sparse","baseline","uniform",2000,30,0,0.7,0,3,32,7,"62:124:248",177608968,224348836,146668730
"main-smooth_multiscale_local_sparse-baseline-n02000-p030-rx000-rs070-s30-rep-00008","main-smooth_multiscale_local_sparse-baseline-n02000-p030-rx000-rs070-s30","main","smooth_multiscale_local_sparse","baseline","uniform",2000,30,0,0.7,0,3,32,8,"62:124:248",177739331,224517923,146773459
"main-smooth_multiscale_local_sparse-baseline-n02000-p030-rx000-rs070-s30-rep-00009","main-smooth_multiscale_local_sparse-baseline-n02000-p030-rx000-rs070-s30","main","smooth_multiscale_local_sparse","baseline","uniform",2000,30,0,0.7,0,3,32,9,"62:124:248",177869694,224687010,146878188
"main-smooth_multiscale_local_sparse-baseline-n02000-p030-rx000-rs070-s30-rep-00010","main-smooth_multiscale_local_sparse-baseline-n02000-p030-rx000-rs070-s30","main","smooth_multiscale_local_sparse","baseline","uniform",2000,30,0,0.7,0,3,32,10,"62:124:248",178000057,224856097,146982917
"main-smooth_multiscale_local_sparse-baseline-n02000-p030-rx000-rs070-s30-rep-00011","main-smooth_multiscale_local_sparse-baseline-n02000-p030-rx000-rs070-s30","main","smooth_multiscale_local_sparse","baseline","uniform",2000,30,0,0.7,0,3,32,11,"62:124:248",178130420,225025184,147087646
"main-smooth_multiscale_local_sparse-baseline-n02000-p030-rx000-rs070-s30-rep-00012","main-smooth_multiscale_local_sparse-baseline-n02000-p030-rx000-rs070-s30","main","smooth_multiscale_local_sparse","baseline","uniform",2000,30,0,0.7,0,3,32,12,"62:124:248",178260783,225194271,147192375
"main-smooth_multiscale_local_sparse-baseline-n02000-p030-rx000-rs070-s30-rep-00013","main-smooth_multiscale_local_sparse-baseline-n02000-p030-rx000-rs070-s30","main","smooth_multiscale_local_sparse","baseline","uniform",2000,30,0,0.7,0,3,32,13,"62:124:248",178391146,225363358,147297104
"main-smooth_multiscale_local_sparse-baseline-n02000-p030-rx000-rs070-s30-rep-00014","main-smooth_multiscale_local_sparse-baseline-n02000-p030-rx000-rs070-s30","main","smooth_multiscale_local_sparse","baseline","uniform",2000,30,0,0.7,0,3,32,14,"62:124:248",178521509,225532445,147401833
"main-smooth_multiscale_local_sparse-baseline-n02000-p030-rx000-rs070-s30-rep-00015","main-smooth_multiscale_local_sparse-baseline-n02000-p030-rx000-rs070-s30","main","smooth_multiscale_local_sparse","baseline","uniform",2000,30,0,0.7,0,3,32,15,"62:124:248",178651872,225701532,147506562
"main-smooth_multiscale_local_sparse-baseline-n02000-p030-rx000-rs070-s30-rep-00016","main-smooth_multiscale_local_sparse-baseline-n02000-p030-rx000-rs070-s30","main","smooth_multiscale_local_sparse","baseline","uniform",2000,30,0,0.7,0,3,32,16,"62:124:248",178782235,225870619,147611291
"main-smooth_multiscale_local_sparse-baseline-n02000-p030-rx000-rs070-s30-rep-00017","main-smooth_multiscale_local_sparse-baseline-n02000-p030-rx000-rs070-s30","main","smooth_multiscale_local_sparse","baseline","uniform",2000,30,0,0.7,0,3,32,17,"62:124:248",178912598,226039706,147716020
"main-smooth_multiscale_local_sparse-baseline-n02000-p030-rx000-rs070-s30-rep-00018","main-smooth_multiscale_local_sparse-baseline-n02000-p030-rx000-rs070-s30","main","smooth_multiscale_local_sparse","baseline","uniform",2000,30,0,0.7,0,3,32,18,"62:124:248",179042961,226208793,147820749
"main-smooth_multiscale_local_sparse-baseline-n02000-p030-rx000-rs070-s30-rep-00019","main-smooth_multiscale_local_sparse-baseline-n02000-p030-rx000-rs070-s30","main","smooth_multiscale_local_sparse","baseline","uniform",2000,30,0,0.7,0,3,32,19,"62:124:248",179173324,226377880,147925478
"main-smooth_multiscale_local_sparse-baseline-n02000-p030-rx000-rs070-s30-rep-00020","main-smooth_multiscale_local_sparse-baseline-n02000-p030-rx000-rs070-s30","main","smooth_multiscale_local_sparse","baseline","uniform",2000,30,0,0.7,0,3,32,20,"62:124:248",179303687,226546967,148030207
"main-smooth_multiscale_local_sparse-baseline-n02000-p030-rx000-rs070-s30-rep-00021","main-smooth_multiscale_local_sparse-baseline-n02000-p030-rx000-rs070-s30","main","smooth_multiscale_local_sparse","baseline","uniform",2000,30,0,0.7,0,3,32,21,"62:124:248",179434050,226716054,148134936
"main-smooth_multiscale_local_sparse-baseline-n02000-p030-rx000-rs070-s30-rep-00022","main-smooth_multiscale_local_sparse-baseline-n02000-p030-rx000-rs070-s30","main","smooth_multiscale_local_sparse","baseline","uniform",2000,30,0,0.7,0,3,32,22,"62:124:248",179564413,226885141,148239665
"main-smooth_multiscale_local_sparse-baseline-n02000-p030-rx000-rs070-s30-rep-00023","main-smooth_multiscale_local_sparse-baseline-n02000-p030-rx000-rs070-s30","main","smooth_multiscale_local_sparse","baseline","uniform",2000,30,0,0.7,0,3,32,23,"62:124:248",179694776,227054228,148344394
"main-smooth_multiscale_local_sparse-baseline-n02000-p030-rx000-rs070-s30-rep-00024","main-smooth_multiscale_local_sparse-baseline-n02000-p030-rx000-rs070-s30","main","smooth_multiscale_local_sparse","baseline","uniform",2000,30,0,0.7,0,3,32,24,"62:124:248",179825139,227223315,148449123
"main-smooth_multiscale_local_sparse-baseline-n02000-p030-rx000-rs070-s30-rep-00025","main-smooth_multiscale_local_sparse-baseline-n02000-p030-rx000-rs070-s30","main","smooth_multiscale_local_sparse","baseline","uniform",2000,30,0,0.7,0,3,32,25,"62:124:248",179955502,227392402,148553852
"main-smooth_multiscale_local_sparse-baseline-n02000-p030-rx000-rs070-s30-rep-00026","main-smooth_multiscale_local_sparse-baseline-n02000-p030-rx000-rs070-s30","main","smooth_multiscale_local_sparse","baseline","uniform",2000,30,0,0.7,0,3,32,26,"62:124:248",180085865,227561489,148658581
"main-smooth_multiscale_local_sparse-baseline-n02000-p030-rx000-rs070-s30-rep-00027","main-smooth_multiscale_local_sparse-baseline-n02000-p030-rx000-rs070-s30","main","smooth_multiscale_local_sparse","baseline","uniform",2000,30,0,0.7,0,3,32,27,"62:124:248",180216228,227730576,148763310
"main-smooth_multiscale_local_sparse-baseline-n02000-p030-rx000-rs070-s30-rep-00028","main-smooth_multiscale_local_sparse-baseline-n02000-p030-rx000-rs070-s30","main","smooth_multiscale_local_sparse","baseline","uniform",2000,30,0,0.7,0,3,32,28,"62:124:248",180346591,227899663,148868039
"main-smooth_multiscale_local_sparse-baseline-n02000-p030-rx000-rs070-s30-rep-00029","main-smooth_multiscale_local_sparse-baseline-n02000-p030-rx000-rs070-s30","main","smooth_multiscale_local_sparse","baseline","uniform",2000,30,0,0.7,0,3,32,29,"62:124:248",180476954,228068750,148972768
"main-smooth_multiscale_local_sparse-baseline-n02000-p030-rx000-rs070-s30-rep-00030","main-smooth_multiscale_local_sparse-baseline-n02000-p030-rx000-rs070-s30","main","smooth_multiscale_local_sparse","baseline","uniform",2000,30,0,0.7,0,3,32,30,"62:124:248",180607317,228237837,149077497
"main-smooth_multiscale_local_sparse-baseline-n02000-p030-rx000-rs070-s30-rep-00031","main-smooth_multiscale_local_sparse-baseline-n02000-p030-rx000-rs070-s30","main","smooth_multiscale_local_sparse","baseline","uniform",2000,30,0,0.7,0,3,32,31,"62:124:248",180737680,228406924,149182226
"main-smooth_multiscale_local_sparse-baseline-n02000-p030-rx000-rs070-s30-rep-00032","main-smooth_multiscale_local_sparse-baseline-n02000-p030-rx000-rs070-s30","main","smooth_multiscale_local_sparse","baseline","uniform",2000,30,0,0.7,0,3,32,32,"62:124:248",180868043,228576011,149286955
"main-smooth_multiscale_local_sparse-baseline-n02000-p030-rx000-rs070-s30-rep-00033","main-smooth_multiscale_local_sparse-baseline-n02000-p030-rx000-rs070-s30","main","smooth_multiscale_local_sparse","baseline","uniform",2000,30,0,0.7,0,3,32,33,"62:124:248",180998406,228745098,149391684
"main-smooth_multiscale_local_sparse-baseline-n02000-p030-rx000-rs070-s30-rep-00034","main-smooth_multiscale_local_sparse-baseline-n02000-p030-rx000-rs070-s30","main","smooth_multiscale_local_sparse","baseline","uniform",2000,30,0,0.7,0,3,32,34,"62:124:248",181128769,228914185,149496413
"main-smooth_multiscale_local_sparse-baseline-n02000-p030-rx000-rs070-s30-rep-00035","main-smooth_multiscale_local_sparse-baseline-n02000-p030-rx000-rs070-s30","main","smooth_multiscale_local_sparse","baseline","uniform",2000,30,0,0.7,0,3,32,35,"62:124:248",181259132,229083272,149601142
"main-smooth_multiscale_local_sparse-baseline-n02000-p030-rx000-rs070-s30-rep-00036","main-smooth_multiscale_local_sparse-baseline-n02000-p030-rx000-rs070-s30","main","smooth_multiscale_local_sparse","baseline","uniform",2000,30,0,0.7,0,3,32,36,"62:124:248",181389495,229252359,149705871
"main-smooth_multiscale_local_sparse-baseline-n02000-p030-rx000-rs070-s30-rep-00037","main-smooth_multiscale_local_sparse-baseline-n02000-p030-rx000-rs070-s30","main","smooth_multiscale_local_sparse","baseline","uniform",2000,30,0,0.7,0,3,32,37,"62:124:248",181519858,229421446,149810600
"main-smooth_multiscale_local_sparse-baseline-n02000-p030-rx000-rs070-s30-rep-00038","main-smooth_multiscale_local_sparse-baseline-n02000-p030-rx000-rs070-s30","main","smooth_multiscale_local_sparse","baseline","uniform",2000,30,0,0.7,0,3,32,38,"62:124:248",181650221,229590533,149915329
"main-smooth_multiscale_local_sparse-baseline-n02000-p030-rx000-rs070-s30-rep-00039","main-smooth_multiscale_local_sparse-baseline-n02000-p030-rx000-rs070-s30","main","smooth_multiscale_local_sparse","baseline","uniform",2000,30,0,0.7,0,3,32,39,"62:124:248",181780584,229759620,150020058
"main-smooth_multiscale_local_sparse-baseline-n02000-p030-rx000-rs070-s30-rep-00040","main-smooth_multiscale_local_sparse-baseline-n02000-p030-rx000-rs070-s30","main","smooth_multiscale_local_sparse","baseline","uniform",2000,30,0,0.7,0,3,32,40,"62:124:248",181910947,229928707,150124787
"main-smooth_multiscale_local_sparse-baseline-n02000-p030-rx000-rs070-s30-rep-00041","main-smooth_multiscale_local_sparse-baseline-n02000-p030-rx000-rs070-s30","main","smooth_multiscale_local_sparse","baseline","uniform",2000,30,0,0.7,0,3,32,41,"62:124:248",182041310,230097794,150229516
"main-smooth_multiscale_local_sparse-baseline-n02000-p030-rx000-rs070-s30-rep-00042","main-smooth_multiscale_local_sparse-baseline-n02000-p030-rx000-rs070-s30","main","smooth_multiscale_local_sparse","baseline","uniform",2000,30,0,0.7,0,3,32,42,"62:124:248",182171673,230266881,150334245
"main-smooth_multiscale_local_sparse-baseline-n02000-p030-rx000-rs070-s30-rep-00043","main-smooth_multiscale_local_sparse-baseline-n02000-p030-rx000-rs070-s30","main","smooth_multiscale_local_sparse","baseline","uniform",2000,30,0,0.7,0,3,32,43,"62:124:248",182302036,230435968,150438974
"main-smooth_multiscale_local_sparse-baseline-n02000-p030-rx000-rs070-s30-rep-00044","main-smooth_multiscale_local_sparse-baseline-n02000-p030-rx000-rs070-s30","main","smooth_multiscale_local_sparse","baseline","uniform",2000,30,0,0.7,0,3,32,44,"62:124:248",182432399,230605055,150543703
"main-smooth_multiscale_local_sparse-baseline-n02000-p030-rx000-rs070-s30-rep-00045","main-smooth_multiscale_local_sparse-baseline-n02000-p030-rx000-rs070-s30","main","smooth_multiscale_local_sparse","baseline","uniform",2000,30,0,0.7,0,3,32,45,"62:124:248",182562762,230774142,150648432
"main-smooth_multiscale_local_sparse-baseline-n02000-p030-rx000-rs070-s30-rep-00046","main-smooth_multiscale_local_sparse-baseline-n02000-p030-rx000-rs070-s30","main","smooth_multiscale_local_sparse","baseline","uniform",2000,30,0,0.7,0,3,32,46,"62:124:248",182693125,230943229,150753161
"main-smooth_multiscale_local_sparse-baseline-n02000-p030-rx000-rs070-s30-rep-00047","main-smooth_multiscale_local_sparse-baseline-n02000-p030-rx000-rs070-s30","main","smooth_multiscale_local_sparse","baseline","uniform",2000,30,0,0.7,0,3,32,47,"62:124:248",182823488,231112316,150857890
"main-smooth_multiscale_local_sparse-baseline-n02000-p030-rx000-rs070-s30-rep-00048","main-smooth_multiscale_local_sparse-baseline-n02000-p030-rx000-rs070-s30","main","smooth_multiscale_local_sparse","baseline","uniform",2000,30,0,0.7,0,3,32,48,"62:124:248",182953851,231281403,150962619
"main-smooth_multiscale_local_sparse-baseline-n02000-p030-rx000-rs070-s30-rep-00049","main-smooth_multiscale_local_sparse-baseline-n02000-p030-rx000-rs070-s30","main","smooth_multiscale_local_sparse","baseline","uniform",2000,30,0,0.7,0,3,32,49,"62:124:248",183084214,231450490,151067348
"main-smooth_multiscale_local_sparse-baseline-n02000-p030-rx000-rs070-s30-rep-00050","main-smooth_multiscale_local_sparse-baseline-n02000-p030-rx000-rs070-s30","main","smooth_multiscale_local_sparse","baseline","uniform",2000,30,0,0.7,0,3,32,50,"62:124:248",183214577,231619577,151172077
"main-regional_sparse_discontinuous-baseline-n02000-p030-rx000-rs070-s30-rep-00001","main-regional_sparse_discontinuous-baseline-n02000-p030-rx000-rs070-s30","main","regional_sparse_discontinuous","baseline","uniform",2000,30,0,0.7,0,3,32,1,"62:124:248",183344940,231788664,151276806
"main-regional_sparse_discontinuous-baseline-n02000-p030-rx000-rs070-s30-rep-00002","main-regional_sparse_discontinuous-baseline-n02000-p030-rx000-rs070-s30","main","regional_sparse_discontinuous","baseline","uniform",2000,30,0,0.7,0,3,32,2,"62:124:248",183475303,231957751,151381535
"main-regional_sparse_discontinuous-baseline-n02000-p030-rx000-rs070-s30-rep-00003","main-regional_sparse_discontinuous-baseline-n02000-p030-rx000-rs070-s30","main","regional_sparse_discontinuous","baseline","uniform",2000,30,0,0.7,0,3,32,3,"62:124:248",183605666,232126838,151486264
"main-regional_sparse_discontinuous-baseline-n02000-p030-rx000-rs070-s30-rep-00004","main-regional_sparse_discontinuous-baseline-n02000-p030-rx000-rs070-s30","main","regional_sparse_discontinuous","baseline","uniform",2000,30,0,0.7,0,3,32,4,"62:124:248",183736029,232295925,151590993
"main-regional_sparse_discontinuous-baseline-n02000-p030-rx000-rs070-s30-rep-00005","main-regional_sparse_discontinuous-baseline-n02000-p030-rx000-rs070-s30","main","regional_sparse_discontinuous","baseline","uniform",2000,30,0,0.7,0,3,32,5,"62:124:248",183866392,232465012,151695722
"main-regional_sparse_discontinuous-baseline-n02000-p030-rx000-rs070-s30-rep-00006","main-regional_sparse_discontinuous-baseline-n02000-p030-rx000-rs070-s30","main","regional_sparse_discontinuous","baseline","uniform",2000,30,0,0.7,0,3,32,6,"62:124:248",183996755,232634099,151800451
"main-regional_sparse_discontinuous-baseline-n02000-p030-rx000-rs070-s30-rep-00007","main-regional_sparse_discontinuous-baseline-n02000-p030-rx000-rs070-s30","main","regional_sparse_discontinuous","baseline","uniform",2000,30,0,0.7,0,3,32,7,"62:124:248",184127118,232803186,151905180
"main-regional_sparse_discontinuous-baseline-n02000-p030-rx000-rs070-s30-rep-00008","main-regional_sparse_discontinuous-baseline-n02000-p030-rx000-rs070-s30","main","regional_sparse_discontinuous","baseline","uniform",2000,30,0,0.7,0,3,32,8,"62:124:248",184257481,232972273,152009909
"main-regional_sparse_discontinuous-baseline-n02000-p030-rx000-rs070-s30-rep-00009","main-regional_sparse_discontinuous-baseline-n02000-p030-rx000-rs070-s30","main","regional_sparse_discontinuous","baseline","uniform",2000,30,0,0.7,0,3,32,9,"62:124:248",184387844,233141360,152114638
"main-regional_sparse_discontinuous-baseline-n02000-p030-rx000-rs070-s30-rep-00010","main-regional_sparse_discontinuous-baseline-n02000-p030-rx000-rs070-s30","main","regional_sparse_discontinuous","baseline","uniform",2000,30,0,0.7,0,3,32,10,"62:124:248",184518207,233310447,152219367
"main-regional_sparse_discontinuous-baseline-n02000-p030-rx000-rs070-s30-rep-00011","main-regional_sparse_discontinuous-baseline-n02000-p030-rx000-rs070-s30","main","regional_sparse_discontinuous","baseline","uniform",2000,30,0,0.7,0,3,32,11,"62:124:248",184648570,233479534,152324096
"main-regional_sparse_discontinuous-baseline-n02000-p030-rx000-rs070-s30-rep-00012","main-regional_sparse_discontinuous-baseline-n02000-p030-rx000-rs070-s30","main","regional_sparse_discontinuous","baseline","uniform",2000,30,0,0.7,0,3,32,12,"62:124:248",184778933,233648621,152428825
"main-regional_sparse_discontinuous-baseline-n02000-p030-rx000-rs070-s30-rep-00013","main-regional_sparse_discontinuous-baseline-n02000-p030-rx000-rs070-s30","main","regional_sparse_discontinuous","baseline","uniform",2000,30,0,0.7,0,3,32,13,"62:124:248",184909296,233817708,152533554
"main-regional_sparse_discontinuous-baseline-n02000-p030-rx000-rs070-s30-rep-00014","main-regional_sparse_discontinuous-baseline-n02000-p030-rx000-rs070-s30","main","regional_sparse_discontinuous","baseline","uniform",2000,30,0,0.7,0,3,32,14,"62:124:248",185039659,233986795,152638283
"main-regional_sparse_discontinuous-baseline-n02000-p030-rx000-rs070-s30-rep-00015","main-regional_sparse_discontinuous-baseline-n02000-p030-rx000-rs070-s30","main","regional_sparse_discontinuous","baseline","uniform",2000,30,0,0.7,0,3,32,15,"62:124:248",185170022,234155882,152743012
"main-regional_sparse_discontinuous-baseline-n02000-p030-rx000-rs070-s30-rep-00016","main-regional_sparse_discontinuous-baseline-n02000-p030-rx000-rs070-s30","main","regional_sparse_discontinuous","baseline","uniform",2000,30,0,0.7,0,3,32,16,"62:124:248",185300385,234324969,152847741
"main-regional_sparse_discontinuous-baseline-n02000-p030-rx000-rs070-s30-rep-00017","main-regional_sparse_discontinuous-baseline-n02000-p030-rx000-rs070-s30","main","regional_sparse_discontinuous","baseline","uniform",2000,30,0,0.7,0,3,32,17,"62:124:248",185430748,234494056,152952470
"main-regional_sparse_discontinuous-baseline-n02000-p030-rx000-rs070-s30-rep-00018","main-regional_sparse_discontinuous-baseline-n02000-p030-rx000-rs070-s30","main","regional_sparse_discontinuous","baseline","uniform",2000,30,0,0.7,0,3,32,18,"62:124:248",185561111,234663143,153057199
"main-regional_sparse_discontinuous-baseline-n02000-p030-rx000-rs070-s30-rep-00019","main-regional_sparse_discontinuous-baseline-n02000-p030-rx000-rs070-s30","main","regional_sparse_discontinuous","baseline","uniform",2000,30,0,0.7,0,3,32,19,"62:124:248",185691474,234832230,153161928
"main-regional_sparse_discontinuous-baseline-n02000-p030-rx000-rs070-s30-rep-00020","main-regional_sparse_discontinuous-baseline-n02000-p030-rx000-rs070-s30","main","regional_sparse_discontinuous","baseline","uniform",2000,30,0,0.7,0,3,32,20,"62:124:248",185821837,235001317,153266657
"main-regional_sparse_discontinuous-baseline-n02000-p030-rx000-rs070-s30-rep-00021","main-regional_sparse_discontinuous-baseline-n02000-p030-rx000-rs070-s30","main","regional_sparse_discontinuous","baseline","uniform",2000,30,0,0.7,0,3,32,21,"62:124:248",185952200,235170404,153371386
"main-regional_sparse_discontinuous-baseline-n02000-p030-rx000-rs070-s30-rep-00022","main-regional_sparse_discontinuous-baseline-n02000-p030-rx000-rs070-s30","main","regional_sparse_discontinuous","baseline","uniform",2000,30,0,0.7,0,3,32,22,"62:124:248",186082563,235339491,153476115
"main-regional_sparse_discontinuous-baseline-n02000-p030-rx000-rs070-s30-rep-00023","main-regional_sparse_discontinuous-baseline-n02000-p030-rx000-rs070-s30","main","regional_sparse_discontinuous","baseline","uniform",2000,30,0,0.7,0,3,32,23,"62:124:248",186212926,235508578,153580844
"main-regional_sparse_discontinuous-baseline-n02000-p030-rx000-rs070-s30-rep-00024","main-regional_sparse_discontinuous-baseline-n02000-p030-rx000-rs070-s30","main","regional_sparse_discontinuous","baseline","uniform",2000,30,0,0.7,0,3,32,24,"62:124:248",186343289,235677665,153685573
"main-regional_sparse_discontinuous-baseline-n02000-p030-rx000-rs070-s30-rep-00025","main-regional_sparse_discontinuous-baseline-n02000-p030-rx000-rs070-s30","main","regional_sparse_discontinuous","baseline","uniform",2000,30,0,0.7,0,3,32,25,"62:124:248",186473652,235846752,153790302
"main-regional_sparse_discontinuous-baseline-n02000-p030-rx000-rs070-s30-rep-00026","main-regional_sparse_discontinuous-baseline-n02000-p030-rx000-rs070-s30","main","regional_sparse_discontinuous","baseline","uniform",2000,30,0,0.7,0,3,32,26,"62:124:248",186604015,236015839,153895031
"main-regional_sparse_discontinuous-baseline-n02000-p030-rx000-rs070-s30-rep-00027","main-regional_sparse_discontinuous-baseline-n02000-p030-rx000-rs070-s30","main","regional_sparse_discontinuous","baseline","uniform",2000,30,0,0.7,0,3,32,27,"62:124:248",186734378,236184926,153999760
"main-regional_sparse_discontinuous-baseline-n02000-p030-rx000-rs070-s30-rep-00028","main-regional_sparse_discontinuous-baseline-n02000-p030-rx000-rs070-s30","main","regional_sparse_discontinuous","baseline","uniform",2000,30,0,0.7,0,3,32,28,"62:124:248",186864741,236354013,154104489
"main-regional_sparse_discontinuous-baseline-n02000-p030-rx000-rs070-s30-rep-00029","main-regional_sparse_discontinuous-baseline-n02000-p030-rx000-rs070-s30","main","regional_sparse_discontinuous","baseline","uniform",2000,30,0,0.7,0,3,32,29,"62:124:248",186995104,236523100,154209218
"main-regional_sparse_discontinuous-baseline-n02000-p030-rx000-rs070-s30-rep-00030","main-regional_sparse_discontinuous-baseline-n02000-p030-rx000-rs070-s30","main","regional_sparse_discontinuous","baseline","uniform",2000,30,0,0.7,0,3,32,30,"62:124:248",187125467,236692187,154313947
"main-regional_sparse_discontinuous-baseline-n02000-p030-rx000-rs070-s30-rep-00031","main-regional_sparse_discontinuous-baseline-n02000-p030-rx000-rs070-s30","main","regional_sparse_discontinuous","baseline","uniform",2000,30,0,0.7,0,3,32,31,"62:124:248",187255830,236861274,154418676
"main-regional_sparse_discontinuous-baseline-n02000-p030-rx000-rs070-s30-rep-00032","main-regional_sparse_discontinuous-baseline-n02000-p030-rx000-rs070-s30","main","regional_sparse_discontinuous","baseline","uniform",2000,30,0,0.7,0,3,32,32,"62:124:248",187386193,237030361,154523405
"main-regional_sparse_discontinuous-baseline-n02000-p030-rx000-rs070-s30-rep-00033","main-regional_sparse_discontinuous-baseline-n02000-p030-rx000-rs070-s30","main","regional_sparse_discontinuous","baseline","uniform",2000,30,0,0.7,0,3,32,33,"62:124:248",187516556,237199448,154628134
"main-regional_sparse_discontinuous-baseline-n02000-p030-rx000-rs070-s30-rep-00034","main-regional_sparse_discontinuous-baseline-n02000-p030-rx000-rs070-s30","main","regional_sparse_discontinuous","baseline","uniform",2000,30,0,0.7,0,3,32,34,"62:124:248",187646919,237368535,154732863
"main-regional_sparse_discontinuous-baseline-n02000-p030-rx000-rs070-s30-rep-00035","main-regional_sparse_discontinuous-baseline-n02000-p030-rx000-rs070-s30","main","regional_sparse_discontinuous","baseline","uniform",2000,30,0,0.7,0,3,32,35,"62:124:248",187777282,237537622,154837592
"main-regional_sparse_discontinuous-baseline-n02000-p030-rx000-rs070-s30-rep-00036","main-regional_sparse_discontinuous-baseline-n02000-p030-rx000-rs070-s30","main","regional_sparse_discontinuous","baseline","uniform",2000,30,0,0.7,0,3,32,36,"62:124:248",187907645,237706709,154942321
"main-regional_sparse_discontinuous-baseline-n02000-p030-rx000-rs070-s30-rep-00037","main-regional_sparse_discontinuous-baseline-n02000-p030-rx000-rs070-s30","main","regional_sparse_discontinuous","baseline","uniform",2000,30,0,0.7,0,3,32,37,"62:124:248",188038008,237875796,155047050
"main-regional_sparse_discontinuous-baseline-n02000-p030-rx000-rs070-s30-rep-00038","main-regional_sparse_discontinuous-baseline-n02000-p030-rx000-rs070-s30","main","regional_sparse_discontinuous","baseline","uniform",2000,30,0,0.7,0,3,32,38,"62:124:248",188168371,238044883,155151779
"main-regional_sparse_discontinuous-baseline-n02000-p030-rx000-rs070-s30-rep-00039","main-regional_sparse_discontinuous-baseline-n02000-p030-rx000-rs070-s30","main","regional_sparse_discontinuous","baseline","uniform",2000,30,0,0.7,0,3,32,39,"62:124:248",188298734,238213970,155256508
"main-regional_sparse_discontinuous-baseline-n02000-p030-rx000-rs070-s30-rep-00040","main-regional_sparse_discontinuous-baseline-n02000-p030-rx000-rs070-s30","main","regional_sparse_discontinuous","baseline","uniform",2000,30,0,0.7,0,3,32,40,"62:124:248",188429097,238383057,155361237
"main-regional_sparse_discontinuous-baseline-n02000-p030-rx000-rs070-s30-rep-00041","main-regional_sparse_discontinuous-baseline-n02000-p030-rx000-rs070-s30","main","regional_sparse_discontinuous","baseline","uniform",2000,30,0,0.7,0,3,32,41,"62:124:248",188559460,238552144,155465966
"main-regional_sparse_discontinuous-baseline-n02000-p030-rx000-rs070-s30-rep-00042","main-regional_sparse_discontinuous-baseline-n02000-p030-rx000-rs070-s30","main","regional_sparse_discontinuous","baseline","uniform",2000,30,0,0.7,0,3,32,42,"62:124:248",188689823,238721231,155570695
"main-regional_sparse_discontinuous-baseline-n02000-p030-rx000-rs070-s30-rep-00043","main-regional_sparse_discontinuous-baseline-n02000-p030-rx000-rs070-s30","main","regional_sparse_discontinuous","baseline","uniform",2000,30,0,0.7,0,3,32,43,"62:124:248",188820186,238890318,155675424
"main-regional_sparse_discontinuous-baseline-n02000-p030-rx000-rs070-s30-rep-00044","main-regional_sparse_discontinuous-baseline-n02000-p030-rx000-rs070-s30","main","regional_sparse_discontinuous","baseline","uniform",2000,30,0,0.7,0,3,32,44,"62:124:248",188950549,239059405,155780153
"main-regional_sparse_discontinuous-baseline-n02000-p030-rx000-rs070-s30-rep-00045","main-regional_sparse_discontinuous-baseline-n02000-p030-rx000-rs070-s30","main","regional_sparse_discontinuous","baseline","uniform",2000,30,0,0.7,0,3,32,45,"62:124:248",189080912,239228492,155884882
"main-regional_sparse_discontinuous-baseline-n02000-p030-rx000-rs070-s30-rep-00046","main-regional_sparse_discontinuous-baseline-n02000-p030-rx000-rs070-s30","main","regional_sparse_discontinuous","baseline","uniform",2000,30,0,0.7,0,3,32,46,"62:124:248",189211275,239397579,155989611
"main-regional_sparse_discontinuous-baseline-n02000-p030-rx000-rs070-s30-rep-00047","main-regional_sparse_discontinuous-baseline-n02000-p030-rx000-rs070-s30","main","regional_sparse_discontinuous","baseline","uniform",2000,30,0,0.7,0,3,32,47,"62:124:248",189341638,239566666,156094340
"main-regional_sparse_discontinuous-baseline-n02000-p030-rx000-rs070-s30-rep-00048","main-regional_sparse_discontinuous-baseline-n02000-p030-rx000-rs070-s30","main","regional_sparse_discontinuous","baseline","uniform",2000,30,0,0.7,0,3,32,48,"62:124:248",189472001,239735753,156199069
"main-regional_sparse_discontinuous-baseline-n02000-p030-rx000-rs070-s30-rep-00049","main-regional_sparse_discontinuous-baseline-n02000-p030-rx000-rs070-s30","main","regional_sparse_discontinuous","baseline","uniform",2000,30,0,0.7,0,3,32,49,"62:124:248",189602364,239904840,156303798
"main-regional_sparse_discontinuous-baseline-n02000-p030-rx000-rs070-s30-rep-00050","main-regional_sparse_discontinuous-baseline-n02000-p030-rx000-rs070-s30","main","regional_sparse_discontinuous","baseline","uniform",2000,30,0,0.7,0,3,32,50,"62:124:248",189732727,240073927,156408527
"main-smooth_multiscale_local_sparse-baseline-n10000-p030-rx000-rs070-s30-rep-00001","main-smooth_multiscale_local_sparse-baseline-n10000-p030-rx000-rs070-s30","main","smooth_multiscale_local_sparse","baseline","uniform",10000,30,0,0.7,0,3,32,1,"250:500:1000",189863090,240243014,156513256
"main-smooth_multiscale_local_sparse-baseline-n10000-p030-rx000-rs070-s30-rep-00002","main-smooth_multiscale_local_sparse-baseline-n10000-p030-rx000-rs070-s30","main","smooth_multiscale_local_sparse","baseline","uniform",10000,30,0,0.7,0,3,32,2,"250:500:1000",189993453,240412101,156617985
"main-smooth_multiscale_local_sparse-baseline-n10000-p030-rx000-rs070-s30-rep-00003","main-smooth_multiscale_local_sparse-baseline-n10000-p030-rx000-rs070-s30","main","smooth_multiscale_local_sparse","baseline","uniform",10000,30,0,0.7,0,3,32,3,"250:500:1000",190123816,240581188,156722714
"main-smooth_multiscale_local_sparse-baseline-n10000-p030-rx000-rs070-s30-rep-00004","main-smooth_multiscale_local_sparse-baseline-n10000-p030-rx000-rs070-s30","main","smooth_multiscale_local_sparse","baseline","uniform",10000,30,0,0.7,0,3,32,4,"250:500:1000",190254179,240750275,156827443
"main-smooth_multiscale_local_sparse-baseline-n10000-p030-rx000-rs070-s30-rep-00005","main-smooth_multiscale_local_sparse-baseline-n10000-p030-rx000-rs070-s30","main","smooth_multiscale_local_sparse","baseline","uniform",10000,30,0,0.7,0,3,32,5,"250:500:1000",190384542,240919362,156932172
"main-smooth_multiscale_local_sparse-baseline-n10000-p030-rx000-rs070-s30-rep-00006","main-smooth_multiscale_local_sparse-baseline-n10000-p030-rx000-rs070-s30","main","smooth_multiscale_local_sparse","baseline","uniform",10000,30,0,0.7,0,3,32,6,"250:500:1000",190514905,241088449,157036901
"main-smooth_multiscale_local_sparse-baseline-n10000-p030-rx000-rs070-s30-rep-00007","main-smooth_multiscale_local_sparse-baseline-n10000-p030-rx000-rs070-s30","main","smooth_multiscale_local_sparse","baseline","uniform",10000,30,0,0.7,0,3,32,7,"250:500:1000",190645268,241257536,157141630
"main-smooth_multiscale_local_sparse-baseline-n10000-p030-rx000-rs070-s30-rep-00008","main-smooth_multiscale_local_sparse-baseline-n10000-p030-rx000-rs070-s30","main","smooth_multiscale_local_sparse","baseline","uniform",10000,30,0,0.7,0,3,32,8,"250:500:1000",190775631,241426623,157246359
"main-smooth_multiscale_local_sparse-baseline-n10000-p030-rx000-rs070-s30-rep-00009","main-smooth_multiscale_local_sparse-baseline-n10000-p030-rx000-rs070-s30","main","smooth_multiscale_local_sparse","baseline","uniform",10000,30,0,0.7,0,3,32,9,"250:500:1000",190905994,241595710,157351088
"main-smooth_multiscale_local_sparse-baseline-n10000-p030-rx000-rs070-s30-rep-00010","main-smooth_multiscale_local_sparse-baseline-n10000-p030-rx000-rs070-s30","main","smooth_multiscale_local_sparse","baseline","uniform",10000,30,0,0.7,0,3,32,10,"250:500:1000",191036357,241764797,157455817
"main-smooth_multiscale_local_sparse-baseline-n10000-p030-rx000-rs070-s30-rep-00011","main-smooth_multiscale_local_sparse-baseline-n10000-p030-rx000-rs070-s30","main","smooth_multiscale_local_sparse","baseline","uniform",10000,30,0,0.7,0,3,32,11,"250:500:1000",191166720,241933884,157560546
"main-smooth_multiscale_local_sparse-baseline-n10000-p030-rx000-rs070-s30-rep-00012","main-smooth_multiscale_local_sparse-baseline-n10000-p030-rx000-rs070-s30","main","smooth_multiscale_local_sparse","baseline","uniform",10000,30,0,0.7,0,3,32,12,"250:500:1000",191297083,242102971,157665275
"main-smooth_multiscale_local_sparse-baseline-n10000-p030-rx000-rs070-s30-rep-00013","main-smooth_multiscale_local_sparse-baseline-n10000-p030-rx000-rs070-s30","main","smooth_multiscale_local_sparse","baseline","uniform",10000,30,0,0.7,0,3,32,13,"250:500:1000",191427446,242272058,157770004
"main-smooth_multiscale_local_sparse-baseline-n10000-p030-rx000-rs070-s30-rep-00014","main-smooth_multiscale_local_sparse-baseline-n10000-p030-rx000-rs070-s30","main","smooth_multiscale_local_sparse","baseline","uniform",10000,30,0,0.7,0,3,32,14,"250:500:1000",191557809,242441145,157874733
"main-smooth_multiscale_local_sparse-baseline-n10000-p030-rx000-rs070-s30-rep-00015","main-smooth_multiscale_local_sparse-baseline-n10000-p030-rx000-rs070-s30","main","smooth_multiscale_local_sparse","baseline","uniform",10000,30,0,0.7,0,3,32,15,"250:500:1000",191688172,242610232,157979462
"main-smooth_multiscale_local_sparse-baseline-n10000-p030-rx000-rs070-s30-rep-00016","main-smooth_multiscale_local_sparse-baseline-n10000-p030-rx000-rs070-s30","main","smooth_multiscale_local_sparse","baseline","uniform",10000,30,0,0.7,0,3,32,16,"250:500:1000",191818535,242779319,158084191
"main-smooth_multiscale_local_sparse-baseline-n10000-p030-rx000-rs070-s30-rep-00017","main-smooth_multiscale_local_sparse-baseline-n10000-p030-rx000-rs070-s30","main","smooth_multiscale_local_sparse","baseline","uniform",10000,30,0,0.7,0,3,32,17,"250:500:1000",191948898,242948406,158188920
"main-smooth_multiscale_local_sparse-baseline-n10000-p030-rx000-rs070-s30-rep-00018","main-smooth_multiscale_local_sparse-baseline-n10000-p030-rx000-rs070-s30","main","smooth_multiscale_local_sparse","baseline","uniform",10000,30,0,0.7,0,3,32,18,"250:500:1000",192079261,243117493,158293649
"main-smooth_multiscale_local_sparse-baseline-n10000-p030-rx000-rs070-s30-rep-00019","main-smooth_multiscale_local_sparse-baseline-n10000-p030-rx000-rs070-s30","main","smooth_multiscale_local_sparse","baseline","uniform",10000,30,0,0.7,0,3,32,19,"250:500:1000",192209624,243286580,158398378
"main-smooth_multiscale_local_sparse-baseline-n10000-p030-rx000-rs070-s30-rep-00020","main-smooth_multiscale_local_sparse-baseline-n10000-p030-rx000-rs070-s30","main","smooth_multiscale_local_sparse","baseline","uniform",10000,30,0,0.7,0,3,32,20,"250:500:1000",192339987,243455667,158503107
"main-smooth_multiscale_local_sparse-baseline-n10000-p030-rx000-rs070-s30-rep-00021","main-smooth_multiscale_local_sparse-baseline-n10000-p030-rx000-rs070-s30","main","smooth_multiscale_local_sparse","baseline","uniform",10000,30,0,0.7,0,3,32,21,"250:500:1000",192470350,243624754,158607836
"main-smooth_multiscale_local_sparse-baseline-n10000-p030-rx000-rs070-s30-rep-00022","main-smooth_multiscale_local_sparse-baseline-n10000-p030-rx000-rs070-s30","main","smooth_multiscale_local_sparse","baseline","uniform",10000,30,0,0.7,0,3,32,22,"250:500:1000",192600713,243793841,158712565
"main-smooth_multiscale_local_sparse-baseline-n10000-p030-rx000-rs070-s30-rep-00023","main-smooth_multiscale_local_sparse-baseline-n10000-p030-rx000-rs070-s30","main","smooth_multiscale_local_sparse","baseline","uniform",10000,30,0,0.7,0,3,32,23,"250:500:1000",192731076,243962928,158817294
"main-smooth_multiscale_local_sparse-baseline-n10000-p030-rx000-rs070-s30-rep-00024","main-smooth_multiscale_local_sparse-baseline-n10000-p030-rx000-rs070-s30","main","smooth_multiscale_local_sparse","baseline","uniform",10000,30,0,0.7,0,3,32,24,"250:500:1000",192861439,244132015,158922023
"main-smooth_multiscale_local_sparse-baseline-n10000-p030-rx000-rs070-s30-rep-00025","main-smooth_multiscale_local_sparse-baseline-n10000-p030-rx000-rs070-s30","main","smooth_multiscale_local_sparse","baseline","uniform",10000,30,0,0.7,0,3,32,25,"250:500:1000",192991802,244301102,159026752
"main-smooth_multiscale_local_sparse-baseline-n10000-p030-rx000-rs070-s30-rep-00026","main-smooth_multiscale_local_sparse-baseline-n10000-p030-rx000-rs070-s30","main","smooth_multiscale_local_sparse","baseline","uniform",10000,30,0,0.7,0,3,32,26,"250:500:1000",193122165,244470189,159131481
"main-smooth_multiscale_local_sparse-baseline-n10000-p030-rx000-rs070-s30-rep-00027","main-smooth_multiscale_local_sparse-baseline-n10000-p030-rx000-rs070-s30","main","smooth_multiscale_local_sparse","baseline","uniform",10000,30,0,0.7,0,3,32,27,"250:500:1000",193252528,244639276,159236210
"main-smooth_multiscale_local_sparse-baseline-n10000-p030-rx000-rs070-s30-rep-00028","main-smooth_multiscale_local_sparse-baseline-n10000-p030-rx000-rs070-s30","main","smooth_multiscale_local_sparse","baseline","uniform",10000,30,0,0.7,0,3,32,28,"250:500:1000",193382891,244808363,159340939
"main-smooth_multiscale_local_sparse-baseline-n10000-p030-rx000-rs070-s30-rep-00029","main-smooth_multiscale_local_sparse-baseline-n10000-p030-rx000-rs070-s30","main","smooth_multiscale_local_sparse","baseline","uniform",10000,30,0,0.7,0,3,32,29,"250:500:1000",193513254,244977450,159445668
"main-smooth_multiscale_local_sparse-baseline-n10000-p030-rx000-rs070-s30-rep-00030","main-smooth_multiscale_local_sparse-baseline-n10000-p030-rx000-rs070-s30","main","smooth_multiscale_local_sparse","baseline","uniform",10000,30,0,0.7,0,3,32,30,"250:500:1000",193643617,245146537,159550397
"main-smooth_multiscale_local_sparse-baseline-n10000-p030-rx000-rs070-s30-rep-00031","main-smooth_multiscale_local_sparse-baseline-n10000-p030-rx000-rs070-s30","main","smooth_multiscale_local_sparse","baseline","uniform",10000,30,0,0.7,0,3,32,31,"250:500:1000",193773980,245315624,159655126
"main-smooth_multiscale_local_sparse-baseline-n10000-p030-rx000-rs070-s30-rep-00032","main-smooth_multiscale_local_sparse-baseline-n10000-p030-rx000-rs070-s30","main","smooth_multiscale_local_sparse","baseline","uniform",10000,30,0,0.7,0,3,32,32,"250:500:1000",193904343,245484711,159759855
"main-smooth_multiscale_local_sparse-baseline-n10000-p030-rx000-rs070-s30-rep-00033","main-smooth_multiscale_local_sparse-baseline-n10000-p030-rx000-rs070-s30","main","smooth_multiscale_local_sparse","baseline","uniform",10000,30,0,0.7,0,3,32,33,"250:500:1000",194034706,245653798,159864584
"main-smooth_multiscale_local_sparse-baseline-n10000-p030-rx000-rs070-s30-rep-00034","main-smooth_multiscale_local_sparse-baseline-n10000-p030-rx000-rs070-s30","main","smooth_multiscale_local_sparse","baseline","uniform",10000,30,0,0.7,0,3,32,34,"250:500:1000",194165069,245822885,159969313
"main-smooth_multiscale_local_sparse-baseline-n10000-p030-rx000-rs070-s30-rep-00035","main-smooth_multiscale_local_sparse-baseline-n10000-p030-rx000-rs070-s30","main","smooth_multiscale_local_sparse","baseline","uniform",10000,30,0,0.7,0,3,32,35,"250:500:1000",194295432,245991972,160074042
"main-smooth_multiscale_local_sparse-baseline-n10000-p030-rx000-rs070-s30-rep-00036","main-smooth_multiscale_local_sparse-baseline-n10000-p030-rx000-rs070-s30","main","smooth_multiscale_local_sparse","baseline","uniform",10000,30,0,0.7,0,3,32,36,"250:500:1000",194425795,246161059,160178771
"main-smooth_multiscale_local_sparse-baseline-n10000-p030-rx000-rs070-s30-rep-00037","main-smooth_multiscale_local_sparse-baseline-n10000-p030-rx000-rs070-s30","main","smooth_multiscale_local_sparse","baseline","uniform",10000,30,0,0.7,0,3,32,37,"250:500:1000",194556158,246330146,160283500
"main-smooth_multiscale_local_sparse-baseline-n10000-p030-rx000-rs070-s30-rep-00038","main-smooth_multiscale_local_sparse-baseline-n10000-p030-rx000-rs070-s30","main","smooth_multiscale_local_sparse","baseline","uniform",10000,30,0,0.7,0,3,32,38,"250:500:1000",194686521,246499233,160388229
"main-smooth_multiscale_local_sparse-baseline-n10000-p030-rx000-rs070-s30-rep-00039","main-smooth_multiscale_local_sparse-baseline-n10000-p030-rx000-rs070-s30","main","smooth_multiscale_local_sparse","baseline","uniform",10000,30,0,0.7,0,3,32,39,"250:500:1000",194816884,246668320,160492958
"main-smooth_multiscale_local_sparse-baseline-n10000-p030-rx000-rs070-s30-rep-00040","main-smooth_multiscale_local_sparse-baseline-n10000-p030-rx000-rs070-s30","main","smooth_multiscale_local_sparse","baseline","uniform",10000,30,0,0.7,0,3,32,40,"250:500:1000",194947247,246837407,160597687
"main-smooth_multiscale_local_sparse-baseline-n10000-p030-rx000-rs070-s30-rep-00041","main-smooth_multiscale_local_sparse-baseline-n10000-p030-rx000-rs070-s30","main","smooth_multiscale_local_sparse","baseline","uniform",10000,30,0,0.7,0,3,32,41,"250:500:1000",195077610,247006494,160702416
"main-smooth_multiscale_local_sparse-baseline-n10000-p030-rx000-rs070-s30-rep-00042","main-smooth_multiscale_local_sparse-baseline-n10000-p030-rx000-rs070-s30","main","smooth_multiscale_local_sparse","baseline","uniform",10000,30,0,0.7,0,3,32,42,"250:500:1000",195207973,247175581,160807145
"main-smooth_multiscale_local_sparse-baseline-n10000-p030-rx000-rs070-s30-rep-00043","main-smooth_multiscale_local_sparse-baseline-n10000-p030-rx000-rs070-s30","main","smooth_multiscale_local_sparse","baseline","uniform",10000,30,0,0.7,0,3,32,43,"250:500:1000",195338336,247344668,160911874
"main-smooth_multiscale_local_sparse-baseline-n10000-p030-rx000-rs070-s30-rep-00044","main-smooth_multiscale_local_sparse-baseline-n10000-p030-rx000-rs070-s30","main","smooth_multiscale_local_sparse","baseline","uniform",10000,30,0,0.7,0,3,32,44,"250:500:1000",195468699,247513755,161016603
"main-smooth_multiscale_local_sparse-baseline-n10000-p030-rx000-rs070-s30-rep-00045","main-smooth_multiscale_local_sparse-baseline-n10000-p030-rx000-rs070-s30","main","smooth_multiscale_local_sparse","baseline","uniform",10000,30,0,0.7,0,3,32,45,"250:500:1000",195599062,247682842,161121332
"main-smooth_multiscale_local_sparse-baseline-n10000-p030-rx000-rs070-s30-rep-00046","main-smooth_multiscale_local_sparse-baseline-n10000-p030-rx000-rs070-s30","main","smooth_multiscale_local_sparse","baseline","uniform",10000,30,0,0.7,0,3,32,46,"250:500:1000",195729425,247851929,161226061
"main-smooth_multiscale_local_sparse-baseline-n10000-p030-rx000-rs070-s30-rep-00047","main-smooth_multiscale_local_sparse-baseline-n10000-p030-rx000-rs070-s30","main","smooth_multiscale_local_sparse","baseline","uniform",10000,30,0,0.7,0,3,32,47,"250:500:1000",195859788,248021016,161330790
"main-smooth_multiscale_local_sparse-baseline-n10000-p030-rx000-rs070-s30-rep-00048","main-smooth_multiscale_local_sparse-baseline-n10000-p030-rx000-rs070-s30","main","smooth_multiscale_local_sparse","baseline","uniform",10000,30,0,0.7,0,3,32,48,"250:500:1000",195990151,248190103,161435519
"main-smooth_multiscale_local_sparse-baseline-n10000-p030-rx000-rs070-s30-rep-00049","main-smooth_multiscale_local_sparse-baseline-n10000-p030-rx000-rs070-s30","main","smooth_multiscale_local_sparse","baseline","uniform",10000,30,0,0.7,0,3,32,49,"250:500:1000",196120514,248359190,161540248
"main-smooth_multiscale_local_sparse-baseline-n10000-p030-rx000-rs070-s30-rep-00050","main-smooth_multiscale_local_sparse-baseline-n10000-p030-rx000-rs070-s30","main","smooth_multiscale_local_sparse","baseline","uniform",10000,30,0,0.7,0,3,32,50,"250:500:1000",196250877,248528277,161644977
"main-regional_sparse_discontinuous-baseline-n10000-p030-rx000-rs070-s30-rep-00001","main-regional_sparse_discontinuous-baseline-n10000-p030-rx000-rs070-s30","main","regional_sparse_discontinuous","baseline","uniform",10000,30,0,0.7,0,3,32,1,"250:500:1000",196381240,248697364,161749706
"main-regional_sparse_discontinuous-baseline-n10000-p030-rx000-rs070-s30-rep-00002","main-regional_sparse_discontinuous-baseline-n10000-p030-rx000-rs070-s30","main","regional_sparse_discontinuous","baseline","uniform",10000,30,0,0.7,0,3,32,2,"250:500:1000",196511603,248866451,161854435
"main-regional_sparse_discontinuous-baseline-n10000-p030-rx000-rs070-s30-rep-00003","main-regional_sparse_discontinuous-baseline-n10000-p030-rx000-rs070-s30","main","regional_sparse_discontinuous","baseline","uniform",10000,30,0,0.7,0,3,32,3,"250:500:1000",196641966,249035538,161959164
"main-regional_sparse_discontinuous-baseline-n10000-p030-rx000-rs070-s30-rep-00004","main-regional_sparse_discontinuous-baseline-n10000-p030-rx000-rs070-s30","main","regional_sparse_discontinuous","baseline","uniform",10000,30,0,0.7,0,3,32,4,"250:500:1000",196772329,249204625,162063893
"main-regional_sparse_discontinuous-baseline-n10000-p030-rx000-rs070-s30-rep-00005","main-regional_sparse_discontinuous-baseline-n10000-p030-rx000-rs070-s30","main","regional_sparse_discontinuous","baseline","uniform",10000,30,0,0.7,0,3,32,5,"250:500:1000",196902692,249373712,162168622
"main-regional_sparse_discontinuous-baseline-n10000-p030-rx000-rs070-s30-rep-00006","main-regional_sparse_discontinuous-baseline-n10000-p030-rx000-rs070-s30","main","regional_sparse_discontinuous","baseline","uniform",10000,30,0,0.7,0,3,32,6,"250:500:1000",197033055,249542799,162273351
"main-regional_sparse_discontinuous-baseline-n10000-p030-rx000-rs070-s30-rep-00007","main-regional_sparse_discontinuous-baseline-n10000-p030-rx000-rs070-s30","main","regional_sparse_discontinuous","baseline","uniform",10000,30,0,0.7,0,3,32,7,"250:500:1000",197163418,249711886,162378080
"main-regional_sparse_discontinuous-baseline-n10000-p030-rx000-rs070-s30-rep-00008","main-regional_sparse_discontinuous-baseline-n10000-p030-rx000-rs070-s30","main","regional_sparse_discontinuous","baseline","uniform",10000,30,0,0.7,0,3,32,8,"250:500:1000",197293781,249880973,162482809
"main-regional_sparse_discontinuous-baseline-n10000-p030-rx000-rs070-s30-rep-00009","main-regional_sparse_discontinuous-baseline-n10000-p030-rx000-rs070-s30","main","regional_sparse_discontinuous","baseline","uniform",10000,30,0,0.7,0,3,32,9,"250:500:1000",197424144,250050060,162587538
"main-regional_sparse_discontinuous-baseline-n10000-p030-rx000-rs070-s30-rep-00010","main-regional_sparse_discontinuous-baseline-n10000-p030-rx000-rs070-s30","main","regional_sparse_discontinuous","baseline","uniform",10000,30,0,0.7,0,3,32,10,"250:500:1000",197554507,250219147,162692267
"main-regional_sparse_discontinuous-baseline-n10000-p030-rx000-rs070-s30-rep-00011","main-regional_sparse_discontinuous-baseline-n10000-p030-rx000-rs070-s30","main","regional_sparse_discontinuous","baseline","uniform",10000,30,0,0.7,0,3,32,11,"250:500:1000",197684870,250388234,162796996
"main-regional_sparse_discontinuous-baseline-n10000-p030-rx000-rs070-s30-rep-00012","main-regional_sparse_discontinuous-baseline-n10000-p030-rx000-rs070-s30","main","regional_sparse_discontinuous","baseline","uniform",10000,30,0,0.7,0,3,32,12,"250:500:1000",197815233,250557321,162901725
"main-regional_sparse_discontinuous-baseline-n10000-p030-rx000-rs070-s30-rep-00013","main-regional_sparse_discontinuous-baseline-n10000-p030-rx000-rs070-s30","main","regional_sparse_discontinuous","baseline","uniform",10000,30,0,0.7,0,3,32,13,"250:500:1000",197945596,250726408,163006454
"main-regional_sparse_discontinuous-baseline-n10000-p030-rx000-rs070-s30-rep-00014","main-regional_sparse_discontinuous-baseline-n10000-p030-rx000-rs070-s30","main","regional_sparse_discontinuous","baseline","uniform",10000,30,0,0.7,0,3,32,14,"250:500:1000",198075959,250895495,163111183
"main-regional_sparse_discontinuous-baseline-n10000-p030-rx000-rs070-s30-rep-00015","main-regional_sparse_discontinuous-baseline-n10000-p030-rx000-rs070-s30","main","regional_sparse_discontinuous","baseline","uniform",10000,30,0,0.7,0,3,32,15,"250:500:1000",198206322,251064582,163215912
"main-regional_sparse_discontinuous-baseline-n10000-p030-rx000-rs070-s30-rep-00016","main-regional_sparse_discontinuous-baseline-n10000-p030-rx000-rs070-s30","main","regional_sparse_discontinuous","baseline","uniform",10000,30,0,0.7,0,3,32,16,"250:500:1000",198336685,251233669,163320641
"main-regional_sparse_discontinuous-baseline-n10000-p030-rx000-rs070-s30-rep-00017","main-regional_sparse_discontinuous-baseline-n10000-p030-rx000-rs070-s30","main","regional_sparse_discontinuous","baseline","uniform",10000,30,0,0.7,0,3,32,17,"250:500:1000",198467048,251402756,163425370
"main-regional_sparse_discontinuous-baseline-n10000-p030-rx000-rs070-s30-rep-00018","main-regional_sparse_discontinuous-baseline-n10000-p030-rx000-rs070-s30","main","regional_sparse_discontinuous","baseline","uniform",10000,30,0,0.7,0,3,32,18,"250:500:1000",198597411,251571843,163530099
"main-regional_sparse_discontinuous-baseline-n10000-p030-rx000-rs070-s30-rep-00019","main-regional_sparse_discontinuous-baseline-n10000-p030-rx000-rs070-s30","main","regional_sparse_discontinuous","baseline","uniform",10000,30,0,0.7,0,3,32,19,"250:500:1000",198727774,251740930,163634828
"main-regional_sparse_discontinuous-baseline-n10000-p030-rx000-rs070-s30-rep-00020","main-regional_sparse_discontinuous-baseline-n10000-p030-rx000-rs070-s30","main","regional_sparse_discontinuous","baseline","uniform",10000,30,0,0.7,0,3,32,20,"250:500:1000",198858137,251910017,163739557
"main-regional_sparse_discontinuous-baseline-n10000-p030-rx000-rs070-s30-rep-00021","main-regional_sparse_discontinuous-baseline-n10000-p030-rx000-rs070-s30","main","regional_sparse_discontinuous","baseline","uniform",10000,30,0,0.7,0,3,32,21,"250:500:1000",198988500,252079104,163844286
"main-regional_sparse_discontinuous-baseline-n10000-p030-rx000-rs070-s30-rep-00022","main-regional_sparse_discontinuous-baseline-n10000-p030-rx000-rs070-s30","main","regional_sparse_discontinuous","baseline","uniform",10000,30,0,0.7,0,3,32,22,"250:500:1000",199118863,252248191,163949015
"main-regional_sparse_discontinuous-baseline-n10000-p030-rx000-rs070-s30-rep-00023","main-regional_sparse_discontinuous-baseline-n10000-p030-rx000-rs070-s30","main","regional_sparse_discontinuous","baseline","uniform",10000,30,0,0.7,0,3,32,23,"250:500:1000",199249226,252417278,164053744
"main-regional_sparse_discontinuous-baseline-n10000-p030-rx000-rs070-s30-rep-00024","main-regional_sparse_discontinuous-baseline-n10000-p030-rx000-rs070-s30","main","regional_sparse_discontinuous","baseline","uniform",10000,30,0,0.7,0,3,32,24,"250:500:1000",199379589,252586365,164158473
"main-regional_sparse_discontinuous-baseline-n10000-p030-rx000-rs070-s30-rep-00025","main-regional_sparse_discontinuous-baseline-n10000-p030-rx000-rs070-s30","main","regional_sparse_discontinuous","baseline","uniform",10000,30,0,0.7,0,3,32,25,"250:500:1000",199509952,252755452,164263202
"main-regional_sparse_discontinuous-baseline-n10000-p030-rx000-rs070-s30-rep-00026","main-regional_sparse_discontinuous-baseline-n10000-p030-rx000-rs070-s30","main","regional_sparse_discontinuous","baseline","uniform",10000,30,0,0.7,0,3,32,26,"250:500:1000",199640315,252924539,164367931
"main-regional_sparse_discontinuous-baseline-n10000-p030-rx000-rs070-s30-rep-00027","main-regional_sparse_discontinuous-baseline-n10000-p030-rx000-rs070-s30","main","regional_sparse_discontinuous","baseline","uniform",10000,30,0,0.7,0,3,32,27,"250:500:1000",199770678,253093626,164472660
"main-regional_sparse_discontinuous-baseline-n10000-p030-rx000-rs070-s30-rep-00028","main-regional_sparse_discontinuous-baseline-n10000-p030-rx000-rs070-s30","main","regional_sparse_discontinuous","baseline","uniform",10000,30,0,0.7,0,3,32,28,"250:500:1000",199901041,253262713,164577389
"main-regional_sparse_discontinuous-baseline-n10000-p030-rx000-rs070-s30-rep-00029","main-regional_sparse_discontinuous-baseline-n10000-p030-rx000-rs070-s30","main","regional_sparse_discontinuous","baseline","uniform",10000,30,0,0.7,0,3,32,29,"250:500:1000",200031404,253431800,164682118
"main-regional_sparse_discontinuous-baseline-n10000-p030-rx000-rs070-s30-rep-00030","main-regional_sparse_discontinuous-baseline-n10000-p030-rx000-rs070-s30","main","regional_sparse_discontinuous","baseline","uniform",10000,30,0,0.7,0,3,32,30,"250:500:1000",200161767,253600887,164786847
"main-regional_sparse_discontinuous-baseline-n10000-p030-rx000-rs070-s30-rep-00031","main-regional_sparse_discontinuous-baseline-n10000-p030-rx000-rs070-s30","main","regional_sparse_discontinuous","baseline","uniform",10000,30,0,0.7,0,3,32,31,"250:500:1000",200292130,253769974,164891576
"main-regional_sparse_discontinuous-baseline-n10000-p030-rx000-rs070-s30-rep-00032","main-regional_sparse_discontinuous-baseline-n10000-p030-rx000-rs070-s30","main","regional_sparse_discontinuous","baseline","uniform",10000,30,0,0.7,0,3,32,32,"250:500:1000",200422493,253939061,164996305
"main-regional_sparse_discontinuous-baseline-n10000-p030-rx000-rs070-s30-rep-00033","main-regional_sparse_discontinuous-baseline-n10000-p030-rx000-rs070-s30","main","regional_sparse_discontinuous","baseline","uniform",10000,30,0,0.7,0,3,32,33,"250:500:1000",200552856,254108148,165101034
"main-regional_sparse_discontinuous-baseline-n10000-p030-rx000-rs070-s30-rep-00034","main-regional_sparse_discontinuous-baseline-n10000-p030-rx000-rs070-s30","main","regional_sparse_discontinuous","baseline","uniform",10000,30,0,0.7,0,3,32,34,"250:500:1000",200683219,254277235,165205763
"main-regional_sparse_discontinuous-baseline-n10000-p030-rx000-rs070-s30-rep-00035","main-regional_sparse_discontinuous-baseline-n10000-p030-rx000-rs070-s30","main","regional_sparse_discontinuous","baseline","uniform",10000,30,0,0.7,0,3,32,35,"250:500:1000",200813582,254446322,165310492
"main-regional_sparse_discontinuous-baseline-n10000-p030-rx000-rs070-s30-rep-00036","main-regional_sparse_discontinuous-baseline-n10000-p030-rx000-rs070-s30","main","regional_sparse_discontinuous","baseline","uniform",10000,30,0,0.7,0,3,32,36,"250:500:1000",200943945,254615409,165415221
"main-regional_sparse_discontinuous-baseline-n10000-p030-rx000-rs070-s30-rep-00037","main-regional_sparse_discontinuous-baseline-n10000-p030-rx000-rs070-s30","main","regional_sparse_discontinuous","baseline","uniform",10000,30,0,0.7,0,3,32,37,"250:500:1000",201074308,254784496,165519950
"main-regional_sparse_discontinuous-baseline-n10000-p030-rx000-rs070-s30-rep-00038","main-regional_sparse_discontinuous-baseline-n10000-p030-rx000-rs070-s30","main","regional_sparse_discontinuous","baseline","uniform",10000,30,0,0.7,0,3,32,38,"250:500:1000",201204671,254953583,165624679
"main-regional_sparse_discontinuous-baseline-n10000-p030-rx000-rs070-s30-rep-00039","main-regional_sparse_discontinuous-baseline-n10000-p030-rx000-rs070-s30","main","regional_sparse_discontinuous","baseline","uniform",10000,30,0,0.7,0,3,32,39,"250:500:1000",201335034,255122670,165729408
"main-regional_sparse_discontinuous-baseline-n10000-p030-rx000-rs070-s30-rep-00040","main-regional_sparse_discontinuous-baseline-n10000-p030-rx000-rs070-s30","main","regional_sparse_discontinuous","baseline","uniform",10000,30,0,0.7,0,3,32,40,"250:500:1000",201465397,255291757,165834137
"main-regional_sparse_discontinuous-baseline-n10000-p030-rx000-rs070-s30-rep-00041","main-regional_sparse_discontinuous-baseline-n10000-p030-rx000-rs070-s30","main","regional_sparse_discontinuous","baseline","uniform",10000,30,0,0.7,0,3,32,41,"250:500:1000",201595760,255460844,165938866
"main-regional_sparse_discontinuous-baseline-n10000-p030-rx000-rs070-s30-rep-00042","main-regional_sparse_discontinuous-baseline-n10000-p030-rx000-rs070-s30","main","regional_sparse_discontinuous","baseline","uniform",10000,30,0,0.7,0,3,32,42,"250:500:1000",201726123,255629931,166043595
"main-regional_sparse_discontinuous-baseline-n10000-p030-rx000-rs070-s30-rep-00043","main-regional_sparse_discontinuous-baseline-n10000-p030-rx000-rs070-s30","main","regional_sparse_discontinuous","baseline","uniform",10000,30,0,0.7,0,3,32,43,"250:500:1000",201856486,255799018,166148324
"main-regional_sparse_discontinuous-baseline-n10000-p030-rx000-rs070-s30-rep-00044","main-regional_sparse_discontinuous-baseline-n10000-p030-rx000-rs070-s30","main","regional_sparse_discontinuous","baseline","uniform",10000,30,0,0.7,0,3,32,44,"250:500:1000",201986849,255968105,166253053
"main-regional_sparse_discontinuous-baseline-n10000-p030-rx000-rs070-s30-rep-00045","main-regional_sparse_discontinuous-baseline-n10000-p030-rx000-rs070-s30","main","regional_sparse_discontinuous","baseline","uniform",10000,30,0,0.7,0,3,32,45,"250:500:1000",202117212,256137192,166357782
"main-regional_sparse_discontinuous-baseline-n10000-p030-rx000-rs070-s30-rep-00046","main-regional_sparse_discontinuous-baseline-n10000-p030-rx000-rs070-s30","main","regional_sparse_discontinuous","baseline","uniform",10000,30,0,0.7,0,3,32,46,"250:500:1000",202247575,256306279,166462511
"main-regional_sparse_discontinuous-baseline-n10000-p030-rx000-rs070-s30-rep-00047","main-regional_sparse_discontinuous-baseline-n10000-p030-rx000-rs070-s30","main","regional_sparse_discontinuous","baseline","uniform",10000,30,0,0.7,0,3,32,47,"250:500:1000",202377938,256475366,166567240
"main-regional_sparse_discontinuous-baseline-n10000-p030-rx000-rs070-s30-rep-00048","main-regional_sparse_discontinuous-baseline-n10000-p030-rx000-rs070-s30","main","regional_sparse_discontinuous","baseline","uniform",10000,30,0,0.7,0,3,32,48,"250:500:1000",202508301,256644453,166671969
"main-regional_sparse_discontinuous-baseline-n10000-p030-rx000-rs070-s30-rep-00049","main-regional_sparse_discontinuous-baseline-n10000-p030-rx000-rs070-s30","main","regional_sparse_discontinuous","baseline","uniform",10000,30,0,0.7,0,3,32,49,"250:500:1000",202638664,256813540,166776698
"main-regional_sparse_discontinuous-baseline-n10000-p030-rx000-rs070-s30-rep-00050","main-regional_sparse_discontinuous-baseline-n10000-p030-rx000-rs070-s30","main","regional_sparse_discontinuous","baseline","uniform",10000,30,0,0.7,0,3,32,50,"250:500:1000",202769027,256982627,166881427
"main-smooth_multiscale_local_sparse-baseline-n02000-p030-rx070-rs070-s30-rep-00001","main-smooth_multiscale_local_sparse-baseline-n02000-p030-rx070-rs070-s30","main","smooth_multiscale_local_sparse","baseline","uniform",2000,30,0.7,0.7,0,3,32,1,"62:124:248",202899390,257151714,166986156
"main-smooth_multiscale_local_sparse-baseline-n02000-p030-rx070-rs070-s30-rep-00002","main-smooth_multiscale_local_sparse-baseline-n02000-p030-rx070-rs070-s30","main","smooth_multiscale_local_sparse","baseline","uniform",2000,30,0.7,0.7,0,3,32,2,"62:124:248",203029753,257320801,167090885
"main-smooth_multiscale_local_sparse-baseline-n02000-p030-rx070-rs070-s30-rep-00003","main-smooth_multiscale_local_sparse-baseline-n02000-p030-rx070-rs070-s30","main","smooth_multiscale_local_sparse","baseline","uniform",2000,30,0.7,0.7,0,3,32,3,"62:124:248",203160116,257489888,167195614
"main-smooth_multiscale_local_sparse-baseline-n02000-p030-rx070-rs070-s30-rep-00004","main-smooth_multiscale_local_sparse-baseline-n02000-p030-rx070-rs070-s30","main","smooth_multiscale_local_sparse","baseline","uniform",2000,30,0.7,0.7,0,3,32,4,"62:124:248",203290479,257658975,167300343
"main-smooth_multiscale_local_sparse-baseline-n02000-p030-rx070-rs070-s30-rep-00005","main-smooth_multiscale_local_sparse-baseline-n02000-p030-rx070-rs070-s30","main","smooth_multiscale_local_sparse","baseline","uniform",2000,30,0.7,0.7,0,3,32,5,"62:124:248",203420842,257828062,167405072
"main-smooth_multiscale_local_sparse-baseline-n02000-p030-rx070-rs070-s30-rep-00006","main-smooth_multiscale_local_sparse-baseline-n02000-p030-rx070-rs070-s30","main","smooth_multiscale_local_sparse","baseline","uniform",2000,30,0.7,0.7,0,3,32,6,"62:124:248",203551205,257997149,167509801
"main-smooth_multiscale_local_sparse-baseline-n02000-p030-rx070-rs070-s30-rep-00007","main-smooth_multiscale_local_sparse-baseline-n02000-p030-rx070-rs070-s30","main","smooth_multiscale_local_sparse","baseline","uniform",2000,30,0.7,0.7,0,3,32,7,"62:124:248",203681568,258166236,167614530
"main-smooth_multiscale_local_sparse-baseline-n02000-p030-rx070-rs070-s30-rep-00008","main-smooth_multiscale_local_sparse-baseline-n02000-p030-rx070-rs070-s30","main","smooth_multiscale_local_sparse","baseline","uniform",2000,30,0.7,0.7,0,3,32,8,"62:124:248",203811931,258335323,167719259
"main-smooth_multiscale_local_sparse-baseline-n02000-p030-rx070-rs070-s30-rep-00009","main-smooth_multiscale_local_sparse-baseline-n02000-p030-rx070-rs070-s30","main","smooth_multiscale_local_sparse","baseline","uniform",2000,30,0.7,0.7,0,3,32,9,"62:124:248",203942294,258504410,167823988
"main-smooth_multiscale_local_sparse-baseline-n02000-p030-rx070-rs070-s30-rep-00010","main-smooth_multiscale_local_sparse-baseline-n02000-p030-rx070-rs070-s30","main","smooth_multiscale_local_sparse","baseline","uniform",2000,30,0.7,0.7,0,3,32,10,"62:124:248",204072657,258673497,167928717
"main-smooth_multiscale_local_sparse-baseline-n02000-p030-rx070-rs070-s30-rep-00011","main-smooth_multiscale_local_sparse-baseline-n02000-p030-rx070-rs070-s30","main","smooth_multiscale_local_sparse","baseline","uniform",2000,30,0.7,0.7,0,3,32,11,"62:124:248",204203020,258842584,168033446
"main-smooth_multiscale_local_sparse-baseline-n02000-p030-rx070-rs070-s30-rep-00012","main-smooth_multiscale_local_sparse-baseline-n02000-p030-rx070-rs070-s30","main","smooth_multiscale_local_sparse","baseline","uniform",2000,30,0.7,0.7,0,3,32,12,"62:124:248",204333383,259011671,168138175
"main-smooth_multiscale_local_sparse-baseline-n02000-p030-rx070-rs070-s30-rep-00013","main-smooth_multiscale_local_sparse-baseline-n02000-p030-rx070-rs070-s30","main","smooth_multiscale_local_sparse","baseline","uniform",2000,30,0.7,0.7,0,3,32,13,"62:124:248",204463746,259180758,168242904
"main-smooth_multiscale_local_sparse-baseline-n02000-p030-rx070-rs070-s30-rep-00014","main-smooth_multiscale_local_sparse-baseline-n02000-p030-rx070-rs070-s30","main","smooth_multiscale_local_sparse","baseline","uniform",2000,30,0.7,0.7,0,3,32,14,"62:124:248",204594109,259349845,168347633
"main-smooth_multiscale_local_sparse-baseline-n02000-p030-rx070-rs070-s30-rep-00015","main-smooth_multiscale_local_sparse-baseline-n02000-p030-rx070-rs070-s30","main","smooth_multiscale_local_sparse","baseline","uniform",2000,30,0.7,0.7,0,3,32,15,"62:124:248",204724472,259518932,168452362
"main-smooth_multiscale_local_sparse-baseline-n02000-p030-rx070-rs070-s30-rep-00016","main-smooth_multiscale_local_sparse-baseline-n02000-p030-rx070-rs070-s30","main","smooth_multiscale_local_sparse","baseline","uniform",2000,30,0.7,0.7,0,3,32,16,"62:124:248",204854835,259688019,168557091
"main-smooth_multiscale_local_sparse-baseline-n02000-p030-rx070-rs070-s30-rep-00017","main-smooth_multiscale_local_sparse-baseline-n02000-p030-rx070-rs070-s30","main","smooth_multiscale_local_sparse","baseline","uniform",2000,30,0.7,0.7,0,3,32,17,"62:124:248",204985198,259857106,168661820
"main-smooth_multiscale_local_sparse-baseline-n02000-p030-rx070-rs070-s30-rep-00018","main-smooth_multiscale_local_sparse-baseline-n02000-p030-rx070-rs070-s30","main","smooth_multiscale_local_sparse","baseline","uniform",2000,30,0.7,0.7,0,3,32,18,"62:124:248",205115561,260026193,168766549
"main-smooth_multiscale_local_sparse-baseline-n02000-p030-rx070-rs070-s30-rep-00019","main-smooth_multiscale_local_sparse-baseline-n02000-p030-rx070-rs070-s30","main","smooth_multiscale_local_sparse","baseline","uniform",2000,30,0.7,0.7,0,3,32,19,"62:124:248",205245924,260195280,168871278
"main-smooth_multiscale_local_sparse-baseline-n02000-p030-rx070-rs070-s30-rep-00020","main-smooth_multiscale_local_sparse-baseline-n02000-p030-rx070-rs070-s30","main","smooth_multiscale_local_sparse","baseline","uniform",2000,30,0.7,0.7,0,3,32,20,"62:124:248",205376287,260364367,168976007
"main-smooth_multiscale_local_sparse-baseline-n02000-p030-rx070-rs070-s30-rep-00021","main-smooth_multiscale_local_sparse-baseline-n02000-p030-rx070-rs070-s30","main","smooth_multiscale_local_sparse","baseline","uniform",2000,30,0.7,0.7,0,3,32,21,"62:124:248",205506650,260533454,169080736
"main-smooth_multiscale_local_sparse-baseline-n02000-p030-rx070-rs070-s30-rep-00022","main-smooth_multiscale_local_sparse-baseline-n02000-p030-rx070-rs070-s30","main","smooth_multiscale_local_sparse","baseline","uniform",2000,30,0.7,0.7,0,3,32,22,"62:124:248",205637013,260702541,169185465
"main-smooth_multiscale_local_sparse-baseline-n02000-p030-rx070-rs070-s30-rep-00023","main-smooth_multiscale_local_sparse-baseline-n02000-p030-rx070-rs070-s30","main","smooth_multiscale_local_sparse","baseline","uniform",2000,30,0.7,0.7,0,3,32,23,"62:124:248",205767376,260871628,169290194
"main-smooth_multiscale_local_sparse-baseline-n02000-p030-rx070-rs070-s30-rep-00024","main-smooth_multiscale_local_sparse-baseline-n02000-p030-rx070-rs070-s30","main","smooth_multiscale_local_sparse","baseline","uniform",2000,30,0.7,0.7,0,3,32,24,"62:124:248",205897739,261040715,169394923
"main-smooth_multiscale_local_sparse-baseline-n02000-p030-rx070-rs070-s30-rep-00025","main-smooth_multiscale_local_sparse-baseline-n02000-p030-rx070-rs070-s30","main","smooth_multiscale_local_sparse","baseline","uniform",2000,30,0.7,0.7,0,3,32,25,"62:124:248",206028102,261209802,169499652
"main-smooth_multiscale_local_sparse-baseline-n02000-p030-rx070-rs070-s30-rep-00026","main-smooth_multiscale_local_sparse-baseline-n02000-p030-rx070-rs070-s30","main","smooth_multiscale_local_sparse","baseline","uniform",2000,30,0.7,0.7,0,3,32,26,"62:124:248",206158465,261378889,169604381
"main-smooth_multiscale_local_sparse-baseline-n02000-p030-rx070-rs070-s30-rep-00027","main-smooth_multiscale_local_sparse-baseline-n02000-p030-rx070-rs070-s30","main","smooth_multiscale_local_sparse","baseline","uniform",2000,30,0.7,0.7,0,3,32,27,"62:124:248",206288828,261547976,169709110
"main-smooth_multiscale_local_sparse-baseline-n02000-p030-rx070-rs070-s30-rep-00028","main-smooth_multiscale_local_sparse-baseline-n02000-p030-rx070-rs070-s30","main","smooth_multiscale_local_sparse","baseline","uniform",2000,30,0.7,0.7,0,3,32,28,"62:124:248",206419191,261717063,169813839
"main-smooth_multiscale_local_sparse-baseline-n02000-p030-rx070-rs070-s30-rep-00029","main-smooth_multiscale_local_sparse-baseline-n02000-p030-rx070-rs070-s30","main","smooth_multiscale_local_sparse","baseline","uniform",2000,30,0.7,0.7,0,3,32,29,"62:124:248",206549554,261886150,169918568
"main-smooth_multiscale_local_sparse-baseline-n02000-p030-rx070-rs070-s30-rep-00030","main-smooth_multiscale_local_sparse-baseline-n02000-p030-rx070-rs070-s30","main","smooth_multiscale_local_sparse","baseline","uniform",2000,30,0.7,0.7,0,3,32,30,"62:124:248",206679917,262055237,170023297
"main-smooth_multiscale_local_sparse-baseline-n02000-p030-rx070-rs070-s30-rep-00031","main-smooth_multiscale_local_sparse-baseline-n02000-p030-rx070-rs070-s30","main","smooth_multiscale_local_sparse","baseline","uniform",2000,30,0.7,0.7,0,3,32,31,"62:124:248",206810280,262224324,170128026
"main-smooth_multiscale_local_sparse-baseline-n02000-p030-rx070-rs070-s30-rep-00032","main-smooth_multiscale_local_sparse-baseline-n02000-p030-rx070-rs070-s30","main","smooth_multiscale_local_sparse","baseline","uniform",2000,30,0.7,0.7,0,3,32,32,"62:124:248",206940643,262393411,170232755
"main-smooth_multiscale_local_sparse-baseline-n02000-p030-rx070-rs070-s30-rep-00033","main-smooth_multiscale_local_sparse-baseline-n02000-p030-rx070-rs070-s30","main","smooth_multiscale_local_sparse","baseline","uniform",2000,30,0.7,0.7,0,3,32,33,"62:124:248",207071006,262562498,170337484
"main-smooth_multiscale_local_sparse-baseline-n02000-p030-rx070-rs070-s30-rep-00034","main-smooth_multiscale_local_sparse-baseline-n02000-p030-rx070-rs070-s30","main","smooth_multiscale_local_sparse","baseline","uniform",2000,30,0.7,0.7,0,3,32,34,"62:124:248",207201369,262731585,170442213
"main-smooth_multiscale_local_sparse-baseline-n02000-p030-rx070-rs070-s30-rep-00035","main-smooth_multiscale_local_sparse-baseline-n02000-p030-rx070-rs070-s30","main","smooth_multiscale_local_sparse","baseline","uniform",2000,30,0.7,0.7,0,3,32,35,"62:124:248",207331732,262900672,170546942
"main-smooth_multiscale_local_sparse-baseline-n02000-p030-rx070-rs070-s30-rep-00036","main-smooth_multiscale_local_sparse-baseline-n02000-p030-rx070-rs070-s30","main","smooth_multiscale_local_sparse","baseline","uniform",2000,30,0.7,0.7,0,3,32,36,"62:124:248",207462095,263069759,170651671
"main-smooth_multiscale_local_sparse-baseline-n02000-p030-rx070-rs070-s30-rep-00037","main-smooth_multiscale_local_sparse-baseline-n02000-p030-rx070-rs070-s30","main","smooth_multiscale_local_sparse","baseline","uniform",2000,30,0.7,0.7,0,3,32,37,"62:124:248",207592458,263238846,170756400
"main-smooth_multiscale_local_sparse-baseline-n02000-p030-rx070-rs070-s30-rep-00038","main-smooth_multiscale_local_sparse-baseline-n02000-p030-rx070-rs070-s30","main","smooth_multiscale_local_sparse","baseline","uniform",2000,30,0.7,0.7,0,3,32,38,"62:124:248",207722821,263407933,170861129
"main-smooth_multiscale_local_sparse-baseline-n02000-p030-rx070-rs070-s30-rep-00039","main-smooth_multiscale_local_sparse-baseline-n02000-p030-rx070-rs070-s30","main","smooth_multiscale_local_sparse","baseline","uniform",2000,30,0.7,0.7,0,3,32,39,"62:124:248",207853184,263577020,170965858
"main-smooth_multiscale_local_sparse-baseline-n02000-p030-rx070-rs070-s30-rep-00040","main-smooth_multiscale_local_sparse-baseline-n02000-p030-rx070-rs070-s30","main","smooth_multiscale_local_sparse","baseline","uniform",2000,30,0.7,0.7,0,3,32,40,"62:124:248",207983547,263746107,171070587
"main-smooth_multiscale_local_sparse-baseline-n02000-p030-rx070-rs070-s30-rep-00041","main-smooth_multiscale_local_sparse-baseline-n02000-p030-rx070-rs070-s30","main","smooth_multiscale_local_sparse","baseline","uniform",2000,30,0.7,0.7,0,3,32,41,"62:124:248",208113910,263915194,171175316
"main-smooth_multiscale_local_sparse-baseline-n02000-p030-rx070-rs070-s30-rep-00042","main-smooth_multiscale_local_sparse-baseline-n02000-p030-rx070-rs070-s30","main","smooth_multiscale_local_sparse","baseline","uniform",2000,30,0.7,0.7,0,3,32,42,"62:124:248",208244273,264084281,171280045
"main-smooth_multiscale_local_sparse-baseline-n02000-p030-rx070-rs070-s30-rep-00043","main-smooth_multiscale_local_sparse-baseline-n02000-p030-rx070-rs070-s30","main","smooth_multiscale_local_sparse","baseline","uniform",2000,30,0.7,0.7,0,3,32,43,"62:124:248",208374636,264253368,171384774
"main-smooth_multiscale_local_sparse-baseline-n02000-p030-rx070-rs070-s30-rep-00044","main-smooth_multiscale_local_sparse-baseline-n02000-p030-rx070-rs070-s30","main","smooth_multiscale_local_sparse","baseline","uniform",2000,30,0.7,0.7,0,3,32,44,"62:124:248",208504999,264422455,171489503
"main-smooth_multiscale_local_sparse-baseline-n02000-p030-rx070-rs070-s30-rep-00045","main-smooth_multiscale_local_sparse-baseline-n02000-p030-rx070-rs070-s30","main","smooth_multiscale_local_sparse","baseline","uniform",2000,30,0.7,0.7,0,3,32,45,"62:124:248",208635362,264591542,171594232
"main-smooth_multiscale_local_sparse-baseline-n02000-p030-rx070-rs070-s30-rep-00046","main-smooth_multiscale_local_sparse-baseline-n02000-p030-rx070-rs070-s30","main","smooth_multiscale_local_sparse","baseline","uniform",2000,30,0.7,0.7,0,3,32,46,"62:124:248",208765725,264760629,171698961
"main-smooth_multiscale_local_sparse-baseline-n02000-p030-rx070-rs070-s30-rep-00047","main-smooth_multiscale_local_sparse-baseline-n02000-p030-rx070-rs070-s30","main","smooth_multiscale_local_sparse","baseline","uniform",2000,30,0.7,0.7,0,3,32,47,"62:124:248",208896088,264929716,171803690
"main-smooth_multiscale_local_sparse-baseline-n02000-p030-rx070-rs070-s30-rep-00048","main-smooth_multiscale_local_sparse-baseline-n02000-p030-rx070-rs070-s30","main","smooth_multiscale_local_sparse","baseline","uniform",2000,30,0.7,0.7,0,3,32,48,"62:124:248",209026451,265098803,171908419
"main-smooth_multiscale_local_sparse-baseline-n02000-p030-rx070-rs070-s30-rep-00049","main-smooth_multiscale_local_sparse-baseline-n02000-p030-rx070-rs070-s30","main","smooth_multiscale_local_sparse","baseline","uniform",2000,30,0.7,0.7,0,3,32,49,"62:124:248",209156814,265267890,172013148
"main-smooth_multiscale_local_sparse-baseline-n02000-p030-rx070-rs070-s30-rep-00050","main-smooth_multiscale_local_sparse-baseline-n02000-p030-rx070-rs070-s30","main","smooth_multiscale_local_sparse","baseline","uniform",2000,30,0.7,0.7,0,3,32,50,"62:124:248",209287177,265436977,172117877
"main-regional_sparse_discontinuous-baseline-n02000-p030-rx070-rs070-s30-rep-00001","main-regional_sparse_discontinuous-baseline-n02000-p030-rx070-rs070-s30","main","regional_sparse_discontinuous","baseline","uniform",2000,30,0.7,0.7,0,3,32,1,"62:124:248",209417540,265606064,172222606
"main-regional_sparse_discontinuous-baseline-n02000-p030-rx070-rs070-s30-rep-00002","main-regional_sparse_discontinuous-baseline-n02000-p030-rx070-rs070-s30","main","regional_sparse_discontinuous","baseline","uniform",2000,30,0.7,0.7,0,3,32,2,"62:124:248",209547903,265775151,172327335
"main-regional_sparse_discontinuous-baseline-n02000-p030-rx070-rs070-s30-rep-00003","main-regional_sparse_discontinuous-baseline-n02000-p030-rx070-rs070-s30","main","regional_sparse_discontinuous","baseline","uniform",2000,30,0.7,0.7,0,3,32,3,"62:124:248",209678266,265944238,172432064
"main-regional_sparse_discontinuous-baseline-n02000-p030-rx070-rs070-s30-rep-00004","main-regional_sparse_discontinuous-baseline-n02000-p030-rx070-rs070-s30","main","regional_sparse_discontinuous","baseline","uniform",2000,30,0.7,0.7,0,3,32,4,"62:124:248",209808629,266113325,172536793
"main-regional_sparse_discontinuous-baseline-n02000-p030-rx070-rs070-s30-rep-00005","main-regional_sparse_discontinuous-baseline-n02000-p030-rx070-rs070-s30","main","regional_sparse_discontinuous","baseline","uniform",2000,30,0.7,0.7,0,3,32,5,"62:124:248",209938992,266282412,172641522
"main-regional_sparse_discontinuous-baseline-n02000-p030-rx070-rs070-s30-rep-00006","main-regional_sparse_discontinuous-baseline-n02000-p030-rx070-rs070-s30","main","regional_sparse_discontinuous","baseline","uniform",2000,30,0.7,0.7,0,3,32,6,"62:124:248",210069355,266451499,172746251
"main-regional_sparse_discontinuous-baseline-n02000-p030-rx070-rs070-s30-rep-00007","main-regional_sparse_discontinuous-baseline-n02000-p030-rx070-rs070-s30","main","regional_sparse_discontinuous","baseline","uniform",2000,30,0.7,0.7,0,3,32,7,"62:124:248",210199718,266620586,172850980
"main-regional_sparse_discontinuous-baseline-n02000-p030-rx070-rs070-s30-rep-00008","main-regional_sparse_discontinuous-baseline-n02000-p030-rx070-rs070-s30","main","regional_sparse_discontinuous","baseline","uniform",2000,30,0.7,0.7,0,3,32,8,"62:124:248",210330081,266789673,172955709
"main-regional_sparse_discontinuous-baseline-n02000-p030-rx070-rs070-s30-rep-00009","main-regional_sparse_discontinuous-baseline-n02000-p030-rx070-rs070-s30","main","regional_sparse_discontinuous","baseline","uniform",2000,30,0.7,0.7,0,3,32,9,"62:124:248",210460444,266958760,173060438
"main-regional_sparse_discontinuous-baseline-n02000-p030-rx070-rs070-s30-rep-00010","main-regional_sparse_discontinuous-baseline-n02000-p030-rx070-rs070-s30","main","regional_sparse_discontinuous","baseline","uniform",2000,30,0.7,0.7,0,3,32,10,"62:124:248",210590807,267127847,173165167
"main-regional_sparse_discontinuous-baseline-n02000-p030-rx070-rs070-s30-rep-00011","main-regional_sparse_discontinuous-baseline-n02000-p030-rx070-rs070-s30","main","regional_sparse_discontinuous","baseline","uniform",2000,30,0.7,0.7,0,3,32,11,"62:124:248",210721170,267296934,173269896
"main-regional_sparse_discontinuous-baseline-n02000-p030-rx070-rs070-s30-rep-00012","main-regional_sparse_discontinuous-baseline-n02000-p030-rx070-rs070-s30","main","regional_sparse_discontinuous","baseline","uniform",2000,30,0.7,0.7,0,3,32,12,"62:124:248",210851533,267466021,173374625
"main-regional_sparse_discontinuous-baseline-n02000-p030-rx070-rs070-s30-rep-00013","main-regional_sparse_discontinuous-baseline-n02000-p030-rx070-rs070-s30","main","regional_sparse_discontinuous","baseline","uniform",2000,30,0.7,0.7,0,3,32,13,"62:124:248",210981896,267635108,173479354
"main-regional_sparse_discontinuous-baseline-n02000-p030-rx070-rs070-s30-rep-00014","main-regional_sparse_discontinuous-baseline-n02000-p030-rx070-rs070-s30","main","regional_sparse_discontinuous","baseline","uniform",2000,30,0.7,0.7,0,3,32,14,"62:124:248",211112259,267804195,173584083
"main-regional_sparse_discontinuous-baseline-n02000-p030-rx070-rs070-s30-rep-00015","main-regional_sparse_discontinuous-baseline-n02000-p030-rx070-rs070-s30","main","regional_sparse_discontinuous","baseline","uniform",2000,30,0.7,0.7,0,3,32,15,"62:124:248",211242622,267973282,173688812
"main-regional_sparse_discontinuous-baseline-n02000-p030-rx070-rs070-s30-rep-00016","main-regional_sparse_discontinuous-baseline-n02000-p030-rx070-rs070-s30","main","regional_sparse_discontinuous","baseline","uniform",2000,30,0.7,0.7,0,3,32,16,"62:124:248",211372985,268142369,173793541
"main-regional_sparse_discontinuous-baseline-n02000-p030-rx070-rs070-s30-rep-00017","main-regional_sparse_discontinuous-baseline-n02000-p030-rx070-rs070-s30","main","regional_sparse_discontinuous","baseline","uniform",2000,30,0.7,0.7,0,3,32,17,"62:124:248",211503348,268311456,173898270
"main-regional_sparse_discontinuous-baseline-n02000-p030-rx070-rs070-s30-rep-00018","main-regional_sparse_discontinuous-baseline-n02000-p030-rx070-rs070-s30","main","regional_sparse_discontinuous","baseline","uniform",2000,30,0.7,0.7,0,3,32,18,"62:124:248",211633711,268480543,174002999
"main-regional_sparse_discontinuous-baseline-n02000-p030-rx070-rs070-s30-rep-00019","main-regional_sparse_discontinuous-baseline-n02000-p030-rx070-rs070-s30","main","regional_sparse_discontinuous","baseline","uniform",2000,30,0.7,0.7,0,3,32,19,"62:124:248",211764074,268649630,174107728
"main-regional_sparse_discontinuous-baseline-n02000-p030-rx070-rs070-s30-rep-00020","main-regional_sparse_discontinuous-baseline-n02000-p030-rx070-rs070-s30","main","regional_sparse_discontinuous","baseline","uniform",2000,30,0.7,0.7,0,3,32,20,"62:124:248",211894437,268818717,174212457
"main-regional_sparse_discontinuous-baseline-n02000-p030-rx070-rs070-s30-rep-00021","main-regional_sparse_discontinuous-baseline-n02000-p030-rx070-rs070-s30","main","regional_sparse_discontinuous","baseline","uniform",2000,30,0.7,0.7,0,3,32,21,"62:124:248",212024800,268987804,174317186
"main-regional_sparse_discontinuous-baseline-n02000-p030-rx070-rs070-s30-rep-00022","main-regional_sparse_discontinuous-baseline-n02000-p030-rx070-rs070-s30","main","regional_sparse_discontinuous","baseline","uniform",2000,30,0.7,0.7,0,3,32,22,"62:124:248",212155163,269156891,174421915
"main-regional_sparse_discontinuous-baseline-n02000-p030-rx070-rs070-s30-rep-00023","main-regional_sparse_discontinuous-baseline-n02000-p030-rx070-rs070-s30","main","regional_sparse_discontinuous","baseline","uniform",2000,30,0.7,0.7,0,3,32,23,"62:124:248",212285526,269325978,174526644
"main-regional_sparse_discontinuous-baseline-n02000-p030-rx070-rs070-s30-rep-00024","main-regional_sparse_discontinuous-baseline-n02000-p030-rx070-rs070-s30","main","regional_sparse_discontinuous","baseline","uniform",2000,30,0.7,0.7,0,3,32,24,"62:124:248",212415889,269495065,174631373
"main-regional_sparse_discontinuous-baseline-n02000-p030-rx070-rs070-s30-rep-00025","main-regional_sparse_discontinuous-baseline-n02000-p030-rx070-rs070-s30","main","regional_sparse_discontinuous","baseline","uniform",2000,30,0.7,0.7,0,3,32,25,"62:124:248",212546252,269664152,174736102
"main-regional_sparse_discontinuous-baseline-n02000-p030-rx070-rs070-s30-rep-00026","main-regional_sparse_discontinuous-baseline-n02000-p030-rx070-rs070-s30","main","regional_sparse_discontinuous","baseline","uniform",2000,30,0.7,0.7,0,3,32,26,"62:124:248",212676615,269833239,174840831
"main-regional_sparse_discontinuous-baseline-n02000-p030-rx070-rs070-s30-rep-00027","main-regional_sparse_discontinuous-baseline-n02000-p030-rx070-rs070-s30","main","regional_sparse_discontinuous","baseline","uniform",2000,30,0.7,0.7,0,3,32,27,"62:124:248",212806978,270002326,174945560
"main-regional_sparse_discontinuous-baseline-n02000-p030-rx070-rs070-s30-rep-00028","main-regional_sparse_discontinuous-baseline-n02000-p030-rx070-rs070-s30","main","regional_sparse_discontinuous","baseline","uniform",2000,30,0.7,0.7,0,3,32,28,"62:124:248",212937341,270171413,175050289
"main-regional_sparse_discontinuous-baseline-n02000-p030-rx070-rs070-s30-rep-00029","main-regional_sparse_discontinuous-baseline-n02000-p030-rx070-rs070-s30","main","regional_sparse_discontinuous","baseline","uniform",2000,30,0.7,0.7,0,3,32,29,"62:124:248",213067704,270340500,175155018
"main-regional_sparse_discontinuous-baseline-n02000-p030-rx070-rs070-s30-rep-00030","main-regional_sparse_discontinuous-baseline-n02000-p030-rx070-rs070-s30","main","regional_sparse_discontinuous","baseline","uniform",2000,30,0.7,0.7,0,3,32,30,"62:124:248",213198067,270509587,175259747
"main-regional_sparse_discontinuous-baseline-n02000-p030-rx070-rs070-s30-rep-00031","main-regional_sparse_discontinuous-baseline-n02000-p030-rx070-rs070-s30","main","regional_sparse_discontinuous","baseline","uniform",2000,30,0.7,0.7,0,3,32,31,"62:124:248",213328430,270678674,175364476
"main-regional_sparse_discontinuous-baseline-n02000-p030-rx070-rs070-s30-rep-00032","main-regional_sparse_discontinuous-baseline-n02000-p030-rx070-rs070-s30","main","regional_sparse_discontinuous","baseline","uniform",2000,30,0.7,0.7,0,3,32,32,"62:124:248",213458793,270847761,175469205
"main-regional_sparse_discontinuous-baseline-n02000-p030-rx070-rs070-s30-rep-00033","main-regional_sparse_discontinuous-baseline-n02000-p030-rx070-rs070-s30","main","regional_sparse_discontinuous","baseline","uniform",2000,30,0.7,0.7,0,3,32,33,"62:124:248",213589156,271016848,175573934
"main-regional_sparse_discontinuous-baseline-n02000-p030-rx070-rs070-s30-rep-00034","main-regional_sparse_discontinuous-baseline-n02000-p030-rx070-rs070-s30","main","regional_sparse_discontinuous","baseline","uniform",2000,30,0.7,0.7,0,3,32,34,"62:124:248",213719519,271185935,175678663
"main-regional_sparse_discontinuous-baseline-n02000-p030-rx070-rs070-s30-rep-00035","main-regional_sparse_discontinuous-baseline-n02000-p030-rx070-rs070-s30","main","regional_sparse_discontinuous","baseline","uniform",2000,30,0.7,0.7,0,3,32,35,"62:124:248",213849882,271355022,175783392
"main-regional_sparse_discontinuous-baseline-n02000-p030-rx070-rs070-s30-rep-00036","main-regional_sparse_discontinuous-baseline-n02000-p030-rx070-rs070-s30","main","regional_sparse_discontinuous","baseline","uniform",2000,30,0.7,0.7,0,3,32,36,"62:124:248",213980245,271524109,175888121
"main-regional_sparse_discontinuous-baseline-n02000-p030-rx070-rs070-s30-rep-00037","main-regional_sparse_discontinuous-baseline-n02000-p030-rx070-rs070-s30","main","regional_sparse_discontinuous","baseline","uniform",2000,30,0.7,0.7,0,3,32,37,"62:124:248",214110608,271693196,175992850
"main-regional_sparse_discontinuous-baseline-n02000-p030-rx070-rs070-s30-rep-00038","main-regional_sparse_discontinuous-baseline-n02000-p030-rx070-rs070-s30","main","regional_sparse_discontinuous","baseline","uniform",2000,30,0.7,0.7,0,3,32,38,"62:124:248",214240971,271862283,176097579
"main-regional_sparse_discontinuous-baseline-n02000-p030-rx070-rs070-s30-rep-00039","main-regional_sparse_discontinuous-baseline-n02000-p030-rx070-rs070-s30","main","regional_sparse_discontinuous","baseline","uniform",2000,30,0.7,0.7,0,3,32,39,"62:124:248",214371334,272031370,176202308
"main-regional_sparse_discontinuous-baseline-n02000-p030-rx070-rs070-s30-rep-00040","main-regional_sparse_discontinuous-baseline-n02000-p030-rx070-rs070-s30","main","regional_sparse_discontinuous","baseline","uniform",2000,30,0.7,0.7,0,3,32,40,"62:124:248",214501697,272200457,176307037
"main-regional_sparse_discontinuous-baseline-n02000-p030-rx070-rs070-s30-rep-00041","main-regional_sparse_discontinuous-baseline-n02000-p030-rx070-rs070-s30","main","regional_sparse_discontinuous","baseline","uniform",2000,30,0.7,0.7,0,3,32,41,"62:124:248",214632060,272369544,176411766
"main-regional_sparse_discontinuous-baseline-n02000-p030-rx070-rs070-s30-rep-00042","main-regional_sparse_discontinuous-baseline-n02000-p030-rx070-rs070-s30","main","regional_sparse_discontinuous","baseline","uniform",2000,30,0.7,0.7,0,3,32,42,"62:124:248",214762423,272538631,176516495
"main-regional_sparse_discontinuous-baseline-n02000-p030-rx070-rs070-s30-rep-00043","main-regional_sparse_discontinuous-baseline-n02000-p030-rx070-rs070-s30","main","regional_sparse_discontinuous","baseline","uniform",2000,30,0.7,0.7,0,3,32,43,"62:124:248",214892786,272707718,176621224
"main-regional_sparse_discontinuous-baseline-n02000-p030-rx070-rs070-s30-rep-00044","main-regional_sparse_discontinuous-baseline-n02000-p030-rx070-rs070-s30","main","regional_sparse_discontinuous","baseline","uniform",2000,30,0.7,0.7,0,3,32,44,"62:124:248",215023149,272876805,176725953
"main-regional_sparse_discontinuous-baseline-n02000-p030-rx070-rs070-s30-rep-00045","main-regional_sparse_discontinuous-baseline-n02000-p030-rx070-rs070-s30","main","regional_sparse_discontinuous","baseline","uniform",2000,30,0.7,0.7,0,3,32,45,"62:124:248",215153512,273045892,176830682
"main-regional_sparse_discontinuous-baseline-n02000-p030-rx070-rs070-s30-rep-00046","main-regional_sparse_discontinuous-baseline-n02000-p030-rx070-rs070-s30","main","regional_sparse_discontinuous","baseline","uniform",2000,30,0.7,0.7,0,3,32,46,"62:124:248",215283875,273214979,176935411
"main-regional_sparse_discontinuous-baseline-n02000-p030-rx070-rs070-s30-rep-00047","main-regional_sparse_discontinuous-baseline-n02000-p030-rx070-rs070-s30","main","regional_sparse_discontinuous","baseline","uniform",2000,30,0.7,0.7,0,3,32,47,"62:124:248",215414238,273384066,177040140
"main-regional_sparse_discontinuous-baseline-n02000-p030-rx070-rs070-s30-rep-00048","main-regional_sparse_discontinuous-baseline-n02000-p030-rx070-rs070-s30","main","regional_sparse_discontinuous","baseline","uniform",2000,30,0.7,0.7,0,3,32,48,"62:124:248",215544601,273553153,177144869
"main-regional_sparse_discontinuous-baseline-n02000-p030-rx070-rs070-s30-rep-00049","main-regional_sparse_discontinuous-baseline-n02000-p030-rx070-rs070-s30","main","regional_sparse_discontinuous","baseline","uniform",2000,30,0.7,0.7,0,3,32,49,"62:124:248",215674964,273722240,177249598
"main-regional_sparse_discontinuous-baseline-n02000-p030-rx070-rs070-s30-rep-00050","main-regional_sparse_discontinuous-baseline-n02000-p030-rx070-rs070-s30","main","regional_sparse_discontinuous","baseline","uniform",2000,30,0.7,0.7,0,3,32,50,"62:124:248",215805327,273891327,177354327
"main-smooth_multiscale_local_sparse-baseline-n10000-p030-rx070-rs070-s30-rep-00001","main-smooth_multiscale_local_sparse-baseline-n10000-p030-rx070-rs070-s30","main","smooth_multiscale_local_sparse","baseline","uniform",10000,30,0.7,0.7,0,3,32,1,"250:500:1000",215935690,274060414,177459056
"main-smooth_multiscale_local_sparse-baseline-n10000-p030-rx070-rs070-s30-rep-00002","main-smooth_multiscale_local_sparse-baseline-n10000-p030-rx070-rs070-s30","main","smooth_multiscale_local_sparse","baseline","uniform",10000,30,0.7,0.7,0,3,32,2,"250:500:1000",216066053,274229501,177563785
"main-smooth_multiscale_local_sparse-baseline-n10000-p030-rx070-rs070-s30-rep-00003","main-smooth_multiscale_local_sparse-baseline-n10000-p030-rx070-rs070-s30","main","smooth_multiscale_local_sparse","baseline","uniform",10000,30,0.7,0.7,0,3,32,3,"250:500:1000",216196416,274398588,177668514
"main-smooth_multiscale_local_sparse-baseline-n10000-p030-rx070-rs070-s30-rep-00004","main-smooth_multiscale_local_sparse-baseline-n10000-p030-rx070-rs070-s30","main","smooth_multiscale_local_sparse","baseline","uniform",10000,30,0.7,0.7,0,3,32,4,"250:500:1000",216326779,274567675,177773243
"main-smooth_multiscale_local_sparse-baseline-n10000-p030-rx070-rs070-s30-rep-00005","main-smooth_multiscale_local_sparse-baseline-n10000-p030-rx070-rs070-s30","main","smooth_multiscale_local_sparse","baseline","uniform",10000,30,0.7,0.7,0,3,32,5,"250:500:1000",216457142,274736762,177877972
"main-smooth_multiscale_local_sparse-baseline-n10000-p030-rx070-rs070-s30-rep-00006","main-smooth_multiscale_local_sparse-baseline-n10000-p030-rx070-rs070-s30","main","smooth_multiscale_local_sparse","baseline","uniform",10000,30,0.7,0.7,0,3,32,6,"250:500:1000",216587505,274905849,177982701
"main-smooth_multiscale_local_sparse-baseline-n10000-p030-rx070-rs070-s30-rep-00007","main-smooth_multiscale_local_sparse-baseline-n10000-p030-rx070-rs070-s30","main","smooth_multiscale_local_sparse","baseline","uniform",10000,30,0.7,0.7,0,3,32,7,"250:500:1000",216717868,275074936,178087430
"main-smooth_multiscale_local_sparse-baseline-n10000-p030-rx070-rs070-s30-rep-00008","main-smooth_multiscale_local_sparse-baseline-n10000-p030-rx070-rs070-s30","main","smooth_multiscale_local_sparse","baseline","uniform",10000,30,0.7,0.7,0,3,32,8,"250:500:1000",216848231,275244023,178192159
"main-smooth_multiscale_local_sparse-baseline-n10000-p030-rx070-rs070-s30-rep-00009","main-smooth_multiscale_local_sparse-baseline-n10000-p030-rx070-rs070-s30","main","smooth_multiscale_local_sparse","baseline","uniform",10000,30,0.7,0.7,0,3,32,9,"250:500:1000",216978594,275413110,178296888
"main-smooth_multiscale_local_sparse-baseline-n10000-p030-rx070-rs070-s30-rep-00010","main-smooth_multiscale_local_sparse-baseline-n10000-p030-rx070-rs070-s30","main","smooth_multiscale_local_sparse","baseline","uniform",10000,30,0.7,0.7,0,3,32,10,"250:500:1000",217108957,275582197,178401617
"main-smooth_multiscale_local_sparse-baseline-n10000-p030-rx070-rs070-s30-rep-00011","main-smooth_multiscale_local_sparse-baseline-n10000-p030-rx070-rs070-s30","main","smooth_multiscale_local_sparse","baseline","uniform",10000,30,0.7,0.7,0,3,32,11,"250:500:1000",217239320,275751284,178506346
"main-smooth_multiscale_local_sparse-baseline-n10000-p030-rx070-rs070-s30-rep-00012","main-smooth_multiscale_local_sparse-baseline-n10000-p030-rx070-rs070-s30","main","smooth_multiscale_local_sparse","baseline","uniform",10000,30,0.7,0.7,0,3,32,12,"250:500:1000",217369683,275920371,178611075
"main-smooth_multiscale_local_sparse-baseline-n10000-p030-rx070-rs070-s30-rep-00013","main-smooth_multiscale_local_sparse-baseline-n10000-p030-rx070-rs070-s30","main","smooth_multiscale_local_sparse","baseline","uniform",10000,30,0.7,0.7,0,3,32,13,"250:500:1000",217500046,276089458,178715804
"main-smooth_multiscale_local_sparse-baseline-n10000-p030-rx070-rs070-s30-rep-00014","main-smooth_multiscale_local_sparse-baseline-n10000-p030-rx070-rs070-s30","main","smooth_multiscale_local_sparse","baseline","uniform",10000,30,0.7,0.7,0,3,32,14,"250:500:1000",217630409,276258545,178820533
"main-smooth_multiscale_local_sparse-baseline-n10000-p030-rx070-rs070-s30-rep-00015","main-smooth_multiscale_local_sparse-baseline-n10000-p030-rx070-rs070-s30","main","smooth_multiscale_local_sparse","baseline","uniform",10000,30,0.7,0.7,0,3,32,15,"250:500:1000",217760772,276427632,178925262
"main-smooth_multiscale_local_sparse-baseline-n10000-p030-rx070-rs070-s30-rep-00016","main-smooth_multiscale_local_sparse-baseline-n10000-p030-rx070-rs070-s30","main","smooth_multiscale_local_sparse","baseline","uniform",10000,30,0.7,0.7,0,3,32,16,"250:500:1000",217891135,276596719,179029991
"main-smooth_multiscale_local_sparse-baseline-n10000-p030-rx070-rs070-s30-rep-00017","main-smooth_multiscale_local_sparse-baseline-n10000-p030-rx070-rs070-s30","main","smooth_multiscale_local_sparse","baseline","uniform",10000,30,0.7,0.7,0,3,32,17,"250:500:1000",218021498,276765806,179134720
"main-smooth_multiscale_local_sparse-baseline-n10000-p030-rx070-rs070-s30-rep-00018","main-smooth_multiscale_local_sparse-baseline-n10000-p030-rx070-rs070-s30","main","smooth_multiscale_local_sparse","baseline","uniform",10000,30,0.7,0.7,0,3,32,18,"250:500:1000",218151861,276934893,179239449
"main-smooth_multiscale_local_sparse-baseline-n10000-p030-rx070-rs070-s30-rep-00019","main-smooth_multiscale_local_sparse-baseline-n10000-p030-rx070-rs070-s30","main","smooth_multiscale_local_sparse","baseline","uniform",10000,30,0.7,0.7,0,3,32,19,"250:500:1000",218282224,277103980,179344178
"main-smooth_multiscale_local_sparse-baseline-n10000-p030-rx070-rs070-s30-rep-00020","main-smooth_multiscale_local_sparse-baseline-n10000-p030-rx070-rs070-s30","main","smooth_multiscale_local_sparse","baseline","uniform",10000,30,0.7,0.7,0,3,32,20,"250:500:1000",218412587,277273067,179448907
"main-smooth_multiscale_local_sparse-baseline-n10000-p030-rx070-rs070-s30-rep-00021","main-smooth_multiscale_local_sparse-baseline-n10000-p030-rx070-rs070-s30","main","smooth_multiscale_local_sparse","baseline","uniform",10000,30,0.7,0.7,0,3,32,21,"250:500:1000",218542950,277442154,179553636
"main-smooth_multiscale_local_sparse-baseline-n10000-p030-rx070-rs070-s30-rep-00022","main-smooth_multiscale_local_sparse-baseline-n10000-p030-rx070-rs070-s30","main","smooth_multiscale_local_sparse","baseline","uniform",10000,30,0.7,0.7,0,3,32,22,"250:500:1000",218673313,277611241,179658365
"main-smooth_multiscale_local_sparse-baseline-n10000-p030-rx070-rs070-s30-rep-00023","main-smooth_multiscale_local_sparse-baseline-n10000-p030-rx070-rs070-s30","main","smooth_multiscale_local_sparse","baseline","uniform",10000,30,0.7,0.7,0,3,32,23,"250:500:1000",218803676,277780328,179763094
"main-smooth_multiscale_local_sparse-baseline-n10000-p030-rx070-rs070-s30-rep-00024","main-smooth_multiscale_local_sparse-baseline-n10000-p030-rx070-rs070-s30","main","smooth_multiscale_local_sparse","baseline","uniform",10000,30,0.7,0.7,0,3,32,24,"250:500:1000",218934039,277949415,179867823
"main-smooth_multiscale_local_sparse-baseline-n10000-p030-rx070-rs070-s30-rep-00025","main-smooth_multiscale_local_sparse-baseline-n10000-p030-rx070-rs070-s30","main","smooth_multiscale_local_sparse","baseline","uniform",10000,30,0.7,0.7,0,3,32,25,"250:500:1000",219064402,278118502,179972552
"main-smooth_multiscale_local_sparse-baseline-n10000-p030-rx070-rs070-s30-rep-00026","main-smooth_multiscale_local_sparse-baseline-n10000-p030-rx070-rs070-s30","main","smooth_multiscale_local_sparse","baseline","uniform",10000,30,0.7,0.7,0,3,32,26,"250:500:1000",219194765,278287589,180077281
"main-smooth_multiscale_local_sparse-baseline-n10000-p030-rx070-rs070-s30-rep-00027","main-smooth_multiscale_local_sparse-baseline-n10000-p030-rx070-rs070-s30","main","smooth_multiscale_local_sparse","baseline","uniform",10000,30,0.7,0.7,0,3,32,27,"250:500:1000",219325128,278456676,180182010
"main-smooth_multiscale_local_sparse-baseline-n10000-p030-rx070-rs070-s30-rep-00028","main-smooth_multiscale_local_sparse-baseline-n10000-p030-rx070-rs070-s30","main","smooth_multiscale_local_sparse","baseline","uniform",10000,30,0.7,0.7,0,3,32,28,"250:500:1000",219455491,278625763,180286739
"main-smooth_multiscale_local_sparse-baseline-n10000-p030-rx070-rs070-s30-rep-00029","main-smooth_multiscale_local_sparse-baseline-n10000-p030-rx070-rs070-s30","main","smooth_multiscale_local_sparse","baseline","uniform",10000,30,0.7,0.7,0,3,32,29,"250:500:1000",219585854,278794850,180391468
"main-smooth_multiscale_local_sparse-baseline-n10000-p030-rx070-rs070-s30-rep-00030","main-smooth_multiscale_local_sparse-baseline-n10000-p030-rx070-rs070-s30","main","smooth_multiscale_local_sparse","baseline","uniform",10000,30,0.7,0.7,0,3,32,30,"250:500:1000",219716217,278963937,180496197
"main-smooth_multiscale_local_sparse-baseline-n10000-p030-rx070-rs070-s30-rep-00031","main-smooth_multiscale_local_sparse-baseline-n10000-p030-rx070-rs070-s30","main","smooth_multiscale_local_sparse","baseline","uniform",10000,30,0.7,0.7,0,3,32,31,"250:500:1000",219846580,279133024,180600926
"main-smooth_multiscale_local_sparse-baseline-n10000-p030-rx070-rs070-s30-rep-00032","main-smooth_multiscale_local_sparse-baseline-n10000-p030-rx070-rs070-s30","main","smooth_multiscale_local_sparse","baseline","uniform",10000,30,0.7,0.7,0,3,32,32,"250:500:1000",219976943,279302111,180705655
"main-smooth_multiscale_local_sparse-baseline-n10000-p030-rx070-rs070-s30-rep-00033","main-smooth_multiscale_local_sparse-baseline-n10000-p030-rx070-rs070-s30","main","smooth_multiscale_local_sparse","baseline","uniform",10000,30,0.7,0.7,0,3,32,33,"250:500:1000",220107306,279471198,180810384
"main-smooth_multiscale_local_sparse-baseline-n10000-p030-rx070-rs070-s30-rep-00034","main-smooth_multiscale_local_sparse-baseline-n10000-p030-rx070-rs070-s30","main","smooth_multiscale_local_sparse","baseline","uniform",10000,30,0.7,0.7,0,3,32,34,"250:500:1000",220237669,279640285,180915113
"main-smooth_multiscale_local_sparse-baseline-n10000-p030-rx070-rs070-s30-rep-00035","main-smooth_multiscale_local_sparse-baseline-n10000-p030-rx070-rs070-s30","main","smooth_multiscale_local_sparse","baseline","uniform",10000,30,0.7,0.7,0,3,32,35,"250:500:1000",220368032,279809372,181019842
"main-smooth_multiscale_local_sparse-baseline-n10000-p030-rx070-rs070-s30-rep-00036","main-smooth_multiscale_local_sparse-baseline-n10000-p030-rx070-rs070-s30","main","smooth_multiscale_local_sparse","baseline","uniform",10000,30,0.7,0.7,0,3,32,36,"250:500:1000",220498395,279978459,181124571
"main-smooth_multiscale_local_sparse-baseline-n10000-p030-rx070-rs070-s30-rep-00037","main-smooth_multiscale_local_sparse-baseline-n10000-p030-rx070-rs070-s30","main","smooth_multiscale_local_sparse","baseline","uniform",10000,30,0.7,0.7,0,3,32,37,"250:500:1000",220628758,280147546,181229300
"main-smooth_multiscale_local_sparse-baseline-n10000-p030-rx070-rs070-s30-rep-00038","main-smooth_multiscale_local_sparse-baseline-n10000-p030-rx070-rs070-s30","main","smooth_multiscale_local_sparse","baseline","uniform",10000,30,0.7,0.7,0,3,32,38,"250:500:1000",220759121,280316633,181334029
"main-smooth_multiscale_local_sparse-baseline-n10000-p030-rx070-rs070-s30-rep-00039","main-smooth_multiscale_local_sparse-baseline-n10000-p030-rx070-rs070-s30","main","smooth_multiscale_local_sparse","baseline","uniform",10000,30,0.7,0.7,0,3,32,39,"250:500:1000",220889484,280485720,181438758
"main-smooth_multiscale_local_sparse-baseline-n10000-p030-rx070-rs070-s30-rep-00040","main-smooth_multiscale_local_sparse-baseline-n10000-p030-rx070-rs070-s30","main","smooth_multiscale_local_sparse","baseline","uniform",10000,30,0.7,0.7,0,3,32,40,"250:500:1000",221019847,280654807,181543487
"main-smooth_multiscale_local_sparse-baseline-n10000-p030-rx070-rs070-s30-rep-00041","main-smooth_multiscale_local_sparse-baseline-n10000-p030-rx070-rs070-s30","main","smooth_multiscale_local_sparse","baseline","uniform",10000,30,0.7,0.7,0,3,32,41,"250:500:1000",221150210,280823894,181648216
"main-smooth_multiscale_local_sparse-baseline-n10000-p030-rx070-rs070-s30-rep-00042","main-smooth_multiscale_local_sparse-baseline-n10000-p030-rx070-rs070-s30","main","smooth_multiscale_local_sparse","baseline","uniform",10000,30,0.7,0.7,0,3,32,42,"250:500:1000",221280573,280992981,181752945
"main-smooth_multiscale_local_sparse-baseline-n10000-p030-rx070-rs070-s30-rep-00043","main-smooth_multiscale_local_sparse-baseline-n10000-p030-rx070-rs070-s30","main","smooth_multiscale_local_sparse","baseline","uniform",10000,30,0.7,0.7,0,3,32,43,"250:500:1000",221410936,281162068,181857674
"main-smooth_multiscale_local_sparse-baseline-n10000-p030-rx070-rs070-s30-rep-00044","main-smooth_multiscale_local_sparse-baseline-n10000-p030-rx070-rs070-s30","main","smooth_multiscale_local_sparse","baseline","uniform",10000,30,0.7,0.7,0,3,32,44,"250:500:1000",221541299,281331155,181962403
"main-smooth_multiscale_local_sparse-baseline-n10000-p030-rx070-rs070-s30-rep-00045","main-smooth_multiscale_local_sparse-baseline-n10000-p030-rx070-rs070-s30","main","smooth_multiscale_local_sparse","baseline","uniform",10000,30,0.7,0.7,0,3,32,45,"250:500:1000",221671662,281500242,182067132
"main-smooth_multiscale_local_sparse-baseline-n10000-p030-rx070-rs070-s30-rep-00046","main-smooth_multiscale_local_sparse-baseline-n10000-p030-rx070-rs070-s30","main","smooth_multiscale_local_sparse","baseline","uniform",10000,30,0.7,0.7,0,3,32,46,"250:500:1000",221802025,281669329,182171861
"main-smooth_multiscale_local_sparse-baseline-n10000-p030-rx070-rs070-s30-rep-00047","main-smooth_multiscale_local_sparse-baseline-n10000-p030-rx070-rs070-s30","main","smooth_multiscale_local_sparse","baseline","uniform",10000,30,0.7,0.7,0,3,32,47,"250:500:1000",221932388,281838416,182276590
"main-smooth_multiscale_local_sparse-baseline-n10000-p030-rx070-rs070-s30-rep-00048","main-smooth_multiscale_local_sparse-baseline-n10000-p030-rx070-rs070-s30","main","smooth_multiscale_local_sparse","baseline","uniform",10000,30,0.7,0.7,0,3,32,48,"250:500:1000",222062751,282007503,182381319
"main-smooth_multiscale_local_sparse-baseline-n10000-p030-rx070-rs070-s30-rep-00049","main-smooth_multiscale_local_sparse-baseline-n10000-p030-rx070-rs070-s30","main","smooth_multiscale_local_sparse","baseline","uniform",10000,30,0.7,0.7,0,3,32,49,"250:500:1000",222193114,282176590,182486048
"main-smooth_multiscale_local_sparse-baseline-n10000-p030-rx070-rs070-s30-rep-00050","main-smooth_multiscale_local_sparse-baseline-n10000-p030-rx070-rs070-s30","main","smooth_multiscale_local_sparse","baseline","uniform",10000,30,0.7,0.7,0,3,32,50,"250:500:1000",222323477,282345677,182590777
"main-regional_sparse_discontinuous-baseline-n10000-p030-rx070-rs070-s30-rep-00001","main-regional_sparse_discontinuous-baseline-n10000-p030-rx070-rs070-s30","main","regional_sparse_discontinuous","baseline","uniform",10000,30,0.7,0.7,0,3,32,1,"250:500:1000",222453840,282514764,182695506
"main-regional_sparse_discontinuous-baseline-n10000-p030-rx070-rs070-s30-rep-00002","main-regional_sparse_discontinuous-baseline-n10000-p030-rx070-rs070-s30","main","regional_sparse_discontinuous","baseline","uniform",10000,30,0.7,0.7,0,3,32,2,"250:500:1000",222584203,282683851,182800235
"main-regional_sparse_discontinuous-baseline-n10000-p030-rx070-rs070-s30-rep-00003","main-regional_sparse_discontinuous-baseline-n10000-p030-rx070-rs070-s30","main","regional_sparse_discontinuous","baseline","uniform",10000,30,0.7,0.7,0,3,32,3,"250:500:1000",222714566,282852938,182904964
"main-regional_sparse_discontinuous-baseline-n10000-p030-rx070-rs070-s30-rep-00004","main-regional_sparse_discontinuous-baseline-n10000-p030-rx070-rs070-s30","main","regional_sparse_discontinuous","baseline","uniform",10000,30,0.7,0.7,0,3,32,4,"250:500:1000",222844929,283022025,183009693
"main-regional_sparse_discontinuous-baseline-n10000-p030-rx070-rs070-s30-rep-00005","main-regional_sparse_discontinuous-baseline-n10000-p030-rx070-rs070-s30","main","regional_sparse_discontinuous","baseline","uniform",10000,30,0.7,0.7,0,3,32,5,"250:500:1000",222975292,283191112,183114422
"main-regional_sparse_discontinuous-baseline-n10000-p030-rx070-rs070-s30-rep-00006","main-regional_sparse_discontinuous-baseline-n10000-p030-rx070-rs070-s30","main","regional_sparse_discontinuous","baseline","uniform",10000,30,0.7,0.7,0,3,32,6,"250:500:1000",223105655,283360199,183219151
"main-regional_sparse_discontinuous-baseline-n10000-p030-rx070-rs070-s30-rep-00007","main-regional_sparse_discontinuous-baseline-n10000-p030-rx070-rs070-s30","main","regional_sparse_discontinuous","baseline","uniform",10000,30,0.7,0.7,0,3,32,7,"250:500:1000",223236018,283529286,183323880
"main-regional_sparse_discontinuous-baseline-n10000-p030-rx070-rs070-s30-rep-00008","main-regional_sparse_discontinuous-baseline-n10000-p030-rx070-rs070-s30","main","regional_sparse_discontinuous","baseline","uniform",10000,30,0.7,0.7,0,3,32,8,"250:500:1000",223366381,283698373,183428609
"main-regional_sparse_discontinuous-baseline-n10000-p030-rx070-rs070-s30-rep-00009","main-regional_sparse_discontinuous-baseline-n10000-p030-rx070-rs070-s30","main","regional_sparse_discontinuous","baseline","uniform",10000,30,0.7,0.7,0,3,32,9,"250:500:1000",223496744,283867460,183533338
"main-regional_sparse_discontinuous-baseline-n10000-p030-rx070-rs070-s30-rep-00010","main-regional_sparse_discontinuous-baseline-n10000-p030-rx070-rs070-s30","main","regional_sparse_discontinuous","baseline","uniform",10000,30,0.7,0.7,0,3,32,10,"250:500:1000",223627107,284036547,183638067
"main-regional_sparse_discontinuous-baseline-n10000-p030-rx070-rs070-s30-rep-00011","main-regional_sparse_discontinuous-baseline-n10000-p030-rx070-rs070-s30","main","regional_sparse_discontinuous","baseline","uniform",10000,30,0.7,0.7,0,3,32,11,"250:500:1000",223757470,284205634,183742796
"main-regional_sparse_discontinuous-baseline-n10000-p030-rx070-rs070-s30-rep-00012","main-regional_sparse_discontinuous-baseline-n10000-p030-rx070-rs070-s30","main","regional_sparse_discontinuous","baseline","uniform",10000,30,0.7,0.7,0,3,32,12,"250:500:1000",223887833,284374721,183847525
"main-regional_sparse_discontinuous-baseline-n10000-p030-rx070-rs070-s30-rep-00013","main-regional_sparse_discontinuous-baseline-n10000-p030-rx070-rs070-s30","main","regional_sparse_discontinuous","baseline","uniform",10000,30,0.7,0.7,0,3,32,13,"250:500:1000",224018196,284543808,183952254
"main-regional_sparse_discontinuous-baseline-n10000-p030-rx070-rs070-s30-rep-00014","main-regional_sparse_discontinuous-baseline-n10000-p030-rx070-rs070-s30","main","regional_sparse_discontinuous","baseline","uniform",10000,30,0.7,0.7,0,3,32,14,"250:500:1000",224148559,284712895,184056983
"main-regional_sparse_discontinuous-baseline-n10000-p030-rx070-rs070-s30-rep-00015","main-regional_sparse_discontinuous-baseline-n10000-p030-rx070-rs070-s30","main","regional_sparse_discontinuous","baseline","uniform",10000,30,0.7,0.7,0,3,32,15,"250:500:1000",224278922,284881982,184161712
"main-regional_sparse_discontinuous-baseline-n10000-p030-rx070-rs070-s30-rep-00016","main-regional_sparse_discontinuous-baseline-n10000-p030-rx070-rs070-s30","main","regional_sparse_discontinuous","baseline","uniform",10000,30,0.7,0.7,0,3,32,16,"250:500:1000",224409285,285051069,184266441
"main-regional_sparse_discontinuous-baseline-n10000-p030-rx070-rs070-s30-rep-00017","main-regional_sparse_discontinuous-baseline-n10000-p030-rx070-rs070-s30","main","regional_sparse_discontinuous","baseline","uniform",10000,30,0.7,0.7,0,3,32,17,"250:500:1000",224539648,285220156,184371170
"main-regional_sparse_discontinuous-baseline-n10000-p030-rx070-rs070-s30-rep-00018","main-regional_sparse_discontinuous-baseline-n10000-p030-rx070-rs070-s30","main","regional_sparse_discontinuous","baseline","uniform",10000,30,0.7,0.7,0,3,32,18,"250:500:1000",224670011,285389243,184475899
"main-regional_sparse_discontinuous-baseline-n10000-p030-rx070-rs070-s30-rep-00019","main-regional_sparse_discontinuous-baseline-n10000-p030-rx070-rs070-s30","main","regional_sparse_discontinuous","baseline","uniform",10000,30,0.7,0.7,0,3,32,19,"250:500:1000",224800374,285558330,184580628
"main-regional_sparse_discontinuous-baseline-n10000-p030-rx070-rs070-s30-rep-00020","main-regional_sparse_discontinuous-baseline-n10000-p030-rx070-rs070-s30","main","regional_sparse_discontinuous","baseline","uniform",10000,30,0.7,0.7,0,3,32,20,"250:500:1000",224930737,285727417,184685357
"main-regional_sparse_discontinuous-baseline-n10000-p030-rx070-rs070-s30-rep-00021","main-regional_sparse_discontinuous-baseline-n10000-p030-rx070-rs070-s30","main","regional_sparse_discontinuous","baseline","uniform",10000,30,0.7,0.7,0,3,32,21,"250:500:1000",225061100,285896504,184790086
"main-regional_sparse_discontinuous-baseline-n10000-p030-rx070-rs070-s30-rep-00022","main-regional_sparse_discontinuous-baseline-n10000-p030-rx070-rs070-s30","main","regional_sparse_discontinuous","baseline","uniform",10000,30,0.7,0.7,0,3,32,22,"250:500:1000",225191463,286065591,184894815
"main-regional_sparse_discontinuous-baseline-n10000-p030-rx070-rs070-s30-rep-00023","main-regional_sparse_discontinuous-baseline-n10000-p030-rx070-rs070-s30","main","regional_sparse_discontinuous","baseline","uniform",10000,30,0.7,0.7,0,3,32,23,"250:500:1000",225321826,286234678,184999544
"main-regional_sparse_discontinuous-baseline-n10000-p030-rx070-rs070-s30-rep-00024","main-regional_sparse_discontinuous-baseline-n10000-p030-rx070-rs070-s30","main","regional_sparse_discontinuous","baseline","uniform",10000,30,0.7,0.7,0,3,32,24,"250:500:1000",225452189,286403765,185104273
"main-regional_sparse_discontinuous-baseline-n10000-p030-rx070-rs070-s30-rep-00025","main-regional_sparse_discontinuous-baseline-n10000-p030-rx070-rs070-s30","main","regional_sparse_discontinuous","baseline","uniform",10000,30,0.7,0.7,0,3,32,25,"250:500:1000",225582552,286572852,185209002
"main-regional_sparse_discontinuous-baseline-n10000-p030-rx070-rs070-s30-rep-00026","main-regional_sparse_discontinuous-baseline-n10000-p030-rx070-rs070-s30","main","regional_sparse_discontinuous","baseline","uniform",10000,30,0.7,0.7,0,3,32,26,"250:500:1000",225712915,286741939,185313731
"main-regional_sparse_discontinuous-baseline-n10000-p030-rx070-rs070-s30-rep-00027","main-regional_sparse_discontinuous-baseline-n10000-p030-rx070-rs070-s30","main","regional_sparse_discontinuous","baseline","uniform",10000,30,0.7,0.7,0,3,32,27,"250:500:1000",225843278,286911026,185418460
"main-regional_sparse_discontinuous-baseline-n10000-p030-rx070-rs070-s30-rep-00028","main-regional_sparse_discontinuous-baseline-n10000-p030-rx070-rs070-s30","main","regional_sparse_discontinuous","baseline","uniform",10000,30,0.7,0.7,0,3,32,28,"250:500:1000",225973641,287080113,185523189
"main-regional_sparse_discontinuous-baseline-n10000-p030-rx070-rs070-s30-rep-00029","main-regional_sparse_discontinuous-baseline-n10000-p030-rx070-rs070-s30","main","regional_sparse_discontinuous","baseline","uniform",10000,30,0.7,0.7,0,3,32,29,"250:500:1000",226104004,287249200,185627918
"main-regional_sparse_discontinuous-baseline-n10000-p030-rx070-rs070-s30-rep-00030","main-regional_sparse_discontinuous-baseline-n10000-p030-rx070-rs070-s30","main","regional_sparse_discontinuous","baseline","uniform",10000,30,0.7,0.7,0,3,32,30,"250:500:1000",226234367,287418287,185732647
"main-regional_sparse_discontinuous-baseline-n10000-p030-rx070-rs070-s30-rep-00031","main-regional_sparse_discontinuous-baseline-n10000-p030-rx070-rs070-s30","main","regional_sparse_discontinuous","baseline","uniform",10000,30,0.7,0.7,0,3,32,31,"250:500:1000",226364730,287587374,185837376
"main-regional_sparse_discontinuous-baseline-n10000-p030-rx070-rs070-s30-rep-00032","main-regional_sparse_discontinuous-baseline-n10000-p030-rx070-rs070-s30","main","regional_sparse_discontinuous","baseline","uniform",10000,30,0.7,0.7,0,3,32,32,"250:500:1000",226495093,287756461,185942105
"main-regional_sparse_discontinuous-baseline-n10000-p030-rx070-rs070-s30-rep-00033","main-regional_sparse_discontinuous-baseline-n10000-p030-rx070-rs070-s30","main","regional_sparse_discontinuous","baseline","uniform",10000,30,0.7,0.7,0,3,32,33,"250:500:1000",226625456,287925548,186046834
"main-regional_sparse_discontinuous-baseline-n10000-p030-rx070-rs070-s30-rep-00034","main-regional_sparse_discontinuous-baseline-n10000-p030-rx070-rs070-s30","main","regional_sparse_discontinuous","baseline","uniform",10000,30,0.7,0.7,0,3,32,34,"250:500:1000",226755819,288094635,186151563
"main-regional_sparse_discontinuous-baseline-n10000-p030-rx070-rs070-s30-rep-00035","main-regional_sparse_discontinuous-baseline-n10000-p030-rx070-rs070-s30","main","regional_sparse_discontinuous","baseline","uniform",10000,30,0.7,0.7,0,3,32,35,"250:500:1000",226886182,288263722,186256292
"main-regional_sparse_discontinuous-baseline-n10000-p030-rx070-rs070-s30-rep-00036","main-regional_sparse_discontinuous-baseline-n10000-p030-rx070-rs070-s30","main","regional_sparse_discontinuous","baseline","uniform",10000,30,0.7,0.7,0,3,32,36,"250:500:1000",227016545,288432809,186361021
"main-regional_sparse_discontinuous-baseline-n10000-p030-rx070-rs070-s30-rep-00037","main-regional_sparse_discontinuous-baseline-n10000-p030-rx070-rs070-s30","main","regional_sparse_discontinuous","baseline","uniform",10000,30,0.7,0.7,0,3,32,37,"250:500:1000",227146908,288601896,186465750
"main-regional_sparse_discontinuous-baseline-n10000-p030-rx070-rs070-s30-rep-00038","main-regional_sparse_discontinuous-baseline-n10000-p030-rx070-rs070-s30","main","regional_sparse_discontinuous","baseline","uniform",10000,30,0.7,0.7,0,3,32,38,"250:500:1000",227277271,288770983,186570479
"main-regional_sparse_discontinuous-baseline-n10000-p030-rx070-rs070-s30-rep-00039","main-regional_sparse_discontinuous-baseline-n10000-p030-rx070-rs070-s30","main","regional_sparse_discontinuous","baseline","uniform",10000,30,0.7,0.7,0,3,32,39,"250:500:1000",227407634,288940070,186675208
"main-regional_sparse_discontinuous-baseline-n10000-p030-rx070-rs070-s30-rep-00040","main-regional_sparse_discontinuous-baseline-n10000-p030-rx070-rs070-s30","main","regional_sparse_discontinuous","baseline","uniform",10000,30,0.7,0.7,0,3,32,40,"250:500:1000",227537997,289109157,186779937
"main-regional_sparse_discontinuous-baseline-n10000-p030-rx070-rs070-s30-rep-00041","main-regional_sparse_discontinuous-baseline-n10000-p030-rx070-rs070-s30","main","regional_sparse_discontinuous","baseline","uniform",10000,30,0.7,0.7,0,3,32,41,"250:500:1000",227668360,289278244,186884666
"main-regional_sparse_discontinuous-baseline-n10000-p030-rx070-rs070-s30-rep-00042","main-regional_sparse_discontinuous-baseline-n10000-p030-rx070-rs070-s30","main","regional_sparse_discontinuous","baseline","uniform",10000,30,0.7,0.7,0,3,32,42,"250:500:1000",227798723,289447331,186989395
"main-regional_sparse_discontinuous-baseline-n10000-p030-rx070-rs070-s30-rep-00043","main-regional_sparse_discontinuous-baseline-n10000-p030-rx070-rs070-s30","main","regional_sparse_discontinuous","baseline","uniform",10000,30,0.7,0.7,0,3,32,43,"250:500:1000",227929086,289616418,187094124
"main-regional_sparse_discontinuous-baseline-n10000-p030-rx070-rs070-s30-rep-00044","main-regional_sparse_discontinuous-baseline-n10000-p030-rx070-rs070-s30","main","regional_sparse_discontinuous","baseline","uniform",10000,30,0.7,0.7,0,3,32,44,"250:500:1000",228059449,289785505,187198853
"main-regional_sparse_discontinuous-baseline-n10000-p030-rx070-rs070-s30-rep-00045","main-regional_sparse_discontinuous-baseline-n10000-p030-rx070-rs070-s30","main","regional_sparse_discontinuous","baseline","uniform",10000,30,0.7,0.7,0,3,32,45,"250:500:1000",228189812,289954592,187303582
"main-regional_sparse_discontinuous-baseline-n10000-p030-rx070-rs070-s30-rep-00046","main-regional_sparse_discontinuous-baseline-n10000-p030-rx070-rs070-s30","main","regional_sparse_discontinuous","baseline","uniform",10000,30,0.7,0.7,0,3,32,46,"250:500:1000",228320175,290123679,187408311
"main-regional_sparse_discontinuous-baseline-n10000-p030-rx070-rs070-s30-rep-00047","main-regional_sparse_discontinuous-baseline-n10000-p030-rx070-rs070-s30","main","regional_sparse_discontinuous","baseline","uniform",10000,30,0.7,0.7,0,3,32,47,"250:500:1000",228450538,290292766,187513040
"main-regional_sparse_discontinuous-baseline-n10000-p030-rx070-rs070-s30-rep-00048","main-regional_sparse_discontinuous-baseline-n10000-p030-rx070-rs070-s30","main","regional_sparse_discontinuous","baseline","uniform",10000,30,0.7,0.7,0,3,32,48,"250:500:1000",228580901,290461853,187617769
"main-regional_sparse_discontinuous-baseline-n10000-p030-rx070-rs070-s30-rep-00049","main-regional_sparse_discontinuous-baseline-n10000-p030-rx070-rs070-s30","main","regional_sparse_discontinuous","baseline","uniform",10000,30,0.7,0.7,0,3,32,49,"250:500:1000",228711264,290630940,187722498
"main-regional_sparse_discontinuous-baseline-n10000-p030-rx070-rs070-s30-rep-00050","main-regional_sparse_discontinuous-baseline-n10000-p030-rx070-rs070-s30","main","regional_sparse_discontinuous","baseline","uniform",10000,30,0.7,0.7,0,3,32,50,"250:500:1000",228841627,290800027,187827227
"reference-stationary_sparse-baseline-n05000-p030-rx070-rs070-s30-rep-00001","reference-stationary_sparse-baseline-n05000-p030-rx070-rs070-s30","reference","stationary_sparse","baseline","uniform",5000,30,0.7,0.7,0,3,32,1,"125:250:500",228971990,290969114,187931956
"reference-stationary_sparse-baseline-n05000-p030-rx070-rs070-s30-rep-00002","reference-stationary_sparse-baseline-n05000-p030-rx070-rs070-s30","reference","stationary_sparse","baseline","uniform",5000,30,0.7,0.7,0,3,32,2,"125:250:500",229102353,291138201,188036685
"reference-stationary_sparse-baseline-n05000-p030-rx070-rs070-s30-rep-00003","reference-stationary_sparse-baseline-n05000-p030-rx070-rs070-s30","reference","stationary_sparse","baseline","uniform",5000,30,0.7,0.7,0,3,32,3,"125:250:500",229232716,291307288,188141414
"reference-stationary_sparse-baseline-n05000-p030-rx070-rs070-s30-rep-00004","reference-stationary_sparse-baseline-n05000-p030-rx070-rs070-s30","reference","stationary_sparse","baseline","uniform",5000,30,0.7,0.7,0,3,32,4,"125:250:500",229363079,291476375,188246143
"reference-stationary_sparse-baseline-n05000-p030-rx070-rs070-s30-rep-00005","reference-stationary_sparse-baseline-n05000-p030-rx070-rs070-s30","reference","stationary_sparse","baseline","uniform",5000,30,0.7,0.7,0,3,32,5,"125:250:500",229493442,291645462,188350872
"reference-stationary_sparse-baseline-n05000-p030-rx070-rs070-s30-rep-00006","reference-stationary_sparse-baseline-n05000-p030-rx070-rs070-s30","reference","stationary_sparse","baseline","uniform",5000,30,0.7,0.7,0,3,32,6,"125:250:500",229623805,291814549,188455601
"reference-stationary_sparse-baseline-n05000-p030-rx070-rs070-s30-rep-00007","reference-stationary_sparse-baseline-n05000-p030-rx070-rs070-s30","reference","stationary_sparse","baseline","uniform",5000,30,0.7,0.7,0,3,32,7,"125:250:500",229754168,291983636,188560330
"reference-stationary_sparse-baseline-n05000-p030-rx070-rs070-s30-rep-00008","reference-stationary_sparse-baseline-n05000-p030-rx070-rs070-s30","reference","stationary_sparse","baseline","uniform",5000,30,0.7,0.7,0,3,32,8,"125:250:500",229884531,292152723,188665059
"reference-stationary_sparse-baseline-n05000-p030-rx070-rs070-s30-rep-00009","reference-stationary_sparse-baseline-n05000-p030-rx070-rs070-s30","reference","stationary_sparse","baseline","uniform",5000,30,0.7,0.7,0,3,32,9,"125:250:500",230014894,292321810,188769788
"reference-stationary_sparse-baseline-n05000-p030-rx070-rs070-s30-rep-00010","reference-stationary_sparse-baseline-n05000-p030-rx070-rs070-s30","reference","stationary_sparse","baseline","uniform",5000,30,0.7,0.7,0,3,32,10,"125:250:500",230145257,292490897,188874517
"reference-stationary_sparse-baseline-n05000-p030-rx070-rs070-s30-rep-00011","reference-stationary_sparse-baseline-n05000-p030-rx070-rs070-s30","reference","stationary_sparse","baseline","uniform",5000,30,0.7,0.7,0,3,32,11,"125:250:500",230275620,292659984,188979246
"reference-stationary_sparse-baseline-n05000-p030-rx070-rs070-s30-rep-00012","reference-stationary_sparse-baseline-n05000-p030-rx070-rs070-s30","reference","stationary_sparse","baseline","uniform",5000,30,0.7,0.7,0,3,32,12,"125:250:500",230405983,292829071,189083975
"reference-stationary_sparse-baseline-n05000-p030-rx070-rs070-s30-rep-00013","reference-stationary_sparse-baseline-n05000-p030-rx070-rs070-s30","reference","stationary_sparse","baseline","uniform",5000,30,0.7,0.7,0,3,32,13,"125:250:500",230536346,292998158,189188704
"reference-stationary_sparse-baseline-n05000-p030-rx070-rs070-s30-rep-00014","reference-stationary_sparse-baseline-n05000-p030-rx070-rs070-s30","reference","stationary_sparse","baseline","uniform",5000,30,0.7,0.7,0,3,32,14,"125:250:500",230666709,293167245,189293433
"reference-stationary_sparse-baseline-n05000-p030-rx070-rs070-s30-rep-00015","reference-stationary_sparse-baseline-n05000-p030-rx070-rs070-s30","reference","stationary_sparse","baseline","uniform",5000,30,0.7,0.7,0,3,32,15,"125:250:500",230797072,293336332,189398162
"reference-stationary_sparse-baseline-n05000-p030-rx070-rs070-s30-rep-00016","reference-stationary_sparse-baseline-n05000-p030-rx070-rs070-s30","reference","stationary_sparse","baseline","uniform",5000,30,0.7,0.7,0,3,32,16,"125:250:500",230927435,293505419,189502891
"reference-stationary_sparse-baseline-n05000-p030-rx070-rs070-s30-rep-00017","reference-stationary_sparse-baseline-n05000-p030-rx070-rs070-s30","reference","stationary_sparse","baseline","uniform",5000,30,0.7,0.7,0,3,32,17,"125:250:500",231057798,293674506,189607620
"reference-stationary_sparse-baseline-n05000-p030-rx070-rs070-s30-rep-00018","reference-stationary_sparse-baseline-n05000-p030-rx070-rs070-s30","reference","stationary_sparse","baseline","uniform",5000,30,0.7,0.7,0,3,32,18,"125:250:500",231188161,293843593,189712349
"reference-stationary_sparse-baseline-n05000-p030-rx070-rs070-s30-rep-00019","reference-stationary_sparse-baseline-n05000-p030-rx070-rs070-s30","reference","stationary_sparse","baseline","uniform",5000,30,0.7,0.7,0,3,32,19,"125:250:500",231318524,294012680,189817078
"reference-stationary_sparse-baseline-n05000-p030-rx070-rs070-s30-rep-00020","reference-stationary_sparse-baseline-n05000-p030-rx070-rs070-s30","reference","stationary_sparse","baseline","uniform",5000,30,0.7,0.7,0,3,32,20,"125:250:500",231448887,294181767,189921807
"reference-stationary_sparse-baseline-n05000-p030-rx070-rs070-s30-rep-00021","reference-stationary_sparse-baseline-n05000-p030-rx070-rs070-s30","reference","stationary_sparse","baseline","uniform",5000,30,0.7,0.7,0,3,32,21,"125:250:500",231579250,294350854,190026536
"reference-stationary_sparse-baseline-n05000-p030-rx070-rs070-s30-rep-00022","reference-stationary_sparse-baseline-n05000-p030-rx070-rs070-s30","reference","stationary_sparse","baseline","uniform",5000,30,0.7,0.7,0,3,32,22,"125:250:500",231709613,294519941,190131265
"reference-stationary_sparse-baseline-n05000-p030-rx070-rs070-s30-rep-00023","reference-stationary_sparse-baseline-n05000-p030-rx070-rs070-s30","reference","stationary_sparse","baseline","uniform",5000,30,0.7,0.7,0,3,32,23,"125:250:500",231839976,294689028,190235994
"reference-stationary_sparse-baseline-n05000-p030-rx070-rs070-s30-rep-00024","reference-stationary_sparse-baseline-n05000-p030-rx070-rs070-s30","reference","stationary_sparse","baseline","uniform",5000,30,0.7,0.7,0,3,32,24,"125:250:500",231970339,294858115,190340723
"reference-stationary_sparse-baseline-n05000-p030-rx070-rs070-s30-rep-00025","reference-stationary_sparse-baseline-n05000-p030-rx070-rs070-s30","reference","stationary_sparse","baseline","uniform",5000,30,0.7,0.7,0,3,32,25,"125:250:500",232100702,295027202,190445452
"reference-stationary_sparse-baseline-n05000-p030-rx070-rs070-s30-rep-00026","reference-stationary_sparse-baseline-n05000-p030-rx070-rs070-s30","reference","stationary_sparse","baseline","uniform",5000,30,0.7,0.7,0,3,32,26,"125:250:500",232231065,295196289,190550181
"reference-stationary_sparse-baseline-n05000-p030-rx070-rs070-s30-rep-00027","reference-stationary_sparse-baseline-n05000-p030-rx070-rs070-s30","reference","stationary_sparse","baseline","uniform",5000,30,0.7,0.7,0,3,32,27,"125:250:500",232361428,295365376,190654910
"reference-stationary_sparse-baseline-n05000-p030-rx070-rs070-s30-rep-00028","reference-stationary_sparse-baseline-n05000-p030-rx070-rs070-s30","reference","stationary_sparse","baseline","uniform",5000,30,0.7,0.7,0,3,32,28,"125:250:500",232491791,295534463,190759639
"reference-stationary_sparse-baseline-n05000-p030-rx070-rs070-s30-rep-00029","reference-stationary_sparse-baseline-n05000-p030-rx070-rs070-s30","reference","stationary_sparse","baseline","uniform",5000,30,0.7,0.7,0,3,32,29,"125:250:500",232622154,295703550,190864368
"reference-stationary_sparse-baseline-n05000-p030-rx070-rs070-s30-rep-00030","reference-stationary_sparse-baseline-n05000-p030-rx070-rs070-s30","reference","stationary_sparse","baseline","uniform",5000,30,0.7,0.7,0,3,32,30,"125:250:500",232752517,295872637,190969097
"reference-stationary_sparse-baseline-n05000-p030-rx070-rs070-s30-rep-00031","reference-stationary_sparse-baseline-n05000-p030-rx070-rs070-s30","reference","stationary_sparse","baseline","uniform",5000,30,0.7,0.7,0,3,32,31,"125:250:500",232882880,296041724,191073826
"reference-stationary_sparse-baseline-n05000-p030-rx070-rs070-s30-rep-00032","reference-stationary_sparse-baseline-n05000-p030-rx070-rs070-s30","reference","stationary_sparse","baseline","uniform",5000,30,0.7,0.7,0,3,32,32,"125:250:500",233013243,296210811,191178555
"reference-stationary_sparse-baseline-n05000-p030-rx070-rs070-s30-rep-00033","reference-stationary_sparse-baseline-n05000-p030-rx070-rs070-s30","reference","stationary_sparse","baseline","uniform",5000,30,0.7,0.7,0,3,32,33,"125:250:500",233143606,296379898,191283284
"reference-stationary_sparse-baseline-n05000-p030-rx070-rs070-s30-rep-00034","reference-stationary_sparse-baseline-n05000-p030-rx070-rs070-s30","reference","stationary_sparse","baseline","uniform",5000,30,0.7,0.7,0,3,32,34,"125:250:500",233273969,296548985,191388013
"reference-stationary_sparse-baseline-n05000-p030-rx070-rs070-s30-rep-00035","reference-stationary_sparse-baseline-n05000-p030-rx070-rs070-s30","reference","stationary_sparse","baseline","uniform",5000,30,0.7,0.7,0,3,32,35,"125:250:500",233404332,296718072,191492742
"reference-stationary_sparse-baseline-n05000-p030-rx070-rs070-s30-rep-00036","reference-stationary_sparse-baseline-n05000-p030-rx070-rs070-s30","reference","stationary_sparse","baseline","uniform",5000,30,0.7,0.7,0,3,32,36,"125:250:500",233534695,296887159,191597471
"reference-stationary_sparse-baseline-n05000-p030-rx070-rs070-s30-rep-00037","reference-stationary_sparse-baseline-n05000-p030-rx070-rs070-s30","reference","stationary_sparse","baseline","uniform",5000,30,0.7,0.7,0,3,32,37,"125:250:500",233665058,297056246,191702200
"reference-stationary_sparse-baseline-n05000-p030-rx070-rs070-s30-rep-00038","reference-stationary_sparse-baseline-n05000-p030-rx070-rs070-s30","reference","stationary_sparse","baseline","uniform",5000,30,0.7,0.7,0,3,32,38,"125:250:500",233795421,297225333,191806929
"reference-stationary_sparse-baseline-n05000-p030-rx070-rs070-s30-rep-00039","reference-stationary_sparse-baseline-n05000-p030-rx070-rs070-s30","reference","stationary_sparse","baseline","uniform",5000,30,0.7,0.7,0,3,32,39,"125:250:500",233925784,297394420,191911658
"reference-stationary_sparse-baseline-n05000-p030-rx070-rs070-s30-rep-00040","reference-stationary_sparse-baseline-n05000-p030-rx070-rs070-s30","reference","stationary_sparse","baseline","uniform",5000,30,0.7,0.7,0,3,32,40,"125:250:500",234056147,297563507,192016387
"reference-stationary_sparse-baseline-n05000-p030-rx070-rs070-s30-rep-00041","reference-stationary_sparse-baseline-n05000-p030-rx070-rs070-s30","reference","stationary_sparse","baseline","uniform",5000,30,0.7,0.7,0,3,32,41,"125:250:500",234186510,297732594,192121116
"reference-stationary_sparse-baseline-n05000-p030-rx070-rs070-s30-rep-00042","reference-stationary_sparse-baseline-n05000-p030-rx070-rs070-s30","reference","stationary_sparse","baseline","uniform",5000,30,0.7,0.7,0,3,32,42,"125:250:500",234316873,297901681,192225845
"reference-stationary_sparse-baseline-n05000-p030-rx070-rs070-s30-rep-00043","reference-stationary_sparse-baseline-n05000-p030-rx070-rs070-s30","reference","stationary_sparse","baseline","uniform",5000,30,0.7,0.7,0,3,32,43,"125:250:500",234447236,298070768,192330574
"reference-stationary_sparse-baseline-n05000-p030-rx070-rs070-s30-rep-00044","reference-stationary_sparse-baseline-n05000-p030-rx070-rs070-s30","reference","stationary_sparse","baseline","uniform",5000,30,0.7,0.7,0,3,32,44,"125:250:500",234577599,298239855,192435303
"reference-stationary_sparse-baseline-n05000-p030-rx070-rs070-s30-rep-00045","reference-stationary_sparse-baseline-n05000-p030-rx070-rs070-s30","reference","stationary_sparse","baseline","uniform",5000,30,0.7,0.7,0,3,32,45,"125:250:500",234707962,298408942,192540032
"reference-stationary_sparse-baseline-n05000-p030-rx070-rs070-s30-rep-00046","reference-stationary_sparse-baseline-n05000-p030-rx070-rs070-s30","reference","stationary_sparse","baseline","uniform",5000,30,0.7,0.7,0,3,32,46,"125:250:500",234838325,298578029,192644761
"reference-stationary_sparse-baseline-n05000-p030-rx070-rs070-s30-rep-00047","reference-stationary_sparse-baseline-n05000-p030-rx070-rs070-s30","reference","stationary_sparse","baseline","uniform",5000,30,0.7,0.7,0,3,32,47,"125:250:500",234968688,298747116,192749490
"reference-stationary_sparse-baseline-n05000-p030-rx070-rs070-s30-rep-00048","reference-stationary_sparse-baseline-n05000-p030-rx070-rs070-s30","reference","stationary_sparse","baseline","uniform",5000,30,0.7,0.7,0,3,32,48,"125:250:500",235099051,298916203,192854219
"reference-stationary_sparse-baseline-n05000-p030-rx070-rs070-s30-rep-00049","reference-stationary_sparse-baseline-n05000-p030-rx070-rs070-s30","reference","stationary_sparse","baseline","uniform",5000,30,0.7,0.7,0,3,32,49,"125:250:500",235229414,299085290,192958948
"reference-stationary_sparse-baseline-n05000-p030-rx070-rs070-s30-rep-00050","reference-stationary_sparse-baseline-n05000-p030-rx070-rs070-s30","reference","stationary_sparse","baseline","uniform",5000,30,0.7,0.7,0,3,32,50,"125:250:500",235359777,299254377,193063677
"reference-stationary_sparse-baseline-n05000-p030-rx070-rs070-s30-rep-00051","reference-stationary_sparse-baseline-n05000-p030-rx070-rs070-s30","reference","stationary_sparse","baseline","uniform",5000,30,0.7,0.7,0,3,32,51,"125:250:500",235490140,299423464,193168406
"reference-stationary_sparse-baseline-n05000-p030-rx070-rs070-s30-rep-00052","reference-stationary_sparse-baseline-n05000-p030-rx070-rs070-s30","reference","stationary_sparse","baseline","uniform",5000,30,0.7,0.7,0,3,32,52,"125:250:500",235620503,299592551,193273135
"reference-stationary_sparse-baseline-n05000-p030-rx070-rs070-s30-rep-00053","reference-stationary_sparse-baseline-n05000-p030-rx070-rs070-s30","reference","stationary_sparse","baseline","uniform",5000,30,0.7,0.7,0,3,32,53,"125:250:500",235750866,299761638,193377864
"reference-stationary_sparse-baseline-n05000-p030-rx070-rs070-s30-rep-00054","reference-stationary_sparse-baseline-n05000-p030-rx070-rs070-s30","reference","stationary_sparse","baseline","uniform",5000,30,0.7,0.7,0,3,32,54,"125:250:500",235881229,299930725,193482593
"reference-stationary_sparse-baseline-n05000-p030-rx070-rs070-s30-rep-00055","reference-stationary_sparse-baseline-n05000-p030-rx070-rs070-s30","reference","stationary_sparse","baseline","uniform",5000,30,0.7,0.7,0,3,32,55,"125:250:500",236011592,300099812,193587322
"reference-stationary_sparse-baseline-n05000-p030-rx070-rs070-s30-rep-00056","reference-stationary_sparse-baseline-n05000-p030-rx070-rs070-s30","reference","stationary_sparse","baseline","uniform",5000,30,0.7,0.7,0,3,32,56,"125:250:500",236141955,300268899,193692051
"reference-stationary_sparse-baseline-n05000-p030-rx070-rs070-s30-rep-00057","reference-stationary_sparse-baseline-n05000-p030-rx070-rs070-s30","reference","stationary_sparse","baseline","uniform",5000,30,0.7,0.7,0,3,32,57,"125:250:500",236272318,300437986,193796780
"reference-stationary_sparse-baseline-n05000-p030-rx070-rs070-s30-rep-00058","reference-stationary_sparse-baseline-n05000-p030-rx070-rs070-s30","reference","stationary_sparse","baseline","uniform",5000,30,0.7,0.7,0,3,32,58,"125:250:500",236402681,300607073,193901509
"reference-stationary_sparse-baseline-n05000-p030-rx070-rs070-s30-rep-00059","reference-stationary_sparse-baseline-n05000-p030-rx070-rs070-s30","reference","stationary_sparse","baseline","uniform",5000,30,0.7,0.7,0,3,32,59,"125:250:500",236533044,300776160,194006238
"reference-stationary_sparse-baseline-n05000-p030-rx070-rs070-s30-rep-00060","reference-stationary_sparse-baseline-n05000-p030-rx070-rs070-s30","reference","stationary_sparse","baseline","uniform",5000,30,0.7,0.7,0,3,32,60,"125:250:500",236663407,300945247,194110967
"reference-stationary_sparse-baseline-n05000-p030-rx070-rs070-s30-rep-00061","reference-stationary_sparse-baseline-n05000-p030-rx070-rs070-s30","reference","stationary_sparse","baseline","uniform",5000,30,0.7,0.7,0,3,32,61,"125:250:500",236793770,301114334,194215696
"reference-stationary_sparse-baseline-n05000-p030-rx070-rs070-s30-rep-00062","reference-stationary_sparse-baseline-n05000-p030-rx070-rs070-s30","reference","stationary_sparse","baseline","uniform",5000,30,0.7,0.7,0,3,32,62,"125:250:500",236924133,301283421,194320425
"reference-stationary_sparse-baseline-n05000-p030-rx070-rs070-s30-rep-00063","reference-stationary_sparse-baseline-n05000-p030-rx070-rs070-s30","reference","stationary_sparse","baseline","uniform",5000,30,0.7,0.7,0,3,32,63,"125:250:500",237054496,301452508,194425154
"reference-stationary_sparse-baseline-n05000-p030-rx070-rs070-s30-rep-00064","reference-stationary_sparse-baseline-n05000-p030-rx070-rs070-s30","reference","stationary_sparse","baseline","uniform",5000,30,0.7,0.7,0,3,32,64,"125:250:500",237184859,301621595,194529883
"reference-stationary_sparse-baseline-n05000-p030-rx070-rs070-s30-rep-00065","reference-stationary_sparse-baseline-n05000-p030-rx070-rs070-s30","reference","stationary_sparse","baseline","uniform",5000,30,0.7,0.7,0,3,32,65,"125:250:500",237315222,301790682,194634612
"reference-stationary_sparse-baseline-n05000-p030-rx070-rs070-s30-rep-00066","reference-stationary_sparse-baseline-n05000-p030-rx070-rs070-s30","reference","stationary_sparse","baseline","uniform",5000,30,0.7,0.7,0,3,32,66,"125:250:500",237445585,301959769,194739341
"reference-stationary_sparse-baseline-n05000-p030-rx070-rs070-s30-rep-00067","reference-stationary_sparse-baseline-n05000-p030-rx070-rs070-s30","reference","stationary_sparse","baseline","uniform",5000,30,0.7,0.7,0,3,32,67,"125:250:500",237575948,302128856,194844070
"reference-stationary_sparse-baseline-n05000-p030-rx070-rs070-s30-rep-00068","reference-stationary_sparse-baseline-n05000-p030-rx070-rs070-s30","reference","stationary_sparse","baseline","uniform",5000,30,0.7,0.7,0,3,32,68,"125:250:500",237706311,302297943,194948799
"reference-stationary_sparse-baseline-n05000-p030-rx070-rs070-s30-rep-00069","reference-stationary_sparse-baseline-n05000-p030-rx070-rs070-s30","reference","stationary_sparse","baseline","uniform",5000,30,0.7,0.7,0,3,32,69,"125:250:500",237836674,302467030,195053528
"reference-stationary_sparse-baseline-n05000-p030-rx070-rs070-s30-rep-00070","reference-stationary_sparse-baseline-n05000-p030-rx070-rs070-s30","reference","stationary_sparse","baseline","uniform",5000,30,0.7,0.7,0,3,32,70,"125:250:500",237967037,302636117,195158257
"reference-stationary_sparse-baseline-n05000-p030-rx070-rs070-s30-rep-00071","reference-stationary_sparse-baseline-n05000-p030-rx070-rs070-s30","reference","stationary_sparse","baseline","uniform",5000,30,0.7,0.7,0,3,32,71,"125:250:500",238097400,302805204,195262986
"reference-stationary_sparse-baseline-n05000-p030-rx070-rs070-s30-rep-00072","reference-stationary_sparse-baseline-n05000-p030-rx070-rs070-s30","reference","stationary_sparse","baseline","uniform",5000,30,0.7,0.7,0,3,32,72,"125:250:500",238227763,302974291,195367715
"reference-stationary_sparse-baseline-n05000-p030-rx070-rs070-s30-rep-00073","reference-stationary_sparse-baseline-n05000-p030-rx070-rs070-s30","reference","stationary_sparse","baseline","uniform",5000,30,0.7,0.7,0,3,32,73,"125:250:500",238358126,303143378,195472444
"reference-stationary_sparse-baseline-n05000-p030-rx070-rs070-s30-rep-00074","reference-stationary_sparse-baseline-n05000-p030-rx070-rs070-s30","reference","stationary_sparse","baseline","uniform",5000,30,0.7,0.7,0,3,32,74,"125:250:500",238488489,303312465,195577173
"reference-stationary_sparse-baseline-n05000-p030-rx070-rs070-s30-rep-00075","reference-stationary_sparse-baseline-n05000-p030-rx070-rs070-s30","reference","stationary_sparse","baseline","uniform",5000,30,0.7,0.7,0,3,32,75,"125:250:500",238618852,303481552,195681902
"reference-stationary_sparse-baseline-n05000-p030-rx070-rs070-s30-rep-00076","reference-stationary_sparse-baseline-n05000-p030-rx070-rs070-s30","reference","stationary_sparse","baseline","uniform",5000,30,0.7,0.7,0,3,32,76,"125:250:500",238749215,303650639,195786631
"reference-stationary_sparse-baseline-n05000-p030-rx070-rs070-s30-rep-00077","reference-stationary_sparse-baseline-n05000-p030-rx070-rs070-s30","reference","stationary_sparse","baseline","uniform",5000,30,0.7,0.7,0,3,32,77,"125:250:500",238879578,303819726,195891360
"reference-stationary_sparse-baseline-n05000-p030-rx070-rs070-s30-rep-00078","reference-stationary_sparse-baseline-n05000-p030-rx070-rs070-s30","reference","stationary_sparse","baseline","uniform",5000,30,0.7,0.7,0,3,32,78,"125:250:500",239009941,303988813,195996089
"reference-stationary_sparse-baseline-n05000-p030-rx070-rs070-s30-rep-00079","reference-stationary_sparse-baseline-n05000-p030-rx070-rs070-s30","reference","stationary_sparse","baseline","uniform",5000,30,0.7,0.7,0,3,32,79,"125:250:500",239140304,304157900,196100818
"reference-stationary_sparse-baseline-n05000-p030-rx070-rs070-s30-rep-00080","reference-stationary_sparse-baseline-n05000-p030-rx070-rs070-s30","reference","stationary_sparse","baseline","uniform",5000,30,0.7,0.7,0,3,32,80,"125:250:500",239270667,304326987,196205547
"reference-stationary_sparse-baseline-n05000-p030-rx070-rs070-s30-rep-00081","reference-stationary_sparse-baseline-n05000-p030-rx070-rs070-s30","reference","stationary_sparse","baseline","uniform",5000,30,0.7,0.7,0,3,32,81,"125:250:500",239401030,304496074,196310276
"reference-stationary_sparse-baseline-n05000-p030-rx070-rs070-s30-rep-00082","reference-stationary_sparse-baseline-n05000-p030-rx070-rs070-s30","reference","stationary_sparse","baseline","uniform",5000,30,0.7,0.7,0,3,32,82,"125:250:500",239531393,304665161,196415005
"reference-stationary_sparse-baseline-n05000-p030-rx070-rs070-s30-rep-00083","reference-stationary_sparse-baseline-n05000-p030-rx070-rs070-s30","reference","stationary_sparse","baseline","uniform",5000,30,0.7,0.7,0,3,32,83,"125:250:500",239661756,304834248,196519734
"reference-stationary_sparse-baseline-n05000-p030-rx070-rs070-s30-rep-00084","reference-stationary_sparse-baseline-n05000-p030-rx070-rs070-s30","reference","stationary_sparse","baseline","uniform",5000,30,0.7,0.7,0,3,32,84,"125:250:500",239792119,305003335,196624463
"reference-stationary_sparse-baseline-n05000-p030-rx070-rs070-s30-rep-00085","reference-stationary_sparse-baseline-n05000-p030-rx070-rs070-s30","reference","stationary_sparse","baseline","uniform",5000,30,0.7,0.7,0,3,32,85,"125:250:500",239922482,305172422,196729192
"reference-stationary_sparse-baseline-n05000-p030-rx070-rs070-s30-rep-00086","reference-stationary_sparse-baseline-n05000-p030-rx070-rs070-s30","reference","stationary_sparse","baseline","uniform",5000,30,0.7,0.7,0,3,32,86,"125:250:500",240052845,305341509,196833921
"reference-stationary_sparse-baseline-n05000-p030-rx070-rs070-s30-rep-00087","reference-stationary_sparse-baseline-n05000-p030-rx070-rs070-s30","reference","stationary_sparse","baseline","uniform",5000,30,0.7,0.7,0,3,32,87,"125:250:500",240183208,305510596,196938650
"reference-stationary_sparse-baseline-n05000-p030-rx070-rs070-s30-rep-00088","reference-stationary_sparse-baseline-n05000-p030-rx070-rs070-s30","reference","stationary_sparse","baseline","uniform",5000,30,0.7,0.7,0,3,32,88,"125:250:500",240313571,305679683,197043379
"reference-stationary_sparse-baseline-n05000-p030-rx070-rs070-s30-rep-00089","reference-stationary_sparse-baseline-n05000-p030-rx070-rs070-s30","reference","stationary_sparse","baseline","uniform",5000,30,0.7,0.7,0,3,32,89,"125:250:500",240443934,305848770,197148108
"reference-stationary_sparse-baseline-n05000-p030-rx070-rs070-s30-rep-00090","reference-stationary_sparse-baseline-n05000-p030-rx070-rs070-s30","reference","stationary_sparse","baseline","uniform",5000,30,0.7,0.7,0,3,32,90,"125:250:500",240574297,306017857,197252837
"reference-stationary_sparse-baseline-n05000-p030-rx070-rs070-s30-rep-00091","reference-stationary_sparse-baseline-n05000-p030-rx070-rs070-s30","reference","stationary_sparse","baseline","uniform",5000,30,0.7,0.7,0,3,32,91,"125:250:500",240704660,306186944,197357566
"reference-stationary_sparse-baseline-n05000-p030-rx070-rs070-s30-rep-00092","reference-stationary_sparse-baseline-n05000-p030-rx070-rs070-s30","reference","stationary_sparse","baseline","uniform",5000,30,0.7,0.7,0,3,32,92,"125:250:500",240835023,306356031,197462295
"reference-stationary_sparse-baseline-n05000-p030-rx070-rs070-s30-rep-00093","reference-stationary_sparse-baseline-n05000-p030-rx070-rs070-s30","reference","stationary_sparse","baseline","uniform",5000,30,0.7,0.7,0,3,32,93,"125:250:500",240965386,306525118,197567024
"reference-stationary_sparse-baseline-n05000-p030-rx070-rs070-s30-rep-00094","reference-stationary_sparse-baseline-n05000-p030-rx070-rs070-s30","reference","stationary_sparse","baseline","uniform",5000,30,0.7,0.7,0,3,32,94,"125:250:500",241095749,306694205,197671753
"reference-stationary_sparse-baseline-n05000-p030-rx070-rs070-s30-rep-00095","reference-stationary_sparse-baseline-n05000-p030-rx070-rs070-s30","reference","stationary_sparse","baseline","uniform",5000,30,0.7,0.7,0,3,32,95,"125:250:500",241226112,306863292,197776482
"reference-stationary_sparse-baseline-n05000-p030-rx070-rs070-s30-rep-00096","reference-stationary_sparse-baseline-n05000-p030-rx070-rs070-s30","reference","stationary_sparse","baseline","uniform",5000,30,0.7,0.7,0,3,32,96,"125:250:500",241356475,307032379,197881211
"reference-stationary_sparse-baseline-n05000-p030-rx070-rs070-s30-rep-00097","reference-stationary_sparse-baseline-n05000-p030-rx070-rs070-s30","reference","stationary_sparse","baseline","uniform",5000,30,0.7,0.7,0,3,32,97,"125:250:500",241486838,307201466,197985940
"reference-stationary_sparse-baseline-n05000-p030-rx070-rs070-s30-rep-00098","reference-stationary_sparse-baseline-n05000-p030-rx070-rs070-s30","reference","stationary_sparse","baseline","uniform",5000,30,0.7,0.7,0,3,32,98,"125:250:500",241617201,307370553,198090669
"reference-stationary_sparse-baseline-n05000-p030-rx070-rs070-s30-rep-00099","reference-stationary_sparse-baseline-n05000-p030-rx070-rs070-s30","reference","stationary_sparse","baseline","uniform",5000,30,0.7,0.7,0,3,32,99,"125:250:500",241747564,307539640,198195398
"reference-stationary_sparse-baseline-n05000-p030-rx070-rs070-s30-rep-00100","reference-stationary_sparse-baseline-n05000-p030-rx070-rs070-s30","reference","stationary_sparse","baseline","uniform",5000,30,0.7,0.7,0,3,32,100,"125:250:500",241877927,307708727,198300127
"reference-null_slopes-baseline-n05000-p030-rx070-rs070-s30-rep-00001","reference-null_slopes-baseline-n05000-p030-rx070-rs070-s30","reference","null_slopes","baseline","uniform",5000,30,0.7,0.7,0,3,32,1,"125:250:500",242008290,307877814,198404856
"reference-null_slopes-baseline-n05000-p030-rx070-rs070-s30-rep-00002","reference-null_slopes-baseline-n05000-p030-rx070-rs070-s30","reference","null_slopes","baseline","uniform",5000,30,0.7,0.7,0,3,32,2,"125:250:500",242138653,308046901,198509585
"reference-null_slopes-baseline-n05000-p030-rx070-rs070-s30-rep-00003","reference-null_slopes-baseline-n05000-p030-rx070-rs070-s30","reference","null_slopes","baseline","uniform",5000,30,0.7,0.7,0,3,32,3,"125:250:500",242269016,308215988,198614314
"reference-null_slopes-baseline-n05000-p030-rx070-rs070-s30-rep-00004","reference-null_slopes-baseline-n05000-p030-rx070-rs070-s30","reference","null_slopes","baseline","uniform",5000,30,0.7,0.7,0,3,32,4,"125:250:500",242399379,308385075,198719043
"reference-null_slopes-baseline-n05000-p030-rx070-rs070-s30-rep-00005","reference-null_slopes-baseline-n05000-p030-rx070-rs070-s30","reference","null_slopes","baseline","uniform",5000,30,0.7,0.7,0,3,32,5,"125:250:500",242529742,308554162,198823772
"reference-null_slopes-baseline-n05000-p030-rx070-rs070-s30-rep-00006","reference-null_slopes-baseline-n05000-p030-rx070-rs070-s30","reference","null_slopes","baseline","uniform",5000,30,0.7,0.7,0,3,32,6,"125:250:500",242660105,308723249,198928501
"reference-null_slopes-baseline-n05000-p030-rx070-rs070-s30-rep-00007","reference-null_slopes-baseline-n05000-p030-rx070-rs070-s30","reference","null_slopes","baseline","uniform",5000,30,0.7,0.7,0,3,32,7,"125:250:500",242790468,308892336,199033230
"reference-null_slopes-baseline-n05000-p030-rx070-rs070-s30-rep-00008","reference-null_slopes-baseline-n05000-p030-rx070-rs070-s30","reference","null_slopes","baseline","uniform",5000,30,0.7,0.7,0,3,32,8,"125:250:500",242920831,309061423,199137959
"reference-null_slopes-baseline-n05000-p030-rx070-rs070-s30-rep-00009","reference-null_slopes-baseline-n05000-p030-rx070-rs070-s30","reference","null_slopes","baseline","uniform",5000,30,0.7,0.7,0,3,32,9,"125:250:500",243051194,309230510,199242688
"reference-null_slopes-baseline-n05000-p030-rx070-rs070-s30-rep-00010","reference-null_slopes-baseline-n05000-p030-rx070-rs070-s30","reference","null_slopes","baseline","uniform",5000,30,0.7,0.7,0,3,32,10,"125:250:500",243181557,309399597,199347417
"reference-null_slopes-baseline-n05000-p030-rx070-rs070-s30-rep-00011","reference-null_slopes-baseline-n05000-p030-rx070-rs070-s30","reference","null_slopes","baseline","uniform",5000,30,0.7,0.7,0,3,32,11,"125:250:500",243311920,309568684,199452146
"reference-null_slopes-baseline-n05000-p030-rx070-rs070-s30-rep-00012","reference-null_slopes-baseline-n05000-p030-rx070-rs070-s30","reference","null_slopes","baseline","uniform",5000,30,0.7,0.7,0,3,32,12,"125:250:500",243442283,309737771,199556875
"reference-null_slopes-baseline-n05000-p030-rx070-rs070-s30-rep-00013","reference-null_slopes-baseline-n05000-p030-rx070-rs070-s30","reference","null_slopes","baseline","uniform",5000,30,0.7,0.7,0,3,32,13,"125:250:500",243572646,309906858,199661604
"reference-null_slopes-baseline-n05000-p030-rx070-rs070-s30-rep-00014","reference-null_slopes-baseline-n05000-p030-rx070-rs070-s30","reference","null_slopes","baseline","uniform",5000,30,0.7,0.7,0,3,32,14,"125:250:500",243703009,310075945,199766333
"reference-null_slopes-baseline-n05000-p030-rx070-rs070-s30-rep-00015","reference-null_slopes-baseline-n05000-p030-rx070-rs070-s30","reference","null_slopes","baseline","uniform",5000,30,0.7,0.7,0,3,32,15,"125:250:500",243833372,310245032,199871062
"reference-null_slopes-baseline-n05000-p030-rx070-rs070-s30-rep-00016","reference-null_slopes-baseline-n05000-p030-rx070-rs070-s30","reference","null_slopes","baseline","uniform",5000,30,0.7,0.7,0,3,32,16,"125:250:500",243963735,310414119,199975791
"reference-null_slopes-baseline-n05000-p030-rx070-rs070-s30-rep-00017","reference-null_slopes-baseline-n05000-p030-rx070-rs070-s30","reference","null_slopes","baseline","uniform",5000,30,0.7,0.7,0,3,32,17,"125:250:500",244094098,310583206,200080520
"reference-null_slopes-baseline-n05000-p030-rx070-rs070-s30-rep-00018","reference-null_slopes-baseline-n05000-p030-rx070-rs070-s30","reference","null_slopes","baseline","uniform",5000,30,0.7,0.7,0,3,32,18,"125:250:500",244224461,310752293,200185249
"reference-null_slopes-baseline-n05000-p030-rx070-rs070-s30-rep-00019","reference-null_slopes-baseline-n05000-p030-rx070-rs070-s30","reference","null_slopes","baseline","uniform",5000,30,0.7,0.7,0,3,32,19,"125:250:500",244354824,310921380,200289978
"reference-null_slopes-baseline-n05000-p030-rx070-rs070-s30-rep-00020","reference-null_slopes-baseline-n05000-p030-rx070-rs070-s30","reference","null_slopes","baseline","uniform",5000,30,0.7,0.7,0,3,32,20,"125:250:500",244485187,311090467,200394707
"reference-null_slopes-baseline-n05000-p030-rx070-rs070-s30-rep-00021","reference-null_slopes-baseline-n05000-p030-rx070-rs070-s30","reference","null_slopes","baseline","uniform",5000,30,0.7,0.7,0,3,32,21,"125:250:500",244615550,311259554,200499436
"reference-null_slopes-baseline-n05000-p030-rx070-rs070-s30-rep-00022","reference-null_slopes-baseline-n05000-p030-rx070-rs070-s30","reference","null_slopes","baseline","uniform",5000,30,0.7,0.7,0,3,32,22,"125:250:500",244745913,311428641,200604165
"reference-null_slopes-baseline-n05000-p030-rx070-rs070-s30-rep-00023","reference-null_slopes-baseline-n05000-p030-rx070-rs070-s30","reference","null_slopes","baseline","uniform",5000,30,0.7,0.7,0,3,32,23,"125:250:500",244876276,311597728,200708894
"reference-null_slopes-baseline-n05000-p030-rx070-rs070-s30-rep-00024","reference-null_slopes-baseline-n05000-p030-rx070-rs070-s30","reference","null_slopes","baseline","uniform",5000,30,0.7,0.7,0,3,32,24,"125:250:500",245006639,311766815,200813623
"reference-null_slopes-baseline-n05000-p030-rx070-rs070-s30-rep-00025","reference-null_slopes-baseline-n05000-p030-rx070-rs070-s30","reference","null_slopes","baseline","uniform",5000,30,0.7,0.7,0,3,32,25,"125:250:500",245137002,311935902,200918352
"reference-null_slopes-baseline-n05000-p030-rx070-rs070-s30-rep-00026","reference-null_slopes-baseline-n05000-p030-rx070-rs070-s30","reference","null_slopes","baseline","uniform",5000,30,0.7,0.7,0,3,32,26,"125:250:500",245267365,312104989,201023081
"reference-null_slopes-baseline-n05000-p030-rx070-rs070-s30-rep-00027","reference-null_slopes-baseline-n05000-p030-rx070-rs070-s30","reference","null_slopes","baseline","uniform",5000,30,0.7,0.7,0,3,32,27,"125:250:500",245397728,312274076,201127810
"reference-null_slopes-baseline-n05000-p030-rx070-rs070-s30-rep-00028","reference-null_slopes-baseline-n05000-p030-rx070-rs070-s30","reference","null_slopes","baseline","uniform",5000,30,0.7,0.7,0,3,32,28,"125:250:500",245528091,312443163,201232539
"reference-null_slopes-baseline-n05000-p030-rx070-rs070-s30-rep-00029","reference-null_slopes-baseline-n05000-p030-rx070-rs070-s30","reference","null_slopes","baseline","uniform",5000,30,0.7,0.7,0,3,32,29,"125:250:500",245658454,312612250,201337268
"reference-null_slopes-baseline-n05000-p030-rx070-rs070-s30-rep-00030","reference-null_slopes-baseline-n05000-p030-rx070-rs070-s30","reference","null_slopes","baseline","uniform",5000,30,0.7,0.7,0,3,32,30,"125:250:500",245788817,312781337,201441997
"reference-null_slopes-baseline-n05000-p030-rx070-rs070-s30-rep-00031","reference-null_slopes-baseline-n05000-p030-rx070-rs070-s30","reference","null_slopes","baseline","uniform",5000,30,0.7,0.7,0,3,32,31,"125:250:500",245919180,312950424,201546726
"reference-null_slopes-baseline-n05000-p030-rx070-rs070-s30-rep-00032","reference-null_slopes-baseline-n05000-p030-rx070-rs070-s30","reference","null_slopes","baseline","uniform",5000,30,0.7,0.7,0,3,32,32,"125:250:500",246049543,313119511,201651455
"reference-null_slopes-baseline-n05000-p030-rx070-rs070-s30-rep-00033","reference-null_slopes-baseline-n05000-p030-rx070-rs070-s30","reference","null_slopes","baseline","uniform",5000,30,0.7,0.7,0,3,32,33,"125:250:500",246179906,313288598,201756184
"reference-null_slopes-baseline-n05000-p030-rx070-rs070-s30-rep-00034","reference-null_slopes-baseline-n05000-p030-rx070-rs070-s30","reference","null_slopes","baseline","uniform",5000,30,0.7,0.7,0,3,32,34,"125:250:500",246310269,313457685,201860913
"reference-null_slopes-baseline-n05000-p030-rx070-rs070-s30-rep-00035","reference-null_slopes-baseline-n05000-p030-rx070-rs070-s30","reference","null_slopes","baseline","uniform",5000,30,0.7,0.7,0,3,32,35,"125:250:500",246440632,313626772,201965642
"reference-null_slopes-baseline-n05000-p030-rx070-rs070-s30-rep-00036","reference-null_slopes-baseline-n05000-p030-rx070-rs070-s30","reference","null_slopes","baseline","uniform",5000,30,0.7,0.7,0,3,32,36,"125:250:500",246570995,313795859,202070371
"reference-null_slopes-baseline-n05000-p030-rx070-rs070-s30-rep-00037","reference-null_slopes-baseline-n05000-p030-rx070-rs070-s30","reference","null_slopes","baseline","uniform",5000,30,0.7,0.7,0,3,32,37,"125:250:500",246701358,313964946,202175100
"reference-null_slopes-baseline-n05000-p030-rx070-rs070-s30-rep-00038","reference-null_slopes-baseline-n05000-p030-rx070-rs070-s30","reference","null_slopes","baseline","uniform",5000,30,0.7,0.7,0,3,32,38,"125:250:500",246831721,314134033,202279829
"reference-null_slopes-baseline-n05000-p030-rx070-rs070-s30-rep-00039","reference-null_slopes-baseline-n05000-p030-rx070-rs070-s30","reference","null_slopes","baseline","uniform",5000,30,0.7,0.7,0,3,32,39,"125:250:500",246962084,314303120,202384558
"reference-null_slopes-baseline-n05000-p030-rx070-rs070-s30-rep-00040","reference-null_slopes-baseline-n05000-p030-rx070-rs070-s30","reference","null_slopes","baseline","uniform",5000,30,0.7,0.7,0,3,32,40,"125:250:500",247092447,314472207,202489287
"reference-null_slopes-baseline-n05000-p030-rx070-rs070-s30-rep-00041","reference-null_slopes-baseline-n05000-p030-rx070-rs070-s30","reference","null_slopes","baseline","uniform",5000,30,0.7,0.7,0,3,32,41,"125:250:500",247222810,314641294,202594016
"reference-null_slopes-baseline-n05000-p030-rx070-rs070-s30-rep-00042","reference-null_slopes-baseline-n05000-p030-rx070-rs070-s30","reference","null_slopes","baseline","uniform",5000,30,0.7,0.7,0,3,32,42,"125:250:500",247353173,314810381,202698745
"reference-null_slopes-baseline-n05000-p030-rx070-rs070-s30-rep-00043","reference-null_slopes-baseline-n05000-p030-rx070-rs070-s30","reference","null_slopes","baseline","uniform",5000,30,0.7,0.7,0,3,32,43,"125:250:500",247483536,314979468,202803474
"reference-null_slopes-baseline-n05000-p030-rx070-rs070-s30-rep-00044","reference-null_slopes-baseline-n05000-p030-rx070-rs070-s30","reference","null_slopes","baseline","uniform",5000,30,0.7,0.7,0,3,32,44,"125:250:500",247613899,315148555,202908203
"reference-null_slopes-baseline-n05000-p030-rx070-rs070-s30-rep-00045","reference-null_slopes-baseline-n05000-p030-rx070-rs070-s30","reference","null_slopes","baseline","uniform",5000,30,0.7,0.7,0,3,32,45,"125:250:500",247744262,315317642,203012932
"reference-null_slopes-baseline-n05000-p030-rx070-rs070-s30-rep-00046","reference-null_slopes-baseline-n05000-p030-rx070-rs070-s30","reference","null_slopes","baseline","uniform",5000,30,0.7,0.7,0,3,32,46,"125:250:500",247874625,315486729,203117661
"reference-null_slopes-baseline-n05000-p030-rx070-rs070-s30-rep-00047","reference-null_slopes-baseline-n05000-p030-rx070-rs070-s30","reference","null_slopes","baseline","uniform",5000,30,0.7,0.7,0,3,32,47,"125:250:500",248004988,315655816,203222390
"reference-null_slopes-baseline-n05000-p030-rx070-rs070-s30-rep-00048","reference-null_slopes-baseline-n05000-p030-rx070-rs070-s30","reference","null_slopes","baseline","uniform",5000,30,0.7,0.7,0,3,32,48,"125:250:500",248135351,315824903,203327119
"reference-null_slopes-baseline-n05000-p030-rx070-rs070-s30-rep-00049","reference-null_slopes-baseline-n05000-p030-rx070-rs070-s30","reference","null_slopes","baseline","uniform",5000,30,0.7,0.7,0,3,32,49,"125:250:500",248265714,315993990,203431848
"reference-null_slopes-baseline-n05000-p030-rx070-rs070-s30-rep-00050","reference-null_slopes-baseline-n05000-p030-rx070-rs070-s30","reference","null_slopes","baseline","uniform",5000,30,0.7,0.7,0,3,32,50,"125:250:500",248396077,316163077,203536577
"reference-null_slopes-baseline-n05000-p030-rx070-rs070-s30-rep-00051","reference-null_slopes-baseline-n05000-p030-rx070-rs070-s30","reference","null_slopes","baseline","uniform",5000,30,0.7,0.7,0,3,32,51,"125:250:500",248526440,316332164,203641306
"reference-null_slopes-baseline-n05000-p030-rx070-rs070-s30-rep-00052","reference-null_slopes-baseline-n05000-p030-rx070-rs070-s30","reference","null_slopes","baseline","uniform",5000,30,0.7,0.7,0,3,32,52,"125:250:500",248656803,316501251,203746035
"reference-null_slopes-baseline-n05000-p030-rx070-rs070-s30-rep-00053","reference-null_slopes-baseline-n05000-p030-rx070-rs070-s30","reference","null_slopes","baseline","uniform",5000,30,0.7,0.7,0,3,32,53,"125:250:500",248787166,316670338,203850764
"reference-null_slopes-baseline-n05000-p030-rx070-rs070-s30-rep-00054","reference-null_slopes-baseline-n05000-p030-rx070-rs070-s30","reference","null_slopes","baseline","uniform",5000,30,0.7,0.7,0,3,32,54,"125:250:500",248917529,316839425,203955493
"reference-null_slopes-baseline-n05000-p030-rx070-rs070-s30-rep-00055","reference-null_slopes-baseline-n05000-p030-rx070-rs070-s30","reference","null_slopes","baseline","uniform",5000,30,0.7,0.7,0,3,32,55,"125:250:500",249047892,317008512,204060222
"reference-null_slopes-baseline-n05000-p030-rx070-rs070-s30-rep-00056","reference-null_slopes-baseline-n05000-p030-rx070-rs070-s30","reference","null_slopes","baseline","uniform",5000,30,0.7,0.7,0,3,32,56,"125:250:500",249178255,317177599,204164951
"reference-null_slopes-baseline-n05000-p030-rx070-rs070-s30-rep-00057","reference-null_slopes-baseline-n05000-p030-rx070-rs070-s30","reference","null_slopes","baseline","uniform",5000,30,0.7,0.7,0,3,32,57,"125:250:500",249308618,317346686,204269680
"reference-null_slopes-baseline-n05000-p030-rx070-rs070-s30-rep-00058","reference-null_slopes-baseline-n05000-p030-rx070-rs070-s30","reference","null_slopes","baseline","uniform",5000,30,0.7,0.7,0,3,32,58,"125:250:500",249438981,317515773,204374409
"reference-null_slopes-baseline-n05000-p030-rx070-rs070-s30-rep-00059","reference-null_slopes-baseline-n05000-p030-rx070-rs070-s30","reference","null_slopes","baseline","uniform",5000,30,0.7,0.7,0,3,32,59,"125:250:500",249569344,317684860,204479138
"reference-null_slopes-baseline-n05000-p030-rx070-rs070-s30-rep-00060","reference-null_slopes-baseline-n05000-p030-rx070-rs070-s30","reference","null_slopes","baseline","uniform",5000,30,0.7,0.7,0,3,32,60,"125:250:500",249699707,317853947,204583867
"reference-null_slopes-baseline-n05000-p030-rx070-rs070-s30-rep-00061","reference-null_slopes-baseline-n05000-p030-rx070-rs070-s30","reference","null_slopes","baseline","uniform",5000,30,0.7,0.7,0,3,32,61,"125:250:500",249830070,318023034,204688596
"reference-null_slopes-baseline-n05000-p030-rx070-rs070-s30-rep-00062","reference-null_slopes-baseline-n05000-p030-rx070-rs070-s30","reference","null_slopes","baseline","uniform",5000,30,0.7,0.7,0,3,32,62,"125:250:500",249960433,318192121,204793325
"reference-null_slopes-baseline-n05000-p030-rx070-rs070-s30-rep-00063","reference-null_slopes-baseline-n05000-p030-rx070-rs070-s30","reference","null_slopes","baseline","uniform",5000,30,0.7,0.7,0,3,32,63,"125:250:500",250090796,318361208,204898054
"reference-null_slopes-baseline-n05000-p030-rx070-rs070-s30-rep-00064","reference-null_slopes-baseline-n05000-p030-rx070-rs070-s30","reference","null_slopes","baseline","uniform",5000,30,0.7,0.7,0,3,32,64,"125:250:500",250221159,318530295,205002783
"reference-null_slopes-baseline-n05000-p030-rx070-rs070-s30-rep-00065","reference-null_slopes-baseline-n05000-p030-rx070-rs070-s30","reference","null_slopes","baseline","uniform",5000,30,0.7,0.7,0,3,32,65,"125:250:500",250351522,318699382,205107512
"reference-null_slopes-baseline-n05000-p030-rx070-rs070-s30-rep-00066","reference-null_slopes-baseline-n05000-p030-rx070-rs070-s30","reference","null_slopes","baseline","uniform",5000,30,0.7,0.7,0,3,32,66,"125:250:500",250481885,318868469,205212241
"reference-null_slopes-baseline-n05000-p030-rx070-rs070-s30-rep-00067","reference-null_slopes-baseline-n05000-p030-rx070-rs070-s30","reference","null_slopes","baseline","uniform",5000,30,0.7,0.7,0,3,32,67,"125:250:500",250612248,319037556,205316970
"reference-null_slopes-baseline-n05000-p030-rx070-rs070-s30-rep-00068","reference-null_slopes-baseline-n05000-p030-rx070-rs070-s30","reference","null_slopes","baseline","uniform",5000,30,0.7,0.7,0,3,32,68,"125:250:500",250742611,319206643,205421699
"reference-null_slopes-baseline-n05000-p030-rx070-rs070-s30-rep-00069","reference-null_slopes-baseline-n05000-p030-rx070-rs070-s30","reference","null_slopes","baseline","uniform",5000,30,0.7,0.7,0,3,32,69,"125:250:500",250872974,319375730,205526428
"reference-null_slopes-baseline-n05000-p030-rx070-rs070-s30-rep-00070","reference-null_slopes-baseline-n05000-p030-rx070-rs070-s30","reference","null_slopes","baseline","uniform",5000,30,0.7,0.7,0,3,32,70,"125:250:500",251003337,319544817,205631157
"reference-null_slopes-baseline-n05000-p030-rx070-rs070-s30-rep-00071","reference-null_slopes-baseline-n05000-p030-rx070-rs070-s30","reference","null_slopes","baseline","uniform",5000,30,0.7,0.7,0,3,32,71,"125:250:500",251133700,319713904,205735886
"reference-null_slopes-baseline-n05000-p030-rx070-rs070-s30-rep-00072","reference-null_slopes-baseline-n05000-p030-rx070-rs070-s30","reference","null_slopes","baseline","uniform",5000,30,0.7,0.7,0,3,32,72,"125:250:500",251264063,319882991,205840615
"reference-null_slopes-baseline-n05000-p030-rx070-rs070-s30-rep-00073","reference-null_slopes-baseline-n05000-p030-rx070-rs070-s30","reference","null_slopes","baseline","uniform",5000,30,0.7,0.7,0,3,32,73,"125:250:500",251394426,320052078,205945344
"reference-null_slopes-baseline-n05000-p030-rx070-rs070-s30-rep-00074","reference-null_slopes-baseline-n05000-p030-rx070-rs070-s30","reference","null_slopes","baseline","uniform",5000,30,0.7,0.7,0,3,32,74,"125:250:500",251524789,320221165,206050073
"reference-null_slopes-baseline-n05000-p030-rx070-rs070-s30-rep-00075","reference-null_slopes-baseline-n05000-p030-rx070-rs070-s30","reference","null_slopes","baseline","uniform",5000,30,0.7,0.7,0,3,32,75,"125:250:500",251655152,320390252,206154802
"reference-null_slopes-baseline-n05000-p030-rx070-rs070-s30-rep-00076","reference-null_slopes-baseline-n05000-p030-rx070-rs070-s30","reference","null_slopes","baseline","uniform",5000,30,0.7,0.7,0,3,32,76,"125:250:500",251785515,320559339,206259531
"reference-null_slopes-baseline-n05000-p030-rx070-rs070-s30-rep-00077","reference-null_slopes-baseline-n05000-p030-rx070-rs070-s30","reference","null_slopes","baseline","uniform",5000,30,0.7,0.7,0,3,32,77,"125:250:500",251915878,320728426,206364260
"reference-null_slopes-baseline-n05000-p030-rx070-rs070-s30-rep-00078","reference-null_slopes-baseline-n05000-p030-rx070-rs070-s30","reference","null_slopes","baseline","uniform",5000,30,0.7,0.7,0,3,32,78,"125:250:500",252046241,320897513,206468989
"reference-null_slopes-baseline-n05000-p030-rx070-rs070-s30-rep-00079","reference-null_slopes-baseline-n05000-p030-rx070-rs070-s30","reference","null_slopes","baseline","uniform",5000,30,0.7,0.7,0,3,32,79,"125:250:500",252176604,321066600,206573718
"reference-null_slopes-baseline-n05000-p030-rx070-rs070-s30-rep-00080","reference-null_slopes-baseline-n05000-p030-rx070-rs070-s30","reference","null_slopes","baseline","uniform",5000,30,0.7,0.7,0,3,32,80,"125:250:500",252306967,321235687,206678447
"reference-null_slopes-baseline-n05000-p030-rx070-rs070-s30-rep-00081","reference-null_slopes-baseline-n05000-p030-rx070-rs070-s30","reference","null_slopes","baseline","uniform",5000,30,0.7,0.7,0,3,32,81,"125:250:500",252437330,321404774,206783176
"reference-null_slopes-baseline-n05000-p030-rx070-rs070-s30-rep-00082","reference-null_slopes-baseline-n05000-p030-rx070-rs070-s30","reference","null_slopes","baseline","uniform",5000,30,0.7,0.7,0,3,32,82,"125:250:500",252567693,321573861,206887905
"reference-null_slopes-baseline-n05000-p030-rx070-rs070-s30-rep-00083","reference-null_slopes-baseline-n05000-p030-rx070-rs070-s30","reference","null_slopes","baseline","uniform",5000,30,0.7,0.7,0,3,32,83,"125:250:500",252698056,321742948,206992634
"reference-null_slopes-baseline-n05000-p030-rx070-rs070-s30-rep-00084","reference-null_slopes-baseline-n05000-p030-rx070-rs070-s30","reference","null_slopes","baseline","uniform",5000,30,0.7,0.7,0,3,32,84,"125:250:500",252828419,321912035,207097363
"reference-null_slopes-baseline-n05000-p030-rx070-rs070-s30-rep-00085","reference-null_slopes-baseline-n05000-p030-rx070-rs070-s30","reference","null_slopes","baseline","uniform",5000,30,0.7,0.7,0,3,32,85,"125:250:500",252958782,322081122,207202092
"reference-null_slopes-baseline-n05000-p030-rx070-rs070-s30-rep-00086","reference-null_slopes-baseline-n05000-p030-rx070-rs070-s30","reference","null_slopes","baseline","uniform",5000,30,0.7,0.7,0,3,32,86,"125:250:500",253089145,322250209,207306821
"reference-null_slopes-baseline-n05000-p030-rx070-rs070-s30-rep-00087","reference-null_slopes-baseline-n05000-p030-rx070-rs070-s30","reference","null_slopes","baseline","uniform",5000,30,0.7,0.7,0,3,32,87,"125:250:500",253219508,322419296,207411550
"reference-null_slopes-baseline-n05000-p030-rx070-rs070-s30-rep-00088","reference-null_slopes-baseline-n05000-p030-rx070-rs070-s30","reference","null_slopes","baseline","uniform",5000,30,0.7,0.7,0,3,32,88,"125:250:500",253349871,322588383,207516279
"reference-null_slopes-baseline-n05000-p030-rx070-rs070-s30-rep-00089","reference-null_slopes-baseline-n05000-p030-rx070-rs070-s30","reference","null_slopes","baseline","uniform",5000,30,0.7,0.7,0,3,32,89,"125:250:500",253480234,322757470,207621008
"reference-null_slopes-baseline-n05000-p030-rx070-rs070-s30-rep-00090","reference-null_slopes-baseline-n05000-p030-rx070-rs070-s30","reference","null_slopes","baseline","uniform",5000,30,0.7,0.7,0,3,32,90,"125:250:500",253610597,322926557,207725737
"reference-null_slopes-baseline-n05000-p030-rx070-rs070-s30-rep-00091","reference-null_slopes-baseline-n05000-p030-rx070-rs070-s30","reference","null_slopes","baseline","uniform",5000,30,0.7,0.7,0,3,32,91,"125:250:500",253740960,323095644,207830466
"reference-null_slopes-baseline-n05000-p030-rx070-rs070-s30-rep-00092","reference-null_slopes-baseline-n05000-p030-rx070-rs070-s30","reference","null_slopes","baseline","uniform",5000,30,0.7,0.7,0,3,32,92,"125:250:500",253871323,323264731,207935195
"reference-null_slopes-baseline-n05000-p030-rx070-rs070-s30-rep-00093","reference-null_slopes-baseline-n05000-p030-rx070-rs070-s30","reference","null_slopes","baseline","uniform",5000,30,0.7,0.7,0,3,32,93,"125:250:500",254001686,323433818,208039924
"reference-null_slopes-baseline-n05000-p030-rx070-rs070-s30-rep-00094","reference-null_slopes-baseline-n05000-p030-rx070-rs070-s30","reference","null_slopes","baseline","uniform",5000,30,0.7,0.7,0,3,32,94,"125:250:500",254132049,323602905,208144653
"reference-null_slopes-baseline-n05000-p030-rx070-rs070-s30-rep-00095","reference-null_slopes-baseline-n05000-p030-rx070-rs070-s30","reference","null_slopes","baseline","uniform",5000,30,0.7,0.7,0,3,32,95,"125:250:500",254262412,323771992,208249382
"reference-null_slopes-baseline-n05000-p030-rx070-rs070-s30-rep-00096","reference-null_slopes-baseline-n05000-p030-rx070-rs070-s30","reference","null_slopes","baseline","uniform",5000,30,0.7,0.7,0,3,32,96,"125:250:500",254392775,323941079,208354111
"reference-null_slopes-baseline-n05000-p030-rx070-rs070-s30-rep-00097","reference-null_slopes-baseline-n05000-p030-rx070-rs070-s30","reference","null_slopes","baseline","uniform",5000,30,0.7,0.7,0,3,32,97,"125:250:500",254523138,324110166,208458840
"reference-null_slopes-baseline-n05000-p030-rx070-rs070-s30-rep-00098","reference-null_slopes-baseline-n05000-p030-rx070-rs070-s30","reference","null_slopes","baseline","uniform",5000,30,0.7,0.7,0,3,32,98,"125:250:500",254653501,324279253,208563569
"reference-null_slopes-baseline-n05000-p030-rx070-rs070-s30-rep-00099","reference-null_slopes-baseline-n05000-p030-rx070-rs070-s30","reference","null_slopes","baseline","uniform",5000,30,0.7,0.7,0,3,32,99,"125:250:500",254783864,324448340,208668298
"reference-null_slopes-baseline-n05000-p030-rx070-rs070-s30-rep-00100","reference-null_slopes-baseline-n05000-p030-rx070-rs070-s30","reference","null_slopes","baseline","uniform",5000,30,0.7,0.7,0,3,32,100,"125:250:500",254914227,324617427,208773027
"stress-smooth_multiscale_local_sparse-p100-n10000-p100-rx070-rs070-s30-rep-00001","stress-smooth_multiscale_local_sparse-p100-n10000-p100-rx070-rs070-s30","stress","smooth_multiscale_local_sparse","p100","uniform",10000,100,0.7,0.7,0,3,32,1,"250:500:1000",255044590,324786514,208877756
"stress-smooth_multiscale_local_sparse-p100-n10000-p100-rx070-rs070-s30-rep-00002","stress-smooth_multiscale_local_sparse-p100-n10000-p100-rx070-rs070-s30","stress","smooth_multiscale_local_sparse","p100","uniform",10000,100,0.7,0.7,0,3,32,2,"250:500:1000",255174953,324955601,208982485
"stress-smooth_multiscale_local_sparse-p100-n10000-p100-rx070-rs070-s30-rep-00003","stress-smooth_multiscale_local_sparse-p100-n10000-p100-rx070-rs070-s30","stress","smooth_multiscale_local_sparse","p100","uniform",10000,100,0.7,0.7,0,3,32,3,"250:500:1000",255305316,325124688,209087214
"stress-smooth_multiscale_local_sparse-p100-n10000-p100-rx070-rs070-s30-rep-00004","stress-smooth_multiscale_local_sparse-p100-n10000-p100-rx070-rs070-s30","stress","smooth_multiscale_local_sparse","p100","uniform",10000,100,0.7,0.7,0,3,32,4,"250:500:1000",255435679,325293775,209191943
"stress-smooth_multiscale_local_sparse-p100-n10000-p100-rx070-rs070-s30-rep-00005","stress-smooth_multiscale_local_sparse-p100-n10000-p100-rx070-rs070-s30","stress","smooth_multiscale_local_sparse","p100","uniform",10000,100,0.7,0.7,0,3,32,5,"250:500:1000",255566042,325462862,209296672
"stress-smooth_multiscale_local_sparse-p100-n10000-p100-rx070-rs070-s30-rep-00006","stress-smooth_multiscale_local_sparse-p100-n10000-p100-rx070-rs070-s30","stress","smooth_multiscale_local_sparse","p100","uniform",10000,100,0.7,0.7,0,3,32,6,"250:500:1000",255696405,325631949,209401401
"stress-smooth_multiscale_local_sparse-p100-n10000-p100-rx070-rs070-s30-rep-00007","stress-smooth_multiscale_local_sparse-p100-n10000-p100-rx070-rs070-s30","stress","smooth_multiscale_local_sparse","p100","uniform",10000,100,0.7,0.7,0,3,32,7,"250:500:1000",255826768,325801036,209506130
"stress-smooth_multiscale_local_sparse-p100-n10000-p100-rx070-rs070-s30-rep-00008","stress-smooth_multiscale_local_sparse-p100-n10000-p100-rx070-rs070-s30","stress","smooth_multiscale_local_sparse","p100","uniform",10000,100,0.7,0.7,0,3,32,8,"250:500:1000",255957131,325970123,209610859
"stress-smooth_multiscale_local_sparse-p100-n10000-p100-rx070-rs070-s30-rep-00009","stress-smooth_multiscale_local_sparse-p100-n10000-p100-rx070-rs070-s30","stress","smooth_multiscale_local_sparse","p100","uniform",10000,100,0.7,0.7,0,3,32,9,"250:500:1000",256087494,326139210,209715588
"stress-smooth_multiscale_local_sparse-p100-n10000-p100-rx070-rs070-s30-rep-00010","stress-smooth_multiscale_local_sparse-p100-n10000-p100-rx070-rs070-s30","stress","smooth_multiscale_local_sparse","p100","uniform",10000,100,0.7,0.7,0,3,32,10,"250:500:1000",256217857,326308297,209820317
"stress-smooth_multiscale_local_sparse-p100-n10000-p100-rx070-rs070-s30-rep-00011","stress-smooth_multiscale_local_sparse-p100-n10000-p100-rx070-rs070-s30","stress","smooth_multiscale_local_sparse","p100","uniform",10000,100,0.7,0.7,0,3,32,11,"250:500:1000",256348220,326477384,209925046
"stress-smooth_multiscale_local_sparse-p100-n10000-p100-rx070-rs070-s30-rep-00012","stress-smooth_multiscale_local_sparse-p100-n10000-p100-rx070-rs070-s30","stress","smooth_multiscale_local_sparse","p100","uniform",10000,100,0.7,0.7,0,3,32,12,"250:500:1000",256478583,326646471,210029775
"stress-smooth_multiscale_local_sparse-p100-n10000-p100-rx070-rs070-s30-rep-00013","stress-smooth_multiscale_local_sparse-p100-n10000-p100-rx070-rs070-s30","stress","smooth_multiscale_local_sparse","p100","uniform",10000,100,0.7,0.7,0,3,32,13,"250:500:1000",256608946,326815558,210134504
"stress-smooth_multiscale_local_sparse-p100-n10000-p100-rx070-rs070-s30-rep-00014","stress-smooth_multiscale_local_sparse-p100-n10000-p100-rx070-rs070-s30","stress","smooth_multiscale_local_sparse","p100","uniform",10000,100,0.7,0.7,0,3,32,14,"250:500:1000",256739309,326984645,210239233
"stress-smooth_multiscale_local_sparse-p100-n10000-p100-rx070-rs070-s30-rep-00015","stress-smooth_multiscale_local_sparse-p100-n10000-p100-rx070-rs070-s30","stress","smooth_multiscale_local_sparse","p100","uniform",10000,100,0.7,0.7,0,3,32,15,"250:500:1000",256869672,327153732,210343962
"stress-smooth_multiscale_local_sparse-p100-n10000-p100-rx070-rs070-s30-rep-00016","stress-smooth_multiscale_local_sparse-p100-n10000-p100-rx070-rs070-s30","stress","smooth_multiscale_local_sparse","p100","uniform",10000,100,0.7,0.7,0,3,32,16,"250:500:1000",257000035,327322819,210448691
"stress-smooth_multiscale_local_sparse-p100-n10000-p100-rx070-rs070-s30-rep-00017","stress-smooth_multiscale_local_sparse-p100-n10000-p100-rx070-rs070-s30","stress","smooth_multiscale_local_sparse","p100","uniform",10000,100,0.7,0.7,0,3,32,17,"250:500:1000",257130398,327491906,210553420
"stress-smooth_multiscale_local_sparse-p100-n10000-p100-rx070-rs070-s30-rep-00018","stress-smooth_multiscale_local_sparse-p100-n10000-p100-rx070-rs070-s30","stress","smooth_multiscale_local_sparse","p100","uniform",10000,100,0.7,0.7,0,3,32,18,"250:500:1000",257260761,327660993,210658149
"stress-smooth_multiscale_local_sparse-p100-n10000-p100-rx070-rs070-s30-rep-00019","stress-smooth_multiscale_local_sparse-p100-n10000-p100-rx070-rs070-s30","stress","smooth_multiscale_local_sparse","p100","uniform",10000,100,0.7,0.7,0,3,32,19,"250:500:1000",257391124,327830080,210762878
"stress-smooth_multiscale_local_sparse-p100-n10000-p100-rx070-rs070-s30-rep-00020","stress-smooth_multiscale_local_sparse-p100-n10000-p100-rx070-rs070-s30","stress","smooth_multiscale_local_sparse","p100","uniform",10000,100,0.7,0.7,0,3,32,20,"250:500:1000",257521487,327999167,210867607
"stress-regional_sparse_discontinuous-p100-n10000-p100-rx070-rs070-s30-rep-00001","stress-regional_sparse_discontinuous-p100-n10000-p100-rx070-rs070-s30","stress","regional_sparse_discontinuous","p100","uniform",10000,100,0.7,0.7,0,3,32,1,"250:500:1000",257651850,328168254,210972336
"stress-regional_sparse_discontinuous-p100-n10000-p100-rx070-rs070-s30-rep-00002","stress-regional_sparse_discontinuous-p100-n10000-p100-rx070-rs070-s30","stress","regional_sparse_discontinuous","p100","uniform",10000,100,0.7,0.7,0,3,32,2,"250:500:1000",257782213,328337341,211077065
"stress-regional_sparse_discontinuous-p100-n10000-p100-rx070-rs070-s30-rep-00003","stress-regional_sparse_discontinuous-p100-n10000-p100-rx070-rs070-s30","stress","regional_sparse_discontinuous","p100","uniform",10000,100,0.7,0.7,0,3,32,3,"250:500:1000",257912576,328506428,211181794
"stress-regional_sparse_discontinuous-p100-n10000-p100-rx070-rs070-s30-rep-00004","stress-regional_sparse_discontinuous-p100-n10000-p100-rx070-rs070-s30","stress","regional_sparse_discontinuous","p100","uniform",10000,100,0.7,0.7,0,3,32,4,"250:500:1000",258042939,328675515,211286523
"stress-regional_sparse_discontinuous-p100-n10000-p100-rx070-rs070-s30-rep-00005","stress-regional_sparse_discontinuous-p100-n10000-p100-rx070-rs070-s30","stress","regional_sparse_discontinuous","p100","uniform",10000,100,0.7,0.7,0,3,32,5,"250:500:1000",258173302,328844602,211391252
"stress-regional_sparse_discontinuous-p100-n10000-p100-rx070-rs070-s30-rep-00006","stress-regional_sparse_discontinuous-p100-n10000-p100-rx070-rs070-s30","stress","regional_sparse_discontinuous","p100","uniform",10000,100,0.7,0.7,0,3,32,6,"250:500:1000",258303665,329013689,211495981
"stress-regional_sparse_discontinuous-p100-n10000-p100-rx070-rs070-s30-rep-00007","stress-regional_sparse_discontinuous-p100-n10000-p100-rx070-rs070-s30","stress","regional_sparse_discontinuous","p100","uniform",10000,100,0.7,0.7,0,3,32,7,"250:500:1000",258434028,329182776,211600710
"stress-regional_sparse_discontinuous-p100-n10000-p100-rx070-rs070-s30-rep-00008","stress-regional_sparse_discontinuous-p100-n10000-p100-rx070-rs070-s30","stress","regional_sparse_discontinuous","p100","uniform",10000,100,0.7,0.7,0,3,32,8,"250:500:1000",258564391,329351863,211705439
"stress-regional_sparse_discontinuous-p100-n10000-p100-rx070-rs070-s30-rep-00009","stress-regional_sparse_discontinuous-p100-n10000-p100-rx070-rs070-s30","stress","regional_sparse_discontinuous","p100","uniform",10000,100,0.7,0.7,0,3,32,9,"250:500:1000",258694754,329520950,211810168
"stress-regional_sparse_discontinuous-p100-n10000-p100-rx070-rs070-s30-rep-00010","stress-regional_sparse_discontinuous-p100-n10000-p100-rx070-rs070-s30","stress","regional_sparse_discontinuous","p100","uniform",10000,100,0.7,0.7,0,3,32,10,"250:500:1000",258825117,329690037,211914897
"stress-regional_sparse_discontinuous-p100-n10000-p100-rx070-rs070-s30-rep-00011","stress-regional_sparse_discontinuous-p100-n10000-p100-rx070-rs070-s30","stress","regional_sparse_discontinuous","p100","uniform",10000,100,0.7,0.7,0,3,32,11,"250:500:1000",258955480,329859124,212019626
"stress-regional_sparse_discontinuous-p100-n10000-p100-rx070-rs070-s30-rep-00012","stress-regional_sparse_discontinuous-p100-n10000-p100-rx070-rs070-s30","stress","regional_sparse_discontinuous","p100","uniform",10000,100,0.7,0.7,0,3,32,12,"250:500:1000",259085843,330028211,212124355
"stress-regional_sparse_discontinuous-p100-n10000-p100-rx070-rs070-s30-rep-00013","stress-regional_sparse_discontinuous-p100-n10000-p100-rx070-rs070-s30","stress","regional_sparse_discontinuous","p100","uniform",10000,100,0.7,0.7,0,3,32,13,"250:500:1000",259216206,330197298,212229084
"stress-regional_sparse_discontinuous-p100-n10000-p100-rx070-rs070-s30-rep-00014","stress-regional_sparse_discontinuous-p100-n10000-p100-rx070-rs070-s30","stress","regional_sparse_discontinuous","p100","uniform",10000,100,0.7,0.7,0,3,32,14,"250:500:1000",259346569,330366385,212333813
"stress-regional_sparse_discontinuous-p100-n10000-p100-rx070-rs070-s30-rep-00015","stress-regional_sparse_discontinuous-p100-n10000-p100-rx070-rs070-s30","stress","regional_sparse_discontinuous","p100","uniform",10000,100,0.7,0.7,0,3,32,15,"250:500:1000",259476932,330535472,212438542
"stress-regional_sparse_discontinuous-p100-n10000-p100-rx070-rs070-s30-rep-00016","stress-regional_sparse_discontinuous-p100-n10000-p100-rx070-rs070-s30","stress","regional_sparse_discontinuous","p100","uniform",10000,100,0.7,0.7,0,3,32,16,"250:500:1000",259607295,330704559,212543271
"stress-regional_sparse_discontinuous-p100-n10000-p100-rx070-rs070-s30-rep-00017","stress-regional_sparse_discontinuous-p100-n10000-p100-rx070-rs070-s30","stress","regional_sparse_discontinuous","p100","uniform",10000,100,0.7,0.7,0,3,32,17,"250:500:1000",259737658,330873646,212648000
"stress-regional_sparse_discontinuous-p100-n10000-p100-rx070-rs070-s30-rep-00018","stress-regional_sparse_discontinuous-p100-n10000-p100-rx070-rs070-s30","stress","regional_sparse_discontinuous","p100","uniform",10000,100,0.7,0.7,0,3,32,18,"250:500:1000",259868021,331042733,212752729
"stress-regional_sparse_discontinuous-p100-n10000-p100-rx070-rs070-s30-rep-00019","stress-regional_sparse_discontinuous-p100-n10000-p100-rx070-rs070-s30","stress","regional_sparse_discontinuous","p100","uniform",10000,100,0.7,0.7,0,3,32,19,"250:500:1000",259998384,331211820,212857458
"stress-regional_sparse_discontinuous-p100-n10000-p100-rx070-rs070-s30-rep-00020","stress-regional_sparse_discontinuous-p100-n10000-p100-rx070-rs070-s30","stress","regional_sparse_discontinuous","p100","uniform",10000,100,0.7,0.7,0,3,32,20,"250:500:1000",260128747,331380907,212962187
"stress-local_collinearity_sparse-local_collinearity-n10000-p030-rx000-rs070-s30-rep-00001","stress-local_collinearity_sparse-local_collinearity-n10000-p030-rx000-rs070-s30","stress","local_collinearity_sparse","local_collinearity","uniform",10000,30,0,0.7,0.9,3,32,1,"250:500:1000",260259110,331549994,213066916
"stress-local_collinearity_sparse-local_collinearity-n10000-p030-rx000-rs070-s30-rep-00002","stress-local_collinearity_sparse-local_collinearity-n10000-p030-rx000-rs070-s30","stress","local_collinearity_sparse","local_collinearity","uniform",10000,30,0,0.7,0.9,3,32,2,"250:500:1000",260389473,331719081,213171645
"stress-local_collinearity_sparse-local_collinearity-n10000-p030-rx000-rs070-s30-rep-00003","stress-local_collinearity_sparse-local_collinearity-n10000-p030-rx000-rs070-s30","stress","local_collinearity_sparse","local_collinearity","uniform",10000,30,0,0.7,0.9,3,32,3,"250:500:1000",260519836,331888168,213276374
"stress-local_collinearity_sparse-local_collinearity-n10000-p030-rx000-rs070-s30-rep-00004","stress-local_collinearity_sparse-local_collinearity-n10000-p030-rx000-rs070-s30","stress","local_collinearity_sparse","local_collinearity","uniform",10000,30,0,0.7,0.9,3,32,4,"250:500:1000",260650199,332057255,213381103
"stress-local_collinearity_sparse-local_collinearity-n10000-p030-rx000-rs070-s30-rep-00005","stress-local_collinearity_sparse-local_collinearity-n10000-p030-rx000-rs070-s30","stress","local_collinearity_sparse","local_collinearity","uniform",10000,30,0,0.7,0.9,3,32,5,"250:500:1000",260780562,332226342,213485832
"stress-local_collinearity_sparse-local_collinearity-n10000-p030-rx000-rs070-s30-rep-00006","stress-local_collinearity_sparse-local_collinearity-n10000-p030-rx000-rs070-s30","stress","local_collinearity_sparse","local_collinearity","uniform",10000,30,0,0.7,0.9,3,32,6,"250:500:1000",260910925,332395429,213590561
"stress-local_collinearity_sparse-local_collinearity-n10000-p030-rx000-rs070-s30-rep-00007","stress-local_collinearity_sparse-local_collinearity-n10000-p030-rx000-rs070-s30","stress","local_collinearity_sparse","local_collinearity","uniform",10000,30,0,0.7,0.9,3,32,7,"250:500:1000",261041288,332564516,213695290
"stress-local_collinearity_sparse-local_collinearity-n10000-p030-rx000-rs070-s30-rep-00008","stress-local_collinearity_sparse-local_collinearity-n10000-p030-rx000-rs070-s30","stress","local_collinearity_sparse","local_collinearity","uniform",10000,30,0,0.7,0.9,3,32,8,"250:500:1000",261171651,332733603,213800019
"stress-local_collinearity_sparse-local_collinearity-n10000-p030-rx000-rs070-s30-rep-00009","stress-local_collinearity_sparse-local_collinearity-n10000-p030-rx000-rs070-s30","stress","local_collinearity_sparse","local_collinearity","uniform",10000,30,0,0.7,0.9,3,32,9,"250:500:1000",261302014,332902690,213904748
"stress-local_collinearity_sparse-local_collinearity-n10000-p030-rx000-rs070-s30-rep-00010","stress-local_collinearity_sparse-local_collinearity-n10000-p030-rx000-rs070-s30","stress","local_collinearity_sparse","local_collinearity","uniform",10000,30,0,0.7,0.9,3,32,10,"250:500:1000",261432377,333071777,214009477
"stress-local_collinearity_sparse-local_collinearity-n10000-p030-rx000-rs070-s30-rep-00011","stress-local_collinearity_sparse-local_collinearity-n10000-p030-rx000-rs070-s30","stress","local_collinearity_sparse","local_collinearity","uniform",10000,30,0,0.7,0.9,3,32,11,"250:500:1000",261562740,333240864,214114206
"stress-local_collinearity_sparse-local_collinearity-n10000-p030-rx000-rs070-s30-rep-00012","stress-local_collinearity_sparse-local_collinearity-n10000-p030-rx000-rs070-s30","stress","local_collinearity_sparse","local_collinearity","uniform",10000,30,0,0.7,0.9,3,32,12,"250:500:1000",261693103,333409951,214218935
"stress-local_collinearity_sparse-local_collinearity-n10000-p030-rx000-rs070-s30-rep-00013","stress-local_collinearity_sparse-local_collinearity-n10000-p030-rx000-rs070-s30","stress","local_collinearity_sparse","local_collinearity","uniform",10000,30,0,0.7,0.9,3,32,13,"250:500:1000",261823466,333579038,214323664
"stress-local_collinearity_sparse-local_collinearity-n10000-p030-rx000-rs070-s30-rep-00014","stress-local_collinearity_sparse-local_collinearity-n10000-p030-rx000-rs070-s30","stress","local_collinearity_sparse","local_collinearity","uniform",10000,30,0,0.7,0.9,3,32,14,"250:500:1000",261953829,333748125,214428393
"stress-local_collinearity_sparse-local_collinearity-n10000-p030-rx000-rs070-s30-rep-00015","stress-local_collinearity_sparse-local_collinearity-n10000-p030-rx000-rs070-s30","stress","local_collinearity_sparse","local_collinearity","uniform",10000,30,0,0.7,0.9,3,32,15,"250:500:1000",262084192,333917212,214533122
"stress-local_collinearity_sparse-local_collinearity-n10000-p030-rx000-rs070-s30-rep-00016","stress-local_collinearity_sparse-local_collinearity-n10000-p030-rx000-rs070-s30","stress","local_collinearity_sparse","local_collinearity","uniform",10000,30,0,0.7,0.9,3,32,16,"250:500:1000",262214555,334086299,214637851
"stress-local_collinearity_sparse-local_collinearity-n10000-p030-rx000-rs070-s30-rep-00017","stress-local_collinearity_sparse-local_collinearity-n10000-p030-rx000-rs070-s30","stress","local_collinearity_sparse","local_collinearity","uniform",10000,30,0,0.7,0.9,3,32,17,"250:500:1000",262344918,334255386,214742580
"stress-local_collinearity_sparse-local_collinearity-n10000-p030-rx000-rs070-s30-rep-00018","stress-local_collinearity_sparse-local_collinearity-n10000-p030-rx000-rs070-s30","stress","local_collinearity_sparse","local_collinearity","uniform",10000,30,0,0.7,0.9,3,32,18,"250:500:1000",262475281,334424473,214847309
"stress-local_collinearity_sparse-local_collinearity-n10000-p030-rx000-rs070-s30-rep-00019","stress-local_collinearity_sparse-local_collinearity-n10000-p030-rx000-rs070-s30","stress","local_collinearity_sparse","local_collinearity","uniform",10000,30,0,0.7,0.9,3,32,19,"250:500:1000",262605644,334593560,214952038
"stress-local_collinearity_sparse-local_collinearity-n10000-p030-rx000-rs070-s30-rep-00020","stress-local_collinearity_sparse-local_collinearity-n10000-p030-rx000-rs070-s30","stress","local_collinearity_sparse","local_collinearity","uniform",10000,30,0,0.7,0.9,3,32,20,"250:500:1000",262736007,334762647,215056767
"stress-smooth_multiscale_local_sparse-clustered_sampling-n10000-p030-rx070-rs070-s30-rep-00001","stress-smooth_multiscale_local_sparse-clustered_sampling-n10000-p030-rx070-rs070-s30","stress","smooth_multiscale_local_sparse","clustered_sampling","clustered",10000,30,0.7,0.7,0,3,32,1,"250:500:1000",262866370,334931734,215161496
"stress-smooth_multiscale_local_sparse-clustered_sampling-n10000-p030-rx070-rs070-s30-rep-00002","stress-smooth_multiscale_local_sparse-clustered_sampling-n10000-p030-rx070-rs070-s30","stress","smooth_multiscale_local_sparse","clustered_sampling","clustered",10000,30,0.7,0.7,0,3,32,2,"250:500:1000",262996733,335100821,215266225
"stress-smooth_multiscale_local_sparse-clustered_sampling-n10000-p030-rx070-rs070-s30-rep-00003","stress-smooth_multiscale_local_sparse-clustered_sampling-n10000-p030-rx070-rs070-s30","stress","smooth_multiscale_local_sparse","clustered_sampling","clustered",10000,30,0.7,0.7,0,3,32,3,"250:500:1000",263127096,335269908,215370954
"stress-smooth_multiscale_local_sparse-clustered_sampling-n10000-p030-rx070-rs070-s30-rep-00004","stress-smooth_multiscale_local_sparse-clustered_sampling-n10000-p030-rx070-rs070-s30","stress","smooth_multiscale_local_sparse","clustered_sampling","clustered",10000,30,0.7,0.7,0,3,32,4,"250:500:1000",263257459,335438995,215475683
"stress-smooth_multiscale_local_sparse-clustered_sampling-n10000-p030-rx070-rs070-s30-rep-00005","stress-smooth_multiscale_local_sparse-clustered_sampling-n10000-p030-rx070-rs070-s30","stress","smooth_multiscale_local_sparse","clustered_sampling","clustered",10000,30,0.7,0.7,0,3,32,5,"250:500:1000",263387822,335608082,215580412
"stress-smooth_multiscale_local_sparse-clustered_sampling-n10000-p030-rx070-rs070-s30-rep-00006","stress-smooth_multiscale_local_sparse-clustered_sampling-n10000-p030-rx070-rs070-s30","stress","smooth_multiscale_local_sparse","clustered_sampling","clustered",10000,30,0.7,0.7,0,3,32,6,"250:500:1000",263518185,335777169,215685141
"stress-smooth_multiscale_local_sparse-clustered_sampling-n10000-p030-rx070-rs070-s30-rep-00007","stress-smooth_multiscale_local_sparse-clustered_sampling-n10000-p030-rx070-rs070-s30","stress","smooth_multiscale_local_sparse","clustered_sampling","clustered",10000,30,0.7,0.7,0,3,32,7,"250:500:1000",263648548,335946256,215789870
"stress-smooth_multiscale_local_sparse-clustered_sampling-n10000-p030-rx070-rs070-s30-rep-00008","stress-smooth_multiscale_local_sparse-clustered_sampling-n10000-p030-rx070-rs070-s30","stress","smooth_multiscale_local_sparse","clustered_sampling","clustered",10000,30,0.7,0.7,0,3,32,8,"250:500:1000",263778911,336115343,215894599
"stress-smooth_multiscale_local_sparse-clustered_sampling-n10000-p030-rx070-rs070-s30-rep-00009","stress-smooth_multiscale_local_sparse-clustered_sampling-n10000-p030-rx070-rs070-s30","stress","smooth_multiscale_local_sparse","clustered_sampling","clustered",10000,30,0.7,0.7,0,3,32,9,"250:500:1000",263909274,336284430,215999328
"stress-smooth_multiscale_local_sparse-clustered_sampling-n10000-p030-rx070-rs070-s30-rep-00010","stress-smooth_multiscale_local_sparse-clustered_sampling-n10000-p030-rx070-rs070-s30","stress","smooth_multiscale_local_sparse","clustered_sampling","clustered",10000,30,0.7,0.7,0,3,32,10,"250:500:1000",264039637,336453517,216104057
"stress-smooth_multiscale_local_sparse-clustered_sampling-n10000-p030-rx070-rs070-s30-rep-00011","stress-smooth_multiscale_local_sparse-clustered_sampling-n10000-p030-rx070-rs070-s30","stress","smooth_multiscale_local_sparse","clustered_sampling","clustered",10000,30,0.7,0.7,0,3,32,11,"250:500:1000",264170000,336622604,216208786
"stress-smooth_multiscale_local_sparse-clustered_sampling-n10000-p030-rx070-rs070-s30-rep-00012","stress-smooth_multiscale_local_sparse-clustered_sampling-n10000-p030-rx070-rs070-s30","stress","smooth_multiscale_local_sparse","clustered_sampling","clustered",10000,30,0.7,0.7,0,3,32,12,"250:500:1000",264300363,336791691,216313515
"stress-smooth_multiscale_local_sparse-clustered_sampling-n10000-p030-rx070-rs070-s30-rep-00013","stress-smooth_multiscale_local_sparse-clustered_sampling-n10000-p030-rx070-rs070-s30","stress","smooth_multiscale_local_sparse","clustered_sampling","clustered",10000,30,0.7,0.7,0,3,32,13,"250:500:1000",264430726,336960778,216418244
"stress-smooth_multiscale_local_sparse-clustered_sampling-n10000-p030-rx070-rs070-s30-rep-00014","stress-smooth_multiscale_local_sparse-clustered_sampling-n10000-p030-rx070-rs070-s30","stress","smooth_multiscale_local_sparse","clustered_sampling","clustered",10000,30,0.7,0.7,0,3,32,14,"250:500:1000",264561089,337129865,216522973
"stress-smooth_multiscale_local_sparse-clustered_sampling-n10000-p030-rx070-rs070-s30-rep-00015","stress-smooth_multiscale_local_sparse-clustered_sampling-n10000-p030-rx070-rs070-s30","stress","smooth_multiscale_local_sparse","clustered_sampling","clustered",10000,30,0.7,0.7,0,3,32,15,"250:500:1000",264691452,337298952,216627702
"stress-smooth_multiscale_local_sparse-clustered_sampling-n10000-p030-rx070-rs070-s30-rep-00016","stress-smooth_multiscale_local_sparse-clustered_sampling-n10000-p030-rx070-rs070-s30","stress","smooth_multiscale_local_sparse","clustered_sampling","clustered",10000,30,0.7,0.7,0,3,32,16,"250:500:1000",264821815,337468039,216732431
"stress-smooth_multiscale_local_sparse-clustered_sampling-n10000-p030-rx070-rs070-s30-rep-00017","stress-smooth_multiscale_local_sparse-clustered_sampling-n10000-p030-rx070-rs070-s30","stress","smooth_multiscale_local_sparse","clustered_sampling","clustered",10000,30,0.7,0.7,0,3,32,17,"250:500:1000",264952178,337637126,216837160
"stress-smooth_multiscale_local_sparse-clustered_sampling-n10000-p030-rx070-rs070-s30-rep-00018","stress-smooth_multiscale_local_sparse-clustered_sampling-n10000-p030-rx070-rs070-s30","stress","smooth_multiscale_local_sparse","clustered_sampling","clustered",10000,30,0.7,0.7,0,3,32,18,"250:500:1000",265082541,337806213,216941889
"stress-smooth_multiscale_local_sparse-clustered_sampling-n10000-p030-rx070-rs070-s30-rep-00019","stress-smooth_multiscale_local_sparse-clustered_sampling-n10000-p030-rx070-rs070-s30","stress","smooth_multiscale_local_sparse","clustered_sampling","clustered",10000,30,0.7,0.7,0,3,32,19,"250:500:1000",265212904,337975300,217046618
"stress-smooth_multiscale_local_sparse-clustered_sampling-n10000-p030-rx070-rs070-s30-rep-00020","stress-smooth_multiscale_local_sparse-clustered_sampling-n10000-p030-rx070-rs070-s30","stress","smooth_multiscale_local_sparse","clustered_sampling","clustered",10000,30,0.7,0.7,0,3,32,20,"250:500:1000",265343267,338144387,217151347
"stress-regional_sparse_discontinuous-l_domain_boundary-n10000-p030-rx070-rs070-s30-rep-00001","stress-regional_sparse_discontinuous-l_domain_boundary-n10000-p030-rx070-rs070-s30","stress","regional_sparse_discontinuous","l_domain_boundary","l_shaped",10000,30,0.7,0.7,0,3,32,1,"250:500:1000",265473630,338313474,217256076
"stress-regional_sparse_discontinuous-l_domain_boundary-n10000-p030-rx070-rs070-s30-rep-00002","stress-regional_sparse_discontinuous-l_domain_boundary-n10000-p030-rx070-rs070-s30","stress","regional_sparse_discontinuous","l_domain_boundary","l_shaped",10000,30,0.7,0.7,0,3,32,2,"250:500:1000",265603993,338482561,217360805
"stress-regional_sparse_discontinuous-l_domain_boundary-n10000-p030-rx070-rs070-s30-rep-00003","stress-regional_sparse_discontinuous-l_domain_boundary-n10000-p030-rx070-rs070-s30","stress","regional_sparse_discontinuous","l_domain_boundary","l_shaped",10000,30,0.7,0.7,0,3,32,3,"250:500:1000",265734356,338651648,217465534
"stress-regional_sparse_discontinuous-l_domain_boundary-n10000-p030-rx070-rs070-s30-rep-00004","stress-regional_sparse_discontinuous-l_domain_boundary-n10000-p030-rx070-rs070-s30","stress","regional_sparse_discontinuous","l_domain_boundary","l_shaped",10000,30,0.7,0.7,0,3,32,4,"250:500:1000",265864719,338820735,217570263
"stress-regional_sparse_discontinuous-l_domain_boundary-n10000-p030-rx070-rs070-s30-rep-00005","stress-regional_sparse_discontinuous-l_domain_boundary-n10000-p030-rx070-rs070-s30","stress","regional_sparse_discontinuous","l_domain_boundary","l_shaped",10000,30,0.7,0.7,0,3,32,5,"250:500:1000",265995082,338989822,217674992
"stress-regional_sparse_discontinuous-l_domain_boundary-n10000-p030-rx070-rs070-s30-rep-00006","stress-regional_sparse_discontinuous-l_domain_boundary-n10000-p030-rx070-rs070-s30","stress","regional_sparse_discontinuous","l_domain_boundary","l_shaped",10000,30,0.7,0.7,0,3,32,6,"250:500:1000",266125445,339158909,217779721
"stress-regional_sparse_discontinuous-l_domain_boundary-n10000-p030-rx070-rs070-s30-rep-00007","stress-regional_sparse_discontinuous-l_domain_boundary-n10000-p030-rx070-rs070-s30","stress","regional_sparse_discontinuous","l_domain_boundary","l_shaped",10000,30,0.7,0.7,0,3,32,7,"250:500:1000",266255808,339327996,217884450
"stress-regional_sparse_discontinuous-l_domain_boundary-n10000-p030-rx070-rs070-s30-rep-00008","stress-regional_sparse_discontinuous-l_domain_boundary-n10000-p030-rx070-rs070-s30","stress","regional_sparse_discontinuous","l_domain_boundary","l_shaped",10000,30,0.7,0.7,0,3,32,8,"250:500:1000",266386171,339497083,217989179
"stress-regional_sparse_discontinuous-l_domain_boundary-n10000-p030-rx070-rs070-s30-rep-00009","stress-regional_sparse_discontinuous-l_domain_boundary-n10000-p030-rx070-rs070-s30","stress","regional_sparse_discontinuous","l_domain_boundary","l_shaped",10000,30,0.7,0.7,0,3,32,9,"250:500:1000",266516534,339666170,218093908
"stress-regional_sparse_discontinuous-l_domain_boundary-n10000-p030-rx070-rs070-s30-rep-00010","stress-regional_sparse_discontinuous-l_domain_boundary-n10000-p030-rx070-rs070-s30","stress","regional_sparse_discontinuous","l_domain_boundary","l_shaped",10000,30,0.7,0.7,0,3,32,10,"250:500:1000",266646897,339835257,218198637
"stress-regional_sparse_discontinuous-l_domain_boundary-n10000-p030-rx070-rs070-s30-rep-00011","stress-regional_sparse_discontinuous-l_domain_boundary-n10000-p030-rx070-rs070-s30","stress","regional_sparse_discontinuous","l_domain_boundary","l_shaped",10000,30,0.7,0.7,0,3,32,11,"250:500:1000",266777260,340004344,218303366
"stress-regional_sparse_discontinuous-l_domain_boundary-n10000-p030-rx070-rs070-s30-rep-00012","stress-regional_sparse_discontinuous-l_domain_boundary-n10000-p030-rx070-rs070-s30","stress","regional_sparse_discontinuous","l_domain_boundary","l_shaped",10000,30,0.7,0.7,0,3,32,12,"250:500:1000",266907623,340173431,218408095
"stress-regional_sparse_discontinuous-l_domain_boundary-n10000-p030-rx070-rs070-s30-rep-00013","stress-regional_sparse_discontinuous-l_domain_boundary-n10000-p030-rx070-rs070-s30","stress","regional_sparse_discontinuous","l_domain_boundary","l_shaped",10000,30,0.7,0.7,0,3,32,13,"250:500:1000",267037986,340342518,218512824
"stress-regional_sparse_discontinuous-l_domain_boundary-n10000-p030-rx070-rs070-s30-rep-00014","stress-regional_sparse_discontinuous-l_domain_boundary-n10000-p030-rx070-rs070-s30","stress","regional_sparse_discontinuous","l_domain_boundary","l_shaped",10000,30,0.7,0.7,0,3,32,14,"250:500:1000",267168349,340511605,218617553
"stress-regional_sparse_discontinuous-l_domain_boundary-n10000-p030-rx070-rs070-s30-rep-00015","stress-regional_sparse_discontinuous-l_domain_boundary-n10000-p030-rx070-rs070-s30","stress","regional_sparse_discontinuous","l_domain_boundary","l_shaped",10000,30,0.7,0.7,0,3,32,15,"250:500:1000",267298712,340680692,218722282
"stress-regional_sparse_discontinuous-l_domain_boundary-n10000-p030-rx070-rs070-s30-rep-00016","stress-regional_sparse_discontinuous-l_domain_boundary-n10000-p030-rx070-rs070-s30","stress","regional_sparse_discontinuous","l_domain_boundary","l_shaped",10000,30,0.7,0.7,0,3,32,16,"250:500:1000",267429075,340849779,218827011
"stress-regional_sparse_discontinuous-l_domain_boundary-n10000-p030-rx070-rs070-s30-rep-00017","stress-regional_sparse_discontinuous-l_domain_boundary-n10000-p030-rx070-rs070-s30","stress","regional_sparse_discontinuous","l_domain_boundary","l_shaped",10000,30,0.7,0.7,0,3,32,17,"250:500:1000",267559438,341018866,218931740
"stress-regional_sparse_discontinuous-l_domain_boundary-n10000-p030-rx070-rs070-s30-rep-00018","stress-regional_sparse_discontinuous-l_domain_boundary-n10000-p030-rx070-rs070-s30","stress","regional_sparse_discontinuous","l_domain_boundary","l_shaped",10000,30,0.7,0.7,0,3,32,18,"250:500:1000",267689801,341187953,219036469
"stress-regional_sparse_discontinuous-l_domain_boundary-n10000-p030-rx070-rs070-s30-rep-00019","stress-regional_sparse_discontinuous-l_domain_boundary-n10000-p030-rx070-rs070-s30","stress","regional_sparse_discontinuous","l_domain_boundary","l_shaped",10000,30,0.7,0.7,0,3,32,19,"250:500:1000",267820164,341357040,219141198
"stress-regional_sparse_discontinuous-l_domain_boundary-n10000-p030-rx070-rs070-s30-rep-00020","stress-regional_sparse_discontinuous-l_domain_boundary-n10000-p030-rx070-rs070-s30","stress","regional_sparse_discontinuous","l_domain_boundary","l_shaped",10000,30,0.7,0.7,0,3,32,20,"250:500:1000",267950527,341526127,219245927
