"fips","county_name","state_fips","county_fips","eligible_complete_case","exclusion_reason","median_household_income_2024","log_median_household_income_2024","log_median_household_income_2024__moe90","bachelors_or_higher_pct","bachelors_or_higher_pct__moe90","disability_pct","disability_pct__moe90","foreign_born_pct","foreign_born_pct__moe90","limited_english_pct","limited_english_pct__moe90","broadband_subscription_pct","broadband_subscription_pct__moe90","under_18_pct","under_18_pct__moe90","age_65_plus_pct","age_65_plus_pct__moe90","hispanic_latino_pct","hispanic_latino_pct__moe90","black_non_hispanic_pct","black_non_hispanic_pct__moe90","labor_force_participation_pct","labor_force_participation_pct__moe90","unemployment_pct","unemployment_pct__moe90","management_business_science_arts_occupation_pct","management_business_science_arts_occupation_pct__moe90","service_occupation_pct","service_occupation_pct__moe90","natural_resources_construction_maintenance_occupation_pct","natural_resources_construction_maintenance_occupation_pct__moe90","production_transport_material_moving_occupation_pct","production_transport_material_moving_occupation_pct__moe90","agriculture_forestry_fishing_mining_industry_pct","agriculture_forestry_fishing_mining_industry_pct__moe90","manufacturing_industry_pct","manufacturing_industry_pct__moe90","professional_scientific_management_admin_waste_industry_pct","professional_scientific_management_admin_waste_industry_pct__moe90","self_employed_nonincorporated_pct","self_employed_nonincorporated_pct__moe90","work_from_home_pct","work_from_home_pct__moe90","mean_commute_minutes","mean_commute_minutes__moe90","vacant_housing_pct","vacant_housing_pct__moe90","mobile_home_pct","mobile_home_pct__moe90","renter_occupied_pct","renter_occupied_pct__moe90","no_vehicle_pct","no_vehicle_pct__moe90","severe_crowding_pct","severe_crowding_pct__moe90"
"01001","Autauga County, Alabama","01","001",TRUE,"missing_estimate:",72481,11.1910797375312,5640,29.1,2,16.2,1.1,2.6,0.7,1.2,0.5,93.2,1.4,23.4,0.1,16.3,0.2,3.8,,20.4,0.7,58.5,1.9,1.3,0.4,36.3,2.6,15,1.9,10.4,1.5,17.5,2.1,1.1,0.6,12.3,1.7,8.3,1.8,3.8,0.9,6.7,1.3,27.9,1.6,8.5,1.8,15.6,1.6,22.9,2.3,4.1,1.4,0.3,0.3
"01003","Baldwin County, Alabama","01","003",TRUE,"missing_estimate:",78775,11.2743509666255,2602,33.7,1.1,13.2,0.7,4.1,0.5,2.2,0.4,90.6,1,21.1,,21.7,0.1,5.8,,8,0.4,58.9,1,1.8,0.3,37.5,1.6,16.3,1.5,9.3,1,13.7,1.3,1.5,0.7,9.9,1.1,12.2,1.2,7.7,1,11.6,1.2,27,0.7,25.5,0.9,9.6,0.7,22.4,1.3,2.7,0.5,0.5,0.3
"01005","Barbour County, Alabama","01","005",TRUE,"missing_estimate:",46042,10.7373093023788,5089,10.6,1.4,19.4,1.9,3.3,0.6,2.7,1.1,75.5,3.1,20.7,0.1,20.1,0.2,6.2,,46.3,0.7,45.6,2.4,3.5,1.1,27.1,3.8,18.6,3.5,11.6,2.6,19.5,3.1,4.5,1.6,21.6,3,4.3,1.1,6.5,2,6.5,1.9,27.1,2.3,22.4,2.6,26.7,3.2,31.8,3.1,10.5,2.4,0.4,0.4
"01007","Bibb County, Alabama","01","007",TRUE,"missing_estimate:",52541,10.869349096176,8950,11.7,2,20.6,2.4,1.9,0.6,1,0.7,82.9,3.2,20,0.1,17.4,0.4,3.5,,19.7,1.2,49.7,2.5,6,1.5,26.5,3.8,14.8,3.2,17.8,3.5,21,3.9,4.6,2.5,15.9,3.2,8.8,2.1,6.2,2.2,4.8,1.6,31.7,2.1,15.6,3,27.8,3.2,20.8,3.8,5.4,2,0.8,0.6
"01009","Blount County, Alabama","01","009",TRUE,"missing_estimate:",64190,11.0696027143058,3472,15.8,1.5,17.5,1.2,5,0.5,3.4,0.5,85,1.9,23.1,0.2,18.6,0.3,10.3,,1.2,0.3,57.5,1.3,2.9,0.7,28.9,2.6,12.9,1.7,14.5,1.7,22.3,2.1,2.3,0.8,15.3,2,7.5,1.2,6.5,1.1,6.1,1.3,35.8,1.4,11,1.7,24.3,2.2,19,2.5,4,1.2,1,0.5
"01011","Bullock County, Alabama","01","011",TRUE,"missing_estimate:",31310,10.3516928143205,9971,8.1,2.6,17,3.3,3,0.7,1.1,0.9,68.1,6.3,20.6,,18.6,0.4,6,,69.5,2.3,41.1,4.6,3,1.9,18.3,4.5,16.5,5.8,12.3,5.5,33.6,8.8,3.2,2.5,33.7,7.8,5.6,3.5,7.8,3.5,1.1,1.3,31.8,4.1,19.5,5,43.3,6.2,33.4,4.9,10,4,0.9,1.3
"01013","Butler County, Alabama","01","013",TRUE,"missing_estimate:",44755,10.708958449305,2896,13.5,1.9,18.9,2.1,2.3,0.8,1,0.7,82.7,3.2,22.1,0.5,22,0.3,1.7,,44.7,0.6,51.5,2.2,3.3,1.3,27.7,3.7,15.4,2.4,10.7,2.4,23.1,2.8,3.6,1.4,18.5,3.2,5.8,1.9,5.4,1.7,5.4,1.8,25,2.3,23.1,3.2,19.8,2.6,34.2,3.3,5.9,1.9,0.3,0.2
"01015","Calhoun County, Alabama","01","015",TRUE,"missing_estimate:",55029,10.9156155979825,2763,20.6,1.2,20.8,1.1,2.9,0.4,1.6,0.4,87.3,1.2,21.4,0.1,18.2,0.1,4.6,,21.6,0.5,56.1,1.5,3.3,0.5,32.4,1.9,17.2,1.5,8.6,1.1,21.4,1.5,0.5,0.2,19.3,1.4,8.5,1.2,4.8,0.7,5.9,0.9,25.2,1,15.6,1.2,14.7,1.3,29.7,1.8,6.4,1,0.4,0.2
"01017","Chambers County, Alabama","01","017",TRUE,"missing_estimate:",49656,10.8128745080935,3919,14.9,1.8,20.2,1.7,2.1,0.7,1.3,0.7,82.1,2.7,20.9,,20.3,0.1,4,,38.4,0.9,55.3,1.9,2.8,0.9,27.4,2.9,17.9,3.1,9.3,1.5,26.5,2.5,2.2,1.2,26.4,2.8,7.9,1.8,5.7,1.5,4.4,1.2,23.1,1.2,18.3,2.5,14.3,2,28.2,2.8,7.3,1.6,2.5,1.5
"01019","Cherokee County, Alabama","01","019",TRUE,"missing_estimate:",53863,10.8941990647773,4463,16.5,2.3,21.1,1.9,2,0.8,1.3,0.8,82.6,2.6,18.6,0.1,24.4,0.3,1.8,,3.8,0.8,49,2.1,1.9,0.7,36.8,3.2,14.8,2.7,10,1.9,18.8,3.2,2.8,1.2,17.1,3.1,4.6,1.7,5.4,1.6,4.4,1.6,30.5,2.1,30.7,2.7,23.8,2.6,18.9,2.6,2.8,0.9,0.6,0.6
"01021","Chilton County, Alabama","01","021",TRUE,"missing_estimate:",65603,11.0913767055938,4047,16.5,1.8,17.6,1.4,5,0.8,5.2,0.7,83.3,2.4,24.1,0.2,17,0.4,10.2,,9.4,0.6,57.7,2.1,3.2,0.9,28.2,2.7,15.7,2.5,19.3,2.6,19.9,2.5,3.5,1.5,12.8,1.9,7.1,1.9,7.1,1.7,6.4,1.4,31,1.6,9.9,1.7,29.5,2.9,23.1,2.7,2.6,0.9,0.3,0.3
"01023","Choctaw County, Alabama","01","023",TRUE,"missing_estimate:",47813,10.7750528480306,8438,15.8,2.3,23.3,2.4,0.5,0.4,0.3,0.2,76.1,4,19.7,0.4,24.4,0.2,1.2,,37.5,1.9,47.9,2.4,2.4,1.1,23.6,4.4,14.1,3.1,18,2.8,19.4,3.5,3.7,1.7,20.4,3.5,4.3,2.2,5.3,2.3,2.3,1.3,33.6,2.3,27,3.7,38.9,3.5,17.6,3.3,8.8,2.3,0,0.1
"01025","Clarke County, Alabama","01","025",TRUE,"missing_estimate:",49249,10.8046443418256,3377,15,1.8,20.5,1.6,1.1,0.6,0.4,0.4,73.7,3.8,21.5,0.1,21.1,0.3,1.2,,44.6,0.9,50.7,2.5,4.7,1.4,26.1,3.8,13.9,2.9,9.8,2.8,23.6,3.2,3.7,1.4,16.9,2.9,6.2,2.3,6.1,2.3,3,1.8,25.1,2,28.3,3.6,25.6,2.7,29.2,3.5,11.6,2.9,0.6,0.4
"01027","Clay County, Alabama","01","027",TRUE,"missing_estimate:",55250,10.91962361938,6691,14.7,2.6,21.1,2.9,1,0.4,0.6,0.3,80.4,3.9,21,0.2,20.6,0.4,3.3,,12.8,1.1,47.2,3.1,1.1,0.7,29.5,4,11.1,2.9,15.6,4.1,29.4,4.2,0.9,0.8,29.4,4.6,4.9,1.6,7.6,3.1,5.6,3.1,28.5,3,18.1,4.1,22.1,3.8,20.6,3.5,5.8,2.3,0.7,0.8
"01029","Cleburne County, Alabama","01","029",TRUE,"missing_estimate:",55345,10.9213415998197,6656,17,2.9,20,2.5,0.7,0.4,0.3,0.2,76,3.8,22,0.4,20.1,1,2.1,,3.6,0.7,49.7,3.4,1.3,0.7,34.2,5,16,4.4,16,3.8,18.5,3.8,2,1.5,16.9,3.5,5.8,2.5,4.6,2.2,6.2,2.4,35.3,3.1,13,3.1,26.1,4.3,21.5,4.2,5.6,2,1,0.8
"01031","Coffee County, Alabama","01","031",TRUE,"missing_estimate:",68353,11.1324407329226,3218,22.5,1.5,17.5,1.1,4.6,0.9,3.2,0.7,86.8,1.4,24.1,0.1,17.2,0.1,9.8,,15.6,0.7,57.1,1.5,2.7,0.6,31.4,2.4,16.4,1.9,13.5,1.5,18.4,1.7,2.3,0.5,10.4,1.3,9.5,1.5,7.1,1.2,4.4,0.8,23,0.9,14.9,1.7,12.1,1,27.7,2.2,4,1.1,0.8,0.4
"01033","Colbert County, Alabama","01","033",TRUE,"missing_estimate:",60628,11.0125121115515,3733,21.7,1.9,18.3,1.1,1.7,0.5,0.8,0.4,81.9,1.9,21.3,,20.4,0.2,3.5,,15.5,0.6,57.2,1.5,1.8,0.5,35.5,2.8,15.8,2.3,10,1.9,19.6,2.4,1.4,0.7,18.9,2.6,6.6,1.3,6.3,1.3,7.2,1.8,22.5,1.3,13.3,1.5,7.5,1.4,28.7,2.4,4.6,1,0.4,0.2
"01035","Conecuh County, Alabama","01","035",TRUE,"missing_estimate:",41327,10.6292713183723,3467,13.4,2.5,18.6,2.6,0.8,0.5,0.5,0.4,72.7,4.9,20.1,0.1,24.9,0.3,1,0.8,44.9,1.9,40.5,3.5,3.5,1.6,30.8,5.3,12.7,4.2,13.4,3.2,24.5,4.8,5.6,2.3,18.4,4.2,8.3,2.7,6.5,2.5,7,3.6,28.3,3.8,31.5,4.3,26,3.8,25.7,4.8,5.8,2.7,0.3,0.5
"01037","Coosa County, Alabama","01","037",TRUE,"missing_estimate:",57355,10.9570153027154,5303,13.9,3.8,25.8,3.6,0.5,0.5,0.3,0.4,80.7,4.2,17.4,0.6,25.3,0.1,2.5,,29.2,0.7,47.6,3.6,2.9,1.9,24.9,4.6,14.3,3.7,14.1,3.8,24.8,4.2,4.8,2.8,21.6,4.5,5.6,2.6,6,2.7,7.5,4,31.5,3.2,27.1,3.5,31.6,4.3,18.4,4,6,2.5,2.3,1.8
"01039","Covington County, Alabama","01","039",TRUE,"missing_estimate:",52456,10.8677300019435,3788,17.2,1.6,20.8,1.6,1.2,0.3,0.6,0.2,83.8,2,22.2,,22.2,0.1,2,,11.9,0.7,52.3,1.8,2.7,0.8,35.7,2.9,14,1.9,15.4,1.9,17.3,2.4,5.4,1.3,12,2.1,6.6,1.3,6.4,1.5,2.9,0.8,25.5,1.8,21.8,2.2,18.9,2,23.7,2.4,6.2,1.8,0.2,0.2
"01041","Crenshaw County, Alabama","01","041",TRUE,"missing_estimate:",48560,10.7905554257334,5509,18.7,2.8,17.4,1.9,1.8,0.7,1.5,0.7,69.2,4.1,22.8,0.5,20.2,0.5,2.2,,23.6,1,51.6,2.9,2.8,1,29.6,4.3,14.9,3.8,13.8,2.9,25.5,5,4.2,1.9,24.3,4.5,5.5,1.9,8.4,2.2,2.8,1.5,31.3,3.4,20.5,2.9,24.5,3.2,26.8,3.5,7.3,1.8,0.4,0.3
"01043","Cullman County, Alabama","01","043",TRUE,"missing_estimate:",62656,11.0454147258902,3563,19.7,1.7,18.4,1.2,2.3,0.3,1.6,0.3,87.3,1.3,22.4,,19,0.1,5,,1,0.2,58,1.6,2.2,0.5,30.2,1.8,15.8,1.8,13.7,1.5,19.1,1.5,2,0.6,17.2,1.7,7.6,1.1,7.7,1.1,4.2,0.8,27,1,11.3,1.1,19.8,1.4,23.4,1.7,3.2,0.7,0.5,0.3
"01045","Dale County, Alabama","01","045",TRUE,"missing_estimate:",54963,10.9144155105594,3147,20.4,1.8,20,1.3,3.5,0.6,2.4,0.7,86,2,23.3,,18.1,0.2,7.1,,20.3,0.6,53.9,1.4,3.2,0.8,28.8,2.6,19.6,2.2,12.6,1.8,18.1,2.2,2.5,1,11.2,1.6,8.3,1.2,6.4,1.4,5,1.4,22.5,1,14.1,1.8,19.5,1.9,38.1,2.1,5.7,1.4,0.5,0.4
"01047","Dallas County, Alabama","01","047",TRUE,"missing_estimate:",35627,10.480859056346,3641,17.5,2.2,21.6,2,1.9,0.9,0.8,0.5,80.5,2.5,23.6,0.2,20.4,0.1,1,,69.9,1.3,52.3,2.5,5.7,1.5,26.9,3.1,17.9,2.8,9.3,2.2,23.1,3.2,2.7,1.1,17.2,2.5,7.8,2.2,7.3,2.1,6,1.8,26.4,1.6,15.8,2.2,18.2,2,36.2,2.7,14.1,2.4,0.7,0.5
"01049","DeKalb County, Alabama","01","049",TRUE,"missing_estimate:",51204,10.843572932976,2508,14.1,1.4,17,1.1,7.8,0.9,6.5,0.8,86.9,1.9,24,,17.6,0.2,17.1,,1.3,0.2,55.7,1.5,2.3,0.7,28.7,2.3,16.3,1.6,14.8,1.9,24.1,2.3,3.1,0.8,23.4,2.5,6,1.1,9.7,1.4,4.4,0.9,24.8,1.1,15.4,1.5,22.2,1.8,21.7,1.9,4.2,1,1.5,0.7
"01051","Elmore County, Alabama","01","051",TRUE,"missing_estimate:",78243,11.2675746475319,3156,25.4,1.6,15.2,1,2,0.4,1.1,0.3,91.7,1.1,21.6,0.1,16.5,0.1,3.4,,21.1,0.5,59.8,1.2,2.7,0.5,39.2,2.4,13.8,1.7,9,1.3,13.9,1.8,0.6,0.3,11.7,1.6,9.8,1.4,4.1,0.7,7.3,1.4,27.9,0.9,12,1.4,15.4,1.5,23,1.9,3.4,0.7,0.1,0.2
"01053","Escambia County, Alabama","01","053",TRUE,"missing_estimate:",48225,10.7836328377739,3891,13.5,1.9,21.3,1.7,0.8,0.4,1.2,0.6,79,2.9,22.7,0.2,19,0.3,2.4,,29.4,1.6,47.6,2.1,4.8,1.2,28,3.7,17.6,3.5,11.8,1.8,20.9,3.4,1.8,0.9,19.2,3.2,5.3,1.5,3.6,1.1,2.9,1.1,24.6,1.8,23.8,2.8,21,2.6,29.1,2.9,5.7,1.7,0.2,0.3
"01055","Etowah County, Alabama","01","055",TRUE,"missing_estimate:",54563,10.9071112763429,2653,18.1,1.4,18.9,1,2.4,0.4,1.5,0.3,87.5,1.2,21.9,,19.7,0.1,5.2,,14.7,0.4,55.2,1.2,3.3,0.6,31.2,1.9,16.1,1.6,11,1.5,20.4,1.7,1.1,0.5,17,1.4,6.6,0.8,8.1,1.4,4,0.7,25.5,1,17.2,1.5,9.2,0.9,26.1,1.3,4.4,0.8,0.7,0.3
"01057","Fayette County, Alabama","01","057",TRUE,"missing_estimate:",49488,10.8094854949249,7267,14.9,2.6,23.2,2.3,0.5,0.4,0.1,0.1,80.9,3.2,21.2,0.1,21.9,0.2,0.9,0.8,11.1,1.4,51.8,2.4,4.4,1.7,32,4.8,15.1,3,9.7,2.4,26.6,4.1,1.5,0.8,24.8,3.6,5.2,1.6,6,1.9,2.9,1.6,28.6,2.2,19.9,3.4,22,2.9,21.6,3.5,7.6,2.5,0.7,0.6
"01059","Franklin County, Alabama","01","059",TRUE,"missing_estimate:",53338,10.88440430172,6056,15.8,2.4,16.7,2,9.8,1.3,9.6,1.6,72,3.2,25.2,0.1,16.7,0.2,20.6,,4,0.4,57.1,2.4,2.1,0.7,25.2,3,15.4,3.3,15.1,2.6,27.6,3.3,2.1,1.1,29.2,4.1,6.3,1.8,8.5,2.4,2.3,1.1,26,2.6,14.6,2.5,15.3,2.4,27.6,3,7.7,2.3,0.4,0.5
"01061","Geneva County, Alabama","01","061",TRUE,"missing_estimate:",52771,10.8737170763812,5419,13.2,1.9,23,2.3,2.2,0.7,1.1,0.7,79.6,2.8,22,,20.3,0.4,5.3,,8.4,0.8,54.9,2.8,3.1,0.9,28.5,3.9,16.3,2.6,14.2,2.2,19.2,3.3,3,1.1,11.9,2,6.4,1.5,7.1,2.1,3.8,1,26.6,1.6,15.4,2.8,24.4,2.6,21.9,2.6,6,2.1,0.5,0.4
"01063","Greene County, Alabama","01","063",TRUE,"missing_estimate:",29200,10.2819239882564,5134,15.1,3.3,25.2,4.1,0.6,0.8,0,0.1,67,5.8,21.6,,25.1,0.7,0.1,0.3,81.2,0.8,40.3,5.1,1.6,1.2,20.8,6,15.7,7.9,14.8,6.2,31.7,7.2,7,4.8,18.7,7.2,8.2,5.5,7.4,3.3,4.7,2.6,29.4,4.9,24.6,3.9,34.7,4.6,38.4,6.4,13.3,4.9,0.4,0.9
"01065","Hale County, Alabama","01","065",TRUE,"missing_estimate:",39250,10.5777067232106,6985,17.6,3.3,24.4,3.8,0.8,0.7,0.2,0.3,75.4,3.9,24.2,0.4,20,0.1,1.3,,54.6,2.2,48.6,3.4,2.9,1.4,36.2,5.1,19,4.5,7.9,2.8,21.1,3.9,2.9,1.5,16.5,3.5,7.6,2.7,4.7,1.9,2.2,1.2,30.2,2.5,25.7,3.8,37.5,3.9,25.6,4.1,11.2,3.1,0.6,0.7
"01067","Henry County, Alabama","01","067",TRUE,"missing_estimate:",59931,11.0009491794468,6647,21.8,3.1,22.7,2.4,0.9,0.4,0.8,0.4,82.5,3,20.4,0.1,23.8,0.2,2.2,,24.8,0.7,55.1,2.5,2,0.7,35,4.3,17.2,3.5,9,1.9,16.9,2.6,1.7,0.7,7.5,2.2,7.8,2.1,6.2,2,4.4,1.4,27.6,1.9,23.4,2.6,21.7,3.1,20.5,3.4,7.5,1.9,0.3,0.2
"01069","Houston County, Alabama","01","069",TRUE,"missing_estimate:",58626,10.9789335631724,1551,23,0.8,17.1,0.6,3.1,0.4,1.5,0.2,86.5,0.8,22.9,0.1,18.7,0.1,4.6,,27.1,0.2,57.9,0.8,2.6,0.3,35.1,1.2,17.1,1,9.9,0.8,16.4,1,1.4,0.4,10.1,0.8,8,0.5,6.2,0.7,4.6,0.5,22.1,0.6,13.7,0.8,12.7,0.8,36.2,1.1,6.8,0.6,0.3,0.1
"01071","Jackson County, Alabama","01","071",TRUE,"missing_estimate:",51908,10.8572281998571,1987,15.9,1.5,21.6,1.5,1.9,0.3,1.4,0.4,89.9,1.2,20.8,0.1,20.9,0.1,3.6,,3.1,0.4,51.5,1.4,2.3,0.5,30.2,2.8,13.7,1.6,15.1,1.8,23.9,2.1,1.5,0.6,23.8,2,8.1,1.3,6.3,1.3,4.7,1,27.3,1.2,12.5,1.4,21.6,2.1,24.9,2,4.9,1.1,0.4,0.3
"01073","Jefferson County, Alabama","01","073",TRUE,"missing_estimate:",66388,11.1032715962406,1491,36.2,0.7,15.4,0.5,4.9,0.3,2.9,0.2,90.4,0.6,22.9,0.1,16.8,,5.5,,42.1,0.3,61.5,0.5,2.9,0.2,43,0.9,16,0.7,7.1,0.5,13.4,0.5,0.6,0.1,8.7,0.4,10.7,0.5,4.5,0.4,11.1,0.6,24.1,0.4,13.2,0.6,3.1,0.3,36.1,0.8,7,0.5,0.4,0.1
"01075","Lamar County, Alabama","01","075",TRUE,"missing_estimate:",50000,10.8197782844103,7590,12.1,1.8,22.6,2.3,0.5,0.5,0,0.1,77.7,4.3,22.1,0.3,22.4,0.7,1.9,,10,0.9,51,2.6,2.8,1.2,23.7,3.2,19.3,3.7,8.7,2.5,28.8,4.2,2.1,1.2,25.9,4,8.4,2.9,5.5,2.7,5.8,2.2,25.4,2.4,28.6,3.6,24.5,4,24.3,3.6,6.1,2.2,0.5,0.5
"01077","Lauderdale County, Alabama","01","077",TRUE,"missing_estimate:",62649,11.0453029985049,2965,29.8,1.4,16.9,1,2.6,0.4,2,0.4,85.1,1.6,19.4,,20.5,0.1,3.5,,9,0.5,59.1,1.2,2.4,0.6,35.4,2,15.9,1.6,9.5,1.2,16.8,1.7,0.9,0.4,15.4,1.8,6.8,1.1,5.3,0.8,7.8,1.2,25.9,1.2,12.6,1.2,8,1,31.1,1.9,5.1,1.1,0.3,0.2
"01079","Lawrence County, Alabama","01","079",TRUE,"missing_estimate:",66071,11.0984852003718,5623,15.2,2.3,19.6,1.9,1.3,0.5,1.8,0.7,79,3.1,21.8,0.1,19,0.1,3.1,,9.3,0.6,56.9,2,1.1,0.4,30,2.9,15.6,2.2,13.6,2.2,22.8,2.7,3.5,1.3,24.2,2.7,5.6,1.4,7.3,1.9,4.2,1.2,30,1.5,11.5,1.8,24.9,2.6,18.3,2.5,4.4,1.2,0.2,0.2
"01081","Lee County, Alabama","01","081",TRUE,"missing_estimate:",65824,11.0947397924527,2432,42.4,1.3,13.1,0.8,7,0.5,4.2,0.5,88.9,1.1,20.9,,13.3,0.1,5.4,,21.6,0.3,60.3,1.2,2.1,0.4,47,1.5,16,1.2,6.6,0.8,12.5,1.2,0.8,0.3,11.6,1.1,9.9,1,4.8,0.9,9.5,1,22.3,0.6,12.8,1.1,14.3,0.9,33.7,1.4,4.8,0.7,1.3,0.4
"01083","Limestone County, Alabama","01","083",TRUE,"missing_estimate:",83629,11.3341456288725,4065,30.2,1.7,14.8,1,4.1,0.7,2.9,0.7,88,1.3,22.2,0.1,15.6,0.1,7.5,,12.7,0.6,60,1.3,2,0.5,41.2,2.4,13.5,1.4,10.2,1.4,16.3,1.3,1.6,0.8,17.8,1.7,13.9,1.7,5.8,1.1,11.1,1.3,26.3,1,7.7,1.4,9.4,1.2,22.4,1.8,3.5,1,0.4,0.3
"01085","Lowndes County, Alabama","01","085",TRUE,"missing_estimate:",37052,10.5200776103739,4465,14.4,3.3,21,2.6,0.6,0.5,0.5,0.5,72.5,4.3,21.9,,20.6,,0.2,0.2,73.8,0.7,46.4,3.7,3.2,1.1,24.1,5,11.4,3.3,10.9,3.1,32.5,5.2,8,3.3,28.5,5.2,5.9,2.8,7.9,2.7,4.5,2.2,31.4,2.9,11.6,3.3,37.4,4.1,22.5,3.9,8.8,3.1,1.7,1.3
"01087","Macon County, Alabama","01","087",TRUE,"missing_estimate:",43707,10.6852635513221,4041,21.1,2.5,17.3,2.2,1.5,0.5,0.9,0.6,79.1,3.1,15.4,0.5,21.2,0.2,2.2,,77.5,0.9,51.2,2.5,4.2,1.4,28.6,4.1,23.4,4.1,6.3,2,22.6,3.8,2.1,1,11.8,2.3,10.8,2.7,5.5,2.1,7.6,2.5,23.7,1.7,25,2.4,17.2,2.1,38.5,3.1,9.5,2,0.7,0.5
"01089","Madison County, Alabama","01","089",TRUE,"missing_estimate:",86499,11.3678881321595,1491,46.4,0.8,13.8,0.6,6,0.4,2.7,0.3,92.3,0.8,21.6,,15.7,0.1,6.8,,23.6,0.3,64.8,0.6,2.3,0.3,51.7,1.2,12.7,0.8,6.3,0.6,11.7,0.7,0.5,0.2,13.6,0.7,19.1,0.9,4.8,0.4,15.1,0.8,22.1,0.4,7.6,0.6,3.6,0.5,31.7,1,4,0.4,0.2,0.1
"01091","Marengo County, Alabama","01","091",TRUE,"missing_estimate:",43825,10.6879597097894,5429,19.5,3,21.9,2.6,1.6,0.3,1,0.6,78,3.7,22,0.2,20.6,0.2,2.7,,50.8,0.7,50.9,3.9,2.1,1.1,30.6,4.2,15.1,3.9,8.7,3,27.6,4.3,2.8,1.5,23.1,3.8,5,2,4,1.7,4.6,2.1,26.4,2.5,20,2.7,29.5,3.3,29.8,3.7,10.2,2.6,0.4,0.4
"01093","Marion County, Alabama","01","093",TRUE,"missing_estimate:",50088,10.8215367374251,4308,13.3,1.8,26.8,2.1,0.7,0.3,0.8,0.5,79,2.9,21.1,0.1,21.4,0.3,3.2,,3.5,0.4,50.4,2.4,2.5,0.8,28.2,3.4,15.9,2.5,12,2.8,24.7,2.6,1.6,0.8,18.6,3.1,4.3,1.4,6.1,1.6,3.4,1.2,25.9,2.1,25.4,2.8,22.2,2.6,23.2,2.4,4.2,1.1,0,0.4
"01095","Marshall County, Alabama","01","095",TRUE,"missing_estimate:",62571,11.0440571909647,2999,21.5,1.2,16.3,1,7,0.7,6,0.7,90.1,1.2,26,,17.1,0.1,17.2,,2.5,0.4,57.4,1.3,2.2,0.4,34.3,1.8,16.1,1.4,11.9,1.2,19.4,1.4,1.3,0.4,18,1.4,8.8,1.1,7.1,1,6.4,1,25.5,0.9,12.7,1,13.5,1.1,24.2,1.5,4.4,0.7,0.4,0.2
"01097","Mobile County, Alabama","01","097",TRUE,"missing_estimate:",58880,10.9832567534028,1273,26,0.7,14.5,0.4,3.4,0.3,1.8,0.2,86.3,0.7,23.3,,17.3,,3.5,,35.7,0.3,58.5,0.6,3.1,0.2,35.5,1.1,17.3,0.8,9.7,0.7,16.6,0.8,1.2,0.4,12.5,0.7,9.6,0.5,5.6,0.6,8.3,0.6,26.1,0.6,13.1,0.6,6.9,0.5,34,0.9,6,0.5,0.5,0.1
"01099","Monroe County, Alabama","01","099",TRUE,"missing_estimate:",42292,10.6523532218524,5982,11.7,2,17.9,2.2,0.7,0.3,0.1,0.1,76.9,3.1,21.2,0.2,21.6,0.2,0.2,0.2,41.9,1.1,45.5,2.8,4.7,1.7,23.6,3.3,16.5,3.9,12.7,3.2,25.8,3.8,5.8,2,22.2,4.8,5.1,1.8,5.1,2,3.4,1.7,25.5,2.7,27.9,3.2,21.4,2.7,28.3,3.4,4.3,1.5,0.1,0.2
"01101","Montgomery County, Alabama","01","101",TRUE,"missing_estimate:",59386,10.9918137873357,1569,34.5,1.4,16.5,0.9,5.6,0.4,3.1,0.3,90.3,0.9,24.1,,16.2,0.1,5,,58.8,0.4,59.1,1,3.4,0.5,37.9,1.4,17.3,1.2,5.9,0.8,18,1.3,0.4,0.2,13.2,1.2,11.9,1,4.8,0.7,8,0.9,21.6,0.6,13.9,0.8,3.9,0.5,42.2,1.4,6.6,0.8,0.9,0.3
"01103","Morgan County, Alabama","01","103",TRUE,"missing_estimate:",68845,11.1396128798785,3210,23.3,1.3,18,1.2,5.5,0.9,4.5,0.8,86,1.4,23.4,0.1,18,0.1,10.6,,12.5,0.4,57.8,1.2,2.1,0.4,34.5,1.7,13.6,1.3,11.6,1.3,21,1.7,1.8,0.5,20,1.6,11.4,1.1,6.2,0.9,7.2,0.8,24.9,0.7,9,1,10.7,1.3,27.3,1.7,4.8,0.9,0.3,0.2
"01105","Perry County, Alabama","01","105",TRUE,"missing_estimate:",37654,10.5361944692847,3718,15.8,3.4,23,3.1,1.6,1.6,0.2,0.4,75.5,5.8,21.3,,21.6,,0.2,0.4,71.2,0.9,39.6,5.5,6.5,3.1,31.3,8.8,23,8.9,6.2,3.9,18.7,7.9,6,4.1,4.8,3.1,3.8,2.9,6.6,2.8,4.5,2.8,28,7.6,13.2,4.3,32.1,4.6,22.5,4.6,8,3.5,0,1.2
"01107","Pickens County, Alabama","01","107",TRUE,"missing_estimate:",46274,10.7423355272676,2486,13.1,2.2,22.2,2.3,2.9,0.7,1.4,0.7,80.1,3,19.1,,19.9,,3.6,0.5,40.9,1.1,45.5,2.9,2.1,0.9,28.7,4,16.8,3.7,17.6,3.3,23.4,4.6,2.3,1.1,22.4,4.2,4,1.6,5.6,2.4,5,2,32.6,2.3,22.5,3.3,24.3,3.5,24.2,3,7.1,1.9,0.4,0.4
"01109","Pike County, Alabama","01","109",TRUE,"missing_estimate:",48677,10.7929619182509,5631,28,2.4,15.2,1.2,3.6,0.7,1.9,0.5,81.9,2.6,19.3,0.2,15.6,0.2,2.7,,37.1,0.7,56,1.6,2,0.9,33.9,2.9,18.2,2.6,7.6,1.3,19.2,2.7,2.1,0.7,17.3,2.5,7.4,1.8,5.8,1.5,5.3,1.6,20.3,1,23.1,2.8,21.7,2,38.7,2.8,5.7,1.7,0.5,0.3
"01111","Randolph County, Alabama","01","111",TRUE,"missing_estimate:",52338,10.8654779636613,6218,18.4,2.5,16.4,1.8,1.4,0.4,0.6,0.4,84.9,2.5,20.9,0.1,21.9,0.3,3,,15.5,1.5,51.1,2.4,1.9,0.6,33.5,3.7,14.1,2.6,12.5,2.3,27.8,3.7,2.5,1.1,25,3.7,5.9,1.5,4.6,1.8,6.8,1.7,28.9,2.1,25.9,3,24.2,3.1,22.8,2.8,4.4,1.5,0.5,0.4
"01113","Russell County, Alabama","01","113",TRUE,"missing_estimate:",51197,10.8434362155609,3129,18.2,1.9,19.8,1.4,2.7,0.5,1.2,0.4,79.7,2.6,24.3,,15.3,0.1,6,,45.1,0.8,55.9,1.7,3.3,0.7,31,2.7,16.6,2.3,8.9,1.6,19.2,2.5,1.1,0.7,14.4,2.4,8.1,1.5,6.2,1.7,9.3,1.9,26.3,1.5,13.6,1.5,14.1,1.9,38.7,2.5,8,1.6,0.4,0.4
"01115","St. Clair County, Alabama","01","115",TRUE,"missing_estimate:",77463,11.2575556819857,4349,21.4,1.4,16.7,1.1,1.7,0.4,1.1,0.3,91.1,1.4,22.2,,17.9,0.1,3,,10,0.5,59.2,1.3,2.7,0.5,36.1,2.2,13.7,1.4,10.7,1.4,15.9,1.3,0.3,0.2,12.5,1.3,9.6,1.2,5.2,1,11.7,1.8,30.7,1,10.5,1.2,22.1,1.9,17.4,1.8,3,0.7,0.2,0.2
"01117","Shelby County, Alabama","01","117",TRUE,"missing_estimate:",97961,11.4923247192623,3160,46.8,1.1,12.2,0.7,5.5,0.3,3.1,0.4,94.7,0.6,22.8,,16.8,,7.6,,13.4,0.3,66.1,0.8,1.9,0.3,48.9,1.3,12.1,0.9,7.8,0.8,9.6,0.7,0.7,0.2,8,0.6,11.2,0.8,5.5,0.5,16.9,1,29.5,0.7,5.6,0.6,7.4,0.6,18.6,1,2.5,0.4,0.1,0.1
"01119","Sumter County, Alabama","01","119",TRUE,"missing_estimate:",33310,10.4136129311877,6329,19,3.2,21.3,2.9,0.9,0.6,0.5,0.7,76,4.8,19.3,,19.8,,0.7,0.7,68.1,2.1,45.4,4.2,5.5,1.9,28.3,5,21.5,5.1,8.4,3.4,17.7,4.5,1.7,1.1,13.4,4.1,7.1,3.9,5,2.3,9.3,3.3,23.2,2.9,24.1,3.6,30.8,4.2,33.2,4.8,9.5,3.2,0.5,0.8
"01121","Talladega County, Alabama","01","121",TRUE,"missing_estimate:",57776,10.9643287435172,2457,16.5,1.6,21.3,1.4,2,0.3,1.1,0.3,87.2,1.5,20.6,0.1,19.4,0.1,2.4,,29.8,0.8,52.6,1.4,3.6,0.7,30,2.5,15.8,2.2,12,1.7,23.3,2.3,1.5,0.6,22.1,2.4,7,1.4,4.7,1.1,4,1,28,1.4,12.7,1.3,24.8,2.1,28,1.9,6.9,1.2,0.2,0.2
"01123","Tallapoosa County, Alabama","01","123",TRUE,"missing_estimate:",59356,10.991308490126,4275,20.3,1.7,21.2,1.6,1.9,0.5,1.2,0.4,83.9,2.7,20.1,0.1,23.3,0.1,2.9,,23.2,1.6,53.8,1.8,2.6,0.7,30,2.7,16.4,2.4,10.6,1.5,20.1,2.4,0.7,0.4,17.1,2.6,7.6,1.7,6.5,1.4,5.3,1.4,25.2,1.6,26.3,2,16.2,2,23.9,2.5,5.8,1.3,0.4,0.3
"01125","Tuscaloosa County, Alabama","01","125",TRUE,"missing_estimate:",66231,11.1009039102628,2331,32.1,1.3,13.2,0.7,4.7,0.4,2.4,0.3,88.6,1.1,20.5,,13.9,0.1,5.6,,30.8,0.4,62.1,0.9,3.6,0.4,40.1,1.5,15.7,1,9.2,0.9,16.4,1,1.4,0.4,15.7,1.1,7.7,0.7,3.8,0.5,7.4,1,23.3,0.6,13.7,0.8,8.6,0.7,38.6,1.3,5.8,0.8,0.4,0.2
"01127","Walker County, Alabama","01","127",TRUE,"missing_estimate:",56509,10.9421551964843,3563,16.6,1.6,22.2,1.3,1.5,0.6,1.5,0.7,84.7,1.6,22.9,0.1,19.7,0.1,3.8,,6.3,0.4,53.2,1.5,2.6,0.6,28.8,2.6,16.5,1.9,13.2,1.7,18.9,1.9,3.5,1,14.8,2.2,6.3,1.3,4.5,1,3.1,0.8,31.2,1.8,16.4,1.5,27.1,2,23.9,2.1,5,1.1,0.7,0.5
"01129","Washington County, Alabama","01","129",TRUE,"missing_estimate:",61042,11.0193174308213,9610,17,3.3,14.7,2.2,0.3,0.3,0,0.1,81.2,3.2,20,0.5,21,0.4,1,,24.1,0.6,48.9,3.1,2.4,1.3,31.5,4.5,14,4,14.2,3.9,25.7,4.8,3.6,1.7,23,4.6,5.9,2.5,3.9,1.9,7.7,3,34.3,3.2,23.5,4,27.5,4.1,14.2,3.8,5.1,2.4,0.4,0.5
"01131","Wilcox County, Alabama","01","131",TRUE,"missing_estimate:",40640,10.6125080822524,7684,12.9,2.9,21.1,2.6,0.4,0.4,0,0.1,78.9,3.9,22.2,,21.7,,0,0.1,70,1.1,48.7,3.4,5.7,2.2,24.5,4.8,14.1,4.4,17.7,5.1,23.4,6.1,5.6,3,18.6,5.2,6.3,3.1,5.3,2.4,5.1,3.5,28.3,3.4,27.6,4,36.4,4.9,22.6,5,10.4,3.8,0.3,0.3
"01133","Winston County, Alabama","01","133",TRUE,"missing_estimate:",57256,10.9552877194184,6440,14.3,1.7,22.9,2,2.1,0.6,1.8,0.4,81.8,2.9,20.6,0.5,22,0.3,3.7,,1,0.7,52.9,2.1,1.9,0.7,25.9,2.6,11.8,2.4,14,2.1,29.8,2.9,2,0.8,23.4,3.5,5.5,1.5,5.6,1.6,6.3,2.6,28.2,2.1,28.4,2.5,29.8,3.2,24.2,2.5,4.9,1.4,0.6,0.6
"04001","Apache County, Arizona","04","001",TRUE,"missing_estimate:",41438,10.6319536132204,2581,16.6,1.2,13.2,1.1,1.6,0.3,11.5,0.9,60,2,26,0.4,16.8,0.1,6.4,,1,0.1,41.8,1.2,4.5,0.6,33.8,2.1,21,1.6,11.5,1.5,12.9,1.6,2.6,0.7,1.6,0.4,4.4,1,4.2,1,9.1,1.3,28.1,1.2,27.2,1.5,22.7,1.3,20.6,1.5,11.5,1,6.6,0.9
"04003","Cochise County, Arizona","04","003",TRUE,"missing_estimate:",59742,10.9977905696161,1950,28.1,1.2,19.2,0.9,11.3,0.7,8.3,0.7,87.5,0.9,20.6,,24.8,0.1,34.7,,2.9,0.3,49.4,0.9,3.4,0.5,38.4,1.6,20.9,1.7,10.2,1.1,9.8,1.1,3.1,0.7,3.7,0.7,11.6,1.5,7.9,1.1,12.2,1.2,23.4,1.1,14.6,1.1,20,1.3,29,1.4,5.3,0.8,1,0.3
"04005","Coconino County, Arizona","04","005",TRUE,"missing_estimate:",72966,11.1977488582091,2339,40.3,1.3,13.4,0.8,5,0.5,4.8,0.5,84.2,1.2,19.5,,14.5,0.1,15.5,,1.4,0.2,62.4,0.8,3.5,0.4,41.3,1.6,21.7,1.7,7.9,1,10.8,0.9,1.1,0.4,7.9,0.9,8.7,0.9,5.3,0.9,12.9,0.9,19.3,0.7,22,0.9,13.4,1.1,40.3,1.6,5.6,0.8,2.7,0.5
"04007","Gila County, Arizona","04","007",TRUE,"missing_estimate:",61986,11.0346638320775,2848,18.7,1.6,23,1.5,3.6,0.6,2.4,0.6,82.2,2.1,18.6,0.2,30.9,0.2,18,,0.5,0.2,47.2,1.7,3.3,0.8,32.3,2.9,23.1,2.6,13.5,1.9,10.7,2.1,7,1.4,4.1,1.2,8.7,1.8,8.2,1.4,12.2,2,21.9,1.9,27.8,1.8,19.9,2.2,22.5,2,6.4,1.4,1,0.5
"04009","Graham County, Arizona","04","009",TRUE,"missing_estimate:",67325,11.1172869176798,4646,14.6,2,16.1,1.7,2.5,0.6,2.4,0.6,84.9,2.3,25.8,0.1,14.5,0.2,30.8,,1.6,0.2,53.4,1.7,4.1,1,30.4,3,22.3,3,17.8,3,11.2,2.2,14.6,2.2,2,0.9,6.8,1.6,5.1,1.3,4,1.3,22.8,1.9,9.7,1.8,18.8,2.3,26.9,2.9,5,1.3,2.3,1.1
"04011","Greenlee County, Arizona","04","011",TRUE,"missing_estimate:",71164,11.1727423515547,12585,20.9,4.5,15.6,3.5,7.9,3.1,8.1,3.7,90.8,4.2,25.5,0.6,14.1,1.1,46.7,,1.4,0.6,55.7,4.5,1.3,1.1,33.9,7.2,14.2,5.9,30.4,6,12.6,3.9,42.9,6.2,2.5,2,3.9,2.4,1,0.9,0.9,0.8,19.1,2.1,19,4.6,16.7,3.8,47,5.3,2.5,1.5,0.7,0.6
"04012","La Paz County, Arizona","04","012",TRUE,"missing_estimate:",49478,10.8092834053176,4006,13.5,2.6,23.2,2.3,9.8,1.6,7.5,2.1,78.9,3.5,14.9,0.3,43.1,0.4,25.6,,1.4,0.4,42.9,2.9,4.3,1.4,28.7,5.5,25.3,3.5,13.8,3.3,10.3,3.2,7.1,2.8,2.9,1.6,7.4,2.9,8.8,2.6,11,3.8,13.2,1.6,34.5,2.7,53.5,3.4,27.9,3.4,4.5,1.5,3.7,2
"04013","Maricopa County, Arizona","04","013",TRUE,"missing_estimate:",89300,11.3997567668646,562,36.7,0.3,12.2,0.1,14.5,0.2,8.3,0.1,93.1,0.2,22.5,,16.3,,31.2,,5.4,0.1,65.1,0.2,2.9,0.1,43.2,0.3,15.4,0.2,8.1,0.2,10.9,0.2,0.5,0.1,7.9,0.2,13.4,0.2,5.7,0.1,20.8,0.3,26,0.2,8.2,0.2,4.6,0.1,34.8,0.3,5.1,0.2,1.4,0.1
"04015","Mohave County, Arizona","04","015",TRUE,"missing_estimate:",57684,10.962735117682,1429,15.2,0.8,21.9,0.7,6.1,0.5,3,0.3,88.6,0.9,16.1,0.1,32.6,0.1,17.1,,1,0.2,44.5,0.8,3.2,0.4,31.3,1.4,21.8,1.3,10,1.1,13.6,1.2,1.3,0.4,5.7,0.7,9.4,0.9,7.6,0.8,9.1,1,19.9,0.8,16.3,0.8,24.4,1,25.9,1,3.9,0.5,1,0.4
"04017","Navajo County, Arizona","04","017",TRUE,"missing_estimate:",54606,10.9078990458054,2264,19.1,1.2,17.5,0.9,2.5,0.4,7.9,0.6,74.2,1.6,25.2,0.1,20.1,0.1,10.9,,1,0.2,45.8,1.4,4.1,0.6,34.7,2.4,20.4,1.7,14.2,1.4,10.2,1.2,2.6,0.7,2.4,0.7,5.5,1,6.6,1,9.2,1.4,25,1.2,30,1.4,19.1,1.3,26.8,1.5,8.5,0.8,3.7,0.7
"04019","Pima County, Arizona","04","019",TRUE,"missing_estimate:",70315,11.1607404263043,1089,36.8,0.5,15,0.3,11.8,0.3,7.1,0.3,91.9,0.3,19.6,,21.6,0.1,36.4,,3.3,0.1,58,0.4,3.1,0.2,42.4,0.7,19,0.6,8.5,0.3,9.4,0.4,1.1,0.1,7.4,0.3,12.7,0.4,6,0.3,15.4,0.5,24.3,0.3,8.8,0.4,9.6,0.3,34.8,0.5,7.1,0.3,1.3,0.2
"04021","Pinal County, Arizona","04","021",TRUE,"missing_estimate:",80266,11.2931013980664,1518,22.5,0.8,17.2,0.7,9.1,0.5,5.5,0.4,92.5,0.5,21.5,,21.5,0.1,29.8,,5.1,0.2,53.9,0.6,3.2,0.3,35.6,0.9,18.3,1,10.9,0.8,14,0.8,2.2,0.4,9.2,0.6,11.4,0.9,5.2,0.5,16.9,0.9,31.8,0.6,12.3,0.6,15.8,0.7,18.3,0.8,3.9,0.4,1.1,0.2
"04023","Santa Cruz County, Arizona","04","023",TRUE,"missing_estimate:",55217,10.9190261558663,4149,23.1,1.8,13.3,1.3,34.2,2,35.3,2.4,87.9,1.7,25.8,0.3,19.3,0.1,82.5,,0.1,0.1,57.3,1.7,7,1,26.3,2.7,19.3,2.4,11.5,2.4,17.1,2.8,6,2,8.1,1.8,6.5,1.4,7.7,1.4,8.7,2,24.2,1.6,11.8,1.7,6.8,1.3,30.7,2.5,5,1.3,1.7,0.6
"04025","Yavapai County, Arizona","04","025",TRUE,"missing_estimate:",69613,11.1507066104902,1866,30.3,1.1,18.6,0.7,6.4,0.4,3.3,0.4,91.6,0.7,15.4,0.1,34.1,0.1,15.4,,0.5,0.1,48.2,0.6,2.1,0.2,35.7,1.5,19.1,1.2,10.7,1,10.4,0.8,2.1,0.4,5.9,0.6,11.7,0.8,10.8,1,14.4,0.9,23.5,0.9,11.8,0.7,17,1,24.9,1.2,3.8,0.6,0.7,0.2
"04027","Yuma County, Arizona","04","027",TRUE,"missing_estimate:",62876,11.0489198118481,2259,16.8,1,13.6,0.7,25.1,0.8,20.8,1,88.7,1.1,24.6,0.1,20.7,0.1,64.9,,1.5,0.2,52.8,0.8,3.5,0.4,28.3,1.7,21.7,1.5,16.5,1.7,14.8,1.3,9.6,1.4,5.8,0.7,8.8,1,5.5,0.8,7.7,0.8,21.3,0.7,16.7,0.9,28.6,1.2,29,1.5,5.5,0.7,5.7,1
"05001","Arkansas County, Arkansas","05","001",TRUE,"missing_estimate:",53164,10.8811367545412,4027,13.6,2.3,20.8,2.2,1.3,0.6,1,0.5,82.5,2.9,23.2,0.1,20.1,0.3,4.1,,26.1,0.6,60.1,2.8,4.9,1.5,31.2,4.5,17.9,3.3,11.6,2.8,22,3.6,8.3,2.3,20,3.5,3.8,1.5,8.8,1.7,2.8,1.4,18.7,1.9,22.9,2.7,13.3,1.8,35.4,3.6,8.7,2.5,1,1.1
"05003","Ashley County, Arkansas","05","003",TRUE,"missing_estimate:",44266,10.697972167002,3356,12.8,2.2,25.3,2.6,2.2,0.6,1.3,0.5,80,2.9,22.5,0.1,21.5,0.2,6.4,,23.7,1,47.6,2.5,2.6,1,25.5,3.8,17.7,3.6,14.6,3,22.7,3.7,7.1,1.9,15.3,3,2.8,1.5,3.1,1.3,3.3,1.4,23.9,2.9,21.7,3.1,20.7,2.4,29.2,4.1,8.8,3,0.2,0.3
"05005","Baxter County, Arkansas","05","005",TRUE,"missing_estimate:",48452,10.7883288961367,3456,19.4,1.9,25.5,2.2,2.1,0.5,0.8,0.3,87.2,2.1,17.7,0.1,31,0.2,2.9,,0.3,0.1,43.8,2,2.8,0.8,30.9,3.3,13.8,1.8,10.6,2.2,18.4,3,1.8,0.7,16.7,2.8,5.8,1.5,9.1,1.8,7.4,1.7,19.4,1.9,15.4,1.9,12.2,1.8,24.8,2.2,4.6,1.3,1,0.7
"05007","Benton County, Arkansas","05","007",TRUE,"missing_estimate:",93506,11.4457808843409,2205,37.8,1.1,10.1,0.5,12.7,0.6,6.7,0.5,94.4,0.6,25.4,,13.8,0.1,18.5,,1.8,0.2,66.8,0.8,2.1,0.2,43,1.1,13.1,0.8,8.9,0.7,13.1,0.9,1,0.2,11.4,0.9,11.2,0.8,6.7,0.7,15.7,0.8,21.6,0.5,8.8,0.8,3.6,0.5,33,1.2,2.8,0.4,0.7,0.2
"05009","Boone County, Arkansas","05","009",TRUE,"missing_estimate:",55143,10.9176850900619,3545,17.2,1.9,19.5,2.1,1.4,0.4,0.5,0.2,87.8,1.8,22.5,0.1,21.2,0.2,3.2,,0.3,0.1,56.6,2.4,1.4,0.5,31.4,2.9,17.6,2.5,9.4,2.1,16.8,2.7,1.9,1,12.5,2.3,6.5,1.8,7.3,1.7,10,2.3,20.2,1.4,12,2.3,8.4,2,29.2,2.6,6.8,1.8,0.7,0.6
"05011","Bradley County, Arkansas","05","011",TRUE,"missing_estimate:",41476,10.6328702256782,7612,15.3,3.4,23.1,3.1,5.9,2,2,1.3,79.7,4.8,24.5,0.2,19,0.4,15.9,,25.9,1.8,51.5,4.4,3.4,1.5,37.5,5,14.4,3.1,10.5,3.1,22.6,4.1,8.6,2.5,15.7,3.7,6.3,3.5,6.2,2.7,2.3,1.7,24.4,2.7,25.8,3.2,18.5,3.3,34,3.9,9.3,2.7,1,1.4
"05013","Calhoun County, Arkansas","05","013",TRUE,"missing_estimate:",66809,11.1095930809883,6538,19.8,5.2,22.2,4.3,1.2,0.8,0.6,0.4,83.7,6.1,19.2,0.5,23.8,1.4,3,,17.2,4.4,51.2,4.4,2.8,1.8,32.5,7.2,7.4,4.3,21.5,5.4,15.3,5.8,8.1,5.1,20,6.6,7.6,3.9,6.2,2.9,1.5,2,26.2,3.5,31.5,6,28.7,5.2,12.2,3.8,1.7,1.5,0,2.3
"05015","Carroll County, Arkansas","05","015",TRUE,"missing_estimate:",54230,10.9009895398351,5063,20,1.9,16.3,1.5,9.1,1.2,5.9,1.3,87.7,2.2,21.7,0.1,23.4,0.4,15.7,,0.3,0.2,54,2,2.5,0.7,29.2,3.1,14.5,2.4,15.6,2.6,23,2.9,5,1.8,21.2,3,6.9,1.8,12.4,2.5,11.2,2.9,21.9,1.7,18.7,2.7,12.9,2.2,22.5,2.8,5.1,1.6,0.9,0.6
"05017","Chicot County, Arkansas","05","017",TRUE,"missing_estimate:",39045,10.5724701060968,3931,18,2.9,23.7,2.6,2.2,1.3,1.7,1,80.1,4.6,21.7,0.5,22.3,0.4,6.4,,53.3,0.7,46.6,3.1,4.2,1.2,30.5,5,13.4,4.1,15,4.8,20,4.9,10.3,4.5,13.4,3.7,5.9,2.8,7.1,2.7,3.8,2.4,19.5,2.5,22.4,4,17.9,3.8,30.8,4.6,10.1,2.3,0,1
"05019","Clark County, Arkansas","05","019",TRUE,"missing_estimate:",52034,10.8596526300531,4819,26.2,3,19.1,1.9,1.9,0.6,1.2,0.4,83.9,2.8,20.1,0.1,16.4,0.1,5.6,,23.2,1.1,57.2,2.5,2.2,0.9,30.3,4,25.3,3.2,9.4,1.7,15.3,2.4,4.3,1.5,13.5,2.3,7.8,1.8,5.5,1.5,6,1.5,21.4,2.1,19,2.3,14.8,2.3,35,3.1,6.1,1.8,0.4,0.4
"05021","Clay County, Arkansas","05","021",TRUE,"missing_estimate:",51481,10.8489680865408,3647,15.3,2.8,22,2.1,0.5,0.4,0,0.3,81.6,2.9,21.5,0.1,21.8,0.1,1.1,0.6,0.1,0.1,56.5,2.3,3.6,1.4,31.9,4.2,13.6,2.4,10.5,2.2,25.2,3.2,9.7,2.4,17.1,3.3,4.1,1.5,7.4,2.1,6,2.2,23.3,1.8,19.6,2.9,12,2.5,25.3,3.1,6.1,1.7,0.6,0.4
"05023","Cleburne County, Arkansas","05","023",TRUE,"missing_estimate:",55798,10.9294933054331,2882,18.4,2,22.4,2,0.9,0.5,0.7,0.4,83.7,2.7,19.1,0.2,27.4,0.3,3,,0.3,0.2,45.8,2.1,2.9,0.8,30.8,4,16,3.2,12.7,2.4,19.5,2.6,1.9,0.9,15.2,2.9,7.8,2,7.7,2.1,6.9,2.1,26.6,2.3,32.8,2.4,20,2.2,19.4,2.4,5.3,1.5,0.8,0.6
"05025","Cleveland County, Arkansas","05","025",TRUE,"missing_estimate:",54794,10.9113359778906,5975,19.7,4.4,24.6,3.5,0.2,0.3,0,0.6,79.3,5.1,21.4,,21.2,0.8,1.4,1.6,12.5,2.3,46.7,4.1,1,0.7,35.8,5.8,12.4,4,17.8,4.5,21.2,4.4,7.4,3.9,14.3,3.9,3.1,1.8,8.9,4.8,4.7,2.6,27.1,2.1,18.3,3.9,29.1,5.1,17.4,4.7,6.8,3.7,0.7,0.8
"05027","Columbia County, Arkansas","05","027",TRUE,"missing_estimate:",55334,10.9211428267908,6938,21.9,3.2,20.2,2.1,1.6,0.8,1.1,0.7,80.3,2.9,21.5,0.4,17.5,0.2,3.5,,34.4,0.9,55.6,2.4,1.8,0.8,30.9,4.7,17.3,3,7.7,1.8,23,3.5,1.8,0.7,15.1,3.1,6.4,2.2,6.2,2.7,5.4,1.9,22.3,2.5,23.8,2.9,16.8,3.1,29.3,3.4,3.4,1.1,1.5,1.2
"05029","Conway County, Arkansas","05","029",TRUE,"missing_estimate:",54187,10.90019630626,4578,19.9,2.3,22.1,2.5,1.9,0.5,1.5,0.6,82.4,3.8,22.6,,19.7,0.2,4.7,,11.5,0.9,54.3,2.9,3.5,1,33.6,3.6,19.9,3.2,14.5,3.1,15.5,2.9,9.5,3.2,10.8,2.4,9.8,2.9,10.5,2.8,7.4,2.3,28.1,2.8,14.7,2.5,19.4,2.7,25.9,3.7,7.8,2.2,0.1,0.3
"05031","Craighead County, Arkansas","05","031",TRUE,"missing_estimate:",59548,10.9945379889969,3493,29.7,1.8,19.5,1.2,3.7,0.4,2.6,0.4,88,1.6,25.2,,13.9,0.1,6.3,,16.6,0.5,63.3,1.4,3.5,0.7,38.8,1.9,18.5,1.5,9.1,1.3,13.5,1.5,1.7,0.5,11.6,1.5,6.6,0.9,7,1.1,6.8,1.3,19.6,0.6,9.1,1.3,4.5,0.7,39.9,1.6,6.4,1.1,1.1,0.5
"05033","Crawford County, Arkansas","05","033",TRUE,"missing_estimate:",64132,11.0686987383087,3217,20,2.2,19.6,1.5,4.4,0.7,2.4,0.6,88.5,1.7,23.9,,17.9,0.2,8.6,,1.3,0.3,55.5,1.6,2.2,0.6,31.7,2.6,18,2.3,10.8,1.6,17.1,2,0.9,0.4,15.2,1.9,8.9,1.6,4.6,1.1,6.3,1.2,24.4,1.2,8.8,1.4,9.9,1.5,24.5,2.6,4.2,1,0.6,0.4
"05035","Crittenden County, Arkansas","05","035",TRUE,"missing_estimate:",55358,10.9215764624713,3602,17,1.6,17.6,1.4,2.1,0.5,1.5,0.4,86.2,1.9,27,0.1,15.3,0.1,3.3,,50.9,1.3,62.4,1.9,6.4,1.1,29.6,2.7,17.3,2,10,1.3,21.4,2.5,2.6,0.9,10.6,1.5,6.7,1.1,7.7,1.4,7.1,1.5,22.5,1.1,14.9,2,6.7,0.9,42.6,2.2,10.7,1.8,0.6,0.4
"05037","Cross County, Arkansas","05","037",TRUE,"missing_estimate:",50863,10.8368910226868,5959,18.4,3.3,18.7,1.7,4.5,3.2,2.4,1.9,84.1,2.6,23.7,,18.9,0.3,2.3,,15.8,2.7,59.2,2.3,6.3,2,29.5,4.3,16.9,3.2,14,2.5,20.3,3.3,6.2,2.1,13.1,2.9,5.1,1.3,8.8,2.7,4.5,1.9,25.5,2.1,14.5,2.9,17.1,2.6,32.5,3.8,10,2.3,1.6,1.6
"05039","Dallas County, Arkansas","05","039",TRUE,"missing_estimate:",42500,10.6572593549125,8406,11.3,3,31.9,4,0.3,0.3,0.2,0.3,74.1,5.7,20.1,,25.5,,1.1,0.8,42.6,2.7,52.5,2.7,4.3,2,35.4,6.6,14.3,5.4,5.5,2.9,21.6,5.5,4.3,2.9,23.1,6.8,4.8,3.2,1.9,2.1,1.8,1.2,25.2,5,26.3,4.2,17,4.5,27.4,5.3,7.6,2.9,0.7,1
"05041","Desha County, Arkansas","05","041",TRUE,"missing_estimate:",37662,10.5364069075456,4562,12.6,2.6,22.2,2.2,3.5,0.9,3.6,1,78,3.9,24.9,,20.1,0.1,7.2,,49,0.5,47.2,3.2,3.8,1.4,31.1,4.7,17,4.7,13.4,3.6,21.4,3.7,14.5,3.4,14.2,3.5,3,1.3,6.1,2,3.8,1.6,20.8,2.4,20.5,3.6,12.4,2.6,43.2,3.5,14.6,3.4,0,0.9
"05043","Drew County, Arkansas","05","043",TRUE,"missing_estimate:",42824,10.6648539720732,7432,25.6,3.1,21.2,2.4,3.4,1.1,1.8,0.9,80.5,4,22,0.1,18.2,0.3,4.4,,26.9,1.2,51.4,3.8,3,1.4,38,4,19.1,3.5,10.7,2.9,19.4,3.9,6.4,2.3,12.7,3.3,7.8,2.5,6.3,2.6,4.2,2.2,21,1.8,13.2,3.6,23.1,3.5,36.3,4.4,7.2,2.6,0.8,0.9
"05045","Faulkner County, Arkansas","05","045",TRUE,"missing_estimate:",67289,11.1167520550227,2304,35,1.5,14.4,0.8,3.6,0.5,1.7,0.4,92.9,0.9,22.6,,13.7,0.1,5.7,,11.7,0.4,62.3,1.1,2.1,0.4,43.2,1.8,16.3,1.6,8.4,1.1,13,1.2,0.7,0.2,8.2,1,11.2,1.2,5.3,0.8,8.5,1.1,25.5,0.8,8.1,1,10,1.2,37.7,1.4,4.3,0.8,1.1,0.5
"05047","Franklin County, Arkansas","05","047",TRUE,"missing_estimate:",55886,10.9310691805489,7278,14.5,2.6,21.7,2,1.5,0.6,0.9,0.4,78.8,3.3,22.3,0.3,20.7,0.3,3.3,,0.2,0.1,53.6,2.8,2.6,1.2,30.2,3.6,17.9,3.6,12.5,2.9,22.9,3.5,5,1.7,19.4,4,3.4,1.4,9,2.6,2.8,1.2,23.2,1.8,9.1,2.6,13.4,2.6,22,3.5,7.2,1.9,0.4,0.4
"05049","Fulton County, Arkansas","05","049",TRUE,"missing_estimate:",42241,10.6511465923423,4338,16,4.2,26.1,3,0.6,0.4,0.5,0.4,76.5,3.9,20.7,0.2,26,0.4,1.9,,0.3,0.3,43.3,3.5,2,1,30.6,6.1,21.1,4.9,8.1,2.7,23.6,5.3,2.5,1.8,12.7,3.8,4.3,2.1,8.5,3.3,8.3,3.8,28.2,3.3,23.6,3.9,23.6,4.8,15.3,3,4.6,1.7,0.1,0.2
"05051","Garland County, Arkansas","05","051",TRUE,"missing_estimate:",57181,10.9539769543558,2452,25.3,1.5,22.4,1.2,4,0.6,2.7,0.6,85.2,1.3,19.8,0.1,24.7,0.1,7.5,,7.6,0.4,54.5,1.2,3.1,0.6,32,2.4,22,1.8,11.2,1.5,12.7,1.5,1.7,0.5,8.1,1.2,8.8,1.4,7.3,1.1,7.7,1.1,21.4,0.9,17.2,1.5,14.3,1.3,30.6,1.7,5.6,1,0.9,0.4
"05053","Grant County, Arkansas","05","053",TRUE,"missing_estimate:",71549,11.1781378086465,6744,21.5,2.5,19.1,2.3,0.9,0.4,0.2,0.2,89.3,2.5,21.1,0.5,18.5,0.4,2.9,,2.7,0.6,57.4,2.8,2.6,1.1,35.3,3.8,14.2,3.5,13.8,2.6,14.8,3.3,2.9,1.6,16.4,2.9,6.2,2,5,1.7,10.3,3.5,30.5,1.7,12.3,2.7,22.4,3.6,19.3,3.4,2.6,1.1,0.4,0.6
"05055","Greene County, Arkansas","05","055",TRUE,"missing_estimate:",57839,10.9654185676099,3888,16.9,1.8,21.1,1.8,1.4,0.6,0.8,0.5,87.1,1.7,24,0.1,16.2,0.1,3.7,,2.2,0.4,59.1,1.9,3.5,0.9,32.3,2.3,15.4,2.2,12.1,2,19.9,2.5,3.6,0.8,20.2,2.5,5.3,1.2,5.9,1.1,4.3,1.3,22.8,1.6,8.2,1.8,12.7,2.1,33.8,2.8,5.2,1.5,1.3,0.6
"05057","Hempstead County, Arkansas","05","057",TRUE,"missing_estimate:",46787,10.7533606655406,3777,16.3,2.2,24,2,7.8,1.1,5,0.9,75.7,4.6,25.3,0.1,18.7,0.5,15.3,,28.6,1.3,51.6,3.2,2.9,1.4,29.6,4.1,14.1,3.4,14.6,3.2,25,4.2,8.9,2.4,24.5,4.5,5.2,2,8.1,2.3,3.9,1.6,21.2,1.9,22.4,3.2,18.6,3.2,28.3,3.4,9.4,3.4,1.4,1.4
"05059","Hot Spring County, Arkansas","05","059",TRUE,"missing_estimate:",55405,10.9224251213704,3337,17.5,2.1,23.4,2.1,1.3,0.5,0.7,0.5,82.6,2.7,19.7,0.1,20.1,0.5,4.1,,11.1,0.5,50.4,2.5,1.9,0.6,33.7,3,18.5,2.8,14.9,2.5,15.5,3,2.3,1.1,11.5,2.4,7.3,1.9,5.3,1.7,4.3,1.4,29.9,1.6,13.9,2.4,22.9,2.8,23.5,2.7,5.3,1.8,0.2,0.2
"05061","Howard County, Arkansas","05","061",TRUE,"missing_estimate:",45603,10.7277287828121,5800,16.2,3.1,20.3,2.2,5.8,1.9,4.3,1.2,80.8,3.9,25.7,,18.8,0.5,12.6,,20.8,1.6,56.5,3.1,3,1.2,27.8,3.8,19.1,4,8.5,3,28.4,4.6,7.7,2.8,30,5,4.6,2,5.5,2.6,3,1.7,19.8,2,17.4,3.5,18.2,3.4,27.5,3.6,5.2,2,1.8,2
"05063","Independence County, Arkansas","05","063",TRUE,"missing_estimate:",56609,10.9439232621511,4487,18.1,2.1,19.5,1.9,4,0.7,2.9,0.5,81.4,2.7,24.3,0.2,17.6,0.2,8.9,,1.8,0.5,58,2.1,2.2,0.7,30,2.7,17.4,2.5,14.1,2.1,19.8,2.4,2.8,1,17.5,2.3,4.2,1.2,6.1,1.6,5.8,1.7,19.5,1.2,12.8,2.4,22.1,3.2,30.8,2.4,6.5,1.7,0.8,0.5
"05065","Izard County, Arkansas","05","065",TRUE,"missing_estimate:",49405,10.8078069126291,5318,19.7,2.6,23.6,2.6,1.3,0.5,0.9,0.5,80.7,3.1,17.8,0.6,25.1,0.2,3,,1.6,0.7,41.1,2.5,2.9,1.1,31.9,5.8,15.5,3.6,13.2,3.3,20.4,4.2,3.1,2,15.8,3.8,9.2,3.6,7.5,2.7,7.5,2.9,27.6,3.4,22.4,4,13.4,2.7,24.6,3.5,5.6,2,0.8,0.7
"05067","Jackson County, Arkansas","05","067",TRUE,"missing_estimate:",44218,10.6968872249852,4402,14.7,2.3,22.6,2.2,1.2,0.6,0.2,0.2,82.5,3.1,20,,17.9,0.1,3.3,,15.2,1.7,46.2,2.5,4.5,1.3,26.8,4.1,21.6,3.4,11.6,2.6,22,4.2,8.8,2.3,17.5,3.8,2.8,1.3,7.1,2.5,2.5,1.3,20.2,1.9,14.4,3,8,1.8,34.5,3.9,8.8,2.3,1.4,1.5
"05069","Jefferson County, Arkansas","05","069",TRUE,"missing_estimate:",51096,10.8414614952414,3068,20.1,1.7,20.5,1.5,2,0.4,0.8,0.3,82.6,1.9,21.5,0.1,18.6,0.1,2.7,,56.3,0.7,51.4,1.4,4.2,0.7,29.7,2.7,20.2,2.3,6.8,1.2,23.1,2.5,1.3,0.5,17.4,2.5,7.2,1.4,3.9,1.1,5,1,22.7,1.1,21.7,1.9,12.5,1.3,38.2,2.4,7.5,1.2,1.2,0.6
"05071","Johnson County, Arkansas","05","071",TRUE,"missing_estimate:",45995,10.7362879739113,3798,17.8,2.5,21.3,1.8,8.2,0.8,6.4,1.2,74.3,4,24.2,,17,0.4,13.9,,1.4,0.3,51.9,2.2,2.4,0.8,33,4,13.9,2.3,10.9,2.3,27.3,3.7,3.8,1.6,22.5,3.2,6.2,1.8,7.2,1.8,4.9,1.8,19.3,1.5,10.7,2.3,10.1,1.8,25.9,3,5.4,1.5,1.3,1
"05073","Lafayette County, Arkansas","05","073",TRUE,"missing_estimate:",41278,10.6280849493693,8386,9,2.6,24.2,3,0.7,0.5,0,0.1,68.3,5.4,18.3,0.2,25.8,0.2,0.6,0.6,36.9,1.7,44.3,3.2,2.3,1.4,26.6,5,12.8,4.5,12.9,4.2,27.8,5.6,13.8,4,17.1,5.2,3.8,1.8,7.3,3,3.4,2.3,29.7,3.5,33.5,4.6,27.7,3.9,20.7,4.4,6.2,2.5,0.3,0.3
"05075","Lawrence County, Arkansas","05","075",TRUE,"missing_estimate:",44882,10.7117921024835,3859,14.5,1.7,24.2,2.1,1,0.4,0.6,0.3,86.1,2.6,22.3,,18.9,0.3,2.2,,0.9,0.4,53.2,2.1,3.1,0.9,28,2.8,16.8,2.6,16.3,2.8,19.8,3.3,5.1,1.6,14.9,3,6.2,1.6,7.9,1.7,3,1,25.7,1.9,13.5,2.1,11.2,2.3,33.4,3.4,5.2,1.6,0.3,0.3
"05077","Lee County, Arkansas","05","077",TRUE,"missing_estimate:",34375,10.4450848349689,6510,7.2,2,28,3.7,1.1,0.9,0.2,0.3,82.2,5.2,18.9,0.7,20.4,0.4,3.1,,54.5,1.4,36.9,4.2,7.1,2.5,35.2,6.9,13,5,17.6,6.6,12.7,4.4,16.9,5.8,7.6,3.8,5.3,3.1,11.4,4.7,16.8,8.2,23.1,2.5,27.2,5.1,10.6,3,41,5.7,16.7,5.1,0,1.5
"05079","Lincoln County, Arkansas","05","079",TRUE,"missing_estimate:",51778,10.8547206276078,5932,12,2.5,18.6,2.4,2.8,1.1,1.6,0.9,75,4.5,15.7,,14.8,0.1,5.1,,27.7,2.3,36.2,2.3,1,0.8,33.6,5.7,13.1,3.3,13.1,3.6,19.7,3.7,8.5,3.2,17.9,4.7,2.8,1.4,5.8,2.4,7.3,3.6,21.5,1.9,18.2,4,29,4.5,23.9,5.5,6.7,3,0.2,0.3
"05081","Little River County, Arkansas","05","081",TRUE,"missing_estimate:",53344,10.8845167855505,5146,17.2,3.3,17.6,2.5,0.6,0.5,0.4,0.4,78.8,4.3,21.9,,21.3,0.4,4,,19,1.1,55.9,2.7,4.1,1.4,31.3,5.1,19.1,4.9,15.2,3.3,20.3,3.9,1.9,1.2,18.5,3,4.8,2,2.7,1.1,3.3,2,30.8,3.7,20.4,4.6,17.6,3.2,19.9,3.5,5.2,1.8,1.3,1.1
"05083","Logan County, Arkansas","05","083",TRUE,"missing_estimate:",58555,10.9777217624762,3191,16.7,2.6,21,2,1.5,0.6,1.3,0.7,80.2,3.5,21.6,0.5,19.9,0.2,3.5,,1.5,0.5,57.3,2.1,3.2,1.2,35.1,3,14.8,2.6,11.5,2.6,20.7,3.1,6.5,1.7,19.3,2.8,7,2.3,8.2,1.9,9.6,2.2,26.9,2.2,12.7,2.8,10.1,1.8,21.6,2.7,4.4,1.2,1.4,0.8
"05085","Lonoke County, Arkansas","05","085",TRUE,"missing_estimate:",72828,11.1958557756239,2770,22.1,1.7,15.7,1.3,2.7,0.4,1.2,0.3,89.9,1.4,24.7,,14.7,0.1,5.4,,5.5,0.5,63.1,1.4,2.7,0.5,36.6,2.4,14.9,1.6,13.4,1.5,12.9,1.5,2.5,0.6,8.4,1,6.4,1.2,3.9,0.9,7.9,1.3,29.5,1.2,7.5,1.4,13,1.4,25,1.9,4.1,1,0.2,0.2
"05087","Madison County, Arkansas","05","087",TRUE,"missing_estimate:",56798,10.9472563928217,5659,12.9,2.4,19.9,3.1,3.2,1.1,1.8,1.1,85.6,3.3,22.8,0.3,19.7,0.4,6.5,,0.1,0.2,58.3,3.4,3.1,1.3,27.9,5.1,16.7,3.7,17.7,3.8,16.5,4,6.8,2.6,13.7,4.1,6.8,2.4,16.1,3.4,8.8,3.1,32.2,2.1,16.5,3.2,17.7,3.9,20.5,4.2,3.9,1.6,1.7,1.1
"05089","Marion County, Arkansas","05","089",TRUE,"missing_estimate:",48619,10.791769679991,3028,14.9,2.2,24.9,2.2,2.4,0.7,0.7,0.3,86.8,3.1,18.6,0.2,29,0.4,2.7,,0.1,0.1,44.8,3,2.2,0.7,30.8,4.4,14.9,3.2,10.4,2.8,25.4,3.5,3,1.8,24.5,4.5,8.8,3.3,9.8,2.9,8.2,2.5,26,2.5,21.4,2.9,17,2.3,18.7,2.8,2.8,1.1,2.2,1.1
"05091","Miller County, Arkansas","05","091",TRUE,"missing_estimate:",48836,10.7962230247887,3086,15,1.9,20.3,1.7,1.6,0.5,1.1,0.4,83.1,2.3,23.4,0.1,17.1,0.2,4.1,,25.2,0.7,52.5,2,3.7,0.9,31.4,2.9,17.4,2.8,11.4,1.9,19.9,2.3,1.4,0.8,13.9,2.4,6.2,1.5,4.4,1,3.9,1.2,20.1,1.3,17.6,2,13.6,1.9,35.6,2.6,8.5,1.6,0.4,0.3
"05093","Mississippi County, Arkansas","05","093",TRUE,"missing_estimate:",52548,10.8694823165894,4766,13.7,1.8,22.9,2,2.5,0.6,1.6,0.5,83.8,2.7,25.9,0.1,15.6,0.1,4.9,,34.4,1,59.3,2.3,4.1,1,27,2.8,15.1,2.3,11.4,1.8,27,3.1,4,1,25.4,3,4.5,1.4,6,1.2,2.9,1.1,19.8,1.3,19.2,2.2,7.1,1.2,40,2.7,11.2,2.1,0.7,0.5
"05095","Monroe County, Arkansas","05","095",TRUE,"missing_estimate:",43214,10.6739197958056,7341,12.7,3.3,24.5,3.4,1.3,0.9,1,0.7,82.3,4.8,23.6,0.4,23.5,0.2,2.9,,40.2,1.3,51.1,4.2,5,1.6,27.9,5.1,14.7,5.4,7.3,2.5,30.7,5.6,7.2,3.4,22.6,5.9,7.8,3.3,8.5,3.8,4.2,2.1,29.2,3.5,27.1,4.2,16,3.3,37.4,6.1,14.5,4.8,0.3,0.4
"05097","Montgomery County, Arkansas","05","097",TRUE,"missing_estimate:",48906,10.7976553673225,6190,16.7,3.3,27.9,2.8,2.3,1,1.8,0.9,78.2,4,18.7,0.3,27.3,0.4,5,,0.8,0.2,45.3,3,2.6,1.2,30.7,4.3,18.5,4.5,11.6,3.1,18.2,4.2,4.3,1.7,9.6,3,3.1,1.7,8.8,3.1,4.4,2.5,33.3,4,32.3,3.9,28.2,4.3,19.4,3.8,5.3,2.2,0.4,0.6
"05099","Nevada County, Arkansas","05","099",TRUE,"missing_estimate:",53886,10.894625982899,4782,13.8,3,24.9,3.8,0.5,0.7,0.4,0.5,72,5.1,22.1,0.4,21.7,0.3,4.8,,31.2,0.4,52.5,3.9,2.4,1.2,20.6,4.6,24.4,6.8,9.7,2.9,16.5,4.5,1.8,1.5,15.7,4.9,3.8,2.3,3,2.3,0.9,0.8,26.3,3.1,24.5,5.6,29.3,5,24,4.4,2.3,2.5,0.8,1
"05101","Newton County, Arkansas","05","101",TRUE,"missing_estimate:",48986,10.7992898219829,5252,15.7,3.7,19,3.5,0.6,0.6,0.1,0.1,80.8,4.2,18.7,,27.7,0.5,1.7,1,0.2,0.2,52,4.2,2.1,1.1,26.8,6,15,5,15.7,5.3,19.5,5.3,3.9,2.3,14.5,3.5,5.8,2.4,13.5,4.1,16.1,5.1,33.9,4.6,22.4,4.4,14.8,4,23.5,4.8,3,1.5,0,1.2
"05103","Ouachita County, Arkansas","05","103",TRUE,"missing_estimate:",49268,10.8050300620614,2397,16.3,2.1,26.8,2.2,0.9,0.5,0.4,0.3,80.5,2.7,22.2,0.2,21.4,0.2,2.6,,40.8,0.4,49.8,2.7,2.6,0.9,33.4,3.7,17.5,3.5,6.8,1.7,26.8,4,1.6,1.1,27.7,4,7.7,2.3,8.5,2.5,4.6,1.8,22,1.8,27.3,2.8,13.8,2.4,29.1,3.5,9.8,1.9,0.3,0.3
"05105","Perry County, Arkansas","05","105",TRUE,"missing_estimate:",55764,10.928883778873,8217,16.5,3.9,21.1,2.7,1.2,0.7,0.2,0.2,84.2,3.1,21.8,0.3,21.1,0.5,3.5,,3.1,0.6,51.5,2.7,2.1,1.2,35.7,4.9,10.7,3.3,20.8,4,16.9,4.1,3.6,1.8,12.2,3.2,8.2,2.7,6.6,2.1,6.5,2.8,33.4,2.3,17.7,3.8,23.7,3.3,19.6,4,4.5,1.4,0.2,0.5
"05107","Phillips County, Arkansas","05","107",TRUE,"missing_estimate:",40134,10.5999791343465,4740,15,2.7,24.9,3.2,1.5,1.2,0.5,0.5,79.3,4,26.2,0.4,20.7,0.2,2.1,,60.2,1.8,49.6,3.6,7.1,2.2,29.8,3.9,12.8,3.6,9.8,3,24.1,4.5,4.4,1.8,14.3,4,2.9,1.7,4.7,2.2,4.1,2,19.9,2.7,27.9,3.3,9.1,1.9,48.8,4.4,17,2.9,0.1,0.3
"05109","Pike County, Arkansas","05","109",TRUE,"missing_estimate:",49269,10.8050503590057,7508,19.1,3,19.3,2.2,4.2,0.9,2.2,1.1,83.1,2.5,22.3,0.4,21,0.6,8,,3.3,0.9,50.4,2.8,2,0.7,36.5,4.6,11.8,2.5,15.6,3.1,19,3.6,4.1,2,15.3,2.7,3.3,1.5,10.5,2.9,4.8,2.5,29.9,3,23.3,3.5,26.8,4.3,25,3.5,3.1,1.4,1.1,0.8
"05111","Poinsett County, Arkansas","05","111",TRUE,"missing_estimate:",46707,10.7516493253578,3936,11.4,1.6,25.5,1.9,1.1,0.3,0.4,0.3,80.9,2.9,24.2,,18.5,0.1,3.8,,5.3,1.5,54.7,2,3.5,0.7,28.7,2.6,19,2.5,10.3,1.8,26.2,3.4,5.1,1.4,17.2,3.3,5.8,1.5,7.9,2.1,3.9,1.4,24.3,2.1,15.9,2.8,10.9,1.8,35.6,3.4,11.5,2.6,0.3,0.5
"05113","Polk County, Arkansas","05","113",TRUE,"missing_estimate:",49191,10.803465958918,5643,17.8,3.1,21.7,2.1,2.6,0.5,2.2,0.6,79.6,3.9,22.5,0.2,22.7,0.4,7,,0.1,0.2,54.2,2.7,3.9,1.4,32.9,4.3,16.8,3.5,13.4,3.3,19.6,2.9,4.3,2,14,3.3,4.8,1.8,10.5,2.2,4.8,1.7,21,2.3,18.1,2.9,17.8,2.4,21.1,3.6,6.4,2,0.5,0.3
"05115","Pope County, Arkansas","05","115",TRUE,"missing_estimate:",57344,10.9568234963346,3473,24.7,1.9,17.7,1.2,4.8,0.5,3.4,0.5,84.6,2.1,23.1,,16.5,0.2,11,,2.2,0.3,57,1.6,2.9,0.6,33.5,2.3,17.4,1.9,8.2,1.3,22,2.3,2.2,0.8,18.8,2.2,5.9,1,6.8,1.4,5,1.2,20.1,1.1,10.3,1.9,11.8,1.8,29.6,2.1,4.5,1,0.6,0.4
"05117","Prairie County, Arkansas","05","117",TRUE,"missing_estimate:",51646,10.8521680272119,6250,18.2,3.2,22.9,3,0.6,0.4,0.8,0.6,72.8,4.9,20.6,0.6,23.6,1.1,2.4,,9.9,1.2,53.6,3.4,1.6,1,28.6,5.4,14,3.3,15.1,3.5,17.6,4.1,7,2.8,10.6,2.6,6.4,2.9,10.6,3.2,3.3,2.2,26.6,1.8,20.3,3.7,18.8,3.6,24.2,4.8,6.3,2.6,0,1.2
"05119","Pulaski County, Arkansas","05","119",TRUE,"missing_estimate:",62873,11.048872097751,1935,37.9,1,16,0.7,6.1,0.4,4,0.3,89.5,0.8,23.3,0.1,16.7,0.1,8.4,,36.7,0.4,62.4,0.7,2.9,0.3,46,1,14.8,0.7,6.8,0.5,11.2,0.7,0.4,0.1,6.6,0.7,10.7,0.7,5.2,0.5,11.9,0.8,20.3,0.4,10.9,0.7,4.9,0.5,43,1.1,7.2,0.7,0.6,0.2
"05121","Randolph County, Arkansas","05","121",TRUE,"missing_estimate:",50911,10.8378342892099,6752,12.1,2.2,24.6,2.7,2.9,1.1,0.8,0.4,78.8,3.8,24.5,0.2,19.3,0.4,2.6,,1.1,0.2,53.3,2.9,2.8,1.2,25.5,3.5,21.5,3.2,15,3.1,23.5,3.1,6.3,1.9,19.7,2.9,7.8,2.5,7.2,2.3,4.9,1.6,23.8,2.8,15.3,2.7,14.2,3.1,26.5,2.8,5.4,1.8,1,0.7
"05123","St. Francis County, Arkansas","05","123",TRUE,"missing_estimate:",42574,10.6589990172926,6151,14.2,2.7,23.8,2.4,2.2,0.9,1.4,0.9,82.7,2.9,21.2,0.1,17.9,0.3,3.7,,54.4,0.5,46.3,2.5,4.3,1.2,29.8,4.6,16.9,3.3,13.1,2.7,22.1,3.5,4.8,1.7,12.6,2.6,2.9,1,4.7,1.8,3,1.6,23,2.1,18.7,3.3,13.5,2.5,44.5,3.8,13.3,2.9,0.3,0.4
"05125","Saline County, Arkansas","05","125",TRUE,"missing_estimate:",79046,11.2777852404718,2950,29.4,1.5,15.9,0.9,4.2,0.5,2.4,0.5,89.1,1.6,23.3,,18.4,0.1,7.3,,9.3,0.3,62.4,1.1,2.4,0.6,41.5,2,12.5,1.3,10.2,1.1,10.9,1.3,1,0.4,7,1,9.5,1.3,5.4,0.9,10.4,1.1,25.3,0.7,5.2,0.8,15,1.3,21.8,1.6,3.2,0.7,1,0.4
"05127","Scott County, Arkansas","05","127",TRUE,"missing_estimate:",43270,10.6752148332189,7861,13,3.7,19.7,3.5,4.6,1.1,4.3,1.2,78.4,4.1,22.6,1,20.2,0.4,7.9,,1.1,0.5,51.3,4.1,3.2,1.7,27.7,5.3,16.2,4.2,8.8,3.6,28.4,6.1,6,2.7,27.1,6.9,7.8,2.9,6.8,2.8,4.3,2.4,25.8,3.5,18,4.6,15.9,3.5,21.9,4.4,7.3,3.1,0.1,0.2
"05129","Searcy County, Arkansas","05","129",TRUE,"missing_estimate:",44426,10.7015801626176,5883,15,3.7,25.6,2.8,1.4,0.9,0.7,0.6,76.7,4.3,20.3,0.4,25.6,0.3,2.2,,0,0.1,48.2,3.3,1.8,0.9,31.5,5.2,16.9,3.5,16.1,4.1,16.6,4.1,8.5,3.1,10,3.5,4.5,1.8,15.7,4.8,4.2,2.3,30.4,3.4,32.3,4.2,18.6,3.2,20.6,4.2,5.9,2.2,0.4,0.5
"05131","Sebastian County, Arkansas","05","131",TRUE,"missing_estimate:",57790,10.9645710293118,2172,23.3,1.4,22.4,1.1,9,0.7,7.1,0.7,86,1.5,23.8,0.1,17,0.1,16,,5.1,0.5,60.6,1,3.3,0.4,36.5,1.6,15.9,1.1,7.6,1,19.4,1.3,1.1,0.4,18.1,1.5,10.3,1.2,4.7,0.7,7.6,1.1,19.3,0.7,9.2,1,3.6,0.7,38.6,1.5,6,1,0.8,0.3
"05133","Sevier County, Arkansas","05","133",TRUE,"missing_estimate:",53527,10.8879414784768,7199,9.3,2.1,17.9,2.5,14.3,2.1,17,2.2,78.3,4.2,28.4,0.7,15.7,1.3,35.5,,4.8,0.5,58,3,2.8,1.2,23.8,3.8,13.6,3.1,17.4,3.1,31.4,4.9,4.5,1.7,28.4,4.7,5.2,2.3,5.7,2.2,1.5,0.9,25.1,2.7,17.2,3.9,27.9,4.5,32.4,4.6,4.4,1.8,2.8,1.6
"05135","Sharp County, Arkansas","05","135",TRUE,"missing_estimate:",44637,10.7063183904958,5213,13.9,2.3,24.6,2,1.3,0.6,0.5,0.3,80,3.2,20.4,0.2,25.5,0.3,2.5,,0.5,0.4,45.1,2.7,3.7,1.2,25.5,2.8,21.6,3.5,14.4,2.6,16.1,3,2.7,1.1,10.1,2.6,4,1.4,9.2,2.7,7.2,2.7,27.5,2.5,28,2.8,12.2,2.3,21.2,3.5,5,1.4,0.7,0.5
"05137","Stone County, Arkansas","05","137",TRUE,"missing_estimate:",40943,10.6199361344983,7863,15.8,3.3,28.3,3.2,1.2,0.9,0.1,0.2,75.2,4.9,19.7,1,28.2,0.2,2.2,,0.1,0.2,40.8,3.6,1.3,0.7,28.4,5.1,20.1,5.5,13.7,3.8,16.7,4.2,7,3.8,12.9,4.6,4.2,2.2,16,4.2,10,3.7,23.9,3.2,22.9,4.6,23.6,4.5,24.1,4.9,8.9,3.9,0.5,0.5
"05139","Union County, Arkansas","05","139",TRUE,"missing_estimate:",55259,10.9197865020415,4567,19.1,1.6,17.4,1.2,3,0.7,1.4,0.4,84.6,2.1,23.7,0.1,19.2,0.3,4.7,,32.1,0.8,56.2,1.9,3.1,0.7,31.1,2.8,16,2.3,11.2,2.4,19.8,2.4,3.3,1,18.4,2.5,8.4,1.6,5.5,1.3,6.9,1.9,20.1,1.5,19.6,2,20.2,1.8,27.3,2.7,6.6,1.4,2.2,1.3
"05141","Van Buren County, Arkansas","05","141",TRUE,"missing_estimate:",50354,10.826833338884,5963,15,2.3,24.6,2.4,1.9,0.7,1,0.8,81.5,3.7,19.2,0.4,27.1,0.6,3.4,,0.4,0.4,44.5,3.1,1.7,0.7,25.9,4.4,17.3,4.5,15.2,4,21.3,4.5,4.1,1.7,8.8,2.7,8.3,2.9,6.1,2,8.3,2.9,33.2,4.4,23.6,3.3,20.1,3.3,22.1,3.5,6.4,2,0.8,0.7
"05143","Washington County, Arkansas","05","143",TRUE,"missing_estimate:",70639,11.1653376788923,2107,35.2,1.2,11,0.5,12.4,0.6,8.4,0.5,91,0.9,23.5,,12.3,0.1,18.6,,3,0.3,65,0.9,2.2,0.3,42.7,1.4,15,0.9,9.9,0.8,13.7,0.7,1.2,0.3,11.1,0.8,9,0.7,7.1,0.6,11.2,0.9,20.9,0.4,7.8,0.8,4.7,0.6,44.4,1.1,4.1,0.6,1.5,0.4
"05145","White County, Arkansas","05","145",TRUE,"missing_estimate:",55249,10.9196055196687,3850,20.4,1.6,20.4,1.3,2.1,0.4,1.2,0.4,87.2,1.8,23.2,,17,0.2,5,,4.2,0.4,56.6,1.4,3.3,0.7,33.3,2.5,17.1,2,10.3,1.4,18.2,1.6,1.2,0.5,11.9,1.9,5.4,1,8.4,1.4,4.8,0.9,22.4,1.4,12.6,1.7,18.3,1.9,30.9,1.9,5.5,1.2,0.8,0.5
"05147","Woodruff County, Arkansas","05","147",TRUE,"missing_estimate:",48158,10.7822425508812,6537,16.2,4,19.2,2.8,0.4,0.4,0.5,0.5,71.3,4.2,21.6,,24.8,,1.4,1.7,24.8,1.9,54.2,4,2.7,1.5,29.8,5,15.8,3.7,13.2,4.4,17.6,5,7.8,2.4,11.3,3.2,2.1,1.4,5.2,2.4,2.9,1.6,22.2,2.8,17.3,3.4,12.9,3.4,35.3,5.5,14.7,3.5,0,1.5
"05149","Yell County, Arkansas","05","149",TRUE,"missing_estimate:",55934,10.9319277032272,8149,14.9,2.6,16.8,1.6,8.8,1.3,9.2,1.2,80.4,3.8,24,,17.7,0.4,21.2,,1.5,0.6,58.4,2.9,2,0.8,22.8,3.4,19.5,3.3,12.2,2.8,29.8,3.8,7.4,2,26.6,4.1,5.6,1.8,8,1.9,7.1,2.5,21.8,2.1,10.6,2,16.7,3,32.5,3.3,6.5,2.7,0.9,0.6
"06001","Alameda County, California","06","001",TRUE,"missing_estimate:",129367,11.7704086053411,1284,52.2,0.5,10.3,0.2,34.7,0.3,17.8,0.3,94.4,0.2,19.8,,15.4,,23.4,,9.3,0.1,66.9,0.3,3.6,0.1,55.6,0.5,13.7,0.4,5.7,0.2,9.2,0.3,0.4,0.1,10.1,0.3,21.1,0.3,6.3,0.2,25.7,0.4,31,0.2,6.1,0.3,1.3,0.1,45.6,0.5,10,0.3,2.7,0.2
"06003","Alpine County, California","06","003",TRUE,"missing_estimate:",105521,11.5666652642227,8542,41.1,7.4,11.4,4.3,5.4,3.6,4.9,2.9,90.6,6.1,19.9,4.1,21.1,4.7,13.4,5.8,0,2.6,61.4,6.4,2.7,2.1,44.6,11,16.5,7,5,5.2,13.6,7.3,8.4,7.4,4.1,3.9,8.8,6,7.4,5.1,18.3,8.2,32.7,6.3,72.1,4.3,1.7,1.6,21.8,8.9,5.7,4.6,0,9.3
"06005","Amador County, California","06","005",TRUE,"missing_estimate:",88044,11.385591968502,4389,22.4,2.2,16.2,1.6,5.8,1,3.6,0.8,88.2,2.6,15.4,0.3,27.6,0.2,16,,1.9,0.3,48.3,1.6,2.6,0.7,35.8,3.3,23.5,2.8,12,1.9,10.8,2.4,2.7,0.7,5.5,1.5,12.5,1.8,10.7,2.4,13.3,2.2,34,2.5,15.4,2.3,6.3,1.4,19.6,2.7,4,1.8,0.7,0.5
"06007","Butte County, California","06","007",TRUE,"missing_estimate:",67928,11.1262035996792,2444,31.9,1,16.3,0.6,8.6,0.7,6,0.6,91.8,0.8,20.4,,18.4,0.1,20,,1.7,0.2,59.2,0.9,4.4,0.4,40.2,1.5,21.8,1.2,7.9,0.7,8.7,0.7,3.1,0.5,5.6,0.5,10.4,0.9,8.3,0.8,12.6,0.9,21,0.7,10.2,0.9,10.3,0.7,42.7,1.1,6,0.6,1.3,0.3
"06009","Calaveras County, California","06","009",TRUE,"missing_estimate:",78647,11.2727247640844,6007,23.9,1.9,20.3,1.6,6.1,0.9,1.9,0.6,85.5,2.3,16.9,0.1,29.2,0.3,14.5,,1,0.4,49.2,2,2.2,0.5,33.1,3.1,19.9,2.9,15.2,2.4,10.4,2,2.4,0.7,6.4,1.5,12.2,2.4,10,1.8,15.9,2.9,34.2,2.7,33.4,2.3,7.3,1.2,16,2.2,2.3,0.8,0.8,0.6
"06011","Colusa County, California","06","011",TRUE,"missing_estimate:",75672,11.234163489893,6385,16.4,3.3,12.1,1.4,27.5,2.9,21.2,2.2,84.6,3,26.9,0.7,15.5,0.7,62.9,,1.5,0.1,63,2.8,6.2,1.5,28.6,5.1,14.3,2.9,19.9,3.9,23.2,4.5,20.6,4.3,12.4,3.4,4.5,1.9,10.2,2.8,5.3,1.8,24.2,2.2,8.5,2.2,5.1,1.9,37.8,4.5,4.6,2,1.2,0.8
"06013","Contra Costa County, California","06","013",TRUE,"missing_estimate:",127229,11.7537438913244,1713,45.2,0.5,11.1,0.3,26.6,0.4,14.4,0.3,95.6,0.3,22,,17.1,,27.6,,7.9,0.1,64.7,0.4,4.2,0.2,48.1,0.6,16.5,0.5,7.7,0.4,8.8,0.4,0.6,0.1,6.2,0.3,18.1,0.4,7.4,0.3,21.3,0.5,35.3,0.4,3.5,0.3,1.4,0.1,32,0.5,5.2,0.3,2,0.2
"06015","Del Norte County, California","06","015",TRUE,"missing_estimate:",67058,11.1133131955373,6573,21.4,2.5,21.1,2.1,6.8,1.2,4.4,0.8,91.4,2.2,20.9,0.3,20.5,0.4,19.9,,2.5,0.4,49.2,2,3.1,0.7,32,3.3,29.5,3.7,11.5,2.6,7.1,2,5.1,1.7,4.9,1.6,6.3,2.2,8.9,2.5,7.4,2.3,19.6,2.5,15.2,2.8,22.1,2.7,29.9,2.9,8.2,2.3,0.1,0.2
"06017","El Dorado County, California","06","017",TRUE,"missing_estimate:",108845,11.597680130835,3035,40,1.2,12.6,0.6,9.2,0.7,3.5,0.3,92.5,0.9,19.5,,23.5,0.1,14.5,,0.8,0.1,58.1,0.9,2.6,0.3,47.1,1.4,18.1,1.1,8.6,0.9,7.4,0.7,1.5,0.4,6,0.6,14.3,1,8.5,0.8,22.1,1.3,28.6,1,19.5,0.8,5,0.6,22.8,1.1,3.6,0.5,0.8,0.3
"06019","Fresno County, California","06","019",TRUE,"missing_estimate:",74201,11.2145329061536,1322,24.3,0.5,13.3,0.3,20,0.4,17,0.3,88.9,0.5,27.8,,12.9,0.1,54.5,,4.2,0.1,61.7,0.4,5.3,0.3,34.2,0.6,19.3,0.6,12.9,0.5,14.2,0.5,7.7,0.4,6.5,0.4,9.4,0.5,6.2,0.4,10.1,0.5,23.5,0.3,5.9,0.3,4,0.2,44.5,0.7,7,0.4,4.8,0.3
"06021","Glenn County, California","06","021",TRUE,"missing_estimate:",67139,11.1145203761723,5144,15.1,1.9,14.3,1.7,18.6,1.8,14.2,1.7,89.5,2.7,26.7,,17.2,0.4,45,,0.2,0.2,61.4,2.4,4.9,1.1,26.7,3.3,18.6,2.6,18.5,3,16,2.7,15.1,2.5,8.8,2,5.3,1.6,9.6,2.2,7.8,1.9,22.9,1.5,11.4,2.6,12.6,2.2,38.8,3.9,4.3,1.2,1.2,0.7
"06023","Humboldt County, California","06","023",TRUE,"missing_estimate:",61160,11.021248660043,1660,33.1,1.4,18.9,0.9,6.2,0.7,3.7,0.5,90.9,1.1,18.8,0.1,19.8,0.1,14.2,,1.3,0.2,56.9,1.3,5.1,0.7,39.7,1.9,22.4,1.6,9.7,1.1,10.3,1.1,4.2,0.7,5.1,0.8,9.5,0.8,12,1,13,1.1,19,0.9,12.7,1,6.9,0.8,43.5,1.5,6.1,1,1.8,0.4
"06025","Imperial County, California","06","025",TRUE,"missing_estimate:",57681,10.9626831088404,2564,16.1,1.2,14.8,0.8,31.6,1,34.2,1.3,90.1,1.1,28.3,0.1,13.7,0.1,86,,2,0.2,53,1.1,6.6,0.8,25.4,1.5,26.4,1.7,15.1,1.4,14.7,1.3,9.8,1.2,4.6,0.8,6.8,1,5.7,1,7.2,1.1,22.1,1.1,14.5,1.1,8.8,1,43.2,2,6.1,1,3.1,0.7
"06027","Inyo County, California","06","027",TRUE,"missing_estimate:",73991,11.2116987431682,4815,31.5,2.9,14.7,1.8,7.9,1.4,3.8,1,85.1,3,20.2,0.1,24.9,0.2,24.2,,0.5,0.4,57.3,2.3,1.4,0.4,39.9,3.8,20.6,4,10.3,2,8,2,3.1,1.4,2.6,1.2,8.8,2.6,8.6,2.2,11.8,2.6,16,1.5,15.6,2,25.9,2.9,33.6,3.6,5.5,1.9,1.2,0.9
"06029","Kern County, California","06","029",TRUE,"missing_estimate:",70210,11.1592460300113,1287,18.8,0.5,12.4,0.4,20.2,0.4,17.3,0.5,91.6,0.4,28.6,,11.9,0.1,56.5,,4.8,0.1,58.8,0.5,5,0.2,29.9,0.7,18.9,0.6,17.6,0.6,15.3,0.5,12.4,0.6,5.6,0.3,8.3,0.4,6.6,0.4,7.5,0.5,24.4,0.4,7.2,0.4,7.3,0.4,39.9,0.8,6.7,0.4,3,0.3
"06031","Kings County, California","06","031",TRUE,"missing_estimate:",70995,11.1703647310085,2735,13.6,0.9,12.8,0.7,19.2,1,18,1.2,86.8,1.4,26.8,0.1,10.8,0.1,58.2,,5.8,0.3,56.2,0.9,5.5,0.7,26.3,1.4,20.3,1.5,19.3,1.4,16.6,1.4,15.7,1.4,9.8,1.2,5.9,0.8,5.2,0.8,5.2,0.8,23,0.8,6.2,0.9,4,0.7,45.8,1.8,5.8,1,2,0.6
"06033","Lake County, California","06","033",TRUE,"missing_estimate:",60621,11.0123966466816,2557,17.8,1.5,21.6,1.3,9.9,1.1,5.9,1.1,87.1,1.7,21.9,0.1,23.9,0.1,24.6,,2,0.3,51.6,1.5,5.7,1,31.6,3.2,24,2.5,15.3,2.2,11.1,1.7,4.3,1.2,4.6,1.1,8.7,1.7,10,1.9,14.3,2,32.4,2.3,21.7,1.8,19.6,1.9,27.8,2.4,5.6,1.2,1.7,0.7
"06035","Lassen County, California","06","035",TRUE,"missing_estimate:",67403,11.1184448062956,3407,13.1,1.4,18,1.5,7,1,9,1.1,88.7,2.4,18.5,0.2,16.5,0.4,22.6,,6.1,0.7,41.3,1.8,3.4,0.9,28.4,3.2,26.9,3.4,11.6,2.7,14,2.6,3.6,1.1,3.5,1.2,5.3,1.9,8,2,7,1.5,19.5,1.8,24.4,2.4,12.6,2,31.8,3.5,6.3,1.6,0.7,0.3
"06037","Los Angeles County, California","06","037",TRUE,"missing_estimate:",90112,11.4088086200777,392,36,0.2,11.3,0.1,33.4,0.2,23.4,0.2,93,0.1,20.6,,15.2,,48.4,,7.4,0.1,64.8,0.1,4.7,0.1,42,0.2,18,0.2,7.5,0.1,12.6,0.1,0.5,0.1,8.5,0.1,13.9,0.1,8.7,0.1,17.1,0.2,30.4,0.1,6.4,0.1,1.6,0.1,54.1,0.2,8.9,0.1,4.7,0.1
"06039","Madera County, California","06","039",TRUE,"missing_estimate:",76627,11.2467047740398,3129,17.9,1.1,14.2,0.9,20.1,1,18.2,0.9,91,1.2,27.1,0.1,14.4,0.1,60.9,,2.4,0.3,56.4,0.9,5.7,0.7,29.3,1.6,19.1,1.3,19.1,1.7,14.9,1.2,12.6,1.4,9.1,1.1,6.9,1,8.2,0.9,9.7,1.2,27.9,1.1,11,1.2,6.1,0.9,32.5,1.6,5,0.9,4,0.8
"06041","Marin County, California","06","041",TRUE,"missing_estimate:",149091,11.9123121367579,4474,61.1,0.9,10,0.5,19.6,0.7,9.6,0.6,95.8,0.6,19.4,0.1,23.8,0.1,19.5,,2.1,0.2,62.3,0.7,3.8,0.4,57.9,1.2,14.2,1,5.2,0.5,4.6,0.6,0.9,0.3,4.6,0.5,22.2,0.9,13.1,0.9,31.5,1.1,27.4,0.7,8.1,0.6,1.3,0.3,35.3,1.1,4.9,0.6,1.9,0.4
"06043","Mariposa County, California","06","043",TRUE,"missing_estimate:",68412,11.1333035268196,6365,31.8,4.1,17.8,2.8,8.2,2,3.9,1.6,87.9,3.2,17.2,0.3,29.7,0.8,14.7,,0.9,0.5,55.9,3.1,3.3,1.1,37.1,5.1,25.7,3.8,12.9,2.8,7.3,2.8,5.6,2.6,3.6,1.7,7.1,2.8,8,2.5,12.7,3.2,33.9,5.3,23.7,3.1,15.4,3.1,25.3,3.7,4.6,2.1,1.2,1.5
"06045","Mendocino County, California","06","045",TRUE,"missing_estimate:",68092,11.1286150109345,3254,25.2,1.6,18.6,1.3,12.2,0.9,8.9,0.8,89.6,1.7,20.9,0.1,24.5,0.1,27.6,,0.6,0.2,56.5,1.4,5.1,0.9,34.2,2.3,21.9,1.8,13.1,1.4,11.4,1.5,6.4,1.2,6.9,1.2,9.8,1.2,13.1,1.5,12.2,1.7,21.5,1.4,16.4,1.5,9.7,1.2,38.3,1.9,7.3,1.3,1.7,0.5
"06047","Merced County, California","06","047",TRUE,"missing_estimate:",65510,11.0899580817259,2304,15.3,0.7,12.5,0.5,25.6,0.8,21.2,0.9,88.4,1,28.7,,11.7,0.1,63.4,,2.6,0.2,59.2,0.9,6.2,0.4,26.6,1.1,18.6,1.1,18.5,1,18.5,1.1,10.2,0.7,9.4,0.7,7.3,0.7,5.5,0.6,6.6,0.5,31.3,1,5.3,0.6,6.2,0.6,46,1.3,7.3,0.8,2.8,0.5
"06049","Modoc County, California","06","049",TRUE,"missing_estimate:",59455,10.9929750028717,6095,24.8,4.4,18.2,3.9,8.8,3.5,6.3,2.8,87.4,3.5,19.1,,31.7,1.3,15.7,,0.6,0.5,47.4,2.9,3.6,1.6,44.6,6.8,20.2,5.3,11,4.1,7.6,3.5,12.7,4.7,0.8,0.8,12.9,6,16.9,5.5,11.9,4,22.5,4,31.4,3.7,12.6,2.7,22.6,5.2,4.7,2.6,0.2,0.3
"06051","Mono County, California","06","051",TRUE,"missing_estimate:",99415,11.5070582866922,18554,32.2,3.8,9.3,2.6,14.1,3.2,8,2.4,92.4,2.8,17.7,0.7,17.5,0.7,27.1,,0.1,0.1,71.7,3.7,2.2,1.9,44.9,6.7,26.9,5.9,10.4,4,5.3,2.4,4.5,3.2,3.8,2.4,7.4,3.2,13.5,4,17.3,5.1,17.1,3.7,58,2.8,5.8,1.8,34.6,6,4.1,2,2.1,2
"06053","Monterey County, California","06","053",TRUE,"missing_estimate:",97230,11.4848345848037,1883,28.2,0.7,9.3,0.4,29.6,0.6,25.1,0.7,93.8,0.4,25.7,,14.9,0.1,61.6,,2,0.1,60.1,0.6,3,0.2,33,0.9,19,0.7,18.3,0.8,11.9,0.7,14.3,0.8,5.3,0.4,10.6,0.6,7.1,0.5,9.8,0.6,25.4,0.4,8.9,0.5,4,0.4,47.9,1,4.7,0.5,6.4,0.7
"06055","Napa County, California","06","055",TRUE,"missing_estimate:",111471,11.621519746367,4025,39.8,1.4,12.8,0.9,22.2,0.9,15.4,1,93.5,1.4,19.4,0.1,21.1,0.1,36.4,,1.7,0.2,63.3,1.9,3.3,0.4,41.4,1.4,18.9,1.1,9.7,1,11.2,0.7,4.9,0.7,12.9,1.1,11.7,1.1,7.8,0.8,14.6,0.9,24.9,0.8,10.8,1.1,6.2,1.6,36.6,1.7,4.8,1.2,1.7,0.5
"06057","Nevada County, California","06","057",TRUE,"missing_estimate:",89882,11.4062529779431,3998,41.5,1.8,14.9,1,6.4,0.8,2.8,0.6,93,1.3,17,0.1,29.3,0.1,10.7,,0.3,0.1,53.6,1.3,2.9,0.5,47,1.9,17.8,1.8,8.9,1.1,6,1,2,0.5,6.3,1.1,14.7,1.5,13.4,1.5,25,2.2,23.6,1,21.1,1.3,4.6,0.8,24.5,1.8,4.2,1,0.9,0.4
"06059","Orange County, California","06","059",TRUE,"missing_estimate:",116289,11.6638337510584,871,44.1,0.3,9.6,0.1,30.4,0.3,18.3,0.2,95,0.2,21,,16.3,,34.2,,1.5,0.1,65.6,0.2,3.5,0.1,46.9,0.4,16.4,0.3,5.9,0.1,10.2,0.2,0.7,0.1,11.8,0.2,15.2,0.3,7.2,0.2,18.5,0.3,26.7,0.2,5.5,0.2,2.7,0.1,43.6,0.4,4.8,0.2,3.5,0.2
"06061","Placer County, California","06","061",TRUE,"missing_estimate:",115998,11.6613282285606,2483,43.2,0.8,11.7,0.4,12.7,0.5,5.1,0.4,94.2,0.5,21.8,,20.5,0.1,15.7,,1.6,0.1,61.2,0.6,2.9,0.2,50.2,0.9,15.1,0.7,6.4,0.5,6.9,0.4,0.8,0.1,5.9,0.4,13.9,0.7,7,0.4,22.7,0.8,27.4,0.6,11.9,0.5,2.5,0.2,25.2,0.8,4.2,0.5,0.8,0.2
"06063","Plumas County, California","06","063",TRUE,"missing_estimate:",66031,11.0978796077052,6182,22.5,3,24.6,2.7,4.8,1.7,2.9,1.2,85.5,3.3,17.2,0.3,31.5,0.6,10.3,,1,0.5,46.7,2.8,4.3,1.3,33.1,4.5,22.1,4.9,10.6,3,13.1,3,8.9,4.8,8.5,2.6,7,3.7,11.7,3.7,7.2,2.6,19.8,2.7,46,2.3,10.1,2.2,25.4,4,6.6,2.7,0.7,0.8
"06065","Riverside County, California","06","065",TRUE,"missing_estimate:",93074,11.4411501546596,1015,25.6,0.3,12.2,0.2,21.9,0.3,14.6,0.2,93.6,0.3,24.1,,15.4,,51.3,,6,0.1,61.2,0.2,4,0.1,33.6,0.4,19.7,0.4,11.1,0.3,14.8,0.3,1.4,0.1,7.9,0.3,10.8,0.2,6.8,0.2,12.3,0.3,33.8,0.3,10.8,0.3,8.7,0.2,30.9,0.4,4.3,0.2,2.4,0.2
"06067","Sacramento County, California","06","067",TRUE,"missing_estimate:",92175,11.4314442231023,1010,34.1,0.4,13.1,0.3,22.3,0.3,14.1,0.3,94,0.3,22.9,,15.3,,24.2,,9,0.2,63.6,0.3,4.3,0.2,42.6,0.5,17.9,0.4,7.6,0.3,11.2,0.3,0.9,0.1,5.7,0.2,12.6,0.3,6.5,0.2,19.1,0.4,27.3,0.3,4.6,0.3,2.3,0.2,41,0.6,6.6,0.3,2.1,0.1
"06069","San Benito County, California","06","069",TRUE,"missing_estimate:",114394,11.647403909,5136,24.1,1.5,10.5,1,20,1.2,16.8,1.5,95.2,1,25.3,0.1,13.7,0.1,62.4,,0.8,0.1,67,1.4,3.6,0.7,32.7,1.8,16.7,1.5,16.8,1.6,14.9,1.3,6.9,1.3,10.9,1.6,11.4,1.5,5.9,1.1,11.8,1.4,36.6,1.5,3.6,0.9,3.4,1,32.1,2.3,3,0.9,1.9,0.9
"06071","San Bernardino County, California","06","071",TRUE,"missing_estimate:",85478,11.3560143118734,924,23.3,0.4,12.2,0.2,21.6,0.3,15.3,0.3,93.3,0.2,25.5,,12.6,,55.2,,7.5,0.1,62.2,0.3,4.4,0.2,32.4,0.4,18.2,0.4,10,0.2,19.3,0.4,0.7,0.1,7.6,0.2,9.7,0.3,6.4,0.3,11,0.3,32.6,0.3,9.3,0.2,5.4,0.2,37.9,0.5,4.6,0.2,2.9,0.2
"06073","San Diego County, California","06","073",TRUE,"missing_estimate:",106268,11.5737194842028,949,43.2,0.3,11.1,0.2,22.8,0.2,13.4,0.2,94.9,0.2,20.9,,15.4,,34.6,,4.4,0.1,66.2,0.2,3.9,0.1,47.8,0.4,17.3,0.3,7,0.2,9.3,0.2,0.8,0.1,9.9,0.2,17,0.3,6.9,0.2,18.7,0.3,25.5,0.2,6.3,0.2,3.3,0.1,45.4,0.3,5.5,0.2,2.3,0.1
"06075","San Francisco County, California","06","075",TRUE,"missing_estimate:",140970,11.856302380765,2593,60.3,0.5,11.9,0.3,34,0.4,18.7,0.4,93,0.4,13.7,,17.6,0.1,16.2,,4.7,0.1,69.6,0.4,4.2,0.2,63.6,0.6,13,0.4,3.1,0.2,5.2,0.3,0.3,0.1,5.1,0.3,26.7,0.5,6.8,0.3,31,0.6,30.4,0.3,12.2,0.5,0.1,0.1,61.8,0.6,30.2,0.7,3.5,0.3
"06077","San Joaquin County, California","06","077",TRUE,"missing_estimate:",92179,11.4314876178755,1619,22.7,0.6,12.6,0.4,25.2,0.5,17.5,0.4,92.5,0.5,26.2,,13.5,0.1,42.5,,6.6,0.2,62,0.5,4.7,0.3,32.8,0.7,17.5,0.7,12.1,0.5,18.9,0.6,4.2,0.4,9.8,0.5,11.1,0.5,5.8,0.4,10.6,0.5,34.1,0.6,5.7,0.4,3.1,0.3,38,0.7,5.1,0.3,2.5,0.3
"06079","San Luis Obispo County, California","06","079",TRUE,"missing_estimate:",97446,11.4870536574027,2876,39.8,1,13.3,0.5,9.9,0.6,5.5,0.5,93.1,0.7,17.5,0.1,22.1,0.1,25,,1.1,0.1,58.2,0.7,3.2,0.3,43.1,1.2,19.3,1,9.2,1,8.4,0.6,3.3,0.6,7.7,0.7,12,0.7,8.3,0.6,15.2,0.9,22.3,0.7,12.9,0.8,7.7,0.6,37.9,1,3.8,0.4,1.6,0.3
"06081","San Mateo County, California","06","081",TRUE,"missing_estimate:",158855,11.9757471154377,2851,53.7,0.6,9.4,0.3,35.7,0.6,17.1,0.4,95.7,0.4,19.5,,17.8,,24.9,,2,0.1,67.3,0.4,3.2,0.2,55.4,0.7,15.2,0.5,5.8,0.3,7.6,0.4,0.6,0.2,7.5,0.3,22,0.6,6.8,0.3,24.3,0.6,26.4,0.3,7.9,0.4,1.1,0.1,41.5,0.7,5.8,0.4,3.5,0.3
"06083","Santa Barbara County, California","06","083",TRUE,"missing_estimate:",98161,11.494364266782,2430,36.8,0.7,11.3,0.4,22.2,0.6,16.4,0.5,92.5,0.5,22.4,,16.6,0.1,48.2,,1.5,0.1,62.5,0.6,4,0.3,40.5,0.8,20.1,0.7,13.4,0.7,9,0.6,8.1,0.6,7.4,0.5,12.9,0.8,7.2,0.5,13.4,0.7,20.8,0.4,6.8,0.5,4.6,0.4,47.6,0.9,5.9,0.5,4,0.4
"06085","Santa Clara County, California","06","085",TRUE,"missing_estimate:",164281,12.0093336552202,1955,56.5,0.4,9,0.1,41.5,0.3,20.5,0.3,95.6,0.2,20.5,,14.8,,25,,2.2,0.1,67.4,0.3,3.3,0.1,59.3,0.4,13.3,0.3,5.3,0.2,7.5,0.2,0.5,0.1,16.2,0.3,23.1,0.4,5,0.2,23.9,0.5,26.2,0.2,5.6,0.3,2.8,0.1,44.9,0.5,6,0.2,3,0.2
"06087","Santa Cruz County, California","06","087",TRUE,"missing_estimate:",111093,11.6181229673421,2734,43.9,1,11.5,0.6,18,0.6,12.1,0.7,94.2,0.7,18.4,0.1,19,0.1,35.2,,0.7,0.1,62.8,0.8,3.8,0.4,48.4,1.3,16.7,1,9.6,0.8,8.6,0.7,4.3,0.6,8,0.6,14,0.8,9,0.7,19.3,1.1,25.7,0.6,9.4,0.6,6.6,0.5,40.1,1.1,5.2,0.6,3.4,0.5
"06089","Shasta County, California","06","089",TRUE,"missing_estimate:",72636,11.1932159456797,1972,23.8,1.1,18.1,0.8,5,0.5,2.7,0.4,91.3,0.8,21.6,,21.5,0.1,11.8,,0.8,0.2,56.1,1,3.5,0.4,36.8,1.8,21.9,1.3,9.4,0.9,10.4,0.8,2.4,0.5,5.4,0.7,9.6,0.8,8.3,0.8,9.7,0.9,19.8,0.8,11,0.9,9.8,0.8,34.4,1.4,6.3,0.8,0.7,0.2
"06091","Sierra County, California","06","091",TRUE,"missing_estimate:",63355,11.056509109233,21034,25.8,7.3,16.3,5.2,3.8,2,2.5,1.4,79.5,11.1,14.5,2.6,35.1,3.5,11,3.5,0.3,0.5,52.7,7.7,6.7,3.4,51.7,12.1,7.9,4.1,11.3,6.4,8.7,6.4,10,11.3,12.1,8.5,4.3,3.9,12.8,10.3,16.8,8.5,24.3,6.5,42.5,7.5,1.7,2.2,27.9,9.3,6.5,5.9,0.3,0.6
"06093","Siskiyou County, California","06","093",TRUE,"missing_estimate:",59095,10.9869015974463,3737,23.3,1.6,17.3,1.2,5.8,0.7,3.3,0.5,88.5,1.3,20,0.1,27.8,0.1,13.5,,1.3,0.3,50.9,1.7,4,0.7,35.1,2.7,20.4,2.5,12.7,1.9,12.7,1.9,7.5,1.4,6.7,1.4,6.7,1.3,10.3,1.7,11.8,2.2,21.2,1.2,17.4,1.5,10.4,1.2,30.8,2.2,6.1,1.2,1.9,0.7
"06095","Solano County, California","06","095",TRUE,"missing_estimate:",100401,11.5169274463495,2108,28.8,0.9,13.5,0.4,20.8,0.5,12.1,0.5,93.8,0.5,21.9,,17.4,,29.6,,12.3,0.3,62,0.6,3.9,0.3,35.5,1,19.6,0.7,10.5,0.6,13.5,0.6,1.2,0.2,8.6,0.6,11.4,0.7,5.9,0.5,12.2,0.8,31,0.6,4.4,0.5,2.5,0.3,37,0.9,4.9,0.4,1.8,0.3
"06097","Sonoma County, California","06","097",TRUE,"missing_estimate:",104674,11.5586060374622,2030,38.5,0.7,12.6,0.4,16.8,0.5,11.4,0.5,94.4,0.4,19,,21.5,0.1,30,,1.5,0.1,64,0.5,3.6,0.3,42.6,0.8,18.6,0.7,10,0.5,9.8,0.5,2.6,0.3,10,0.6,12.7,0.5,9.4,0.5,15.9,0.6,25.1,0.4,8,0.5,4.8,0.3,37.4,0.8,4.8,0.4,1.8,0.3
"06099","Stanislaus County, California","06","099",TRUE,"missing_estimate:",81468,11.3079655840896,1473,19.6,0.6,12.6,0.4,21,0.6,16.1,0.5,92.1,0.5,26.6,,13.8,,50,,2.6,0.1,61.9,0.6,4.9,0.3,30.6,0.8,17.8,0.8,13.6,0.6,19.4,0.7,4.6,0.5,12.4,0.6,8.6,0.5,6.4,0.4,8.1,0.5,30.8,0.6,3.9,0.4,4.2,0.3,38.8,1,5.6,0.5,2.1,0.3
"06101","Sutter County, California","06","101",TRUE,"missing_estimate:",79704,11.2860750517247,5306,20.9,1.5,15,1.1,22.7,1.4,16.4,1.2,90.6,1.4,25.2,0.1,16.4,0.1,32.9,,1.6,0.3,60.6,1.5,4.3,0.7,33.5,2.3,18.5,1.8,14.1,1.5,14.7,1.7,8.3,1.5,7,0.9,8.9,1.2,7.4,1.2,7.7,1.2,27.1,1.3,4.3,0.9,4.7,0.8,38.7,2.1,5.5,1.1,2.1,0.6
"06103","Tehama County, California","06","103",TRUE,"missing_estimate:",63784,11.0632576541823,3435,19.3,1.8,18,1.6,11.1,1.1,8.1,1,88,1.7,24.1,,20.1,0.1,29.1,,0.8,0.4,53.7,1.5,3.1,0.7,26.4,2.5,20.9,2.2,15.1,1.7,16.9,2.3,9,1.6,8.7,1.5,6.8,1.4,9.9,1.7,11.1,2.1,23.4,1.6,10,1.7,16.9,1.7,32.9,2.4,6.1,1.3,1.5,0.7
"06105","Trinity County, California","06","105",TRUE,"missing_estimate:",53002,10.8780849276713,8924,22.4,3.9,17.4,3.8,4.8,2.4,0.5,0.6,81.9,5.1,17.2,1.7,30.2,0.6,6.1,,1.1,0.8,42.1,4.6,3.5,1.5,33.3,6.6,31.6,6.9,15.1,4.9,5.8,2.8,12,6,0.5,0.6,4.5,2.6,22.5,8.4,21.3,8.7,27.2,6.5,31.2,3.3,16.2,3.5,28.3,6.1,5.5,2.8,0.1,0.2
"06107","Tulare County, California","06","107",TRUE,"missing_estimate:",71300,11.1746516064024,1532,16.6,0.6,12.5,0.4,22.2,0.6,22.1,0.7,89.7,0.7,29.8,,11.9,0.1,66.6,,1.3,0.1,61.1,0.6,5.7,0.4,27.6,0.9,18.9,0.9,19.8,0.8,15.8,0.7,14.6,0.8,7.9,0.6,6.7,0.4,6.4,0.5,6.1,0.4,23.7,0.6,7.1,0.5,6.3,0.4,41.5,1.2,4.5,0.5,2.8,0.4
"06109","Tuolumne County, California","06","109",TRUE,"missing_estimate:",77404,11.256793737829,5095,24.6,2,21.2,1.4,4.6,0.7,1.5,0.5,88.8,1.9,17.1,0.2,28.1,0.2,13.6,,1.8,0.3,49.6,1.7,4.1,0.9,37.3,2.9,24.3,2.8,10,1.7,9.1,1.7,2.3,0.7,5.9,1.2,10,1.9,9.9,1.7,11.7,2.3,30,2.6,28.2,1.5,8.4,1.5,26.1,2.5,5.2,1.5,0.5,0.4
"06111","Ventura County, California","06","111",TRUE,"missing_estimate:",109797,11.6063884852799,1753,36.1,0.6,11.7,0.3,22.2,0.4,14.9,0.4,94.2,0.4,21.8,,17.4,0.1,44.3,,1.7,0.1,64.3,0.4,3.6,0.2,41.7,0.6,17,0.6,11.1,0.6,11,0.5,4.9,0.4,10.3,0.4,12.8,0.5,7.2,0.4,15.8,0.5,25.6,0.3,5.2,0.4,4.1,0.3,35.4,0.7,4.1,0.3,2.6,0.2
"06113","Yolo County, California","06","113",TRUE,"missing_estimate:",91752,11.4268445640444,3365,44.8,1.2,11.5,0.6,21,0.9,12.6,0.8,92.3,0.9,20.1,,13.5,0.1,33.4,,2.4,0.2,61.4,0.9,3.7,0.5,46.8,1.3,17.8,1.1,8.7,0.9,10.5,0.9,3.1,0.7,6,0.6,13.3,0.9,5.4,0.6,18.1,1.2,24,0.7,7,0.8,4.2,0.5,45.7,1.3,7.6,0.8,2.1,0.4
"06115","Yuba County, California","06","115",TRUE,"missing_estimate:",76373,11.2433845095516,4587,17.7,1.5,16.7,1.2,11.5,1,8.9,1.2,91.8,1.3,27.2,0.1,13.1,0.2,30.8,,3.8,0.4,61.5,1.5,3.9,0.7,32.6,2.1,18.1,2,15.1,2,14.8,1.8,4.3,1.3,7.2,1.4,8.2,1.3,7.3,1.5,8.7,1.2,32.4,1.3,6.6,1.3,8,1.4,36.5,2.4,6.4,1.1,1.6,0.6
"08001","Adams County, Colorado","08","001",TRUE,"missing_estimate:",94571,11.4571061541315,1524,29,0.8,11.3,0.4,15.6,0.6,11.9,0.5,92.9,0.6,24.9,,11.3,0.1,42.8,,3.3,0.2,72.2,0.6,3.3,0.3,36,0.8,16.3,0.7,12.8,0.5,14.6,0.7,1.5,0.3,8.2,0.5,12.2,0.6,5.1,0.4,15.2,0.7,29.8,0.6,3.6,0.4,5.4,0.4,31.4,0.8,4.7,0.4,1.4,0.3
"08003","Alamosa County, Colorado","08","003",TRUE,"missing_estimate:",55397,10.9222807196446,4512,32.4,3.6,19.4,3.8,5.1,1.4,5.2,1.8,91.8,2.9,23.8,0.4,15.1,0.3,48.2,,1.7,0.3,63.4,3.1,2.3,0.9,38.5,5.1,18.2,3.5,9.1,2.2,9.8,2.9,7,2.6,2.2,1.2,7.3,2.5,6.8,2,5,1.8,15.9,2.2,8.2,2.4,12.2,2.5,44.1,4.6,7.9,2,0.7,0.6
"08005","Arapahoe County, Colorado","08","005",TRUE,"missing_estimate:",101087,11.5237368111819,1532,46.5,0.6,10.9,0.3,16.5,0.5,9.8,0.4,94.7,0.3,22.6,,14.4,0.1,21.7,,10.5,0.3,71.7,0.4,3.5,0.2,47.1,0.7,15,0.4,7.3,0.3,10.5,0.4,0.8,0.1,5.7,0.3,15.7,0.5,5.4,0.3,21,0.6,27.1,0.4,4.5,0.4,0.7,0.1,35.3,0.8,5.3,0.4,1.3,0.2
"08007","Archuleta County, Colorado","08","007",TRUE,"missing_estimate:",83065,11.3273787128206,7046,40.9,3.8,18.8,2.6,4.4,1.4,2,0.9,90,2.9,16.7,0.2,28.8,0.7,16.6,,0,0.1,50.4,3.9,0.7,0.4,38.6,5.8,16.4,3.9,14.3,4.1,10.1,3.6,5.1,2.2,2.5,1,16.5,5.3,19.7,4.1,17.8,4.3,22.2,2.6,39.9,3.5,9.6,2,19.9,3.4,3.6,1.8,0.2,0.3
"08009","Baca County, Colorado","08","009",TRUE,"missing_estimate:",46215,10.7410596996989,8944,24.7,3.4,17.2,2.3,5,2.3,1.5,0.9,83.9,3.6,22.4,,25.8,1.1,10.9,,0.4,0.6,56.8,3.5,0.3,0.3,44.8,5.1,14.5,4,18.6,4,9.2,2.8,22.8,4.7,2.2,1.7,3,2.3,20.6,4.7,7.9,3.6,12.1,1.2,16.4,3.5,13.8,4,28.5,5,5.5,2.5,0.4,0.4
"08011","Bent County, Colorado","08","011",TRUE,"missing_estimate:",50179,10.8233518914636,7108,15.7,2.9,18.6,3.3,2.2,1.2,3.4,1,83.3,5.5,16,,18.9,0.9,32.5,,3.2,1.2,38.2,4.1,2.2,1.5,33.5,5.5,23,6.3,14.5,6.3,18.4,5.6,14.4,5.4,7.5,4.2,2.6,2,11.1,4.5,6.4,3,22.2,4.8,13.8,4.6,9.9,2.9,34.8,6.1,3.1,1.6,0.7,1.3
"08013","Boulder County, Colorado","08","013",TRUE,"missing_estimate:",103994,11.5520884841516,2268,64.2,0.8,9.4,0.4,10.1,0.4,3.5,0.3,95.7,0.4,17.5,,16.4,0.1,14.7,,0.8,0.1,66.9,0.7,3.2,0.3,58.2,1,13.1,0.6,4.6,0.5,7.4,0.6,0.9,0.2,9.8,0.6,21.2,0.8,7.5,0.5,31.2,1.1,22.3,0.5,5.3,0.5,2.3,0.4,38,0.9,5.2,0.5,0.5,0.2
"08014","Broomfield County, Colorado","08","014",TRUE,"missing_estimate:",123874,11.7270201989458,3714,60.3,1.7,9.2,0.7,10.5,0.8,3,0.4,96.7,0.6,20.5,0.1,15.6,0.1,14.1,,1.1,0.2,70.9,1,2.7,0.4,62,1.6,11.5,0.9,3.9,0.8,5.9,0.8,0.5,0.2,12.1,1.2,19.4,1.3,4.3,0.6,29.9,1.7,25.5,0.7,4.3,1,2,0.4,37.3,1.5,3.8,0.7,0.7,0.3
"08015","Chaffee County, Colorado","08","015",TRUE,"missing_estimate:",84132,11.340142272995,7235,47,3.4,11.4,2.2,2.5,1,2.7,0.9,89.7,2.8,13.9,0.1,26.3,0.6,9.8,,1.2,0.4,55.8,2.5,2.7,1.6,54.8,5.1,15.1,3.3,11,4,4.6,1.6,1.1,0.9,4.4,2.3,13.3,3.3,9.4,2.5,24.5,4.8,18.1,2.7,14.1,2.8,5.4,1.9,25.9,3.5,1.7,0.8,0,0.4
"08017","Cheyenne County, Colorado","08","017",TRUE,"missing_estimate:",70865,11.168531937601,12520,26.1,4.8,10.1,2.9,4.8,3.6,3.2,3.1,90.6,3.2,22.2,3.3,19.6,3.5,10.8,4.9,1.8,2.4,69.5,4.2,0.3,0.4,44.3,7.8,12.5,5.1,17,5,12.5,5.9,18.1,4.9,0.1,0.3,8.2,3.4,15.6,4.3,12.1,5.1,15.1,3.7,20.4,5.7,10.8,4.1,27.4,8.5,0.3,0.6,0,5.3
"08019","Clear Creek County, Colorado","08","019",TRUE,"missing_estimate:",94577,11.4571695965153,16910,57.5,3.4,12.4,2.7,3.5,0.9,1.1,0.6,90.2,2.8,14.8,1,22.7,0.4,7.8,,0.1,0.1,67.8,3.1,3.2,1.6,51.3,6.2,15.7,4,7.9,2.7,5.1,2.3,3.2,1.4,7.1,2.4,21.1,5.3,6.5,2.3,24.2,5,28.4,2.7,19.6,4.7,4.5,1.4,18.4,3.8,4.4,2,1.1,0.4
"08021","Conejos County, Colorado","08","021",TRUE,"missing_estimate:",50978,10.8391494460895,7913,25.7,3.2,18.7,2.3,4,1.3,7.9,1.9,83.6,3,25.3,0.3,20.6,0.5,49.8,,0.1,0.3,60.7,3.2,2.9,1.5,32.3,3.8,16.3,4,16.2,3.9,14.7,3.7,10.8,2.9,4.7,1.8,6.7,2.2,11.2,2.5,13.7,3.1,23.4,2.1,22.9,3.8,16.9,3.3,23.5,4.3,4.8,1.8,0.6,0.6
"08023","Costilla County, Colorado","08","023",TRUE,"missing_estimate:",36861,10.5149093605357,6112,24.9,3.9,22.6,3.8,5.7,1.8,5.1,2.1,88.1,4.1,18.6,0.7,28.5,0.9,54.7,,1.9,0.3,44,4.1,1.5,0.9,35.6,6.6,18.2,4.7,17.5,4.9,3.8,3,13.9,5,0.4,0.4,6.5,3.4,12.4,4.3,16.1,5.2,26.1,6,32.1,4.4,13.7,3,21,4.8,5.4,2.1,0.7,1.1
"08025","Crowley County, Colorado","08","025",TRUE,"missing_estimate:",48826,10.7960182368459,2849,12.4,2.5,21.3,4.7,2.8,1.3,7.4,2.4,84,3.6,13,1.3,15.5,1.4,29,,6.6,1.7,31.5,3.2,1.2,0.7,29.5,6.5,18.5,6.2,20.5,7.6,15.7,5.9,8,3.3,6.8,3.2,2.9,2.1,6.9,3,15.9,4.5,28.9,4.6,14.1,4.6,13.2,4.1,30.5,6.4,4.7,2.5,0,3.1
"08027","Custer County, Colorado","08","027",TRUE,"missing_estimate:",72674,11.1937389654425,7045,43.7,4.7,16.7,3.1,2.3,1,0.8,0.6,80.4,6,13.7,2.7,33.1,4,4.2,2.2,0,0.8,45.7,4.9,1.7,1.3,42.7,7.8,13.8,7.1,18.4,6.7,12,6,6.1,3.2,7.8,5,11.4,4.1,16.7,7.1,23.5,6.8,36.9,8.1,42.3,4,9,3.2,14.7,4,4.5,1.7,1,1.3
"08029","Delta County, Colorado","08","029",TRUE,"missing_estimate:",57774,10.9642941264683,4050,26.6,2.4,18.7,1.7,3.8,1,3.5,1,81.9,2.7,19.1,0.2,28.4,0.4,14.5,,0.7,0.2,49.2,1.8,1.6,0.6,34.8,3.1,17.5,2.1,13.6,2.2,15.2,2.7,8.1,2.4,8.4,2.2,6.6,1.6,11.4,2,14.8,2.4,24.2,2.5,13.8,2.2,12.5,2,22.1,2.8,5.1,1.6,0.3,0.3
"08031","Denver County, Colorado","08","031",TRUE,"missing_estimate:",94718,11.45865933503,1644,56.5,0.6,10.5,0.3,14.5,0.4,8.4,0.3,92.9,0.5,18,0.1,12.5,0.1,28,,8.6,0.2,74.4,0.4,3.6,0.3,55.7,0.7,13.1,0.5,6.5,0.4,7.3,0.3,0.8,0.1,5.7,0.3,20.7,0.6,5.2,0.3,27.3,0.6,24.9,0.3,6.7,0.4,0.3,0.1,51.2,0.8,10.3,0.5,1.2,0.2
"08033","Dolores County, Colorado","08","033",TRUE,"missing_estimate:",64907,11.0807107551193,13244,28.1,9.6,13.5,5.1,0.5,0.8,5.4,1.9,80.9,5.7,14,5.3,31.9,10.1,9.9,4.9,0,1.7,63.4,7.8,1.6,2,48.2,10.2,17.1,8.2,15.5,7.6,4,4.3,8.5,7.9,2.3,2.4,14.3,6.8,6.6,6.8,16.7,7.7,17.6,4.5,20.2,4.7,19.3,6.8,18.7,7.6,7.1,5.4,0.5,0.7
"08035","Douglas County, Colorado","08","035",TRUE,"missing_estimate:",149594,11.9156802367663,2519,62,0.9,8.1,0.4,8.4,0.4,2.4,0.2,97.9,0.3,23.4,0.1,13.9,0.1,10.2,,1.3,0.1,71.9,0.6,2.6,0.3,58.9,0.9,10.9,0.5,3.9,0.4,5.8,0.5,1,0.1,7.4,0.5,18.4,0.7,5.2,0.4,30.5,1,27.1,0.5,3.1,0.4,0.3,0.1,22.6,0.8,2.4,0.3,0.6,0.2
"08037","Eagle County, Colorado","08","037",TRUE,"missing_estimate:",104096,11.5530688292731,5224,50.9,2.8,6.6,1.1,16.4,1.9,9.7,1.8,95.4,1.7,20.4,0.3,14.3,1,30.4,,0.6,0.2,73.5,2.5,3.5,1.2,43.2,3.3,20.4,3,10.6,2.3,6.2,2,2.1,0.9,1.9,0.7,9.2,1.9,8,1.9,12.6,2.1,22.2,1.4,35,1.6,5,1.2,34.1,2.8,5.3,1.7,1.1,0.7
"08039","Elbert County, Colorado","08","039",TRUE,"missing_estimate:",132685,11.7957331770057,7368,36.1,2.2,10.5,1.1,3.3,0.9,1.2,0.5,94.5,1.6,21.2,0.1,18.8,0.4,9.2,,0.7,0.4,65.2,1.7,2.2,0.8,47.1,2.6,13,1.9,13,1.8,8.8,2,2.6,0.9,7.9,1.6,14.3,2.2,7.6,1.7,21.3,2.6,41.3,1.5,4.8,1.5,3.7,0.9,5,1,1.3,0.7,0.1,0.1
"08041","El Paso County, Colorado","08","041",TRUE,"missing_estimate:",90363,11.411590170562,1401,41.9,0.6,12.7,0.4,7.2,0.4,3.1,0.2,94.8,0.3,23.1,,14,0.1,18.7,,5.5,0.2,68.6,0.4,3.4,0.2,46.6,0.7,15.9,0.6,8,0.4,9.3,0.5,0.6,0.1,6.2,0.4,14.8,0.6,5.7,0.4,16.8,0.6,23.5,0.3,4.4,0.4,2.8,0.2,33.8,0.6,3.8,0.3,0.7,0.2
"08043","Fremont County, Colorado","08","043",TRUE,"missing_estimate:",62664,11.0455423990471,4433,22,1.8,19,1.4,2.3,0.5,2.8,0.6,85.4,1.8,16,0.3,22.9,0.2,13.2,,3.3,0.4,44.1,1.7,1.9,0.6,32.1,2.9,24.2,2.4,13.8,2.5,11.4,2.1,2.3,0.7,5.8,1.6,9.2,1.7,7.3,1.4,13.7,2.2,24.7,2.3,12.8,1.9,14,1.8,24.4,2.4,4.5,1.3,0.2,0.2
"08045","Garfield County, Colorado","08","045",TRUE,"missing_estimate:",91131,11.4200533107648,5607,33.6,2,9.7,1,14.1,1.2,10.8,1.3,94.3,1.4,24.6,0.1,14.8,0.1,32.6,,0.6,0.2,72.6,1.4,2.4,0.6,34.3,2,21.3,2.1,13.4,1.5,11,1.3,2.6,0.8,3,0.9,11.7,1.3,8.6,1.3,11,1.7,31.4,1.3,6.2,1.3,9.9,1.5,30.4,2.3,5.2,1.4,0.5,0.3
"08047","Gilpin County, Colorado","08","047",TRUE,"missing_estimate:",95361,11.4654249688214,18874,52.8,7.7,13.3,4.5,2.5,1.5,1.5,1.2,93.4,5,16.4,3.7,22.3,3.9,7.4,3,2.6,3.1,69,5.6,2.1,1.7,58.1,8.6,10.6,3.7,7.2,5.4,5.7,2.7,0,1.2,7.2,2.7,12.6,5.5,6.5,3,15.7,5.8,32.1,4.3,16.7,4.1,2.1,1.6,12.5,5,5.3,5.8,0,1.3
"08049","Grand County, Colorado","08","049",TRUE,"missing_estimate:",88612,11.3920225676026,8655,42.7,3.9,9.3,1.9,4.2,1.2,2.2,0.9,91.3,2.4,15.9,0.9,20.9,0.6,10.2,,0.2,0.3,70.6,2.5,2.9,1.3,37.7,4.2,19.6,3.6,14.4,3.3,6.9,2.3,5.2,2.4,3.9,1.8,10.7,2.4,4.1,1.4,19.6,4,24.4,2.9,57.1,2.6,3.5,1.1,26.6,4.5,1.4,0.9,0.1,0.2
"08051","Gunnison County, Colorado","08","051",TRUE,"missing_estimate:",84527,11.3448262889347,10945,64.7,3.7,10.2,1.7,3.7,1.3,1.1,0.8,92.3,3,15.2,0.2,15.1,0.2,10,,0.4,0.3,72.8,2.5,3.4,1.5,51.4,4.6,17.5,3.8,10.4,2.4,4.4,1.4,3.7,1.9,2.3,1.2,15.1,3.6,7.5,2,18.5,3.7,20.2,2.1,32.1,2.2,4.3,1.5,33.2,4.9,2.4,1.2,0.6,0.6
"08053","Hinsdale County, Colorado","08","053",TRUE,"missing_estimate:",75972,11.2381201303321,34687,47.7,10.1,7.5,3.6,1,1.5,0,4.3,94.1,4.6,18.5,4.7,30.9,9.1,1.9,2.2,0.3,0.7,54.2,9.4,0,5,41.3,14.8,36.9,17.6,4.9,3.7,1.8,2.2,4.2,5.1,9.5,9.3,14.1,6.5,10.8,6.5,30.5,12.9,7.6,2.7,62,4.6,5.1,3.1,23.9,11.2,1.6,2.1,0,8
"08055","Huerfano County, Colorado","08","055",TRUE,"missing_estimate:",52526,10.869063564085,5017,26.4,4.3,26.1,4,0.9,0.7,1.5,1,77.9,5.9,15.6,0.6,34.8,1.3,30.6,,0,0.6,41.5,4.9,3.3,2.1,43,6.7,22.7,7.1,8,4.1,10.5,4.9,2.4,1.7,5.3,3.4,8.4,3.9,14.4,5.7,24.6,7.7,21.1,4.5,35.2,4.4,8.6,2.3,24.9,4.9,3.2,1.8,2,2
"08057","Jackson County, Colorado","08","057",TRUE,"missing_estimate:",47667,10.7719946135565,22569,31.3,8.9,12.2,5.4,1.5,2.2,0.2,0.5,79.8,10.2,16.9,5.5,32.6,10.5,10.5,9.5,1.3,2.5,60.9,10.4,5.6,3.8,40.1,11.9,30.3,11.2,16.4,7.5,6.5,5.4,21.4,9,3.3,5,9.4,6.9,13.4,7.2,29.7,11.5,12.2,3.1,40.6,6,15.4,5.2,28.9,10.1,3.2,2.9,0,6.3
"08059","Jefferson County, Colorado","08","059",TRUE,"missing_estimate:",110656,11.614181569043,1614,52,0.7,11,0.3,6.3,0.3,2.8,0.2,95.1,0.3,18.5,0.1,17.9,0.1,16.1,,1.1,0.1,69.3,0.4,2.7,0.2,53.7,0.6,13.4,0.5,6.8,0.4,7.4,0.3,1.2,0.2,7.3,0.4,18,0.5,6.3,0.4,25.4,0.7,26,0.3,4.7,0.4,0.8,0.1,29.3,0.6,4,0.4,0.5,0.2
"08061","Kiowa County, Colorado","08","061",TRUE,"missing_estimate:",58618,10.9787970956344,7747,20.1,5.4,12.3,3.8,5.5,4.3,5.5,4.3,84.6,6.5,21.7,4,22,4.4,12.9,6.1,0,3,62.3,6.7,0.1,0.2,53.4,9.4,17.3,6.8,15.1,5.9,5.8,3.7,22.5,6.4,4.4,2.7,3.9,3.3,9.7,5.9,5.3,2.5,17.3,3.9,20.9,6.9,10.1,4,31.3,8.2,3.1,2.4,0,7
"08063","Kit Carson County, Colorado","08","063",TRUE,"missing_estimate:",70259,11.1599436928691,10367,20.4,3.5,16.2,2.3,6.9,1.9,5.1,1.6,88.5,3,26.1,0.4,19.8,0.5,20.2,,0.1,0.1,65.3,3.4,1.6,0.8,36.6,5.1,19.3,4.4,13.8,3.2,9.3,2.6,22.1,3.7,3.4,1.5,4.8,2.2,8,1.9,9.9,2.5,16.9,1.9,15.5,3.9,10,2.9,27.4,5.7,5.9,2.2,0.2,0.2
"08065","Lake County, Colorado","08","065",TRUE,"missing_estimate:",96575,11.4780751875345,10498,49.5,5.9,8,3.2,12.4,3.8,8.7,4.3,89.2,5.9,18.6,2.8,15.1,4,32.8,4.7,0.1,0.1,76,4.6,1.7,1,42.9,4.9,13.3,3.7,14.5,3.9,12.1,3.7,6.4,3.4,2.6,1.4,12.6,3.4,9.5,4.9,8.5,4.1,25.7,3,24.2,5.4,10.8,3.4,24.4,5.9,4.1,3.5,0.9,0.9
"08067","La Plata County, Colorado","08","067",TRUE,"missing_estimate:",86056,11.3627535261118,3029,49.3,2.2,10.6,1,3.1,0.6,1.2,0.4,90,1.4,17.5,,20.8,0.1,12.9,,0.2,0.1,63.9,1.3,2.4,0.7,47.2,2.3,15.5,1.6,9.8,1.4,8.1,1.3,3.1,0.7,3.2,0.8,12.2,1.3,11.3,1.7,18.1,1.7,20.3,0.8,15.9,1.7,12.7,1.4,29.1,2.1,2.7,0.7,0.6,0.3
"08069","Larimer County, Colorado","08","069",TRUE,"missing_estimate:",93765,11.448546931034,1936,53,1,10.7,0.5,5.5,0.4,2.2,0.3,93.1,0.5,18.3,0.1,17.4,0.1,12.9,,1,0.1,66.9,0.7,3.2,0.3,49.3,1,14.9,0.7,7.9,0.6,9.1,0.6,1.5,0.2,9.5,0.6,15.1,0.7,6.4,0.5,21.4,1,23.4,0.5,6.4,0.5,3.3,0.3,36,0.8,3.6,0.3,0.6,0.2
"08071","Las Animas County, Colorado","08","071",TRUE,"missing_estimate:",52074,10.8604210628723,5521,19.3,2,21.6,2,3.2,0.9,3.4,1.6,87.3,2.3,18,0.4,26,0.3,38.8,,1.6,0.4,51.9,2.1,2.9,0.9,30.1,4.1,20.7,3.1,13.7,2.8,11.2,2.4,7.5,1.8,2.6,1.3,8.2,2.3,7.7,1.8,11.5,2.1,19.5,2.7,20.3,2.8,9.6,1.7,31.4,3,7.1,1.8,0.1,0.1
"08073","Lincoln County, Colorado","08","073",TRUE,"missing_estimate:",62861,11.0486812185928,10620,26.1,4.2,17.4,2.9,4.6,1.6,5.4,2.2,81.7,4.5,17.4,1.1,18.3,0.7,15.2,,5.5,1.6,45.9,2.9,0.6,0.6,38.6,5.3,18.6,4.4,14.5,4.2,6.4,2.1,9.7,2.6,1.5,1,6,2.8,12.7,3.8,10.7,2.8,22.8,4.2,17.3,3.8,7.6,3.1,28.3,4.5,4.9,2.4,0,2.1
"08075","Logan County, Colorado","08","075",TRUE,"missing_estimate:",51829,10.8557051171524,7707,20.1,2.2,16.4,1.7,5.7,1,5,1,85.4,2.7,18,0.4,19.1,0.4,17.2,,3.6,0.6,56.8,2,3.1,1.3,34.2,3.4,22.9,3.4,11.5,2.8,15.2,3.2,10.6,2.3,4.3,1.5,6.4,1.5,8.5,1.7,8.9,2.6,17.4,1.7,6.2,1.8,9.8,2.2,33.7,3.6,6.9,2.1,0.5,0.5
"08077","Mesa County, Colorado","08","077",TRUE,"missing_estimate:",73658,11.207188037852,2093,32.3,1.2,15.3,0.9,4.1,0.5,1.7,0.4,92.6,1,20.4,0.1,21.1,0.1,15.5,,0.6,0.2,60.9,1,3.3,0.4,38.3,1.8,16.5,1.1,11.7,1,11.7,1.1,3.1,0.6,6.1,0.9,10.6,1.1,7.7,0.9,13.7,1.2,18.9,0.8,5.9,0.9,7.9,0.8,27.5,1.3,6,0.7,0.4,0.2
"08079","Mineral County, Colorado","08","079",TRUE,"missing_estimate:",56250,10.9375613200667,12789,51.7,8.7,17.2,6.4,0.5,1.6,0,5.9,91.2,5.8,11.8,6.1,32.6,8.9,6.3,6.8,0,5.7,57.1,8.9,5.2,3.8,47.6,14.8,11.2,6,20,12,2.1,2.6,2.1,2.8,0,11.7,11.8,6.2,19.1,10.5,7.6,4.5,12.4,4.6,67.3,5.3,9.3,4.2,30.3,11.1,3.6,4.2,1.3,1.6
"08081","Moffat County, Colorado","08","081",TRUE,"missing_estimate:",73849,11.2097777469064,8536,19.4,3.2,16.2,2.3,4.7,1.1,4.3,1.3,89.6,2.8,24.2,0.4,16.6,0.6,16.8,,0,0.1,65.3,3.3,3,1.6,35,4.3,15.8,4,19.9,3.7,12.7,3.5,9.1,2.6,3.2,1.7,5.1,1.6,8.1,2.8,4.3,1.8,20.5,2.4,12.2,3.1,20.6,3.9,30.6,5.5,4.6,2,2,1.8
"08083","Montezuma County, Colorado","08","083",TRUE,"missing_estimate:",65244,11.0858893669339,4313,31.3,2.8,14.6,1.5,2.6,0.8,3.1,1.2,84.5,2.7,20.7,0.2,25,0.5,12.5,,0.7,0.5,55,2.5,2.1,0.8,42.1,3.6,17.2,3.2,12.8,2.7,8.5,1.7,5.2,2.1,3.1,1.3,10.3,2.8,8.3,2.4,10.4,2.5,20.4,1.7,8.9,2.2,16.7,3,23.8,3.2,5,1.8,0.5,0.4
"08085","Montrose County, Colorado","08","085",TRUE,"missing_estimate:",72120,11.1860866773173,2832,28.7,2.1,14.1,1.3,6,0.8,5.3,1.3,87.6,1.6,20,0.1,26,0.1,21.5,,0.4,0.2,57.1,2.1,2.5,0.8,32.9,2.4,16.7,2,15.8,2.1,12.6,2.3,5.2,1.5,5.2,1.2,8.2,1.7,11.1,1.6,11.5,2.1,21.1,1.4,8.5,1.8,19,1.9,24.6,2.3,3.6,1,0,0.1
"08087","Morgan County, Colorado","08","087",TRUE,"missing_estimate:",73278,11.2020157063991,2653,17.8,2.4,11.7,1.6,12,2,11,2.4,92.6,1.7,25,0.3,16,0.2,38.4,,2,1.1,64.4,1.8,3.4,1,32.7,3.8,13.2,2.2,16.6,2.8,18.2,3.3,8.9,2.2,13.1,3,5.8,1.4,9.9,2,8.6,1.7,23.3,1.8,6.2,1.8,12.3,2.5,32.7,2.8,6.5,2.5,0.7,0.6
"08089","Otero County, Colorado","08","089",TRUE,"missing_estimate:",54037,10.8974242760994,5856,18.2,2,19.3,2,4.8,1.6,4.4,1.4,84.8,2.7,23.1,0.2,21.3,0.4,42,,1.1,0.3,55.5,2.1,3.7,1.2,36.2,4.3,20.1,3.6,12.8,2.4,12.2,2.7,5.3,1.4,7.5,2.3,5.4,1.9,6.2,1.5,6.1,2,21.2,3.1,13.3,2.7,9.6,2.6,31.1,3.5,7.6,2.6,0.8,1
"08091","Ouray County, Colorado","08","091",TRUE,"missing_estimate:",91020,11.4188345415706,11186,56.5,3.9,13.1,2.8,3.9,1.5,0.7,0.6,90.7,4.2,12.6,3.1,35.8,4.6,6.1,2.9,0.2,0.4,54.7,4.2,1.9,1.3,55.4,5.5,11.3,3.5,15,4.1,5.2,2.4,3.2,2.2,3.4,2.2,19.5,4.2,14.5,3.5,19.9,4.7,27.3,3.4,25.7,3.9,5,2.1,17.5,4.4,1.3,1.4,2.1,1.8
"08093","Park County, Colorado","08","093",TRUE,"missing_estimate:",103670,11.5489680563172,17612,41.6,4.6,10.9,1.8,3.2,1.6,0.9,0.6,93.1,2.2,14.3,0.1,23.8,0.6,7.6,,0.9,0.3,61.8,2.9,2,1.2,47.2,5,13.1,3.3,10.8,2.8,8.6,3,0.7,0.6,7.8,2.7,17.3,4.5,10.7,3.6,24.4,4.2,39,2.5,36.1,2.2,3.2,1.3,13.8,3.1,2.6,2.2,0.1,0.1
"08095","Phillips County, Colorado","08","095",TRUE,"missing_estimate:",64674,11.0771145450097,19227,31.5,5.4,12.1,2.9,11.7,4,9.7,3.7,83,5.5,25.5,3.2,20.6,3.3,28.9,4.9,0,0.9,65.9,4.6,1.9,1.3,41.2,6.5,15,4.8,19.7,5.6,6.7,2.8,17.5,3.7,3.7,2.4,6.9,2.4,15.9,4.3,10.9,4.5,20.2,5.4,9.8,4.1,5.9,3.4,28.1,6.2,5.4,4.6,1.5,2.1
"08097","Pitkin County, Colorado","08","097",TRUE,"missing_estimate:",102645,11.5390317120547,7295,62.8,4.4,9,2,10,1.8,5.2,1.6,92.8,3,14.6,0.1,22.8,0.7,11.4,,0.4,0.4,68.4,3.3,1.7,1.1,49.6,4.9,17.1,2.7,5.1,1.8,6.9,3.6,2.5,1.5,2.9,1.4,18.2,4.5,7.9,2.5,16.6,5,19.9,2,31.3,3.8,3.6,1.1,37.2,4.5,4,2,1,0.7
"08099","Prowers County, Colorado","08","099",TRUE,"missing_estimate:",53508,10.8875864544155,6697,19.3,3.5,16.8,2.2,10.5,2.6,6.7,1.9,85.6,3.3,26.1,0.5,18.8,0.3,40.5,,1,0.7,60.8,3,2.5,1.3,32.2,3.7,19.8,4.1,17.2,4.6,14.1,2.8,13.5,3.1,3.2,1.4,5.3,1.7,9.5,2.7,6.2,3,11.8,1.4,13.6,3.2,14.1,3.3,32.9,4,7,2.8,1.3,1
"08101","Pueblo County, Colorado","08","101",TRUE,"missing_estimate:",64010,11.066794600136,2208,25.6,1,17.4,0.8,4.1,0.5,2.9,0.4,89.1,1,21.8,0.1,19.7,0.1,42.1,,1.9,0.1,55.4,0.9,2.6,0.3,35.6,1.2,20.5,1.3,10,1,14.2,1,1.6,0.4,7.3,0.8,9.4,1,5.8,0.7,8.6,0.8,21.9,0.6,7,0.7,4.8,0.5,31.1,1.2,6.9,0.7,0.5,0.2
"08103","Rio Blanco County, Colorado","08","103",TRUE,"missing_estimate:",65473,11.0893931228994,8193,24.7,5.5,13.6,3,4.8,2.8,3.3,2.4,92.9,2.8,24.3,1.3,17.5,0.6,10.8,,0,0.6,62.7,4.5,1.5,1.1,33.8,5.9,19.4,6,16.8,4.6,12,3.8,9.5,3.1,1,1,8.8,3.8,6.5,3.6,9,3.7,17.4,4.2,14.9,4.8,7,2.9,25.7,6.3,4,2.2,0.5,0.8
"08105","Rio Grande County, Colorado","08","105",TRUE,"missing_estimate:",64411,11.0730397049599,8434,34.5,4.3,17.3,2.6,3.8,2,4.7,1.6,88.2,3.1,20.1,0.4,22.8,0.2,40.7,,0.3,0.3,61.8,2.7,6.3,2.6,47.3,5.6,14.2,4.4,12.8,3.5,9.3,3.7,8.1,2.3,5.8,2.3,6.8,3.5,10,3.9,9.3,2.9,19.2,2.4,22.4,3.5,11.5,2.7,32.9,4.8,7.2,3.1,0.6,0.8
"08107","Routt County, Colorado","08","107",TRUE,"missing_estimate:",106489,11.5757969724122,9881,54.2,2.8,7.4,1.3,6.1,1.4,2.3,0.9,93.2,2.2,17.2,0.1,18.5,0.4,9,,0.2,0.2,70.3,2,1.7,0.7,50.7,2.8,13.6,1.9,11,1.8,6.6,1.4,2.5,0.8,4.3,1.5,12.2,1.7,7.1,1.6,21.3,2.7,20.1,1.6,34.3,2.1,5.1,1.2,24,2.8,1.7,1,0,0.1
"08109","Saguache County, Colorado","08","109",TRUE,"missing_estimate:",50082,10.8214169410788,9396,31.3,4.4,23.8,3.9,7.7,2.7,3.5,1.3,90.8,3.4,17.8,0.1,26.7,1.8,36.8,,0,0.6,58.1,3.5,6,2.5,46.6,5.9,9.4,3.6,17.4,4.7,8.6,4,21.2,5.6,4.6,2.4,4.6,2.3,10.4,4,12.1,4.5,17.5,2.3,12.9,3.3,16.1,3.4,23.1,5.2,3.7,2,2.2,2.1
"08111","San Juan County, Colorado","08","111",TRUE,"missing_estimate:",77824,11.2622051458858,31042,52.1,10.2,1.8,2.2,11,14.3,6.4,9.8,86.7,9.9,12.8,6.8,18.5,7.8,18.2,11.8,0,5.7,76.6,9.2,7.2,7.4,53.3,10.2,17.6,8.6,7.9,6.9,4.3,4.4,1.8,2.2,9.5,5.4,5.9,6.9,17.8,10.7,31.4,11.6,14.8,6.5,45.9,7,9.5,6.9,47.1,13.3,2.5,4.2,0,10.1
"08113","San Miguel County, Colorado","08","113",TRUE,"missing_estimate:",79024,11.2775068827804,10732,64.9,4.6,7.8,2.4,5.2,2.7,2.6,2.4,84.5,7.6,17.9,4.2,18.6,0.8,11.7,,1,0.9,75.9,3.8,2,0.9,46.9,5.3,14.4,4.9,9.5,3.2,7,3.2,0.9,0.7,5,2.6,15.2,3.9,11.4,4.6,15.8,4.4,16.7,1.8,30.8,3.3,2.7,1.2,37,5.4,12.9,6.8,3.2,2.8
"08115","Sedgwick County, Colorado","08","115",TRUE,"missing_estimate:",52386,10.8663946590389,5952,27.2,5.3,16.9,2.9,4.6,2.1,3.3,1.8,88,2.6,22.1,3,24.2,2.9,19.4,5.1,1,1,63.3,4.2,1.9,1.1,35.2,6.8,20.5,5,15.3,4.9,10.7,4,7.4,3,4.8,3,6.5,2.6,8,2.6,3.7,2,18.2,3.9,15.8,4.4,3.4,2.2,28.2,4.5,4.5,2.3,2.2,1.8
"08117","Summit County, Colorado","08","117",TRUE,"missing_estimate:",109773,11.6061698761795,11445,55,3.4,6.3,1.3,8.5,1.7,5.1,1.5,97.8,1.1,16.3,0.3,15.7,0.5,17.2,,0.4,0.4,75.8,2.3,3.8,1.5,43.1,3.8,22.4,3.5,9.5,2.4,7.4,2.4,2.7,1,5,1.3,13,2.3,4.2,1.2,23.7,3.6,20.8,1.9,61.1,2,1.3,0.4,27.9,3.4,2.2,1.3,1.3,0.9
"08119","Teller County, Colorado","08","119",TRUE,"missing_estimate:",85361,11.354644600996,5719,37.9,3,12.4,1.4,1.7,0.6,0.6,0.3,92.8,2.1,15.7,0.3,25.1,0.5,7.7,,0.9,0.5,57.8,2.1,2.1,0.8,51.2,4.2,12.8,2.3,10.4,2,10.2,2.8,4.2,1.4,5.9,2.1,14,2.6,6.8,1.7,20.5,2.8,31.7,2.3,13.3,2.4,4.9,1.5,19,2.5,3.1,1.3,0.3,0.3
"08121","Washington County, Colorado","08","121",TRUE,"missing_estimate:",67167,11.1149373344676,4701,24.9,3.7,12.5,1.7,4,0.9,2.8,0.9,86.4,3.2,22.2,0.5,22.5,0.8,11.8,,1.1,0.7,59,2.6,1.8,0.7,45.7,5,11.2,2.4,16.2,3.9,11.2,2.9,19.2,2.5,5.4,2.1,5.1,2.1,18.1,3.4,11.4,2.8,22.9,2.2,9.5,2.7,10.7,2.5,26.4,3,5.2,1.9,0.1,0.2
"08123","Weld County, Colorado","08","123",TRUE,"missing_estimate:",97097,11.4834657578186,2383,33.2,0.9,11.6,0.5,9.1,0.5,7,0.5,92.7,0.6,25.5,,12.9,0.1,31,,1.3,0.1,69.8,0.6,3.3,0.3,40.8,1.1,15.6,0.7,11.7,0.7,13.6,0.7,4.4,0.4,10.5,0.7,11.9,0.7,6.4,0.6,14.3,0.7,27.9,0.5,4.1,0.5,6.1,0.6,24,0.9,3.6,0.4,0.9,0.2
"08125","Yuma County, Colorado","08","125",TRUE,"missing_estimate:",60545,11.0111421691885,5342,25.3,3.5,8.5,1.5,16.3,5.7,13.4,2.5,90.6,3.3,27.8,0.2,18.4,0.8,30.3,,0.3,0.2,65.6,3.4,2.9,1.8,43,4.7,12.7,2.5,18.7,4.1,10.4,3.7,20,4.8,2.4,1.8,5.6,2.9,13.4,4.7,4,1.9,15.6,2.3,6,2.7,15.8,4.5,31.1,4.7,5.4,3.1,2.6,2.9
"09110","Capitol Planning Region, Connecticut","09","110",TRUE,"missing_estimate:",93394,11.4445823823248,1372,42.1,0.6,12.4,0.3,15.2,0.4,8.2,0.2,91.5,0.4,20.2,0.1,18,0.1,17.7,,11.5,0.2,65.9,0.3,3.4,0.2,48.1,0.5,15.1,0.4,5.6,0.3,11.5,0.4,0.3,0.1,10.7,0.4,11.7,0.4,5.1,0.3,16.9,0.4,23.6,0.3,6.1,0.3,0.6,0.1,34.3,0.6,9.8,0.4,0.5,0.1
"09120","Greater Bridgeport Planning Region, Connecticut","09","120",TRUE,"missing_estimate:",89667,11.4038580873811,2457,41.7,0.8,12.5,0.6,22.5,0.7,15,0.6,91.2,0.8,22.1,,16,0.1,26.7,,11.3,0.3,66.6,0.8,4.9,0.5,43.4,1,18.4,0.9,7.2,0.6,10.9,0.8,0.1,0.1,8.8,0.6,13.6,0.9,7.7,0.7,15.1,0.8,31.3,0.7,5.1,0.4,0.2,0.1,34.7,0.9,11.2,0.8,1.1,0.2
"09130","Lower Connecticut River Valley Planning Region, Connecticut","09","130",TRUE,"missing_estimate:",104428,11.5562531177054,2975,46,1.1,11.7,0.6,8.2,0.6,3.4,0.5,92.5,0.9,16.7,,22.2,0.1,7.8,,4.4,0.4,65,0.7,2.5,0.4,49.5,1.2,14.3,0.9,7.1,0.6,9.5,0.8,0.4,0.2,12.6,0.9,11.6,0.9,6.6,0.8,16.8,1.1,26,0.6,10.7,0.8,1,0.2,24.2,1.2,5.4,0.6,0.3,0.1
"09140","Naugatuck Valley Planning Region, Connecticut","09","140",TRUE,"missing_estimate:",86191,11.3643210428482,1654,33.8,0.8,13.8,0.5,14.2,0.6,8.8,0.5,90.8,0.6,20.3,0.1,19.2,0.1,19.9,,10.6,0.3,65.1,0.6,3.9,0.4,41.9,1,17,0.7,8.2,0.5,13.1,0.5,0.3,0.1,12.6,0.6,10.3,0.7,6.1,0.5,12.7,0.7,28.3,0.6,6.5,0.5,0.8,0.2,31.4,1,9.1,0.7,1,0.2
"09150","Northeastern Connecticut Planning Region, Connecticut","09","150",TRUE,"missing_estimate:",90589,11.4140880718564,4016,26.1,1.3,14.2,1,4.4,0.7,1.7,0.6,91.4,1,18.4,,19.8,0.2,5.2,,1.4,0.3,65.8,1.1,3.9,0.6,39.3,1.5,15.6,1.3,9.4,0.9,15.8,1.3,1.8,0.5,14.7,1.5,8.4,0.9,5.9,0.8,11.9,1.2,29,1,5.6,1,1.7,0.4,22.7,1.4,4.8,1,0.1,0.1
"09160","Northwest Hills Planning Region, Connecticut","09","160",TRUE,"missing_estimate:",93551,11.446262021116,3107,39.4,1.4,12.3,0.7,9.5,0.7,4.3,0.6,93.4,0.8,17.8,,23.1,0.1,8.9,,2.4,0.4,64.7,1.2,3.5,0.6,45.5,1.3,16.5,1.3,9.5,1,10.1,0.8,1.5,0.4,10.4,1,11.8,1,8.8,0.8,15.2,1.1,26.9,0.9,14.2,1.1,0.4,0.3,23.7,1.4,5.4,1,0.2,0.1
"09170","South Central Connecticut Planning Region, Connecticut","09","170",TRUE,"missing_estimate:",88197,11.387328227811,1692,42,0.7,11.9,0.4,13.7,0.5,8.3,0.4,92.4,0.4,19.6,0.1,18.6,0.1,19.5,,13,0.2,65.1,0.6,3.9,0.3,47.6,0.8,16.3,0.7,6.8,0.5,11,0.6,0.2,0.1,10.2,0.6,10.7,0.4,4.9,0.3,14.3,0.6,23.5,0.4,7.1,0.5,0.4,0.1,39.5,0.8,11.4,0.5,0.8,0.2
"09180","Southeastern Connecticut Planning Region, Connecticut","09","180",TRUE,"missing_estimate:",86586,11.3688934186641,1937,35.8,0.9,14.8,0.6,8.8,0.4,6,0.4,91.6,0.7,19.3,,19.5,,15,,4.9,0.3,64,0.6,3.1,0.3,43.9,1.1,19.4,0.8,8.4,0.7,10.8,0.8,0.7,0.2,15.2,0.9,9.5,0.7,4.8,0.5,11.7,0.7,23.9,0.4,8.4,0.7,2.3,0.4,34.9,1.1,7.4,0.7,0.3,0.1
"09190","Western Connecticut Planning Region, Connecticut","09","190",TRUE,"missing_estimate:",128188,11.7612532153435,2370,55.5,0.6,9.5,0.3,23.8,0.6,11.8,0.5,94.7,0.5,21.8,0.1,17.4,0.1,20.5,,9.3,0.3,68.3,0.5,3.6,0.3,52.6,0.8,14.6,0.6,6.8,0.4,6.6,0.4,0.2,0.1,7.9,0.5,17.6,0.7,8.1,0.4,21.5,0.8,30.8,0.5,6.4,0.4,0.4,0.1,33.6,0.7,6.2,0.4,1,0.2
"10001","Kent County, Delaware","10","001",TRUE,"missing_estimate:",74477,11.2182456318701,2101,27.5,1.4,16.6,0.9,7.4,0.8,4,0.6,91.1,1,22.8,0.1,18.3,0.1,8.1,,26.4,0.6,62,0.9,3.5,0.5,37.3,1.5,18.2,1.3,9.5,1,15.3,1.2,0.9,0.2,7.6,0.8,8.2,0.9,3.3,0.5,8.7,0.8,26.5,0.7,6.4,0.8,11,1.1,27.5,1.3,6.6,0.9,0.4,0.2
"10003","New Castle County, Delaware","10","003",TRUE,"missing_estimate:",91166,11.4204372995351,1765,39.7,0.8,12.9,0.4,12.8,0.5,6,0.3,93.2,0.5,21.2,0.1,17.1,0.1,11.8,,24.9,0.3,65.7,0.5,3.2,0.3,47.3,1,15.9,0.6,7.2,0.4,10.8,0.5,0.5,0.1,7.1,0.5,12.4,0.5,3.9,0.3,17.6,0.6,25.3,0.4,5,0.4,2,0.3,31,0.9,7.5,0.5,0.6,0.1
"10005","Sussex County, Delaware","10","005",TRUE,"missing_estimate:",81497,11.3083214887355,1512,33,0.9,14.9,0.6,8.4,0.5,6.3,0.6,91.5,0.8,18.1,,30.2,,11.5,,9.8,0.4,54.1,0.6,2.9,0.4,37.3,1.2,19.4,1,11.1,0.8,11.7,0.9,1.9,0.4,8.6,0.8,11.5,0.8,6.4,0.7,13.4,0.8,27.3,0.7,29.9,0.7,12.8,0.7,18.4,1.1,3.3,0.4,0.7,0.2
"11001","District of Columbia, District of Columbia","11","001",TRUE,"missing_estimate:",109870,11.6070531276949,1937,64.2,0.6,11.5,0.4,14.3,0.4,5.6,0.3,91.2,0.5,18.7,0.1,12.8,0.1,11.9,,41.6,0.3,71.6,0.6,4.5,0.3,71.7,0.6,11.2,0.5,1.7,0.2,3.3,0.3,0.1,0.1,1.4,0.2,26,0.7,4.4,0.3,33,0.8,30,0.4,10.1,0.5,0.1,0.1,58.5,0.8,36,0.8,2.2,0.3
"12001","Alachua County, Florida","12","001",TRUE,"missing_estimate:",61949,11.034066744877,1676,48.8,1.1,12.1,0.7,11.6,0.7,3.2,0.4,88,1.1,17.8,,15.3,,12.6,,19,0.3,59.9,0.9,2.6,0.4,51.4,1,15.8,1.1,4.8,0.6,6.9,0.8,1,0.4,4.2,0.5,11.6,0.8,4.8,0.5,14.1,1,21.8,0.6,8.6,0.7,6.3,0.6,45.9,1.1,8.4,0.8,0.7,0.2
"12003","Baker County, Florida","12","003",TRUE,"missing_estimate:",79836,11.2877298095299,10214,17.8,3.3,14,2,1.4,0.5,0.5,0.4,90.4,3.1,24.3,0.2,15.2,0.5,4.1,,10.9,1.4,56.6,2.5,2.5,1.1,35.2,5.1,21.5,4,10.3,3.1,16.8,3.3,0.1,0.2,6.6,2.1,6.8,2.1,3.8,1.9,8.6,3.2,29.9,2.3,9.7,3.4,30.5,4.4,14.9,4.3,4.8,2.2,0.6,0.6
"12005","Bay County, Florida","12","005",TRUE,"missing_estimate:",73533,11.2054895640316,2046,29.6,1.3,17.4,0.9,8.6,0.8,4.5,0.6,92.8,1,21.1,0.1,18.3,0.1,9.2,,9.8,0.5,63.6,0.9,2.4,0.3,38.7,1.4,18.4,1.3,10.3,0.9,9.4,0.9,0.5,0.2,5.7,0.8,11.8,0.9,8.3,1,10.1,0.9,23.9,0.6,27.3,1.1,10,0.9,33.2,1.4,4.3,0.6,0.7,0.3
"12007","Bradford County, Florida","12","007",TRUE,"missing_estimate:",63050,11.0516833413931,5645,15.2,1.9,16.2,2,3.2,1,1.5,0.7,90.4,2.3,20.5,0.1,18.2,0.4,5,,15.4,1.4,49,2.1,2.3,0.9,30.7,3.4,18.7,3.8,14,2.5,11.3,2.5,0.9,0.7,5.8,2.1,14.4,3.3,5.5,2,10.6,3,32.4,3.1,14.8,3.1,30,4.1,26.7,4.2,6.2,2.3,1,0.7
"12009","Brevard County, Florida","12","009",TRUE,"missing_estimate:",78476,11.2705481245407,1054,34.2,0.7,16.3,0.5,9.7,0.4,3.6,0.3,93,0.5,18.1,0.1,24.5,0.1,12.2,,9.4,0.2,56.7,0.5,2.7,0.3,44,1,16.6,0.7,8.2,0.5,10.4,0.6,0.3,0.1,12.4,0.7,14,0.6,5.8,0.4,14.6,0.6,25.4,0.4,13.9,0.6,7.2,0.3,23.3,0.6,4.9,0.4,0.4,0.1
"12011","Broward County, Florida","12","011",TRUE,"missing_estimate:",77633,11.2597478735068,979,36.7,0.4,11.3,0.2,36.9,0.4,16.9,0.4,92.1,0.3,20.8,,17.9,0.1,32.8,,27.4,0.2,66.3,0.3,3.6,0.2,39.9,0.5,18.6,0.4,8.1,0.3,10.1,0.3,0.2,0.1,5.2,0.2,15.4,0.4,6.7,0.2,14.7,0.4,29.1,0.2,12.9,0.3,2.6,0.1,36.4,0.5,6.8,0.3,1.7,0.1
"12013","Calhoun County, Florida","12","013",TRUE,"missing_estimate:",50517,10.8300651922784,5263,13.6,2.7,24.8,3.6,3.6,0.9,1.2,0.5,87.7,3.4,19.8,0.9,18.6,0.7,5.3,,11.4,1.2,43.6,4,3.5,2,32.3,5.5,26.5,7.5,12.6,3.8,12.4,3.9,4.7,2.3,4.3,3,8.4,2.7,9,3.9,4.1,2.4,29.9,3,18.4,4.4,34.3,4.5,21.2,4.2,5.7,3,1.9,1.2
"12015","Charlotte County, Florida","12","015",TRUE,"missing_estimate:",69952,11.1555645715362,1682,27,1.1,19.8,0.9,9.8,0.5,3.5,0.4,92,1,11.8,,40.5,0.1,8.2,,5,0.4,43.2,0.8,2.3,0.4,35.1,1.7,19.7,1.5,8.6,0.8,11.6,1.1,0.6,0.2,5,0.7,12.2,1.1,7.8,1,16.2,1.6,26.9,1,23.7,1,10.3,0.7,16.2,1,4.5,0.6,0.4,0.2
"12017","Citrus County, Florida","12","017",TRUE,"missing_estimate:",56546,10.9428097451787,1701,20.6,1,21.5,1,5.6,0.7,1.9,0.3,90.9,0.8,14.7,0.1,36.5,0.1,7,,1.7,0.4,40.4,1,2.6,0.4,35.2,1.9,18.6,1.5,10.9,1.3,11.7,1.2,1,0.4,5.3,1,9.8,1.2,6,1,13.6,1.4,27.8,1.2,16.1,1.2,21.1,1.2,14.8,1.3,4.3,0.7,0.3,0.1
"12019","Clay County, Florida","12","019",TRUE,"missing_estimate:",87820,11.3830445441157,2783,28.3,1.3,14.5,0.8,7,0.6,3.6,0.5,94.6,0.8,22.8,0.1,17.1,0.1,11.4,,11.6,0.5,63,1,2.3,0.4,40,1.7,16,1.1,9.4,0.7,11.6,0.8,0.6,0.2,4.6,0.7,12.4,1,4.6,0.6,15.9,1.2,31.3,0.8,5.9,0.7,11.1,0.8,24.1,1.3,3.6,0.8,0.7,0.3
"12021","Collier County, Florida","12","021",TRUE,"missing_estimate:",90045,11.4080648243541,2224,40.3,0.9,11.3,0.5,24.6,0.7,12.8,0.8,92.5,0.7,16.3,0.1,33.8,0.1,28.2,,6.4,0.2,51.2,0.7,2,0.4,38.1,1.2,21.7,1.1,11,0.8,8.6,0.7,1.5,0.3,4.9,0.5,15.4,0.8,8.3,0.7,16.4,0.9,26.1,0.6,30.7,0.8,4.4,0.4,23.4,0.9,4.6,0.6,1,0.2
"12023","Columbia County, Florida","12","023",TRUE,"missing_estimate:",59205,10.9887612767651,3290,16.8,1.8,21.2,1.7,4.7,0.9,2.9,1,89.1,1.6,22.2,0.2,20.3,0.1,7.9,,16.1,0.9,54.3,1.4,2.9,0.7,32,2.8,21.1,2.8,13.4,1.9,11.3,1.8,2.4,1.1,4.8,1.2,6.8,1.6,6.8,1.4,8.3,1.4,25.8,1.2,9.5,1.5,34.7,2.5,27.5,2.6,5.5,1.3,1.3,0.6
"12027","DeSoto County, Florida","12","027",TRUE,"missing_estimate:",54417,10.9044318840261,3888,10.8,1.7,21.3,2.4,13.6,1.8,10.1,2.1,82,2.7,17.9,0.1,23.8,0.6,30.1,,12.3,0.7,49.5,2.9,4.7,1.8,22.9,3.2,21.5,3.8,22.9,4.1,12.1,2.7,7.3,3.1,2.4,1.6,13.5,3.8,5.9,2.3,4.7,2,30.5,2.6,19.2,2.2,31.8,2.8,27.5,3.5,7.5,2.1,2.9,1.2
"12029","Dixie County, Florida","12","029",TRUE,"missing_estimate:",50110,10.8219758679538,5316,10.7,2.1,25,2.5,2.3,1.1,1,0.5,76.5,5.3,17.9,0.7,23.9,0.4,4.6,,6,1.1,39.5,2.6,1.3,0.9,25.1,4.3,21.2,4.8,9.5,3,20.1,4.9,3.9,2.2,5.2,2.2,5.2,2.7,11.9,4.6,5.7,2.5,22.4,2.2,33.9,4.1,50.5,4.3,15.3,3.1,3.1,1.6,0.4,0.4
"12031","Duval County, Florida","12","031",TRUE,"missing_estimate:",71277,11.1743289737169,1146,34.4,0.6,13.7,0.3,12.2,0.4,6.5,0.4,91.1,0.5,22.4,,15.3,0.1,12.4,,28.2,0.3,65.7,0.4,2.9,0.2,40.7,0.7,16,0.5,7.7,0.4,12.1,0.5,0.2,0.1,5.3,0.3,12.9,0.4,4.8,0.3,16,0.5,24.1,0.3,8.7,0.4,3.6,0.2,41.8,0.7,7.2,0.4,0.7,0.1
"12033","Escambia County, Florida","12","033",TRUE,"missing_estimate:",67500,11.1198828768606,1848,29.7,0.9,17.4,0.6,5.7,0.3,3.3,0.4,91.9,0.7,20.9,0.1,17.9,0.1,7,,20.8,0.5,61.3,0.8,3.4,0.3,37,0.9,19.8,1,9.3,0.7,11.1,0.7,0.6,0.2,4.5,0.5,11.4,0.9,5.8,0.6,13.6,0.9,23.5,0.5,13.5,0.7,5.6,0.5,35.2,1.1,7,0.6,0.6,0.2
"12035","Flagler County, Florida","12","035",TRUE,"missing_estimate:",77363,11.2562639091064,3357,31.3,1.5,16.4,1.1,12.8,1,6.2,0.8,88.9,1.3,16.1,0.1,31.3,0.1,11.6,,8.8,0.5,49.1,1.1,2.1,0.4,38.9,2,15.8,1.7,8.7,1.5,11.8,1.5,0.4,0.2,5.3,1,13.9,1.7,7,1.1,18.4,1.6,27.4,1.2,13.7,1.1,3.6,0.6,17,1.8,4,0.9,0.4,0.3
"12037","Franklin County, Florida","12","037",TRUE,"missing_estimate:",64105,11.0682776429868,5989,27.9,3.2,20.5,2.7,4.2,1.3,2.2,1.2,89.5,3.3,15.4,0.7,26.5,0.5,5.6,,10.6,1,47.2,2.8,4,2.2,33.1,5.3,19.6,4.1,10.8,3.1,9.3,3.3,3.7,1.9,2,1.4,17.4,5.3,9.2,2.6,8.6,2.3,19.3,2.5,42.2,2.9,14.9,3.1,19.1,4.1,8.1,3.2,0.5,0.7
"12039","Gadsden County, Florida","12","039",TRUE,"missing_estimate:",48801,10.7955060834346,4163,21.3,2,21,1.5,5.7,1,5.3,1,80.3,2.5,22.1,,19.9,0.2,12.5,,52.2,1.2,47.7,1.7,2.4,0.6,30.3,2.7,24.6,3,12.6,2.3,12.8,2.5,3.7,1.4,2.9,1.3,7.4,1.5,4.6,1.3,9,2.3,30.3,1.2,11.9,1.9,26.2,2.9,29.3,2.8,11.4,2.4,0.3,0.2
"12041","Gilchrist County, Florida","12","041",TRUE,"missing_estimate:",63523,11.0591573240249,8592,15.3,2.4,20,2.8,3.9,1,2.5,0.7,86.7,3,21.2,0.1,20.2,0.3,8,,3,0.6,50.8,3.3,1.8,0.8,35.4,4.3,17.1,3.7,21.4,5.4,8.6,2.2,5.6,2.1,5.9,2.3,10.4,3.9,4.4,1.6,6.4,2.2,31.6,1.9,9.1,2.6,49.8,3.9,14.3,2.8,6.7,2.4,1.2,0.9
"12043","Glades County, Florida","12","043",TRUE,"missing_estimate:",45870,10.7335665875912,9869,13.4,3.6,21.2,3.3,11,2.3,10.3,1.7,80.7,5.6,13.2,,26,1,25.7,,14.7,0.7,39.2,2.6,2.8,1.4,30.5,5.8,20,5.9,24.8,6.1,7.1,2.6,8.4,4.9,9.6,5.2,11,3.5,6.2,3.1,3.8,2.1,32.2,5.3,32.7,4.7,54,5.5,14.9,4.2,2,1.4,0.4,0.5
"12045","Gulf County, Florida","12","045",TRUE,"missing_estimate:",61179,11.0215592723605,5548,23.5,3.4,20.2,2.9,3.8,1,1.8,0.7,90.9,3.1,15.1,0.5,23.7,0.9,4.9,,13.5,0.9,41.8,2.6,1.1,0.6,37,4.5,12.6,3.7,16.9,3.3,8,2.9,3.2,2.1,3.8,1.8,9.8,3.9,6.2,2.2,9.3,3.1,24.1,2.4,36.5,3.8,17.9,2.4,19.2,3.5,3.7,2.1,0.2,0.3
"12047","Hamilton County, Florida","12","047",TRUE,"missing_estimate:",50144,10.8226541451557,7418,11,2.4,18.9,2.8,4.5,1.8,3.2,1.2,81.4,4,20.6,0.3,19.7,0.4,11.5,,30.4,0.8,37.7,2.7,2.5,1.3,24.3,6.1,27.4,4.8,13,3.7,14.3,4.5,8.3,3.6,4.3,2.3,10.4,4.7,11.3,3.5,8.1,4,30,2.4,24.3,3.8,42.4,4.9,20.2,4.6,3.6,1.8,0.4,0.5
"12049","Hardee County, Florida","12","049",TRUE,"missing_estimate:",60489,11.0102168093062,6151,12.1,2.2,16.7,1.6,11.7,1.6,11.9,2.5,88.2,2.9,24.4,0.9,16.1,0.4,42.3,,7.2,0.8,52.6,2.6,3.1,1,25.2,4.5,18.2,4.1,19.8,3.3,16.6,3,14.1,3,5.2,2.1,7.1,2.3,4.5,1.8,4.3,1.8,26.8,1.8,17.3,2.7,27.1,3.4,28.6,4.5,6,2.2,2.6,1.2
"12051","Hendry County, Florida","12","051",TRUE,"missing_estimate:",56393,10.9401003163083,6381,12.2,2.7,11.7,1.4,30,2.6,20.9,2.4,84.9,2.9,24.9,0.1,13.8,0.4,57.6,,10.5,0.3,58.9,2.4,2.6,1,25.4,4.1,15.7,2.9,26.2,3.4,14.1,3.5,17.9,3.8,5.3,1.9,7.7,2.4,6,1.9,6.9,1.9,31.4,2.5,12.5,2.1,32.5,4,26.4,3.7,8.1,2.3,0.9,0.8
"12053","Hernando County, Florida","12","053",TRUE,"missing_estimate:",66058,11.0982884229794,1730,21.1,0.9,19.4,0.9,8.4,0.6,4.4,0.5,91.9,0.7,18.5,0.1,26.4,0.1,17,,4.7,0.3,51.7,0.9,2.7,0.4,33.9,1.3,17.9,1.3,11.1,0.9,12.5,0.9,0.7,0.2,5.4,0.7,12.2,1,6.1,0.7,14.4,1.2,31.4,0.9,10.9,0.9,14.4,0.8,17.5,1,4.5,0.6,0.4,0.2
"12055","Highlands County, Florida","12","055",TRUE,"missing_estimate:",54897,10.9132139811958,2416,20.5,1.5,22.9,1.2,10.8,0.9,8.1,0.7,86.7,1.7,16.7,0.1,36,0.1,22.2,,9.3,0.4,43.6,1.1,2.8,0.4,33.3,2,18.3,2,15,1.6,11.3,1.4,4.6,0.9,4.8,1,10.6,1.2,6.3,0.9,8.6,1.3,23.8,1.2,20,1.3,24.2,1.2,21.4,1.5,5.6,0.9,0.4,0.3
"12057","Hillsborough County, Florida","12","057",TRUE,"missing_estimate:",79540,11.2840153187617,1237,38.1,0.5,12.4,0.3,19.7,0.4,12.4,0.4,93.9,0.4,21.6,,15,0.1,30.4,,15.3,0.2,65.7,0.3,2.9,0.2,43.3,0.5,15.8,0.4,8.4,0.3,10.5,0.3,1,0.1,5.4,0.3,16.1,0.4,5.2,0.2,20.7,0.5,28.8,0.3,7.5,0.3,6.5,0.3,38.5,0.6,5.8,0.3,1.1,0.1
"12059","Holmes County, Florida","12","059",TRUE,"missing_estimate:",49343,10.8065511908292,2104,12.5,2.2,16.3,2,2.6,0.7,2.7,0.9,81,3.3,20.5,0.4,21.2,0.7,3.7,,5.8,0.5,48.5,2.5,2.2,0.9,30.6,3.3,22.8,4.5,15,3.5,13.9,3.2,4.4,2.6,6.2,1.8,5.3,2.3,11.1,3.3,6.8,2.2,34.7,3.1,19,2.6,36,3.7,23.6,3.5,3.3,1.5,0.1,0.4
"12061","Indian River County, Florida","12","061",TRUE,"missing_estimate:",73491,11.2049182287238,1900,33.8,1.1,17.6,1,10,0.8,4.5,0.5,89.9,1.2,15,0.1,34.8,0.1,13.9,,7.7,0.5,48.6,1.1,2.2,0.4,40,1.8,17.2,1.4,9.7,1,9.2,1.2,2,0.6,5.9,0.8,13.9,1.2,6.7,0.9,13.6,1.3,23.8,1,18.1,1.2,7.3,0.6,19.9,1.1,4.6,0.6,0.4,0.2
"12063","Jackson County, Florida","12","063",TRUE,"missing_estimate:",49149,10.8026117794884,2764,15.1,1.7,17.8,1.2,2.1,0.4,2.3,0.5,85,2.2,18.9,0.2,20.9,0.3,5.4,,25.2,0.6,44.1,1.9,2,0.7,38.6,3,20.7,2.5,12.4,2,9.8,1.3,4.1,1.3,4.1,1.1,10.2,2,9.7,2,6.9,1.7,27.4,1.3,14.2,1.9,27.7,2.5,24.1,2.3,3.7,1,0.6,0.4
"12065","Jefferson County, Florida","12","065",TRUE,"missing_estimate:",61212,11.0220985277109,4158,19.2,2.8,21.2,2.7,3.2,1.1,1.8,0.6,75.4,3.9,17.2,0.1,24.5,0.3,5.1,,27.8,2.5,53.4,2.7,3.9,1,34.2,4.6,16,3,11,3,13.3,3.1,2.2,1.1,4.3,2.3,12.6,3,4.1,1.5,6.3,2.1,29.4,1.7,16.5,3.4,29.2,4.9,24.1,4.2,11.1,2.7,0.1,0.1
"12067","Lafayette County, Florida","12","067",TRUE,"missing_estimate:",62757,11.0470254045572,7041,9.9,2.6,21.9,3.9,6.8,2.1,5.2,2.4,87.7,5.7,17.3,1.9,21.4,1.9,12.8,1.9,17.5,3.2,43.8,4.7,4.8,2.1,26.6,6.3,29,9.8,15.6,5.1,13.6,3.8,4.3,3.2,7.5,3.1,2.1,1.3,4.5,2.8,4.1,2.2,30.1,4.7,21.4,6.5,37.5,8.1,22.8,6,4.7,3.2,0.7,0.9
"12069","Lake County, Florida","12","069",TRUE,"missing_estimate:",73161,11.2004177710828,1462,27.8,0.8,15.8,0.6,10.7,0.6,5.1,0.4,92.6,0.6,19,0.1,26.6,0.1,18.8,,10.2,0.5,53.8,0.8,2.7,0.4,36.9,1.3,18.8,1,10.3,0.8,10.1,0.7,1.1,0.3,4.5,0.5,11.7,0.8,5.8,0.7,15.7,1,30.2,0.8,12.3,0.9,16.3,0.8,22.4,1,4.1,0.5,0.6,0.2
"12071","Lee County, Florida","12","071",TRUE,"missing_estimate:",76107,11.2398955238508,1463,31.2,0.6,13.8,0.3,18.9,0.4,11.5,0.4,92.1,0.5,17.2,0.1,28.9,0.1,24.7,,7.6,0.2,53.6,0.4,2.2,0.2,35.7,0.8,19.3,0.6,12,0.5,9.7,0.5,0.6,0.1,3.9,0.3,14,0.6,6.6,0.5,15.4,0.6,29.4,0.4,25.7,0.5,9,0.3,25.7,0.7,5,0.4,0.6,0.1
"12073","Leon County, Florida","12","073",TRUE,"missing_estimate:",66287,11.1017490785167,1595,48.9,1,13.3,0.6,7.4,0.5,3.2,0.3,91.4,0.6,18.5,0.1,14.8,0.1,8.2,,30.2,0.4,65.3,0.8,3.7,0.4,49,1.2,17,1,5.4,0.6,6.9,0.5,0.7,0.2,3.1,0.5,13.7,0.9,4.6,0.5,14.2,0.9,21.1,0.5,11,0.8,6.9,0.5,47.4,0.9,7.1,0.7,0.5,0.2
"12075","Levy County, Florida","12","075",TRUE,"missing_estimate:",56750,10.9464109353436,4509,16.5,1.8,21.7,1.7,3.9,0.8,3.4,0.6,80.8,2.8,19.4,0.1,25.1,0.2,10.4,,7.7,0.6,50.3,1.9,2.1,0.6,29.7,2.9,20.9,2.1,15.7,2.4,13.4,1.9,3.4,1.2,6.1,1.5,8.1,1.9,6.1,1.5,8.5,1.8,30.4,1.4,13.6,1.4,42.8,2.9,18.6,2.1,5.2,1.3,1.2,0.7
"12077","Liberty County, Florida","12","077",TRUE,"missing_estimate:",58671,10.9797008462608,8215,16.5,3.4,24.3,3.6,3.6,1.4,2.3,1,81.7,4.4,19.6,2,14.1,2,6.4,2.1,11.5,2,43.1,2.9,2.8,1.2,31.6,6.4,21.4,4.8,12.3,5.3,14.3,4.7,4.3,3.4,4.7,2.6,4.7,3,8.4,3.1,7.1,3.4,33.2,3.5,20.8,4.2,37,5.9,19.9,4.5,8.7,3.2,0.1,0.2
"12079","Madison County, Florida","12","079",TRUE,"missing_estimate:",48485,10.7890097507386,6886,13.9,2.1,18.8,2.3,3.6,1,1.2,0.6,77.1,4.2,17.7,0.5,22.9,0.4,5.8,,35.5,0.9,41.6,2.6,2.4,0.9,23.6,3.6,18.9,3.7,13,4.1,22.3,5.2,5.4,2.4,7.9,3.4,5.7,2.1,4.5,1.7,4.7,1.9,29.8,4.7,17.1,2.8,33.9,3.6,26.6,3.7,6.7,2.6,0.3,0.3
"12081","Manatee County, Florida","12","081",TRUE,"missing_estimate:",78457,11.2703059829887,1393,35.4,0.8,15.5,0.6,14.5,0.6,7.4,0.5,91.7,0.6,17.5,0.1,28.5,0.1,18.3,,7.6,0.3,54.9,0.7,2.5,0.3,38.8,1.1,18.4,1,9.4,0.7,10.4,0.6,0.8,0.2,6.1,0.6,13.8,0.7,6.8,0.6,15.8,0.9,27.3,0.6,20.1,0.8,13.7,0.5,25.7,0.9,4.4,0.4,0.8,0.2
"12083","Marion County, Florida","12","083",TRUE,"missing_estimate:",61010,11.0187930641459,1361,23.4,0.9,16.6,0.6,9.4,0.5,5.5,0.5,91.1,0.7,18.8,0.1,28.7,0.1,17,,11.6,0.3,49.1,0.7,2.4,0.3,31.9,1.1,20.6,1.1,10.2,0.9,13.5,1,2.2,0.4,6.4,0.7,11.1,0.8,5.9,0.6,12,0.9,26.8,0.7,12.4,0.7,18.2,0.8,22.5,0.9,4.8,0.5,0.9,0.3
"12085","Martin County, Florida","12","085",TRUE,"missing_estimate:",82943,11.3259089038721,2984,37.1,1.1,14.2,0.8,11.1,0.7,5.2,0.7,92.2,0.9,16.1,0.1,32.2,0.1,15.9,,4.7,0.3,52,1.2,2.5,0.4,38.7,1.7,19.1,1.6,10.2,1.1,8.7,1,1.5,0.7,5.5,0.7,14.2,1.1,7.3,1.2,15.7,1.5,28.4,1,18.4,1.1,8.8,1,20.4,1.2,4.3,0.6,0.5,0.2
"12086","Miami-Dade County, Florida","12","086",TRUE,"missing_estimate:",71753,11.1809849445945,708,34.4,0.4,10.3,0.2,54.5,0.3,35.1,0.4,89.7,0.3,20,0.1,16.9,0.1,69.3,,14.1,0.1,64.3,0.3,3,0.1,37.5,0.4,19.1,0.3,9.9,0.3,11.8,0.3,0.7,0.1,4.5,0.2,14.3,0.3,8.6,0.3,14,0.4,30.9,0.2,10.9,0.2,1.3,0.1,47.8,0.5,9.8,0.3,2.9,0.1
"12087","Monroe County, Florida","12","087",TRUE,"missing_estimate:",87738,11.3821103798399,4111,38.6,1.6,11.5,1.1,19.8,1.1,9.8,1.3,89.9,1.6,15.7,0.1,24.7,0.1,24.6,,6.8,0.3,62.6,1.1,1.8,0.5,35,1.9,22.5,1.7,11.8,1.5,9.2,1.4,1.6,0.6,2.5,0.6,12.4,1.6,10.4,1.1,13.2,1.3,19.5,0.9,37.3,1.3,8.3,1,34.2,1.7,6.1,1,1.7,0.7
"12089","Nassau County, Florida","12","089",TRUE,"missing_estimate:",89804,11.4053847967281,4034,35.6,1.9,16.2,1.1,3.9,0.6,1.7,0.5,94.6,1,19.3,,23.9,0.1,5.7,,5.5,0.4,58.1,1.3,2.6,0.6,38.6,2.3,15.1,1.6,10.8,1.6,11.8,1.5,0.7,0.4,7.3,1.2,13.8,1.6,4.1,0.8,13.7,1.9,30.1,1.2,12.8,1.3,16,1.4,17.3,1.7,3,0.8,0.5,0.3
"12091","Okaloosa County, Florida","12","091",TRUE,"missing_estimate:",81998,11.314450135705,2764,34.8,1.2,15.5,0.8,9.2,0.7,5.2,0.6,93.2,0.7,22.6,,16.6,0.1,11.3,,9.1,0.3,64.9,0.9,2.2,0.3,41.4,1.5,19.9,1.2,9.8,0.8,9.1,0.7,0.5,0.2,4.8,0.6,13.9,1.1,7.2,0.8,9.7,0.9,26.3,0.7,17.8,0.9,4.5,0.4,31.6,1.1,3.6,0.5,0.7,0.3
"12093","Okeechobee County, Florida","12","093",TRUE,"missing_estimate:",57984,10.9679223894027,4108,15.8,1.9,20.3,2.3,13.4,1.5,7.5,1,84.4,2.7,21.4,0.2,20,0.4,26.1,,7.5,0.6,50.1,1.9,2.2,0.5,30,3.9,23.5,2.6,16.2,2.4,11.1,2.2,6.1,1.7,3.2,1.1,8.6,2.3,6.4,1.6,6.6,1.7,28.4,2.3,18.6,2.9,38.9,2.8,26.1,2.7,4.7,1.4,0.6,0.4
"12095","Orange County, Florida","12","095",TRUE,"missing_estimate:",79719,11.2862632303444,1200,39.3,0.6,11.1,0.3,24.3,0.5,15.2,0.5,93.9,0.3,21.4,,13,0.1,33.8,,19.1,0.2,67.5,0.4,3.7,0.2,42,0.7,18.4,0.5,7.3,0.3,10.7,0.4,0.3,0.1,4.9,0.3,15.7,0.5,5.6,0.4,17.7,0.5,28,0.4,10.1,0.4,3.1,0.2,43.2,0.7,5.7,0.3,1.3,0.2
"12097","Osceola County, Florida","12","097",TRUE,"missing_estimate:",72637,11.1932297128629,1876,29.8,1.1,13.6,0.6,26.6,1.3,22,0.9,92.6,0.9,23.9,0.1,13.4,0.1,56,,9.9,0.3,66.1,0.9,3.5,0.4,32.3,1.2,19.7,1,9.9,0.9,13.4,0.8,0.4,0.2,4.7,0.6,11.5,0.8,5.5,0.6,13.3,1.1,35.2,0.7,16.7,0.9,6.7,0.7,34.7,1.3,4.3,0.6,1.4,0.3
"12099","Palm Beach County, Florida","12","099",TRUE,"missing_estimate:",83581,11.3335715005152,1022,40.5,0.5,12.3,0.2,27.7,0.4,15,0.4,91.4,0.4,18.8,,24.8,0.1,24.4,,18.1,0.2,59.6,0.4,3.3,0.2,41.1,0.6,20,0.5,8.7,0.4,8.7,0.3,0.8,0.1,4.4,0.2,16.4,0.4,7.1,0.3,15.4,0.4,26.5,0.3,15.8,0.4,2.8,0.2,29.9,0.5,6,0.3,1,0.1
"12101","Pasco County, Florida","12","101",TRUE,"missing_estimate:",70492,11.1632545071843,1570,29.2,0.7,16.4,0.4,12.3,0.4,6.1,0.3,91.3,0.6,20.2,0.1,21.9,0.1,18.6,,6,0.2,57.7,0.6,2.8,0.3,42,0.9,16.3,0.6,8.2,0.5,9.1,0.5,0.5,0.1,4.7,0.3,14,0.6,6.3,0.4,20.3,0.8,31.1,0.4,13.1,0.7,17.2,0.5,24.3,0.8,4.7,0.4,0.6,0.1
"12103","Pinellas County, Florida","12","103",TRUE,"missing_estimate:",72646,11.193353608983,1000,36.8,0.5,15.6,0.4,12.4,0.3,6.1,0.3,90.5,0.4,15.4,,26.4,0.1,11.2,,9.4,0.2,58.8,0.4,2.6,0.2,44.6,0.6,16.4,0.5,6.6,0.3,9.3,0.4,0.3,0.1,7.3,0.3,15.3,0.4,6.4,0.4,20,0.5,25.2,0.4,17.6,0.5,9,0.3,30.5,0.5,6.9,0.4,0.8,0.1
"12105","Polk County, Florida","12","105",TRUE,"missing_estimate:",65978,11.0970766321073,1143,23.5,0.6,13.8,0.4,12.6,0.5,10.7,0.4,90.7,0.5,22,0.1,19.5,0.1,29.2,,14.1,0.2,58,0.6,2.8,0.2,32.9,0.8,18.8,0.8,10.6,0.5,14.9,0.7,1.2,0.2,6.2,0.4,11.4,0.5,5,0.4,12.4,0.5,30.5,0.5,15.1,0.5,19.6,0.6,29.5,0.7,5.4,0.4,0.8,0.2
"12107","Putnam County, Florida","12","107",TRUE,"missing_estimate:",47934,10.7775803437101,2163,14.5,1.4,19.8,1.3,4.7,0.7,3.9,0.6,85.7,1.9,21.2,,23.8,0.1,11.2,,14.7,0.5,47.5,1.6,3.5,0.8,26.8,2.3,20.8,2.3,17.8,2,16.4,2.2,4.5,1.4,8.8,1.6,9.4,1.7,6.9,1.5,9.8,1.9,29.6,1.4,15.4,1.7,43.7,2.3,24.6,2,6.8,1.3,0.6,0.4
"12109","St. Johns County, Florida","12","109",TRUE,"missing_estimate:",109839,11.6067709362489,3407,50.9,1.1,11.1,0.7,9.4,0.7,3.1,0.5,95.4,0.5,21.6,0.1,21.1,0.1,9.1,,4.9,0.2,60.6,0.8,2,0.3,52.9,1.3,13.5,0.9,5.5,0.6,6.1,0.8,0.5,0.2,5.4,0.8,16.7,1.2,5.9,0.7,26.7,1.4,26.9,0.6,13.3,0.8,4.8,0.5,17.8,1.1,3.1,0.5,0.4,0.2
"12111","St. Lucie County, Florida","12","111",TRUE,"missing_estimate:",71457,11.176851149168,2290,26.7,1,14.8,0.7,18.2,0.9,8.9,0.7,92.6,0.8,19.7,0.1,24.6,0.1,21.8,,20.9,0.3,56,0.9,3.4,0.4,33.9,1.3,20,1.4,10.2,1,12.6,1,0.8,0.3,5.9,0.7,13.1,0.9,7,0.8,12.1,0.8,29.3,0.7,14.2,0.9,6.7,0.4,21.4,1.2,4.4,0.6,0.8,0.2
"12113","Santa Rosa County, Florida","12","113",TRUE,"missing_estimate:",91922,11.4286956703364,2448,32,1.1,15.4,0.8,4.9,0.5,1.9,0.4,93.7,1.1,21.8,0.1,16.7,0.1,6.9,,5.5,0.3,59.8,1,2.5,0.5,39.3,1.5,17.7,1.4,10.9,1,9.9,0.9,0.8,0.3,4.3,0.6,12.4,1.2,5.9,0.8,12.7,1.1,30.5,0.8,9.2,1.1,8.4,0.8,19.4,1.4,3.4,0.6,0.1,0.1
"12115","Sarasota County, Florida","12","115",TRUE,"missing_estimate:",83416,11.3315954164694,1422,40.8,0.8,15.1,0.5,13,0.5,5.5,0.4,92.9,0.6,14,0.1,37.5,0.1,10.7,,3.9,0.2,48.9,0.6,1.8,0.2,41.6,1,18.2,0.8,8.5,0.7,8.8,0.6,0.6,0.1,6,0.5,14.3,0.8,8.3,0.5,16.6,0.8,24.5,0.5,20.4,0.7,8.3,0.4,23.3,0.7,4.1,0.4,0.3,0.1
"12117","Seminole County, Florida","12","117",TRUE,"missing_estimate:",85761,11.3593196366844,2077,42.7,1,11.9,0.4,15.1,0.6,7,0.4,94.7,0.5,20.5,0.1,16.6,0.1,23.9,,11.1,0.3,67,0.6,2.8,0.3,46.5,0.9,14.7,0.6,6.5,0.5,8.2,0.6,0.2,0.1,4.9,0.4,17,0.7,4.9,0.4,21.6,0.9,26.8,0.5,6.2,0.6,2.1,0.3,33.8,0.9,3.9,0.4,0.7,0.2
"12119","Sumter County, Florida","12","119",TRUE,"missing_estimate:",76508,11.2451505895104,3168,35.3,1.7,18.8,1.2,6.1,0.6,2.2,0.3,91.5,1.6,7.1,0.1,57.7,0.1,6.4,,6.3,0.3,25.8,1.2,1.4,0.4,34.2,2.4,17.5,1.7,10.9,1.4,12.1,2,1.8,0.6,6.7,1.7,11.9,1.7,5.4,1.1,13.9,1.9,28.9,1.7,16.4,1.6,11.3,0.9,12.4,1.3,3.1,0.5,0.3,0.2
"12121","Suwannee County, Florida","12","121",TRUE,"missing_estimate:",56658,10.9447884744911,4147,16.6,2,20.9,2.4,6,1,4.1,0.8,86.5,3.1,20.9,0.1,21.2,0.6,11.8,,9.5,1,50.5,2.1,3.2,1.2,32.1,3.7,17.2,2.7,13.5,2.4,15.3,2.5,4.4,1.6,6.6,2.4,7.6,2,6.1,1.5,8.3,2.1,29.2,2,16,2.5,47.7,3.3,25.1,3,5.9,1.8,1.3,0.6
"12123","Taylor County, Florida","12","123",TRUE,"missing_estimate:",49073,10.8010642643662,7315,16.5,2.7,20.2,3.3,5.3,2.8,3.1,1.9,81.2,3.6,20.3,0.3,21.2,0.9,4.3,,19,1.1,43.5,3.1,2.3,0.9,36.1,5.2,23.7,5.3,12.7,3.9,11.9,3.9,2.1,1.7,8,3.8,7.6,2.8,7,2.5,8,4.2,21.3,3.1,29.2,3.1,40.1,4.6,24,4.3,8,3,0.3,0.5
"12125","Union County, Florida","12","125",TRUE,"missing_estimate:",64146,11.0689170142416,6434,11.1,2.2,18.4,2.6,2,0.6,1.6,0.7,90.1,2.9,21.7,0.1,16.6,0.5,5.4,,14.7,1.7,38,2.3,1.8,1,29.9,5.3,18.1,4.1,14.6,3.8,14.6,4.8,0.1,0.1,5.2,2.8,8.3,3.4,4.9,2.4,7.7,3,37.2,4.2,10.7,3.3,48.6,4.8,25.3,5.2,2,1.2,1.3,1.1
"12127","Volusia County, Florida","12","127",TRUE,"missing_estimate:",70044,11.1568788949918,1237,28.4,0.6,17.3,0.5,8.8,0.4,3.8,0.3,91.6,0.5,17.4,0.1,25.4,0.1,16.3,,10.3,0.2,54.8,0.6,2.3,0.2,38.4,0.9,18.1,0.8,9.2,0.5,11.1,0.6,0.7,0.2,5.9,0.4,13.1,0.6,6.2,0.6,14.4,0.7,27.5,0.5,14.3,0.6,8,0.4,26.3,0.8,5.3,0.5,0.6,0.1
"12129","Wakulla County, Florida","12","129",TRUE,"missing_estimate:",81895,11.3131932179165,7842,23.3,2.9,12.7,1.5,2.8,0.6,1.4,0.5,88.9,2.4,20.7,0.1,16.5,0.4,4.9,,13.7,0.6,58.5,2.1,1.9,0.7,40,3.8,16,2.5,11.7,1.9,8.7,2.2,0.5,0.5,4.6,1.3,9.2,2.2,9.6,3.2,7.6,2.2,32.3,2.1,12.7,2.5,27.3,3.8,18.1,2.5,3.2,1.4,0.7,0.7
"12131","Walton County, Florida","12","131",TRUE,"missing_estimate:",81986,11.3143037799628,3439,35,2.1,13.6,1.3,7.4,1,3.7,0.7,92.5,1.6,20.9,,20.1,0.2,8.6,,4.1,0.5,59.1,1.5,2.9,0.7,36.5,2,18.8,2.1,9.2,1.4,10.3,1.6,0.5,0.3,3.9,0.8,16.1,2,7.7,1.4,16.3,1.8,29.4,1.3,43.9,1.7,12.3,1.4,21.4,1.9,3.5,1.1,1,0.6
"12133","Washington County, Florida","12","133",TRUE,"missing_estimate:",58210,10.9718124402658,6699,11.5,1.4,20.4,2.4,2.7,0.7,1.4,0.5,87,2.2,20,0.1,18.8,0.5,4,,13.4,0.8,46.8,2.1,1.7,0.5,27.6,3.3,19.4,3.3,15.4,2,16.8,3.2,1.7,0.9,5.5,1.7,8.9,2.4,6.9,2,7.4,2.3,36.1,2.2,15.9,2.2,36.7,3.3,20,3.2,2.9,1.1,1.2,0.9
"13001","Appling County, Georgia","13","001",TRUE,"missing_estimate:",46651,10.750449642273,6244,11.2,2.4,15.9,2.2,5.4,1.1,3.9,1.2,76.1,4.6,24.4,0.1,18.6,0.4,10.8,,18.1,1.4,54.6,3.6,1.7,1,29.9,4,12.5,3.5,15.5,2.9,21,3.9,6.4,2.5,13.7,2.7,5,1.7,5.2,2.4,3.5,1.6,27,2.9,16.2,3.5,37.2,5,27.5,3.7,6.3,2.1,0.7,0.7
"13003","Atkinson County, Georgia","13","003",TRUE,"missing_estimate:",42347,10.6536528593184,8985,8.9,3.1,14.6,2.5,13.4,2.4,9.1,2.9,83,5.1,25.3,0.1,14.2,1.4,27.5,,13.6,1.7,59.2,3.9,2.8,1.5,25,5.9,13.7,5.2,16.4,5.3,29.9,5.3,7.3,3.1,27.1,5.1,6.5,3.6,6.4,3.7,3.1,2.5,24.2,2.1,8.7,3.7,51,5.8,38.1,5.9,6.3,2.7,0.9,1
"13005","Bacon County, Georgia","13","005",TRUE,"missing_estimate:",44694,10.7075945434043,4178,10.4,3,17.6,3.3,3.5,1.4,1.9,1.2,84.8,4.4,25.1,,17.9,1.2,8.5,,13.4,2.6,50.8,3.4,1.3,0.9,28.1,5.9,10.7,3.7,22.7,4.7,22.9,4.8,9.1,3.9,13.1,4.1,6.8,3.3,5.8,2.5,6.8,2.9,26.4,3.5,13,3.5,30.7,4.9,31.4,5.3,7.7,3.9,0.7,0.8
"13007","Baker County, Georgia","13","007",TRUE,"missing_estimate:",46012,10.7366575110159,14727,16.7,5.9,17.1,4,4.7,2.3,3.7,2.3,64,10.3,16,4.5,27.2,6.1,4.2,2.2,36.8,9.6,44.5,6.1,3,2.6,28.7,7.1,16.6,6.9,13.8,7.2,17.2,7.8,10.9,5.6,16.1,8.3,5.4,3.6,5,3.8,9.9,6.4,24.8,3.5,19.7,5.1,29.6,7.4,23.3,6.8,6.2,3.3,0,4.2
"13009","Baldwin County, Georgia","13","009",TRUE,"missing_estimate:",54403,10.9041745783823,3703,24.4,2.3,15.9,1.7,3.3,0.7,1.6,0.5,89.8,1.7,18.4,0.1,17.2,0.2,2.9,,41.3,0.6,47.7,1.9,2.9,0.7,36.8,3.2,18.1,2.6,7,1.7,15.4,2.4,2,1.1,10.9,2.1,8.1,1.8,3.4,0.9,8.2,1.8,25.3,2,18.3,2.6,21.4,2.3,38.9,3.2,7.9,1.8,1,0.6
"13011","Banks County, Georgia","13","011",TRUE,"missing_estimate:",77063,11.2523785481257,8642,18.6,2.3,14.7,2.1,5.7,1.1,3.2,0.9,88,2.9,21.4,0.1,17.4,0.4,7.3,,2.7,1.1,61,2.5,1.8,0.7,36.5,4.5,13.6,2.5,13.4,2,20.9,3,2.9,1.1,19.3,3.4,7.9,2.4,5.9,1.6,8.7,2.1,32.7,2.6,8.3,2.1,24.5,3.9,21.3,3.5,2.4,1,0.4,0.4
"13013","Barrow County, Georgia","13","013",TRUE,"missing_estimate:",80653,11.2979112806297,4208,21.2,1.6,12.7,1.1,10.1,0.7,6,0.7,94.2,1,25.1,,12.9,0.1,15.3,,13.7,0.5,67.6,1.3,2.5,0.5,34.1,2,15.4,1.6,11.9,1.2,17.9,1.7,0.4,0.2,13,1.3,11.7,1.6,6,1.1,9.3,1.1,33.5,1,4.5,1.2,6.2,0.9,21.5,1.7,3.1,1,0.5,0.3
"13015","Bartow County, Georgia","13","015",TRUE,"missing_estimate:",82243,11.3174335586229,4075,24.3,1.4,12,0.9,4.9,0.6,4.5,0.6,87.8,1.7,23.2,0.1,14.6,0.2,10.6,,10.4,0.6,65.4,1.3,3.1,0.7,33.3,2.2,14.5,1.4,10.8,1.2,16.8,1.6,1,0.5,16.6,1.8,9.2,1.1,5.7,0.9,11.3,1.2,29.4,1.2,9.7,1.2,9.7,1.1,27.2,2,2.7,0.7,0.3,0.2
"13017","Ben Hill County, Georgia","13","017",TRUE,"missing_estimate:",41758,10.6396463286893,3419,13,2.4,11.2,1.9,2.7,1,2.8,1.5,81.1,3.6,24.5,0.2,18,0.1,6.8,,37.9,0.6,55.1,3.4,1.7,0.9,27.9,5.1,13.8,4.2,14.8,4,25.1,5,2.6,1.4,21.1,5,4.9,2.3,4.7,2.7,5.7,2.3,16.8,1.9,13,3.3,20.9,3.6,36.7,4.3,6.3,2.7,1.3,1
"13019","Berrien County, Georgia","13","019",TRUE,"missing_estimate:",52876,10.8757048286993,5234,15.7,2.5,18.6,2.6,1.6,0.6,0.6,0.4,82.5,3.9,23.4,0.1,17.6,0.4,6.1,,11.2,0.9,56.4,2.5,2,0.8,29.8,3.7,14.9,3,14.2,3.3,22.4,4.3,4.8,1.6,22.1,4.6,7.1,2.4,9.4,3.1,7.4,2.4,24.6,2.2,13,2.5,32.7,3.7,29,3.8,3.4,1.6,0.2,0.2
"13021","Bibb County, Georgia","13","021",TRUE,"missing_estimate:",51234,10.8441586531357,2220,26.3,1.2,16.1,0.8,3.8,0.5,2.2,0.3,85.8,1.2,24.4,,16.4,0.1,4.7,,54.7,0.6,56.7,1.1,4.6,0.7,37.7,1.9,17.6,1.8,6.1,0.9,15.9,1.5,1,0.4,9.5,1.4,9.7,1.1,5.4,1,9.5,0.9,22.2,0.8,16.7,1,2.6,0.5,48.6,1.6,11.3,1.5,1,0.4
"13023","Bleckley County, Georgia","13","023",TRUE,"missing_estimate:",62008,11.0350186879613,8633,19.8,3.4,17.8,2.6,1.2,0.6,1,0.5,73.4,5.4,20.3,0.2,18.1,0.6,3.8,,26,0.4,55.4,4,3.2,1.5,35.2,5.1,23.7,3.9,7.6,2.8,14.2,3.7,3.4,1.8,8.1,2.9,4.9,1.8,3.3,1.6,7.5,2.7,25.6,2.4,15.6,3.9,26.9,4.2,27.1,4.1,8.2,3,0,1.1
"13025","Brantley County, Georgia","13","025",TRUE,"missing_estimate:",58239,10.9723105123935,9961,14.5,3.2,18.5,2.8,1.3,1.1,0.3,0.3,79.6,5,20.9,0.4,17.4,0.4,3.1,2,3.2,1.6,51.9,3.5,1.5,0.8,30.7,4.9,20.2,4.3,12.9,3.2,18.3,3.8,3.2,1.8,7.3,3.2,8,2.7,6.5,2.5,4.2,1.9,30.5,2.9,20.5,4.7,51,5.4,20.1,4.2,5.3,2.1,0.2,0.4
"13027","Brooks County, Georgia","13","027",TRUE,"missing_estimate:",46807,10.7537880433704,5373,15.8,3.2,18,2.6,3.3,1.5,2,1.1,74.8,5.2,20,1.1,22,0.7,6.8,,32.8,1.6,51,3.5,2.6,1,28.5,4.4,19.8,4.6,12.9,4.4,20.9,5.1,6.2,3.2,18.2,4.5,4.9,2.4,5.2,2,5.3,2.5,24.7,2.4,17.7,3.4,29.9,4.4,28.3,5.2,8.3,3,0.9,1.2
"13029","Bryan County, Georgia","13","029",TRUE,"missing_estimate:",103408,11.5464376075027,8398,36.1,2.6,12.8,1.5,6.3,1.2,2.6,0.9,92.8,2,29.1,0.1,10.9,0.2,8.2,,13.2,1.3,70.9,1.9,3.5,0.9,38.6,3,14.6,2.1,10.7,1.8,14.1,2.8,0.6,0.5,11.8,2.3,8.3,1.9,5.4,1.5,9.4,1.8,32,1.3,7.5,1.9,10.5,2.1,22.3,2.8,3.5,1.1,0.2,0.2
"13031","Bulloch County, Georgia","13","031",TRUE,"missing_estimate:",58810,10.982067187454,2738,32.5,2.2,15.6,1.4,4,0.7,1.8,0.4,87.4,1.8,20,,12.4,0.2,5.2,,28.1,0.6,59.6,1.5,4.9,0.8,36.9,2.1,18,1.9,9.7,1.4,16.3,1.6,1.5,0.5,8.4,1.1,8.6,1.5,5.6,1,9.1,1.4,25.2,1.1,9.7,1.5,14.5,1.6,46.9,2.2,5.6,1.2,0.2,0.1
"13033","Burke County, Georgia","13","033",TRUE,"missing_estimate:",53014,10.8783113085959,3683,15.5,3.1,16.3,2,1.7,0.7,1.2,0.5,85.6,3,24.5,0.1,17.7,0.2,3.6,,45,1.2,58.3,2.5,2.9,1.1,28.3,4.4,18.4,3.4,11.6,2.3,21.5,3.7,2.7,1.3,13.2,3.6,11.9,3.3,5,1.9,8.3,3,28,1.9,18.7,3.5,30,4.1,30,3.8,9,3.1,0.6,0.7
"13035","Butts County, Georgia","13","035",TRUE,"missing_estimate:",69241,11.1453484517046,7885,14.4,2.1,15.4,2.2,0.9,0.4,0.9,0.5,88.2,2.8,20.6,0.2,15.8,0.2,3.9,,24.3,2.2,54.5,2.4,1.8,0.9,29.9,3.7,15.2,2.9,13.3,3.1,20.9,5.5,0.9,0.9,9.6,2.5,10.2,2.7,6.9,2.8,11,3.1,29,2.1,8,2.4,7.1,2.5,25.7,4.6,4.3,1.9,0.9,1.1
"13037","Calhoun County, Georgia","13","037",TRUE,"missing_estimate:",46940,10.756625469405,11345,13,3.2,14.2,2.8,3.1,1.5,1.8,1.3,77.7,4.7,15.3,,17.3,,5.5,3,58.4,3.3,33.6,2.9,2,1.2,38,8.1,15.6,7,9.1,4.3,22.3,8.1,11.9,5.1,16.4,7.7,9.6,6.5,4.1,2.4,9.5,5.2,24.4,3.5,21.5,4.2,23,4.9,40.6,7,10.7,4.1,0.3,0.4
"13039","Camden County, Georgia","13","039",TRUE,"missing_estimate:",74378,11.2169154781689,4646,24.6,2.3,17.6,1.6,2.9,0.6,1.2,0.4,91.3,1.5,24.1,,15.3,0.2,7.6,,16.2,1,60.9,1.7,2.8,0.8,40.8,3.2,16.7,2.8,9.1,1.9,14.2,2.5,0.8,0.5,10.1,2,10.2,1.8,4.6,1.3,11.1,2.2,28.3,1.5,8.4,1.8,10.3,1.8,32.2,2.5,4.4,1.3,0.8,0.5
"13043","Candler County, Georgia","13","043",TRUE,"missing_estimate:",49581,10.8113629748089,5151,16,3.5,20.8,3.8,5.8,1.5,4.5,1.8,83.1,3.9,24.8,1.5,19.1,1.2,12.8,,22.4,1.9,52.7,3.5,1.3,0.9,36.3,5.6,18.9,5,10.7,2.8,17.8,3.8,3.3,2.3,12,3.7,6.7,2.2,6.8,2.4,3.1,1.8,23.4,2.5,11,3.5,32.6,4.9,38,5.2,3.6,2.5,0.9,0.9
"13045","Carroll County, Georgia","13","045",TRUE,"missing_estimate:",73714,11.2079480194319,2711,23.8,1.5,15.6,1,5.7,0.5,3.5,0.6,89.7,1.2,23.8,,14.2,0.2,8.6,,18.2,0.7,63,1.3,3.7,0.6,33.8,2,15.9,1.4,10.4,1.4,17.5,1.6,0.8,0.4,14.2,1.5,12.1,1.2,5.8,1,10.1,1.4,29.7,1.4,7.8,1.2,11,1.4,28.7,1.9,3.9,0.7,0.6,0.2
"13047","Catoosa County, Georgia","13","047",TRUE,"missing_estimate:",74639,11.2204184377895,3589,24.2,1.8,17.5,1.3,2.8,0.6,1.9,0.5,88.7,1.8,21.9,,18.7,0.1,4,,1.3,0.3,62,1.6,2.6,0.6,36.1,2.5,11.7,1.6,11.7,1.8,15.8,1.6,0.9,0.4,13.7,1.8,7.9,1.2,7.7,1.5,9.6,1.6,24.5,1.1,6.7,1.6,9,1.4,25.8,2.3,4.3,1.3,1.3,1
"13049","Charlton County, Georgia","13","049",TRUE,"missing_estimate:",61276,11.0231435281326,14832,12.3,3.2,18.2,2.6,2.7,1.7,2.9,1.9,87.3,3.4,19.9,1.5,14.3,0.6,15.4,,24.8,1.1,53.7,3.5,7.5,3.6,21.7,3.6,25.4,4.5,15.8,5.3,22.1,4.9,2.2,1.5,10.9,4.2,15.9,3.6,4,1.9,2.2,1.5,28.7,2.1,11.4,3.2,38.5,5.6,19.9,4.8,7,2.5,0.5,0.8
"13051","Chatham County, Georgia","13","051",TRUE,"missing_estimate:",71097,11.1718004208083,1907,37.7,1.1,16,0.7,8.7,0.7,4,0.5,92.2,0.7,20.7,0.1,16.7,0.1,8.3,,38.4,0.5,63.7,0.8,3.7,0.4,40.4,1.3,18.8,1,6.2,0.7,14.6,1.1,0.4,0.1,7.8,0.7,12.8,0.9,5.5,0.6,11.6,0.8,23,0.5,12.5,0.9,3.5,0.5,43.2,1.1,7.6,0.8,0.6,0.2
"13053","Chattahoochee County, Georgia","13","053",TRUE,"missing_estimate:",61042,11.0193174308213,5340,29.6,5.8,12.8,3,4.8,1.6,5,1.7,89.7,5.1,14.8,2.4,4.5,1.1,17.9,,19.3,1.1,82.9,2.8,1.6,1,29.5,7.7,27.2,9.9,5.7,3.9,17.8,7.3,0.2,0.3,6.1,4.5,16.4,7.1,9.9,4.5,8.7,2.2,10.5,1.1,33.7,5.2,20.8,4.9,60.7,7,3,2.5,0,2.5
"13055","Chattooga County, Georgia","13","055",TRUE,"missing_estimate:",50285,10.8254621008786,2880,12,1.9,20.3,2.1,3.5,0.7,2.9,0.6,85.2,3.1,22,0.1,18.7,0.4,5.7,,8.9,0.4,49.5,2.6,2.7,0.8,22.9,2.9,17,3.2,10.6,2.1,30.7,3.5,0.6,0.4,30.2,3.1,7.5,2.1,7.6,1.8,3.9,1.4,28.1,2.6,15.9,2.7,18.2,2.8,33.2,3.6,7.6,1.9,0.7,0.6
"13057","Cherokee County, Georgia","13","057",TRUE,"missing_estimate:",108115,11.590950754408,2344,41.1,1.2,10.9,0.5,10.3,0.6,5.8,0.6,95.9,0.6,22.8,0.1,15.8,0.1,12.4,,7,0.3,68.5,0.9,2.2,0.3,45.4,1.4,14.7,1,7.9,0.8,9.8,0.9,0.5,0.2,8.4,0.6,16.5,1.1,5.7,0.6,21.9,1.1,31.3,0.6,4.6,0.7,2.9,0.5,22.7,1.2,2.4,0.4,0.2,0.2
"13059","Clarke County, Georgia","13","059",TRUE,"missing_estimate:",53625,10.8897706562303,2435,47.4,1.7,12.1,0.9,9.9,0.7,5.3,0.6,92.6,0.9,16.7,,12.5,,11.8,,25.6,0.6,62.5,1.3,3.3,0.6,46.3,1.7,19.3,1.5,5.5,0.7,12.6,1.4,0.8,0.3,8,1.2,10.6,1.1,3.9,0.7,13.5,1.1,20.7,0.8,6,0.8,4.5,0.8,58.6,1.5,6.3,0.9,0.5,0.3
"13061","Clay County, Georgia","13","061",TRUE,"missing_estimate:",49147,10.8025710860726,6954,23.4,7.8,17.1,4.6,0.3,0.6,0.5,0.7,80.6,7,19.7,4.3,29.2,4.5,0,1.7,60.5,5.7,49.7,5.7,2.2,2.4,19.9,7.5,17.4,8,16.9,7.1,26.9,8.9,8.2,4.4,17.8,8.6,2.1,1.9,3.8,4.8,2.2,2.2,23.2,2.8,37.9,5.8,39.6,8.8,21.7,6.7,8.4,5.3,0,3.8
"13063","Clayton County, Georgia","13","063",TRUE,"missing_estimate:",59806,10.9988612693537,1877,22.5,1.2,12,0.8,13.4,0.7,10,0.6,91.3,1.1,26.8,,10.7,0.1,14.5,,68.5,0.6,66.7,0.9,4.8,0.5,26.7,1.2,20,1,9.1,0.8,22.6,1.4,0.4,0.2,7.5,0.9,10.9,0.9,5.3,0.6,10.6,0.8,31.6,0.7,8.3,0.8,2.7,0.5,45.5,1.4,7.1,0.9,1,0.5
"13065","Clinch County, Georgia","13","065",TRUE,"missing_estimate:",45847,10.7330650447915,11463,9.1,2.7,19.3,5.2,5.9,3.6,6.2,2.2,71.3,7.3,24.8,,17.8,1.2,6.6,2.5,25.7,2.3,47.9,6.5,1,1.1,23.5,6.5,8.2,4.4,26.2,6.4,20.9,7.6,15.1,6.4,20,7.2,4.6,3.5,4.3,2.6,5.4,4.7,27.8,4.2,20.1,5.2,28,5.9,29.2,6.9,14.6,6.1,0,1.9
"13067","Cobb County, Georgia","13","067",TRUE,"missing_estimate:",102738,11.539937337217,1561,50.8,0.8,9.4,0.4,16.5,0.5,7.8,0.3,96.1,0.3,22.6,,13.7,0.1,15.1,,26.4,0.3,70.5,0.5,3.2,0.2,50,0.9,12.8,0.5,7.4,0.4,9.5,0.5,0.2,0.1,7.5,0.4,18.5,0.6,5.9,0.4,23.6,0.7,29.4,0.4,5.9,0.4,0.9,0.1,33,0.8,3.9,0.3,0.5,0.1
"13069","Coffee County, Georgia","13","069",TRUE,"missing_estimate:",50683,10.8333458276318,4084,13.9,1.9,13.3,1.6,7.1,0.8,5.9,1.1,86.8,2.2,24.5,0.2,14.6,0.5,13.5,,28,0.5,53.6,2.4,2.3,0.8,33.5,3.6,13.9,2.9,15.3,2.3,19.6,2.7,4.6,1.5,17,3,6,1.8,5.7,1.5,5.6,1.8,18.7,1.3,12.3,2,30.6,3.2,35.3,2.9,6.9,1.9,0.5,0.4
"13071","Colquitt County, Georgia","13","071",TRUE,"missing_estimate:",49341,10.8065106574094,4778,15.5,1.5,17.5,1.6,11.1,1.3,8.7,1,84.9,2.4,25.6,0.1,16.1,0.1,20.8,,22.8,0.4,59.6,2.2,2.5,0.8,28.8,2.8,15.4,2.2,15.7,1.9,21.3,2.6,11.7,2.4,12.8,1.9,5.2,1.2,3.9,1.4,5.9,1.4,21.1,1.2,13.4,1.8,24.4,1.9,36.3,2.6,6.2,1.3,1,0.7
"13073","Columbia County, Georgia","13","073",TRUE,"missing_estimate:",95592,11.4678444135296,3151,38.5,1.6,14,1,7.3,0.8,3,0.5,91.6,1.5,24.8,0.1,15.1,0.1,8,,18.7,0.5,64.5,1.2,3,0.6,46.4,1.6,16.7,1.8,8.5,1.2,9.9,0.9,0.5,0.2,8.9,1.1,12.7,1.2,5.1,0.9,11,1.4,24.9,0.7,10.6,1.3,5.8,0.9,21.9,1.7,3.1,0.8,0.2,0.2
"13075","Cook County, Georgia","13","075",TRUE,"missing_estimate:",53651,10.8902553872141,6406,17.9,2.5,15.5,2.2,2.4,1.5,3.3,1.5,79.2,3.5,25.4,,16.2,0.1,7.6,,27.6,1.6,58,3.1,2.1,1,29.9,3.7,17.7,3.2,13.4,4.1,20.5,3.5,1.6,1.1,12.9,3.8,5.4,1.9,8.4,3.1,2.8,1.6,25.6,2.4,15.8,3.1,27.5,3.5,34,4.2,5.2,1.8,0.1,0.1
"13077","Coweta County, Georgia","13","077",TRUE,"missing_estimate:",95548,11.4673840179998,2278,36.2,1.2,13.4,0.9,6.6,0.8,3.4,0.5,93.7,1,23.1,,15.2,0.1,8.2,,18.2,0.6,64,1,2,0.4,41.4,1.7,14.5,1.3,8.7,0.9,14.3,1.3,0.8,0.3,10.4,1.3,11.7,1.2,4.1,0.7,14,1.3,29.8,0.9,4.9,0.7,3.2,0.7,21.6,1.4,3.2,0.7,0.5,0.4
"13079","Crawford County, Georgia","13","079",TRUE,"missing_estimate:",67116,11.1141777446096,7977,14.5,3.5,21.4,2.3,2.2,0.8,0.6,0.3,79.1,4.8,20.8,0.9,20.2,0.7,3.9,,21,1.1,57.3,3.9,1.4,1.1,28.9,5.3,7.5,3.2,18,6,14.6,4.7,3.5,2.5,5.7,2.9,4.3,2.1,12.7,4.3,7.5,2.8,33,3.1,15.3,4.4,36.6,4.8,18.6,5.3,4.6,2.1,0.5,0.8
"13081","Crisp County, Georgia","13","081",TRUE,"missing_estimate:",45105,10.7167483840907,3085,15.3,3.2,19.4,2.3,3.1,1.8,1.9,0.7,75.5,4.3,23.6,0.8,19.8,0.1,3.6,,44.8,1,55.9,3.2,4.2,1.6,25,4.4,20.4,3.8,8.3,2.7,24.4,4,4.3,2,11.7,3.6,4.7,1.9,8.9,2.6,6.1,2.6,20.6,1.9,20.2,2.9,19.6,3.2,44.5,4.7,15.7,4.2,0.1,0.2
"13083","Dade County, Georgia","13","083",TRUE,"missing_estimate:",64568,11.0754742110042,5718,18.4,3.1,17.8,2.5,1.8,0.7,0.7,0.4,87.4,2.9,19.9,0.7,21,0.3,2.9,,1.1,0.7,56.8,2.8,1.8,0.8,33.7,4.7,15.2,3.1,13.3,3.3,16.5,3,1.1,0.9,20,3.7,9,2.3,8.1,3.1,11.3,2.8,27.2,1.8,18.1,3.5,17.6,3.2,20,3.5,2.8,1.7,0.2,0.2
"13085","Dawson County, Georgia","13","085",TRUE,"missing_estimate:",92991,11.4402579932589,6574,36.4,3.1,11.8,1.5,5.2,1,2,0.9,92.6,2.4,20.4,0.1,19.5,0.2,7.3,,1.9,0.4,62.6,2.2,2.2,0.9,47.6,3.5,12.3,2.4,8.3,1.7,11.6,2.6,0.2,0.1,10.1,2.2,13.3,2.1,6.3,1.8,14.7,2.7,30.8,1.7,10.9,2.2,8,1.7,21.3,3.4,1.6,1,0.3,0.4
"13087","Decatur County, Georgia","13","087",TRUE,"missing_estimate:",53317,10.8840105086437,4692,15.1,2.8,17.4,2,3.7,0.7,2.7,0.9,77,3,24.2,0.1,17.1,0.2,7.1,,41.9,0.8,51.3,2.7,3.3,1.1,30.8,3.4,13.2,3.3,9.9,2.3,20.6,3.6,5.6,1.3,13,2.6,7.8,2.8,6.5,2.1,4.4,1.6,21.4,2.4,19.6,3.2,20.6,2.8,37.9,4.5,6.9,2.2,1.1,1.3
"13089","DeKalb County, Georgia","13","089",TRUE,"missing_estimate:",80644,11.2977996852496,1859,47.4,0.7,12.2,0.5,17.3,0.7,8.6,0.3,93.7,0.5,22.7,0.1,13.8,0.1,10.6,,50.4,0.3,68.3,0.5,4.4,0.3,48.9,0.8,14.5,0.7,5.2,0.4,12.4,0.6,0.4,0.2,6.1,0.4,17.6,0.6,4.9,0.3,22.6,0.7,30.4,0.5,13.2,0.6,0.6,0.1,41.2,0.7,7.3,0.5,1,0.2
"13091","Dodge County, Georgia","13","091",TRUE,"missing_estimate:",51587,10.8510249817435,4418,17.2,2.3,21.5,2.3,1.9,0.5,0.8,0.3,77,4.8,18.7,,19.8,0.3,3.6,,30.9,0.6,46.3,2.4,2.8,0.9,28.2,4.5,13.6,2.8,17.8,3.3,21.1,5.5,1.9,1,19.9,4.6,6.6,2.5,5.7,2.5,5.8,2.3,26.3,1.7,19.9,2.7,26.6,3.8,29.4,4.4,4.2,1.9,0,0.7
"13093","Dooly County, Georgia","13","093",TRUE,"missing_estimate:",60987,11.0184160056892,7768,14.8,2.9,16.7,3,4.3,0.9,1.9,0.6,76.6,4.5,15.6,,22.3,0.6,8.3,,46.9,1.4,43.8,3.8,1.6,1,34.5,5.7,16.1,4.6,9.4,3.2,27.9,6.1,9.3,4.2,20.5,6.1,9.4,4,4.3,2.8,4,2.1,23.1,2.7,15.6,4.1,31.3,5.2,35.3,6,7.3,3.3,0.3,0.5
"13095","Dougherty County, Georgia","13","095",TRUE,"missing_estimate:",49044,10.8004731333523,1712,22.8,1.7,18.5,1.2,2.3,0.3,1.7,0.3,82.3,1.6,24.1,0.1,17.4,0.1,3.3,,70.2,0.5,55.1,1.5,5.6,0.8,34.1,2.5,17.5,1.6,7,1.2,17.5,2.1,1.4,0.7,10,1.7,9.4,1.6,5.3,1,9.1,1.4,20,1,15.7,1.6,4.7,0.7,54.7,1.8,10.9,1.2,0.3,0.3
"13097","Douglas County, Georgia","13","097",TRUE,"missing_estimate:",82984,11.3264030971117,3540,30.8,1.7,12,0.9,9.6,0.9,4.3,0.6,94.9,0.9,25.3,,12.2,0.1,12.2,,49.2,0.8,66.1,1.2,4.1,0.6,38.4,1.8,13.2,1.5,7.8,1.1,17.1,1.5,0.2,0.1,8.9,1.2,11,1.1,4.5,0.7,15.2,1.4,33.2,1.1,7.3,1.1,4.5,0.8,33.1,2.1,3.1,0.7,0.8,0.4
"13099","Early County, Georgia","13","099",TRUE,"missing_estimate:",54083,10.898275182551,8746,14.7,2.9,16.6,2.1,0.5,0.6,0.1,0.2,70.7,5,24.4,0.1,19.9,0.1,0.6,0.7,53.2,1.5,53.7,3.4,3.6,1.5,31.4,3.9,19.5,4.7,12,3,17.5,3.8,5.2,2,12.8,3.8,6.1,2.3,5,2.3,3,1.6,21,2.2,17,3.6,27.5,4.7,33.4,4.7,9.1,3.1,2.4,1.8
"13101","Echols County, Georgia","13","101",TRUE,"missing_estimate:",59489,10.9935467004928,12940,15.7,5.6,8.2,3.2,10.8,3.5,12.9,4.4,68.5,8.4,30.3,3.4,12.3,2.8,21.1,7.1,6.3,3,64.9,5.4,1.1,0.8,26.7,8.2,20.7,6.5,23.9,7.4,12.7,5.7,8.8,4.7,11.5,4.6,1.3,1,11.8,8.4,1,1.2,29.2,5.7,15.5,5.9,42.7,6.9,24.1,8.4,1.9,2.2,1,1.2
"13103","Effingham County, Georgia","13","103",TRUE,"missing_estimate:",88438,11.390057020514,4983,27.2,1.9,13.7,1.3,4.2,0.8,2.3,0.5,87.3,2.1,26.4,0.1,12.5,0.2,6.6,,14.4,0.6,67.4,1.9,3.7,1.1,37.5,2.5,13.5,1.7,11.7,1.5,18.1,1.9,1.4,0.6,19,1.7,8.5,1.5,5.4,1.1,6.5,1.1,32.3,1.4,6.4,1.3,17.1,1.9,21.6,2.4,2.8,0.9,0.5,0.5
"13105","Elbert County, Georgia","13","105",TRUE,"missing_estimate:",58450,10.9759269669002,5901,16.3,2.2,18.2,1.8,4.5,0.8,4.3,1.4,82.3,3.1,22.1,0.1,21.2,0.3,5.9,,22.3,2.8,59.1,3.3,2.7,1.3,28.8,3.3,12.5,3.7,12.5,2.9,27.5,4,6.4,2.1,25.8,3.7,5.6,1.9,6,1.9,7.1,2.2,24.1,2.4,11.1,2.5,22.3,3,29.1,3.4,7.2,2.2,1.2,1
"13107","Emanuel County, Georgia","13","107",TRUE,"missing_estimate:",52772,10.8737360260037,4751,13.5,2.5,19.9,2.3,2.6,0.5,1.8,0.5,85.5,2.4,24.9,0.1,16.4,0.2,4.8,,31.3,1.3,56.2,2.2,5,1.5,23.8,3,20.2,2.8,16.4,2.8,20.2,3.7,4,1.8,14.9,2.8,5.4,1.5,8.1,1.9,6.4,2,28.5,2.9,17.2,3.3,32,3.3,39.2,3.3,8.2,2.2,0.2,0.3
"13109","Evans County, Georgia","13","109",TRUE,"missing_estimate:",53259,10.8829220833749,5328,14.5,2.9,15.5,1.8,5.1,1.5,6.9,2.3,82.9,5.4,25.1,0.2,17.1,0.7,12.3,,28,1.6,56.4,2.9,2.4,1.2,27.3,4.8,12.9,3.4,16.1,3.6,24.6,4.8,9.7,4.7,13,4.1,4,1.9,6.5,3.1,3.6,2.1,28,2.6,13.3,3.7,30,4.2,34.6,4.7,6.5,2.7,0.6,0.8
"13111","Fannin County, Georgia","13","111",TRUE,"missing_estimate:",57073,10.9520864291721,5492,24.2,3.5,19.3,2.2,4,1.2,1.1,0.5,88.9,2.9,15.5,0.2,30.9,0.2,3.3,,0.4,0.3,50.2,2.7,1.9,0.8,27.6,4.5,25.7,4.6,9.5,2.1,12.8,3.1,1.9,0.8,8.1,2.1,11.5,3.5,10.9,2.9,11.5,2.5,26,2.8,35.7,3.3,8,2,21.4,4,3,1.4,0.7,0.4
"13113","Fayette County, Georgia","13","113",TRUE,"missing_estimate:",111978,11.6260577024112,4052,49.9,1.7,12.4,0.8,11,0.8,4.7,0.5,94.8,1.2,22.5,,20,0.1,8.6,,25.3,0.6,60.1,1.1,2.3,0.4,50.8,2.1,12.3,1.2,6.2,1,12.5,1.4,0.3,0.2,8.4,0.9,12.6,1.2,5.6,0.9,18.5,1.7,31.4,0.9,4,0.9,2.4,0.5,19.9,1.7,3.2,0.6,0.1,0.2
"13115","Floyd County, Georgia","13","115",TRUE,"missing_estimate:",65565,11.0907972959655,3312,25.9,1.5,18.3,1,6.6,0.7,4.8,0.6,87.8,1.2,22.7,0.1,16.8,0.1,12.4,,13.6,0.6,58.9,1.4,2.5,0.6,33.4,2,17.8,1.5,9.4,1.4,20.4,1.6,0.9,0.3,17.4,1.6,9.3,1.1,5.9,1.1,7.5,1.3,23.3,0.8,9.9,1,7.3,1.2,36.4,2.3,7.3,1.3,1,0.4
"13117","Forsyth County, Georgia","13","117",TRUE,"missing_estimate:",143784,11.8760674524319,2813,57.1,1.2,8.2,0.5,22.9,0.7,6.8,0.5,97.7,0.4,25.7,,12.7,0.1,10.1,,4.2,0.2,69.1,0.7,2.4,0.3,57.8,1.2,10.2,0.6,5.3,0.6,6.5,0.6,0.4,0.1,8.6,0.7,22.9,1,5.6,0.7,32.5,1.1,30.6,0.7,3.8,0.6,2.5,0.5,15.6,1.1,2,0.4,0.5,0.2
"13119","Franklin County, Georgia","13","119",TRUE,"missing_estimate:",53046,10.8789147406339,4536,17.8,2.3,17.9,1.9,4.6,0.9,3.3,0.7,82,3.1,22.2,0.3,19.1,0.6,5.4,,8.8,0.9,53.3,2.6,3.1,1,30.3,3.1,15.7,2.9,11.8,2,23.7,2.7,3.8,1.5,17.5,2.4,5.8,1.2,8.3,2.1,9.6,2.4,27,1.7,17.5,2.7,29.1,4,22.8,3,5.6,1.4,0.5,0.4
"13121","Fulton County, Georgia","13","121",TRUE,"missing_estimate:",95292,11.4647011406832,1748,58.5,0.6,10.3,0.3,14.1,0.4,5,0.3,93.5,0.4,20.9,0.1,12.7,0.1,8.2,,42.1,0.2,69.5,0.4,3.7,0.3,57.3,0.7,11.2,0.5,3,0.2,8.5,0.5,0.2,0.1,5.8,0.3,22.4,0.6,5.4,0.3,29.1,0.6,27.7,0.4,8.8,0.4,0.4,0.1,45.7,0.7,10,0.5,0.9,0.1
"13123","Gilmer County, Georgia","13","123",TRUE,"missing_estimate:",74499,11.2185409814588,5480,24.9,2.7,18.7,2,5.2,0.9,3.2,0.9,90.7,2.1,18.3,0.2,27,0.3,12.3,,0.3,0.2,52.6,2.6,1.4,0.5,32.1,3.3,17.2,2.6,14.3,2.6,16.1,2.6,2.1,0.9,15.8,3,7.8,1.6,7.9,2.2,9.2,2.7,28.9,1.8,29.7,2.8,14,1.8,19.3,2.6,2.9,1.3,1.2,0.7
"13125","Glascock County, Georgia","13","125",TRUE,"missing_estimate:",54934,10.9138877436381,6267,17,5.4,22.6,5.8,0.1,0.1,0,1.7,66,8.5,22.5,2.6,18.5,1.8,3.2,3.7,7.2,3.8,52.1,5.7,0.8,0.8,19.9,7.3,17.3,7,10.9,5.5,25,9.1,2.8,2.3,16.5,7.2,6.1,4.3,16.3,9.3,7.9,4.8,49.6,11.1,26.5,6.4,30.9,7,32.4,8,8.6,5.8,5.2,5.3
"13127","Glynn County, Georgia","13","127",TRUE,"missing_estimate:",69799,11.1533749620003,3187,32.4,1.5,13.6,1,6.4,0.7,3.3,0.5,88.8,1.7,20.8,0.1,22.7,0.1,7.8,,24.1,0.9,56.9,1.5,2.1,0.5,36.8,2.2,19.9,1.9,8.6,1.4,12.5,1.7,0.8,0.4,8.3,1.5,12.5,1.8,7.4,1.1,8.8,1.3,20,0.8,18.3,1.7,9.7,1.3,33.3,2.1,4.5,1,0.7,0.4
"13129","Gordon County, Georgia","13","129",TRUE,"missing_estimate:",63650,11.0611546039856,2284,18.8,2.2,13.2,1.1,7.9,0.9,7.5,1.3,85.2,2.3,23.1,0.1,15.8,0.3,16.3,,3.4,0.5,61.3,2.1,2.2,0.7,32.5,2.7,13.2,1.9,10.9,1.5,22.1,2.5,2.2,0.8,24,2.5,7.1,1.7,5.9,1.3,6.8,1.4,25.3,1.3,9.4,1.8,9.5,1.6,26.1,3.2,3.6,1.3,0.4,0.3
"13131","Grady County, Georgia","13","131",TRUE,"missing_estimate:",58980,10.9849536823693,7098,16.4,2.4,19.3,2.4,5.7,1.5,6.2,1.3,85.2,3,24.6,0.1,19,0.6,13.3,,28.8,0.5,57.2,3.1,2.1,0.9,30.7,3.7,16.8,3.5,14.4,2,19.2,2.9,3.9,1.2,12.2,2.9,10.1,2.7,7.8,2,3.5,1.4,26.2,1.9,13.2,3,30.7,3.8,33.9,3.6,5.3,1.5,0.4,0.5
"13133","Greene County, Georgia","13","133",TRUE,"missing_estimate:",86272,11.3652603748319,6974,37.8,3.1,14.4,1.9,5.1,1.5,2.7,1.5,86.6,2.4,17.2,0.3,30.9,0.3,7.2,,29.5,0.9,50.2,2.4,1.7,0.8,39.8,4.1,16.4,3.2,9.4,2.5,16.2,3,2.9,1.3,12,2.8,13.2,2.8,8.8,2.5,15.7,2.8,28.4,2.1,24.3,2.8,11.6,2,22.1,3.3,4.4,1.6,0.2,0.2
"13135","Gwinnett County, Georgia","13","135",TRUE,"missing_estimate:",87890,11.3838413115587,1617,39,0.7,8.9,0.3,28.4,0.5,16.8,0.4,94.6,0.4,26,0.1,11.3,0.1,23.7,,27.8,0.3,68.6,0.5,2.9,0.2,41.6,0.7,15.5,0.5,9.6,0.5,13.3,0.6,0.2,0.1,8.8,0.4,14.9,0.6,6.4,0.3,18.4,0.6,32.8,0.3,4.1,0.3,1.3,0.2,33.7,0.7,3.8,0.3,1.1,0.2
"13137","Habersham County, Georgia","13","137",TRUE,"missing_estimate:",67309,11.1170492362609,3432,24.6,1.9,16.8,1.2,9.4,0.8,6.7,0.8,89.4,1.7,21.8,,19.3,0.2,16.1,,3.2,0.4,56,1.8,1.5,0.5,31.2,2.4,16.3,1.9,14.5,1.9,18.8,1.9,3.3,0.9,18.1,2.3,9.1,1.5,7.2,1.6,9.6,1.5,27.7,1.7,12.2,1.9,20.3,2.1,27.2,2.4,4.2,1.3,0.4,0.3
"13139","Hall County, Georgia","13","139",TRUE,"missing_estimate:",80901,11.3009814639096,2550,27.3,1,12,0.7,16.9,0.6,13.3,0.8,93.6,0.8,23.8,,16.3,,29.1,,6.7,0.3,63.6,0.7,2.2,0.3,34.1,1.3,15.4,1,11.7,0.9,18.7,1.1,0.8,0.3,16.2,1,12.4,1.1,6.4,0.7,11.9,1,27.3,0.8,9.1,0.9,8.3,0.8,31.4,1.1,6.3,0.8,1.3,0.3
"13141","Hancock County, Georgia","13","141",TRUE,"missing_estimate:",40082,10.5986826347134,9107,10.3,3.7,23.3,5.8,2.2,1,1.3,1.4,71.3,5.4,13.7,1.5,25.2,,0.7,0.6,69.7,1.7,30.1,3.8,1.9,2,23.5,9.7,14.8,7,14.2,7.1,21.5,6.4,10,10.1,12.7,6.2,5.4,4,3.1,4.1,2.4,2.7,35.4,7.5,41.2,5.6,43.1,6.1,20.7,6.8,8.4,4,0,1.6
"13143","Haralson County, Georgia","13","143",TRUE,"missing_estimate:",72127,11.186183733062,7552,17,2.6,15.9,1.8,1.5,0.5,0.3,0.1,85.3,3,23.7,0.3,15.5,0.2,2.1,,5,0.4,61.1,2.2,2.7,0.8,28.9,3.5,17.5,2.9,14.3,2.5,17.3,3.1,1,0.7,18,3.1,8.8,2,4.4,1.2,9.6,2.3,33.8,2.5,8.4,2.6,17.6,2.6,28.4,3.5,3.4,1.2,0.9,0.7
"13145","Harris County, Georgia","13","145",TRUE,"missing_estimate:",97302,11.4855748229474,6023,38,3,14.8,1.7,2.1,0.6,1,0.4,88.9,1.9,21.5,0.3,19.2,0.2,4.9,,15.5,0.7,59.6,1.9,3.4,1.1,47.7,3.3,12.2,2,9.2,2.2,13.1,2.9,0.5,0.3,11.8,2.3,10.6,1.9,4.2,1.1,11.2,1.9,26.1,1.1,11.4,2.3,7.7,2,11.2,2.4,1.4,0.8,0,0.1
"13147","Hart County, Georgia","13","147",TRUE,"missing_estimate:",59385,10.9917969482083,4472,20.8,2.5,17.9,2.3,3.7,0.9,2.3,0.9,85.8,3.1,20.3,0.1,22.6,0.2,4.3,,17,0.9,55.3,2.3,1.9,0.8,29.8,3.2,17.4,3.3,11.5,2.7,19.5,2.4,2.3,0.8,19.5,2.9,6.9,1.7,6,1.6,10,2.3,26.8,2.2,16.4,2.6,23.1,2.7,22.2,2.6,6.2,1.9,0.4,0.4
"13149","Heard County, Georgia","13","149",TRUE,"missing_estimate:",65868,11.0954080183379,12936,12.8,2.8,22.4,2,0.7,0.5,1.8,1.8,73.5,5.1,23.1,0.2,17.6,0.7,2.8,,7.8,1.9,53.2,2.7,2.3,1.2,34.9,4.8,10.4,2.6,18.9,3.6,19.1,4.3,0.3,0.5,15,3.4,6.2,2.1,4.2,2.4,5.3,2.1,34.9,3,10.6,3.4,27.3,4.9,27.7,4.8,5.5,2.2,0.5,0.5
"13151","Henry County, Georgia","13","151",TRUE,"missing_estimate:",83146,11.3283533776311,2422,29.5,1.2,11.1,0.6,9.1,0.6,4.4,0.4,94.3,1,25.1,,12.5,0.1,8.3,,51.2,0.6,67.6,1,4.2,0.5,37.2,1.3,14,0.8,7.4,0.8,17.7,1,0.4,0.2,7.4,0.7,10.4,1,4.7,0.6,15.6,1.1,33.1,0.8,5.2,0.8,2.9,0.6,25.1,1.5,2.4,0.5,0.5,0.2
"13153","Houston County, Georgia","13","153",TRUE,"missing_estimate:",80698,11.2984690708035,3122,32.5,1.7,13.8,0.8,6.6,0.5,3.4,0.4,93.1,1,25.5,0.1,13.7,0.1,7.6,,32.2,0.6,63.6,1.1,3.1,0.5,41.1,2,14.2,1.2,8.2,1,15.4,1.4,1,0.3,8.8,1,11.2,1.4,3.9,0.6,10.3,1.4,22.8,0.9,8.6,1.1,6,0.7,33.1,1.7,4.2,0.8,0.4,0.2
"13155","Irwin County, Georgia","13","155",TRUE,"missing_estimate:",51384,10.8470821189376,8025,15.2,3.7,8.5,2.3,1.5,0.8,0.8,0.5,83.5,4.6,22.7,1.1,18.1,0.8,7.2,,24.1,1.7,55.6,5.6,2.2,1.3,32.5,6.3,15.8,4.1,9.3,4.3,25.2,6.5,4.6,2.6,11.9,4.6,3.4,2.3,7.3,3.4,4.9,3.3,23.5,5,15,4.7,24.4,4.9,29.6,5.5,3.4,2.2,0.2,0.4
"13157","Jackson County, Georgia","13","157",TRUE,"missing_estimate:",89544,11.4024854035691,3436,27.8,1.7,12.9,0.9,7.3,1,3.9,0.6,94,1.2,25.1,,14.5,0.2,10.9,,7.6,0.6,65.6,1.5,2.2,0.5,40.3,1.9,13.8,1.2,11.1,1.4,14.2,1.5,1.7,0.8,10.9,1.3,11.2,1.3,5.5,0.8,12.3,1.5,31.3,1.2,7.6,1.3,12,1.2,20.7,1.8,2.3,0.8,0.6,0.3
"13159","Jasper County, Georgia","13","159",TRUE,"missing_estimate:",60134,11.0043306843556,4640,19.5,2.9,15.1,2.2,2.5,0.7,1.5,0.5,81.2,4.4,23.3,0.1,17.5,0.3,5,,16.3,1.2,59.8,2.8,4.3,1.5,30.6,4.3,19.2,3.8,17,3.2,14.7,2.9,2.7,1.8,11.5,2.5,8.5,2.3,9.4,3.2,8.4,2.3,39.2,2.6,9.2,3.2,18.5,4.2,14.4,3.3,4.3,2,0.4,0.4
"13161","Jeff Davis County, Georgia","13","161",TRUE,"missing_estimate:",40283,10.6036848227086,6427,13.2,3.7,22.7,3.6,5.9,1.1,6.3,1.6,76.6,5.9,25.6,,15.7,0.6,14,,12,1.8,54.7,4.1,3.7,1.1,32,5.6,13.6,3.8,17.8,4.2,18.2,4.6,3.3,1.4,11.1,3.4,8,3.2,7,2.6,5.8,3,22.1,2.1,14.3,4.4,33.8,4.5,28.7,4.9,9.2,3.6,1.1,1.1
"13163","Jefferson County, Georgia","13","163",TRUE,"missing_estimate:",53014,10.8783113085959,7090,13.5,2.4,17,2.6,3.5,0.8,2.1,0.7,83.7,3,22.6,0.3,18.7,0.2,3.6,,52.7,0.3,56.2,3.2,3.3,1.4,29.9,4.1,12.4,3.4,14.4,2.8,27.5,4.4,4.4,2,16.4,3.7,4.1,1.5,6.2,2.5,3,1.4,28.2,3.1,19.8,3.3,28.3,3.8,31.9,3.9,8.1,2.3,0.1,0.1
"13165","Jenkins County, Georgia","13","165",TRUE,"missing_estimate:",44389,10.700746969978,7923,10.3,3.2,16.7,4.8,2.9,1.6,4.2,2.6,77.4,7,17.2,2.7,21.2,3.9,9.2,3.5,37.1,5.4,43.1,5,1.7,1.4,28,8.1,12.5,5.6,7.4,3.9,27.8,7.9,2.1,2.5,9.2,4.9,5.4,3.7,12.6,5.9,10.1,5.6,29.8,5.8,26.7,5.7,29.7,6.6,17.8,6.3,6.3,3.9,0.4,0.7
"13167","Johnson County, Georgia","13","167",TRUE,"missing_estimate:",51028,10.8401297806582,8776,8.4,2.1,18.7,2.8,0.7,0.4,0.7,0.5,83,3.5,17.8,,20.3,,1.8,1,32.8,1.6,43.4,2.9,3.2,1.5,26.3,5.3,13.9,4.4,23.2,4.9,22,5.1,1.4,1.3,15.3,6,5.6,2.8,9,4.2,4.3,2.7,28.1,3.1,9.6,2.8,33.2,5.7,24.1,4.3,6.8,2.7,0.3,0.3
"13169","Jones County, Georgia","13","169",TRUE,"missing_estimate:",75500,11.2318879352371,4081,19.9,2.3,16.5,1.7,1.3,0.5,0.6,0.4,89.5,2.2,22.8,0.1,18,0.2,2.2,,24.3,1.1,60.7,2.3,2.3,0.7,37.2,3.1,13.7,2.5,10.8,2.3,9.9,2.2,1.6,0.7,6.3,1.4,8.5,2.6,4.2,1.3,13,3.7,29.8,1.5,9.1,2.6,24.9,3.1,16.4,2.9,4.5,1.5,0.1,0.1
"13171","Lamar County, Georgia","13","171",TRUE,"missing_estimate:",67062,11.1133728436137,7932,19.2,4.3,15.9,2.1,2.7,1,0.5,0.4,85.2,3.5,20.4,0.2,17.7,0.7,3.4,,27.1,1,56.8,3.2,2.3,1.3,31.3,5.2,17.1,3.7,11,2.9,18.2,4.8,0.4,0.4,18.2,5.9,6.1,2.1,5,1.9,5.6,2.1,31.8,2.8,9.3,2.7,17.4,4.3,24.3,3.8,4.3,2.1,0,0.7
"13173","Lanier County, Georgia","13","173",TRUE,"missing_estimate:",47186,10.7618525174067,4932,19.3,4.6,17.9,2.9,4.8,1.5,3.4,1.2,86.8,4.4,22.5,0.9,15.2,1.1,7.4,,24.2,1.4,53.4,4.3,2,1.3,28,6.4,24.8,6.3,14.3,3.8,17.8,4.2,5.8,2.6,9.1,3.8,7.7,3.2,7.7,3,7.5,3.3,24.7,2.4,16.5,3.9,35.9,6.3,26.8,4.9,7.2,3.9,0.6,1
"13175","Laurens County, Georgia","13","175",TRUE,"missing_estimate:",55010,10.9152702658695,5114,19.1,1.9,17,1.6,3.2,1,1.6,0.5,86.2,2.2,24.6,0.1,18.4,0.2,3.3,,36.5,0.9,57.1,2,2.9,1,35.3,2.7,18.9,2.6,10.7,1.8,15,1.9,1.4,0.6,10.4,1.5,7.4,1.5,3.4,1.1,4.3,1.1,24.6,1.7,15.7,1.8,24.4,1.9,35.7,2.5,6.3,1.4,0.5,0.4
"13177","Lee County, Georgia","13","177",TRUE,"missing_estimate:",89168,11.3982775098093,5114,34.1,3.1,12.9,1.7,4.3,0.9,1.9,0.7,90.7,2,25.6,,13.8,0.2,3.4,,23.7,0.9,65.7,2.1,2.1,0.8,49.6,3.8,14.9,2.5,6.6,1.8,9.7,2,1.5,0.9,7.7,1.6,8.8,2.2,4.1,1.6,7.5,1.8,23.1,1.8,5.6,1.8,9.2,2.5,25.8,3,2.8,1.4,0.1,0.2
"13179","Liberty County, Georgia","13","179",TRUE,"missing_estimate:",60456,11.0096711067006,2211,20.5,2.1,15.4,1.3,6.3,0.9,3.4,0.6,93.3,1.4,27.8,0.1,10.1,0.1,12.7,,40.8,1.2,66.7,1.3,4.1,0.9,34.3,2.6,17.5,2.1,8.4,1.7,17.5,2.2,0.5,0.4,7.9,1.6,11.7,1.9,4.8,1.2,7.8,1.4,23.9,1.3,13.3,1.9,15.1,1.7,49.1,2.2,4.5,0.9,0.2,0.1
"13181","Lincoln County, Georgia","13","181",TRUE,"missing_estimate:",56907,10.9491736353948,4505,15.5,3.2,19.8,2.9,3,1.5,0.5,0.5,64.5,6.4,18.7,0.4,25.8,0.2,1.5,,27.2,1.5,53.5,4.1,1.5,1.4,36.3,5.9,18.9,5.7,11.1,3.9,19.1,5,0.6,0.5,14.5,4.6,9.1,3.5,8.8,3.4,5.5,2.9,31.2,3.8,33.8,3.9,31.4,6.5,23.4,4.8,7.1,3.1,0,1.6
"13183","Long County, Georgia","13","183",TRUE,"missing_estimate:",68808,11.1390752962313,7090,13.3,2.7,19.2,2.9,5,1.5,3.5,1.9,90.8,3.3,27.6,0.6,9.8,0.9,13.1,,22.9,1.7,58.3,3.3,3.7,1.3,27.5,5.3,21.4,4.8,14.4,4,22.2,5.3,2.4,1.6,6.4,2.8,8.7,2.8,7.1,3.2,5.9,3.2,29.8,2.5,10.2,3.9,37.1,5.7,34.8,5.4,6.6,3.1,2,1.4
"13185","Lowndes County, Georgia","13","185",TRUE,"missing_estimate:",58541,10.9774826424368,3030,27.9,1.6,13.1,0.9,4,0.5,2.4,0.4,84.7,1.4,24.6,0.1,13.3,0.2,7.1,,37,0.4,60.4,1.5,2.9,0.5,34.1,2.3,17.3,1.4,7.6,1.1,16.8,1.7,0.9,0.4,7.8,1,9.7,1.1,5.3,1,6.5,1.3,19.5,0.7,10.4,1.3,7.8,1,43.1,1.8,6.5,1.3,0.5,0.3
"13187","Lumpkin County, Georgia","13","187",TRUE,"missing_estimate:",77448,11.2573620223999,5631,31.6,2.6,14.1,1.7,3.5,0.6,0.9,0.4,91.7,1.8,17,0.1,18.6,0.3,5.8,,2,0.3,56.6,2.2,3.2,1,35,3,16.8,2.4,10.2,1.8,13,2.3,1,0.4,9.9,1.8,10.1,2.2,6.1,1.3,10.3,1.5,28.3,2.2,13.8,2.9,16.7,2.9,23.7,2.6,2.3,1.1,0.7,0.6
"13189","McDuffie County, Georgia","13","189",TRUE,"missing_estimate:",56733,10.9461113309954,8832,17.8,3.3,13.6,1.9,1.6,0.8,0.1,0.1,75.1,4.2,24.7,0.2,19,0.3,3.7,,40.1,0.9,54.5,3,1.1,0.6,29,3.6,22.6,4.9,10.2,2.3,15.3,3.4,2.5,1.6,13.8,3.3,7.5,3.4,5.3,1.9,6.6,2.9,22.7,2.2,14.3,3.3,24.4,3.4,35,4.7,4.8,2.4,0.2,0.3
"13191","McIntosh County, Georgia","13","191",TRUE,"missing_estimate:",50273,10.8252234326462,7330,20,3,23.5,3.4,0.8,0.5,0.1,0.1,87.1,3.5,15.1,0.4,29.6,0.5,2.7,,28,1.9,48.8,3.5,1.6,0.7,33.8,5.2,23.4,5.9,11,3.8,11.6,3.5,1.5,1,10.4,3.4,14.8,5.1,10.7,3,16.9,5.1,37.5,2.6,26,3.1,35.4,4.2,20,3.9,6.5,2.5,0.5,0.7
"13193","Macon County, Georgia","13","193",TRUE,"missing_estimate:",41031,10.6220831575497,6044,11,2,17.7,3,3.4,0.9,2.5,1,76.5,4.7,18,0.1,19,0.2,4.7,,58.4,0.9,41.9,3,3,1.5,25.8,5.1,20.7,5.8,11.6,2.9,24.6,5,7.7,3.4,12.9,4,3.5,1.9,5.3,2.8,9.6,4.3,22.6,2.9,19.3,3.5,24.7,4.2,34.6,5.5,13.7,3.2,0.3,0.5
"13195","Madison County, Georgia","13","195",TRUE,"missing_estimate:",61963,11.0342927116931,6591,21.1,2.3,17.1,2.2,4.3,1,2.7,0.7,87.4,2.5,23.4,0.1,18.4,0.2,7.4,,9.4,0.6,58.7,2.5,2.3,0.9,31.4,3.3,15.8,2.4,16.5,2.6,17.7,2.4,2.2,0.9,11.7,2.4,9.4,2.2,4.2,1.5,6.3,1.9,29.5,1.7,10.3,2.2,30.9,3.6,23.1,3.9,3.3,1.2,0.6,0.4
"13197","Marion County, Georgia","13","197",TRUE,"missing_estimate:",51667,10.8525745588254,7404,17.7,3.2,20.7,3.1,8.1,1.8,4.5,1.8,74.7,5.6,20.2,,21.8,0.5,8,,27.2,3.2,53.9,4.2,2.6,1.3,33.5,8.3,16.5,5.4,9.9,3.8,15.3,4.5,2.5,1.8,16.3,6,8.1,3.4,4.8,3.1,6.4,3,32.3,2.9,16.3,5,35.8,6.4,21.1,5.3,4.7,2.3,0.9,1.2
"13199","Meriwether County, Georgia","13","199",TRUE,"missing_estimate:",57340,10.9567537394374,4445,14.5,1.7,20,2.3,1,0.4,0.3,0.2,82.1,3.1,21,0.1,21.4,0.2,0.8,0.8,39.1,1,53.7,2.6,3.5,1.1,26,3.2,15.5,2.8,13.1,2.2,29.5,3.2,2,1,21.2,3.8,7.2,1.8,4.6,1.4,6.2,1.8,34.3,1.9,14.6,2.6,23.2,3.5,27,3.4,6.4,1.9,0.1,0.2
"13201","Miller County, Georgia","13","201",TRUE,"missing_estimate:",51425,10.8478797145212,8759,21.3,4.9,19.8,3.5,2.7,1.3,2.1,1.1,70.7,5.7,22.5,0.7,22.5,0.7,3.3,,28.2,1.4,54.5,3.4,2.1,1.2,37.1,6.4,16.9,5.2,10.9,3.6,14.5,4.7,6,3,14.7,5.3,5.2,3.2,7.6,4.3,4.7,3.9,24.1,2.7,9.9,3.6,21.4,5,29.5,5.4,10.5,4.4,0.7,1.4
"13205","Mitchell County, Georgia","13","205",TRUE,"missing_estimate:",57613,10.9615035156633,9759,14.3,2.2,21.8,2.6,3,0.9,1.9,0.7,81.2,3,22.9,0.1,18.6,0.4,5.2,,45,2.1,50,3,3,1.3,30.3,3.8,16.5,3,13.6,3.4,16.4,2.9,8.3,2.6,15.5,3.3,8.5,2.9,5.8,2,2.8,1.3,25.5,2.7,13.5,2.7,20.8,3.8,34.8,4.3,12.1,3.6,0.4,0.6
"13207","Monroe County, Georgia","13","207",TRUE,"missing_estimate:",83183,11.3287982790086,7764,27,2.8,13.3,2,2.1,0.8,1.1,0.4,90.4,2.5,21.1,0.2,19.1,0.3,2.9,,22.1,0.6,59.3,2.8,1.6,0.9,36.6,4.4,18.6,3.5,6.2,1.9,16.6,3.2,0.7,0.5,8.7,2.4,8.5,2.8,4.8,1.9,5.8,1.8,25.4,1.8,8.8,2.8,15.8,3.1,16.2,3.3,3.6,1.6,0.7,0.6
"13209","Montgomery County, Georgia","13","209",TRUE,"missing_estimate:",51941,10.8578637380156,6937,19.9,3,15.1,2.2,2.8,1.4,2.4,1.2,83.6,3.4,20.3,,17.8,0.1,7.5,,23.4,1.7,54.4,3.3,4.1,2.1,32.4,3.3,14.8,3.2,18.5,4.1,14.5,3.5,4.3,2.2,8.7,2.3,4.5,2.1,7.4,2.8,6.9,2.8,25.2,1.9,17.2,3.4,35.7,4.2,23.8,3.8,4.8,1.9,0,1.5
"13211","Morgan County, Georgia","13","211",TRUE,"missing_estimate:",78111,11.2658861709805,4637,29.7,3.1,14.4,1.7,2.9,0.8,0.9,0.6,87.1,2.6,22.1,0.2,20.5,0.2,3.8,,20.5,0.5,58.7,2.6,1.4,0.6,36.7,3.5,15,2.5,11.1,2.6,16.7,2.9,2.4,1,9.1,2.2,11.8,2.1,10.6,2.7,8.9,2.4,28.5,2,9,2.5,13.8,3.1,21.8,3.1,2.2,1,1.5,1.2
"13213","Murray County, Georgia","13","213",TRUE,"missing_estimate:",69253,11.1455217444109,3742,15,2.5,15.5,1.7,7,0.8,4.7,0.8,86.8,2.1,23.5,0.1,15,0.2,16.1,,0.6,0.3,62.8,1.9,2.8,1,26.2,3.4,16.7,2.5,10.3,1.9,24.8,3.1,1.1,0.7,31.7,3.4,8,1.8,2.8,1,5.8,1.6,28.4,1.5,6.1,1.7,27.1,3.3,26.2,3.1,5.2,1.5,0.5,0.5
"13215","Muscogee County, Georgia","13","215",TRUE,"missing_estimate:",58073,10.9694561188192,1832,30.5,1.2,17.4,0.8,5.1,0.5,2.5,0.4,89.2,1.2,24.9,0.1,14.8,0.1,8.5,,46.1,0.5,60.8,0.9,3.5,0.4,38.2,1.7,17.3,1.3,6,0.7,14.5,1.4,0.4,0.2,9.1,1,9.8,1.1,4.2,0.7,12.1,1.3,20.9,0.7,11.5,0.8,1.6,0.4,49.2,1.4,10.9,1,0.5,0.2
"13217","Newton County, Georgia","13","217",TRUE,"missing_estimate:",77179,11.2538826782831,4033,25,1.5,14.3,1,7,0.9,1.9,0.5,94.2,1.1,25.3,0.1,13.4,0.1,7.1,,47.3,1,64.6,1.4,4.3,1,37,1.9,14.6,1.7,8.8,1.3,17.4,1.7,0.5,0.5,11.8,1.5,9.9,1.5,5.5,1,12.3,1.8,35.9,1.7,5.5,1.2,3.3,0.8,26.2,2.2,3.4,0.8,0.4,0.3
"13219","Oconee County, Georgia","13","219",TRUE,"missing_estimate:",121217,11.7053376068077,9495,55.9,2.4,8.7,1,7.1,0.9,2.1,0.5,94.5,1.2,25.9,,16.8,0.3,5.8,,3.4,0.7,64.9,1.9,1.9,0.5,54.1,3.1,12.2,1.9,5.5,1.2,7.3,1.5,1.5,0.7,7.8,1.5,10.8,1.6,4,1.1,17,3.1,24.7,1.5,4.4,1.9,2.9,0.9,18.7,2.8,0.8,0.4,0.2,0.2
"13221","Oglethorpe County, Georgia","13","221",TRUE,"missing_estimate:",75034,11.2256966231273,7521,25.3,3.3,14.9,2.2,3.8,0.9,3.4,1,83.6,2.9,21.5,0.3,19.1,1,6.8,,15.4,1.1,60.7,3.1,1.8,0.8,35.9,4.3,17.6,3.2,8.5,2,17.1,3,2.9,1.7,10.5,2.9,10.5,2.6,8.7,2.3,9.4,2.7,32.8,2.1,16.9,3.6,25.1,4.1,16.2,3.2,3.3,1.5,0.4,0.3
"13223","Paulding County, Georgia","13","223",TRUE,"missing_estimate:",98031,11.4930390341626,4633,29.5,1.7,11.7,0.9,7.9,0.8,2.5,0.4,95.7,0.8,25.5,0.1,11.7,0.1,8.7,,23.1,0.5,67.7,1,3,0.5,39.8,1.7,13.7,1.4,10.8,1,13.1,1.4,0.7,0.4,9.4,1,11.1,1.2,5.2,0.8,14.9,1.2,39.6,1,4.9,0.9,3.2,0.7,19.2,1.5,2.5,0.6,0.3,0.2
"13225","Peach County, Georgia","13","225",TRUE,"missing_estimate:",71293,11.1745534248646,7835,22.8,2.5,17.4,2,4.7,1.2,3.5,1,87.1,2.6,21.3,0.5,16.7,0.4,9.4,,41.4,1.4,61.2,2.6,4,1,36.7,3.9,13.7,2,12.5,2,16.3,2.8,2.2,1,8.6,2,7.1,1.8,5.5,2.1,12.1,2.6,24.5,1.7,13.5,3.1,14.4,2.2,30.4,3.2,5,1.5,0.5,0.5
"13227","Pickens County, Georgia","13","227",TRUE,"missing_estimate:",78930,11.2763166627024,5507,26.7,2.6,18.5,2.2,2.8,0.6,1.6,0.6,92.1,1.6,18.8,0.1,23,0.3,4,,0.6,0.5,58.2,2.1,1.8,0.7,34.9,3.4,14.1,2.2,11.7,2.3,18.3,3.4,1.2,0.8,15.5,2.9,10.5,2,6.8,1.8,16.9,2.5,33.5,1.9,13.7,2.4,13.5,2,18.8,2.4,2.8,1,0.4,0.4
"13229","Pierce County, Georgia","13","229",TRUE,"missing_estimate:",60517,11.0106795962837,3537,20.2,3.1,15,2,1.7,0.9,1,0.7,82.9,3.7,24.7,0.1,17.1,0.6,5.3,,9.9,0.8,60.1,2.7,1.6,1.1,34.6,4.6,13.2,3.1,11.5,2.9,18.1,3.1,2.2,0.9,20.2,3.6,4.9,1.8,5.5,2,2.8,1.4,26.4,2.3,11,3.4,30.6,3.7,23.5,3.9,5.1,2.2,0.5,0.5
"13231","Pike County, Georgia","13","231",TRUE,"missing_estimate:",86719,11.3704282852417,8035,21.5,2.3,11.6,1.3,1.7,0.6,0.4,0.2,84.6,3.2,23.2,0.3,15.8,0.4,2.3,,8.4,0.5,60.3,2.4,2,0.8,34.4,3.9,14.5,2.9,15.1,2.9,12.2,2.6,0.6,0.4,10.5,2.3,10.4,2.6,6.1,1.8,7.6,2.1,35.7,3.3,8.9,1.8,9.4,2.4,15.4,2.7,2.6,1.3,0.1,0.2
"13233","Polk County, Georgia","13","233",TRUE,"missing_estimate:",58515,10.9770384106089,3430,15.4,2.2,17.2,1.8,6.1,1,4.4,1.2,87.4,2,25.1,0.1,15.4,0.2,13.9,,11.9,0.9,58.3,2.2,3.4,1,29.6,3.5,17.3,2.7,12.6,2.6,21.7,3.1,0.5,0.4,19.8,3,9.3,2.5,5.9,1.9,4.4,1.5,30.5,2,8.4,2.2,9.3,2.4,34,3.6,5,1.4,1.2,1
"13235","Pulaski County, Georgia","13","235",TRUE,"missing_estimate:",50406,10.8278654945929,4880,14.5,3.1,23,3.7,3.2,1.4,2.3,1.4,73.9,5.7,17.5,3.3,23.2,3.1,5.7,2.2,30.6,4.3,44,4.3,1.4,0.8,36.2,6.7,11.2,4.7,14.5,3.6,16.4,5.2,4.5,2.1,12.6,4.4,3.2,2.1,1.8,1.6,6.1,3,25.6,2.5,22,5,24,5.4,29.2,6.3,5.9,3.7,2.6,3.2
"13237","Putnam County, Georgia","13","237",TRUE,"missing_estimate:",72096,11.185753843232,11938,31.1,3.4,16.5,2.5,7.6,1.7,3.5,1.7,86.6,3,19.4,0.1,24.8,0.2,7.2,,22,2.4,54.2,3,2,0.9,42.7,5.6,12,3,9.2,2.5,17.4,3.9,1.7,1.3,10.9,2.9,10.1,2.9,5,1.7,12,3.5,31.1,2.5,22.7,2.7,25.9,3.5,19.1,4.1,4.6,1.7,1.4,1.1
"13239","Quitman County, Georgia","13","239",TRUE,"missing_estimate:",40179,10.6010997500552,8631,12.4,5.1,38,7.9,0,2.1,0,2.1,66.5,10,14,4.8,37.2,7.5,0.8,1.3,52.5,8.9,40.3,9.3,11.5,6.2,13.3,7.5,19.3,12.7,19.4,11.4,22.4,11.5,0,8,29.5,9.9,11.5,9.7,2.5,3.2,0.6,1.3,25,8.6,39.6,5.9,48.4,8.7,15.7,9.1,13.1,7.6,0.9,1.5
"13241","Rabun County, Georgia","13","241",TRUE,"missing_estimate:",67493,11.1197791677793,4617,31.3,3.1,16.6,1.9,6.6,1.3,2.5,0.8,90.8,1.9,16.2,0.1,28.8,0.4,8.8,,0.8,0.4,52,2.4,0.7,0.4,36.4,3.5,18.6,3.3,12.5,2.6,10.7,2.3,1.7,1,9,2.3,13.4,3.3,10.7,2.8,16,3,23.1,2.1,37.9,2.7,11.3,1.8,22.9,3,4.5,1.7,1,0.6
"13243","Randolph County, Georgia","13","243",TRUE,"missing_estimate:",28380,10.253439950714,13486,16.4,5.7,18,4.7,0.2,0.4,0.2,0.4,81.5,7.3,27,3.5,22.2,4.3,4.2,1.8,67.4,4.4,56.9,6.2,6.1,3.6,27.8,7.8,26.4,7.5,11,5.5,18.4,6.5,11.2,5.5,18.6,10.3,2.4,2.5,7.5,4.4,2.7,2.6,24.8,3.3,23.5,6.1,16.9,6.3,48.5,8.1,25,10.1,0,1.7
"13245","Richmond County, Georgia","13","245",TRUE,"missing_estimate:",55637,10.9266037265392,2844,24.5,1.1,19.6,0.9,3.8,0.4,1.7,0.3,87.6,0.9,22.9,0.1,15.3,0.1,5.8,,55.7,0.5,62.4,1,5,0.6,33.3,1.5,21.6,1.5,7.5,0.8,16.9,1.3,0.3,0.1,8.9,1,12.3,1.2,3.9,0.7,9.1,1.1,21.4,0.6,17.7,1.2,6.3,0.7,48.8,1.4,9.9,0.9,0.3,0.1
"13247","Rockdale County, Georgia","13","247",TRUE,"missing_estimate:",77247,11.2547633590544,3731,32.4,2,12.2,1.1,10.7,1,5,0.8,93.2,1.5,23.7,0.1,15.8,0.3,10.9,,57.5,1,64.8,1.4,3.8,0.6,37.4,2.6,15.8,1.7,7.8,1.5,17.2,2.1,0.2,0.2,9.5,1.4,13.2,1.7,4.3,1,13.6,1.6,33.7,1.5,4.9,1,3.8,1,30.4,2.3,3.2,1,1.3,0.7
"13249","Schley County, Georgia","13","249",TRUE,"missing_estimate:",56875,10.9486111562533,8501,22.2,3.5,15.7,3.8,0.3,0.3,0,1.1,84.7,5.2,24.6,3.9,14.6,3.5,1.4,1.4,14.6,6.8,55.9,6.1,4.3,2.4,36.8,7.2,12.1,4.9,14.8,5.1,10.9,4.5,4.3,3,13.3,5.1,14,5.1,2.4,1.5,11.5,4.3,29.3,3.1,13.1,4.9,32.8,7.7,20,5.3,5.8,2.6,0.7,1.1
"13251","Screven County, Georgia","13","251",TRUE,"missing_estimate:",52792,10.8741149430633,7515,14.7,2.3,15.7,2.1,1.3,0.6,1.3,0.6,85.5,3.1,20.8,0.1,20.7,0.2,2.7,,39,1.6,55.3,3.1,2.5,1.4,31.9,4.4,14.3,3.2,11,2.4,17.5,3.7,5.7,2.7,16.4,5.1,7,2.4,5.9,2.4,7.1,2.9,30.7,3.8,24.9,3.3,30.4,4.2,30.2,5.1,6.4,2.3,0,0.1
"13253","Seminole County, Georgia","13","253",TRUE,"missing_estimate:",49495,10.8096269333539,4533,13.4,3,19.8,2.8,0.8,0.6,0.5,0.5,68.9,5.9,20.1,1,25.7,1.3,3.1,,33.5,0.7,47.3,3.9,2.8,1.4,39.9,6.9,19.2,4.7,12.1,4,15,4.9,3.6,2,9.5,3.7,8.7,3.5,10.1,3.7,1.7,1.2,24.1,3,25.9,4,30.1,4.5,19.8,5.1,10.5,5.1,1,1.5
"13255","Spalding County, Georgia","13","255",TRUE,"missing_estimate:",62071,11.0360341701205,3644,18.5,1.5,13.9,1.3,4.1,0.6,3.1,0.7,88.3,2,23.4,0.1,19.1,0.2,6.1,,35.8,0.8,56.7,1.6,4.1,1,28,2.5,16.6,1.8,11.4,1.8,25.4,2.8,1.4,0.8,17.5,2.1,6.2,1.2,6.3,1.5,7.2,1.5,25.7,1.1,7.8,1.4,6,1,37.3,2.2,6.2,1.4,0.6,0.5
"13257","Stephens County, Georgia","13","257",TRUE,"missing_estimate:",54754,10.9106057043708,5125,15.1,2.1,17.2,1.9,3.5,1.1,1.8,0.8,86.4,2.4,21.3,0.4,21.2,0.2,4,,8.1,1,57,2.2,3.1,0.8,26.4,3,17,2.7,9.4,2,22.4,3.6,3.1,1.2,21.8,3,6.9,1.8,9.3,2.7,7.8,2.1,23.8,2.2,14.8,2.4,20.4,3.2,26.4,3,5.3,2,0.2,0.2
"13259","Stewart County, Georgia","13","259",TRUE,"missing_estimate:",33250,10.411810046084,7733,12.7,4.5,28.6,6.9,4.1,2.1,2,2.3,67.7,9.7,12.2,,16.2,,4.2,3.2,67.7,3.4,36.5,7.5,2,2.3,29.5,10.8,7.8,4.2,18.3,11.1,29.5,14.5,4.7,3.4,11,5.5,5.2,3.1,1,1.3,0.6,0.8,25.8,4.7,15.9,5.7,31.1,8,41.1,10.7,18.4,10.6,0,2.6
"13261","Sumter County, Georgia","13","261",TRUE,"missing_estimate:",42653,10.6608528904226,3404,21.4,2.6,13.1,1.8,4.3,0.7,2.3,0.6,84.7,2.3,22.4,0.1,17.7,0.2,6.2,,49.8,1.5,57.3,2.7,2.7,1,33.7,3.7,17.6,3.1,10.3,2.3,18.4,3.9,3.7,1.3,13.9,2.9,9,2.4,6.2,2.2,7.6,2.1,19.9,1.5,18.7,3.1,17,2.4,43.4,3.4,11.6,3.3,0.9,0.8
"13263","Talbot County, Georgia","13","263",TRUE,"missing_estimate:",41597,10.6357833282643,5642,12.1,3,27,3.5,0.1,0.1,0,0.8,74.8,4.4,16.5,0.3,27.4,0.2,0.6,0.7,53.7,1.9,46.3,3.6,1.5,0.9,30.3,6.1,18.4,4.4,11.3,3.5,22.4,5,2,1.6,14.3,4.5,11.3,3.6,2.5,1.7,9,3.7,42.9,4.1,17.3,4.3,32.9,5.1,20.4,3.8,9.6,3.3,0,1.9
"13265","Taliaferro County, Georgia","13","265",TRUE,"missing_estimate:",52500,10.8685684485797,12871,12,3.8,21.1,6.8,1.3,0.9,2.7,2.3,70.1,7.7,18.7,3.4,29.5,5.9,4.4,3.2,45.9,10,49.9,7.8,2.5,1.9,23.6,8,23.8,9.4,8,4.2,23.8,10.2,2.1,1.8,16.1,9.1,5,4.1,7.5,5.6,9.9,6.4,32.8,7.2,36.6,6.8,32.1,7.8,17.9,5.7,5.8,3.1,0.3,0.7
"13267","Tattnall County, Georgia","13","267",TRUE,"missing_estimate:",50747,10.8346077818563,6658,15.4,2,20.8,3.2,5.1,0.9,4.6,1.1,83.3,3,20.1,0.1,15.4,0.2,10.7,,26.7,0.9,46.9,2.5,3.1,1.2,30,3.3,16.5,3.3,17.3,3.8,19.7,3.8,10.6,3.6,12.2,2.5,5.4,2,7.2,2.1,3.3,1.5,28.1,2.8,18.9,3,35,3.2,29,3.9,6.3,2.6,0.5,0.6
"13269","Taylor County, Georgia","13","269",TRUE,"missing_estimate:",41788,10.6403644959574,5104,17.5,4.2,19.2,3.2,1.4,1.2,0,0.6,76.3,5.5,19.8,0.1,21.9,0.6,1,1,37.8,1.7,46.7,4.4,1.2,0.7,29.3,5.5,18,5.2,16.2,5.6,24,6.8,4.3,3.2,10,3.3,8,5.4,4,2,6.5,2.9,32.7,3.8,19.3,4,35.8,5.2,37.1,5.2,15.5,3.7,0.2,0.4
"13271","Telfair County, Georgia","13","271",TRUE,"missing_estimate:",50929,10.838187784893,10351,10.1,2.7,19,3.1,6.4,2.6,0.8,0.8,79.3,6,16.1,,19,0.7,15,,35.5,0.6,35.5,3.9,1.9,2.7,26.6,6.8,18.7,4.7,9.8,3.2,26,9,4.7,2.4,7.7,3.9,4.3,2.7,4.1,1.6,5,1.8,27.2,3.5,28.8,4.1,25.5,4.4,35.1,6.7,14.1,4.4,3,2.1
"13273","Terrell County, Georgia","13","273",TRUE,"missing_estimate:",46171,10.7401071743525,7974,13.1,2.7,18.1,2.3,1.4,0.7,1.4,0.6,83.4,3.9,22.3,,20.9,0.1,2.6,,59.9,0.5,50.1,4.4,2.1,1.4,25.5,4.5,17.3,5,12.3,3.4,24,5.1,5.2,2.3,10.9,4.2,9,3.3,6.6,2.9,12.4,4.7,22.6,2.4,20.4,4.6,16.2,3.8,38.4,4.6,11.8,4,0.1,0.2
"13275","Thomas County, Georgia","13","275",TRUE,"missing_estimate:",60736,11.0142918819696,4491,22.7,2,17.6,1.6,2.7,0.6,1.6,0.5,87.4,1.9,23.6,0.1,19,0.2,3.9,,34.9,0.9,62.4,1.6,3.5,0.9,36.5,2.9,18.6,2.2,10.6,1.6,14.4,2.1,4.7,1.1,9.2,1.5,10.6,2.1,5.7,1.4,7.8,1.7,20.1,1.3,11.6,1.8,18.8,1.9,36.2,2.3,5.9,1.3,0.7,0.4
"13277","Tift County, Georgia","13","277",TRUE,"missing_estimate:",53255,10.8828469758773,4496,21,2.2,11.9,1.4,5.9,0.7,4.4,0.8,78.3,2.7,24.8,0.2,15.9,0.2,13.2,,29.5,0.9,56,2.2,1.6,0.6,34,3.2,16.6,2.7,12.1,2,14.6,2.3,3.9,1.3,10.1,2.1,6.9,1.6,2.7,0.9,5,1.2,21.6,1.6,11.9,1.8,18.4,2.2,39,3.1,7.3,2,1,0.7
"13279","Toombs County, Georgia","13","279",TRUE,"missing_estimate:",52621,10.8708705585946,4567,18.4,2.5,17.9,2.2,6.4,1.1,5.7,1.3,83.2,2.6,26.3,0.1,17.1,0.4,12.1,,23.6,1.4,56.7,2.6,2.5,1,33.4,3.1,13.4,3,14.4,2.6,22.1,3.3,7.8,3.2,15,2.6,4.2,1.3,7.1,2.1,4.1,1.6,21.2,1.9,14,3.2,26.2,2.9,39.5,3.3,10.4,2.5,1.1,0.7
"13281","Towns County, Georgia","13","281",TRUE,"missing_estimate:",59135,10.9875782446852,7454,31,3.5,23.2,2.9,2,0.7,0.5,0.4,89.1,3,12.5,0.3,36.9,0.5,3.3,,1.4,0.6,41.4,2.7,1.9,1.1,36,4.1,22.1,3.9,11.2,3.2,11.7,3.9,2.5,1.2,6.2,2.3,9.8,3,12.9,4,13.6,3.3,23.7,2.9,32.7,3.7,16.6,3.2,17.7,3.6,3.7,1.6,0.2,0.3
"13283","Treutlen County, Georgia","13","283",TRUE,"missing_estimate:",55518,10.9244625714771,13343,11.9,4.3,20.3,4.6,1.3,1.5,0.2,0.3,76.3,6.1,21.8,3.2,18.7,3.3,1.5,1.1,30.6,4.8,53.1,4.9,4.1,2.4,35.9,8.9,19.6,4.9,10.2,4.7,21.6,6.3,1.9,1.8,17.1,6.3,5.8,3.8,2.8,2.4,5,3.2,30,4.9,16.8,5.5,31.7,7.4,34.7,7.5,5.4,3,0,2.1
"13285","Troup County, Georgia","13","285",TRUE,"missing_estimate:",56776,10.9468689802048,2603,23.8,1.7,16.7,1.4,4.5,0.6,3.1,0.6,88.5,1.7,24.5,0.1,15.9,0.2,4.7,,36,0.8,61.8,2,3.3,0.7,32.5,2.6,15.9,2.5,9.3,1.6,22.2,2.3,1.6,0.8,21.7,2.6,8.4,1.6,5.3,1.4,8.6,1.5,23.1,1.2,9.7,1.3,4.8,1,39.4,2.6,9.4,1.7,0.5,0.3
"13287","Turner County, Georgia","13","287",TRUE,"missing_estimate:",36799,10.5132259498748,6080,9.8,2.4,21.5,3.3,1.9,0.8,2.9,2.1,72.6,5.8,25,0.7,19.3,0.3,4.8,,36.4,2.6,54.3,4.4,6.6,2.7,24.3,4.2,18.9,6.8,23,6.4,14.5,5,3.2,2,3.6,1.8,8.1,4.4,8.6,4.5,12.2,5.5,24.5,2.4,16.1,5.4,25.4,5.5,36.2,6.8,7.9,3.5,0.5,0.8
"13289","Twiggs County, Georgia","13","289",TRUE,"missing_estimate:",56324,10.9388760110372,7194,10.5,3.2,22.5,3,1.3,1.3,1.3,1,76.2,5,18.8,,24.6,,1.1,1.2,39.4,2.2,45,4.1,1.7,1,24.1,4.2,21.6,4.1,12.2,3.7,24,5.3,7.6,3.5,13.8,5.2,9,3.8,10,4.1,7.9,4.1,27.9,3.1,28.8,4.3,37.1,5.7,11.8,3.1,8.1,3.3,0.8,1.1
"13291","Union County, Georgia","13","291",TRUE,"missing_estimate:",66176,11.100073138428,5108,26.9,2.7,20.1,1.9,2.7,0.8,1.5,0.6,90.8,2.2,14.9,0.2,34.2,0.3,3.8,,0.7,0.3,45.2,2.1,1.2,0.6,35.8,4.2,16.4,3.3,15.2,2.6,11.4,2.6,3.4,1.5,9.3,2.7,6.9,2.3,10,3.8,11.2,3,21.8,1.4,24.2,2.6,13.9,2.6,15.6,2.6,5.4,2,0.8,0.5
"13293","Upson County, Georgia","13","293",TRUE,"missing_estimate:",55429,10.922858201479,8777,15.5,2.5,18.3,1.9,1.5,0.7,0.3,0.3,84.5,2.4,22.8,0.3,18.6,0.3,2.7,,25.8,1.6,54.7,2.9,2.1,1,29.4,3.2,17.2,3.1,12.1,2.5,19.3,3.1,1.3,0.7,17,3,5.9,1.8,4.7,1.5,3.1,1.2,26.3,1.9,14.8,2.6,12.4,2.4,39,4,11.7,3.5,0.3,0.3
"13295","Walker County, Georgia","13","295",TRUE,"missing_estimate:",59469,10.9932104473583,3399,21.3,2.3,17.4,1.3,1.3,0.4,0.7,0.4,88.3,1.9,21.2,0.1,19.6,0.1,2.9,,3,0.5,58.7,1.8,2.3,0.7,33.8,3,14.4,1.7,11.7,1.5,19.2,2,1.5,1,16.3,1.9,9.1,1.8,6.8,1.6,11.3,2.8,29.4,2.3,11.2,1.6,13.8,1.6,22.8,2.4,3.7,1.1,0.3,0.3
"13297","Walton County, Georgia","13","297",TRUE,"missing_estimate:",84945,11.349759267216,4071,24.5,1.8,14.4,1.1,6.1,0.8,2.5,0.4,91.2,1.6,23.9,0.1,16.3,0.1,6.6,,18.7,0.8,63,1.4,3.4,0.7,37.3,2.1,14.5,1.5,10.3,1.2,15.2,1.3,0.5,0.3,12.1,1.4,10.8,1.2,5.9,1.2,13.2,1.5,34.4,1.2,4.6,1.2,6.3,1.2,20.7,2,2.7,0.7,0.4,0.3
"13299","Ware County, Georgia","13","299",TRUE,"missing_estimate:",47448,10.7673896535186,4063,14.4,1.8,15.8,1.6,3.7,0.8,2.8,0.6,77.9,4,24.8,0.2,17.1,0.2,5.1,,29.7,0.8,49.9,2.2,2.9,1,28.5,3.9,20,3.6,12.2,2.5,21.7,3.5,2.4,1.3,11.2,2.4,8.9,2.4,5.6,1.6,4.5,1.6,20.6,1.4,18.7,2.4,20,3.2,36.9,3.5,16,3,0.7,0.8
"13301","Warren County, Georgia","13","301",TRUE,"missing_estimate:",44289,10.6984916182022,9165,12.3,3.5,14.3,2.8,0.3,0.2,0.1,0.2,63.2,7,20.3,,23.4,,1.1,1,56,2.9,54.5,3.6,5.5,2.4,26.4,7.2,20.5,6.1,12.3,5.2,26.4,7.2,5.7,4.1,20.4,5.1,8.9,4.1,4,2.5,2.1,2.1,28.1,4.1,19.3,5.1,30.9,5,27.8,6.7,7.6,3.5,0.6,1.1
"13303","Washington County, Georgia","13","303",TRUE,"missing_estimate:",46023,10.7368965505129,6789,16.9,2.7,18.7,1.9,1.2,0.5,1.2,0.5,83,3,21.4,0.1,18.3,0.2,2.2,,53.1,1.4,52.2,2.6,4.2,1.3,28.5,4.2,17.1,3,12.2,2.4,22.5,3.5,4.9,1.7,13,3.1,6,1.4,4.6,1.5,5.6,2,23.3,2.4,16.4,3,32.8,4.1,35.5,3.8,6.8,1.9,1,0.8
"13305","Wayne County, Georgia","13","305",TRUE,"missing_estimate:",53427,10.8860715151441,6493,16.2,2.2,19.2,2,4.1,0.8,2.8,0.6,84.3,3,23.9,0.3,16.1,0.2,6.3,,19.5,0.7,51.6,2.9,3.7,0.9,28.6,3.5,19.4,3.4,15.1,2.9,20.3,3.3,2.2,1.2,14.6,3.1,11.5,2.2,11,2.2,4.5,1.9,28,1.9,12.9,2.9,32.8,3.3,32.7,4.1,10.2,2.8,0.7,0.6
"13307","Webster County, Georgia","13","307",TRUE,"missing_estimate:",46792,10.7534675271229,11399,8.9,4.8,15.4,4,3.2,2.8,2.5,3.2,72.4,11.4,14.2,4.2,19.4,5.2,4.4,4.3,56.1,8.6,57.2,7.3,2.4,2.9,29.7,7.9,13,8,13.5,6.2,28.9,10,15,6.5,10.8,6,9.6,5.6,6.5,5.6,3.3,2.9,33.8,6.2,26.2,7.3,50.5,9.9,23,8.6,7.7,5.1,0,5.5
"13309","Wheeler County, Georgia","13","309",TRUE,"missing_estimate:",40539,10.6100197527062,12079,10,4,10.1,3.7,1.2,0.8,2,1,83.5,5.5,15.7,0.4,17.7,1.4,4.3,,37,1.2,38.9,5.1,2,1.7,16.4,6.6,18.3,6.7,11.7,9.6,41.1,13.9,6.4,5,12.5,8.3,21,14.9,4.6,2.2,1.1,1.6,25.5,7.4,33.7,5.8,33.6,6.7,34.4,8.5,9.3,5.4,0.1,0.4
"13311","White County, Georgia","13","311",TRUE,"missing_estimate:",70666,11.1657198309793,5613,24,2.3,16.1,1.7,2.5,0.7,1.7,0.7,89.4,2.4,19.3,0.3,23.2,0.2,3.8,,1.9,0.4,55.6,2.2,2.1,0.7,33.3,3.4,15.1,3.3,11.8,2.3,14.7,2.7,1,0.6,10.9,2.1,7.7,1.9,6.8,1.7,12.1,2.6,30.4,2.1,23.1,2.8,17.2,2.8,21.2,3.6,2.6,1,1.3,0.7
"13313","Whitfield County, Georgia","13","313",TRUE,"missing_estimate:",67070,11.1134921290938,2731,20.2,1.6,12.2,1,18.5,1,14.5,1.1,88.3,1.4,24.9,0.2,14.9,0.1,37.2,,3.4,0.3,63,1.4,3.3,0.7,28.8,2,11.4,1.3,10.5,1.2,29.8,2.1,1.2,0.5,34.1,2.1,7.1,1.1,6.2,1.2,4.6,0.9,21.8,0.7,7.5,1.2,13,1.2,33,1.7,6.1,1.2,1,0.4
"13315","Wilcox County, Georgia","13","315",TRUE,"missing_estimate:",54138,10.8992916212226,5550,15.4,2.6,16.5,2.8,1.4,0.7,1,0.5,76.9,4.9,19,0.9,19.9,0.1,3.8,,32.1,1.7,38.5,2.7,2.1,0.7,33.4,5.4,13.3,3.3,16.8,4.5,21.9,5.2,6.2,2.5,12.3,4.4,7.8,3.4,5.9,2.6,9.2,5.1,35,4.9,24.5,4.4,34.9,4.5,25.3,5.3,9.1,3.7,0.2,0.2
"13317","Wilkes County, Georgia","13","317",TRUE,"missing_estimate:",52043,10.859825578928,3195,16.9,4.2,17.7,2.5,3.8,1.5,2.4,1.5,67.1,5.3,20.2,0.9,24.2,0.8,4.8,,39.4,1.7,48.3,3.8,0.7,0.6,26.1,4.9,17.6,3.6,15.3,3.5,20.4,4.3,2.7,1.5,16.4,4.1,3.3,1.8,7,2.8,2.9,1.9,32.6,3,21.3,4.3,22.4,4.8,33.9,4.7,6.2,2.4,0.9,1.1
"13319","Wilkinson County, Georgia","13","319",TRUE,"missing_estimate:",45465,10.72469807816,7276,12.3,2.4,17.9,1.9,1.6,1.1,0.9,0.7,78.5,3.8,21.9,0.7,20.6,0.5,3.3,,37.7,1,52.4,2.4,2.5,1,22.8,4.3,20.5,5.1,12.5,3.2,23.5,3.8,4.8,2.1,16.5,4.3,6.2,2.6,5.2,1.7,3.8,1.7,26.9,2.2,19.3,4.1,33.2,4.6,19.5,3.4,6.6,2.5,0.2,0.2
"13321","Worth County, Georgia","13","321",TRUE,"missing_estimate:",58694,10.9800927859411,4605,11.7,2.1,19.1,2.2,1.7,0.7,1.1,0.7,74.5,4.1,22.2,0.2,20.4,0.3,2.4,,25.1,1.6,55.2,2.8,3.8,1.2,30.9,3.5,12.7,2.4,15.1,2.8,23.2,3.1,4.8,1.9,9.3,2.6,5.3,1.6,8.3,2.5,6,1.7,28.4,3,17,3,34.1,3.2,26.3,3.1,6.5,2.2,0.3,0.3
"16001","Ada County, Idaho","16","001",TRUE,"missing_estimate:",91502,11.4241161089482,1355,44.6,0.7,11.8,0.4,6.2,0.3,3.1,0.2,94.7,0.4,22,,16.2,0.1,9.8,,1.3,0.1,65.8,0.5,2.1,0.2,48.6,0.9,14.3,0.6,8.4,0.5,8.6,0.5,1.2,0.2,8.9,0.4,13.4,0.5,6.9,0.4,18.5,0.7,21.2,0.3,4.2,0.4,2.7,0.3,29.2,0.8,3.8,0.4,0.5,0.1
"16003","Adams County, Idaho","16","003",TRUE,"missing_estimate:",61808,11.0317880849061,4677,21.6,3.3,17.3,3.4,0.5,0.7,0.2,0.4,76.8,4.7,17.4,1.1,30.1,0.4,5,,0.2,0.3,47.3,3.8,3.5,2,26.5,6.6,19,5.9,19.3,6.4,14.7,5.4,12.4,4.7,2.6,1.9,7.5,3.5,14.8,5.7,14.8,6.1,19.7,3.7,33.6,4.5,5,1.9,15.3,4.7,2,1.7,0.1,0.3
"16005","Bannock County, Idaho","16","005",TRUE,"missing_estimate:",66499,11.1049421889369,2577,30.6,1.5,16.1,1,3.4,0.5,1.3,0.3,88.7,1.3,25.1,0.1,15.3,0.1,9.9,,0.8,0.2,63.1,1.1,2.7,0.5,38.9,1.6,18.1,1.4,9.3,0.9,12.3,1.2,1.4,0.4,6.9,0.9,7.7,1.1,5.5,0.8,11.4,1.3,17.6,0.8,7.1,1.1,7.3,1,30.5,2,5,0.9,0.3,0.2
"16007","Bear Lake County, Idaho","16","007",TRUE,"missing_estimate:",75260,11.2287040641474,9578,21.6,3,14,1.9,1.7,0.7,1.4,1.2,89.6,3.5,27.4,0.6,21.2,0.6,3.8,,0.5,0.6,57.7,2.7,1.5,0.9,31.7,4.8,17,3.6,18.1,3.4,17.1,3.8,12.2,3.4,9.5,3,7.1,2,11.9,2.8,9.2,2.5,30,3.7,43.3,3.7,3.8,1.3,10.5,3.1,1.7,1.1,0.2,0.3
"16009","Benewah County, Idaho","16","009",TRUE,"missing_estimate:",59794,10.9986606004567,5083,19.7,3,20.3,2.3,0.7,0.4,0.3,0.3,84.4,2.5,22,,23.9,0.3,3.8,,0.5,0.3,54.1,2.9,2,0.8,27.5,4.4,20.1,3.4,18,4.4,18.9,3.3,5.1,1.8,12.7,2.7,5.1,1.5,8.8,2.9,8,2.4,23.8,2,14.4,2.7,17.8,3.1,26.8,4,3,1.2,1.5,1.1
"16011","Bingham County, Idaho","16","011",TRUE,"missing_estimate:",77878,11.2628987786222,5354,21.8,2.2,14.8,1.4,5.7,0.7,4.7,0.6,89.4,1.7,29.1,0.1,15.2,0.1,17.8,,0.2,0.1,63.2,1.7,3.4,1,34.4,2.6,15.8,1.7,14.6,1.6,16.7,2,7.5,1.1,11.9,1.4,9.2,1.5,8.4,1.1,6.5,1.1,22.2,1.2,8,1.9,12.2,2.3,19.5,2.4,4.5,1.2,0.4,0.2
"16013","Blaine County, Idaho","16","013",TRUE,"missing_estimate:",92566,11.4356771825843,6339,48,3.6,11.7,1.8,13.8,2.4,7.9,1.7,95.8,2,19.2,0.5,22.7,0.7,21.8,,0.3,0.2,69.8,2.6,1.4,0.7,35.5,3.8,19,3.1,14.7,2.8,7,1.9,3.4,1.3,4.6,2.1,14,2.7,6.5,1.8,14.6,3.2,18.7,1.7,34.9,2.7,1.7,0.7,26.5,4.2,1.3,0.8,0.5,0.5
"16015","Boise County, Idaho","16","015",TRUE,"missing_estimate:",78774,11.2743382721622,3983,31.2,3.2,15.3,2.2,2,1.3,0.6,0.7,90,3.5,15.4,0.2,28.3,0.7,5.1,,0.2,0.2,53.2,3,1.8,0.9,45.8,6.1,16.1,3.7,11.7,2.6,5.8,1.8,3.1,1.9,7,2.3,11.8,4,8.7,2.6,20.3,4.5,38,3.4,36.8,4.3,13.2,3.4,9.7,2.6,2.6,1.3,0.3,0.2
"16017","Bonner County, Idaho","16","017",TRUE,"missing_estimate:",66979,11.1121344164069,3737,28.6,2,17.4,1.4,2.2,0.5,0.9,0.4,90.4,1.6,19.6,0.1,26.4,0.2,4,,0.3,0.1,51.9,1.6,2.5,0.6,32.9,2.4,18.7,2.3,13.1,1.8,14.6,1.9,3.5,1.1,11.8,1.7,11.4,1.9,12.1,1.6,12,1.7,24.2,1.2,24.5,1.8,11.3,1.5,21.7,1.9,4.8,0.9,2.4,0.8
"16019","Bonneville County, Idaho","16","019",TRUE,"missing_estimate:",79068,11.2780635207018,2671,33.1,1.3,13.9,0.8,4.1,0.4,2.5,0.4,92.9,1.1,29.8,0.1,13.9,0.1,14.5,,0.3,0.1,65.1,0.8,3,0.4,39.4,1.7,17.6,1.8,10.2,0.9,12.7,1,2.2,0.5,8,0.9,13.8,1.3,6.7,0.7,10.4,1,20.8,1,7,0.9,4.2,0.7,28.3,1.7,3.1,0.8,0.8,0.4
"16021","Boundary County, Idaho","16","021",TRUE,"missing_estimate:",67237,11.1159789702274,10845,24,4.2,16.8,2.6,4.4,1.3,2.8,1.1,90.8,3.1,23.3,0.2,23.5,0.8,5.7,,0.3,0.4,49.1,3,1.3,1.1,30.4,5,14.6,4.3,17.6,4.8,19.8,4.7,9.7,4.4,9.6,3,5.3,2.3,13.4,4.7,10.4,3.3,18.2,1.7,10.1,4,13.3,4,24.7,4.9,2.1,1.3,0.3,0.5
"16023","Butte County, Idaho","16","023",TRUE,"missing_estimate:",53015,10.8783301713599,9674,17.5,3.4,18.9,4.5,2.9,1.8,2.9,2.5,89.2,4.6,24.6,4.1,20.3,4.3,6.4,2.7,0,1.3,55.6,6.1,2.4,1.6,34.8,7,19.4,5.8,15.5,5.8,17.4,6.3,18.7,7.4,5,3.1,16,6.3,12.3,4,16,6.8,22,4,19.7,5.1,17.1,5.2,22.5,8,5.7,3.2,0,3.2
"16025","Camas County, Idaho","16","025",TRUE,"missing_estimate:",57955,10.9674221263228,8487,34.4,10.4,20.7,8.3,1.3,1.5,1.9,2.3,93,4.5,26.4,6.8,19.3,6.6,14,6.7,0,3.1,56.3,11.4,0,4,39.3,9.2,22.8,10.5,15.3,9.3,6.7,5.2,11.7,6.6,1.9,2.7,8.4,6,7.5,6.5,21.2,9.3,42.7,8.8,47.4,7.4,8.7,4.6,20,9.6,4.1,3.6,0,9
"16027","Canyon County, Idaho","16","027",TRUE,"missing_estimate:",76488,11.2448891447653,1853,23.2,1.3,14.8,0.7,8.7,0.5,6.9,0.5,93.4,0.6,26.7,,14.5,0.1,26,,0.7,0.1,64.8,0.9,2.4,0.3,32.9,1.6,18.4,1.1,14.6,0.9,14.8,0.9,3.2,0.5,9.8,0.8,10.3,0.9,7.4,0.8,13,1.1,25.3,0.5,3.4,0.7,6.7,0.7,24.5,1.2,3.4,0.5,0.7,0.2
"16029","Caribou County, Idaho","16","029",TRUE,"missing_estimate:",68782,11.1386973617839,8641,16.8,3.5,13.8,2.1,3.9,1.8,2.2,1.7,93.6,2.2,26.4,0.5,18.1,0.5,5.7,,0.2,0.3,62.3,3.3,1.2,1,27.2,3.7,24,4.6,22.7,4.5,14.3,3,21.3,4.7,9.8,2.4,6.2,3,7.8,2.4,6.3,2.2,21.1,2.5,21.6,4.8,11.9,3.5,18.4,3.9,2.3,1.4,0,0.1
"16031","Cassia County, Idaho","16","031",TRUE,"missing_estimate:",70830,11.1680379187477,5163,21.3,2.6,14,1.8,10.3,1.5,8.4,1.5,88.1,2.1,30.9,0.1,14.5,0.1,30.1,,0.5,0.1,63.7,2.5,1.5,0.7,31.7,3,15.7,2.8,16.1,2.8,18.8,3.2,11.3,2.2,14.7,2.4,7.6,2,6,1.3,8.9,2.1,17.9,1.2,6.6,2,7.5,1.7,31.4,3,4.6,1.5,0.8,0.6
"16033","Clark County, Idaho","16","033",TRUE,"missing_estimate:",55208,10.9188631493004,16773,20.5,6.7,13.6,5,19.3,6.4,18.6,7.3,92.8,5,28.5,8.9,12.1,5.4,28.7,8.9,0,4,61.1,8.9,1.3,1.6,33.4,10.5,18.6,7.2,26,8.6,10.9,4.8,25.5,9.5,8.5,6.2,6.1,4.3,3.7,2.9,9.4,5.1,24,4.2,38.8,7.5,13.2,7,38.7,13.7,0,11.8,1.8,2.4
"16035","Clearwater County, Idaho","16","035",TRUE,"missing_estimate:",60000,11.0020998412042,5019,17.5,2.4,24,2.1,2.1,1.1,0.9,0.4,83.6,3,14.9,0.5,29,0.5,4.6,,0.2,0.2,47.8,2.1,2.2,0.9,34.3,4.2,17.9,3.4,13.7,2.7,16.3,3,7.6,2.3,12.3,3.1,6.9,2.3,6.9,2.4,10.1,2.6,22.5,2.4,21.4,2.6,20.5,2.9,17.1,2.2,3.6,1.4,0.5,0.5
"16037","Custer County, Idaho","16","037",TRUE,"missing_estimate:",67574,11.120978572663,16035,29.3,8.3,24.8,6,4.8,3.1,0.8,1.7,85.9,5.2,13.9,3.3,36.6,3.8,4.5,2.3,0.3,0.7,49,8,1,1.3,29.9,8.8,31.3,12.6,10,5.1,4.5,3.6,10.7,6.6,4.7,3.3,7.1,3.4,9.9,5.8,27.3,11.3,17.3,3.2,38.1,5.2,19.8,5.3,23.2,7.1,3.7,3,0,1.8
"16039","Elmore County, Idaho","16","039",TRUE,"missing_estimate:",65359,11.0876504295392,4259,22.4,2.5,16.6,2,9.3,1.2,5.1,1.1,91.2,2.3,24.2,0.1,14.8,0.3,18.2,,2.8,0.4,63.6,1.8,3,0.9,30.8,3.2,19,2.5,15.3,2.7,18.4,2.6,9.8,2.7,11.9,2.3,8.3,2.1,9.3,2.5,4.5,1.2,22,1.7,9.8,1.6,11.4,2.2,34.4,3.3,4.2,1.2,1,0.6
"16041","Franklin County, Idaho","16","041",TRUE,"missing_estimate:",71950,11.1837267123155,10437,23.9,3.6,10.5,1.6,2.6,0.7,1.3,0.8,96.5,1.7,30.5,0.2,14.9,0.6,7.4,,0.1,0.2,64.7,3,1.5,1,29.1,3.4,18.2,3.3,14.1,2.9,24.7,4.2,6.2,2.1,19.7,4,5.5,2.9,7.1,2.3,12,3.2,24.9,2.8,5.4,2.9,2.2,1.2,21.9,4.2,2.5,1.6,1.3,1.5
"16043","Fremont County, Idaho","16","043",TRUE,"missing_estimate:",72683,11.1938627984882,5715,22.8,2.8,16.9,2.1,5.5,1.2,3.7,1.2,93.3,1.7,24,0.2,18.3,0.5,12.4,,0.3,0.2,58.2,2.7,2.2,0.9,28.8,3.2,16.4,2.6,17.4,2.9,14.5,2.7,8.8,2.5,9.4,2.7,5.2,1.5,8.6,1.9,11.7,2.7,24.1,2.3,47.2,2.7,11.4,2.1,17.4,3.2,1.8,1,0.8,0.9
"16045","Gem County, Idaho","16","045",TRUE,"missing_estimate:",64605,11.0760470861563,6592,20.7,3.2,16.9,1.7,6.2,2.6,5,2.2,90.2,2.3,21.9,0.7,23.1,0.5,9.7,,0,0.1,55.4,2.5,1.6,1,33.2,4.1,15.4,3,17.7,3.5,13.4,2.9,5.7,2.2,9.1,2.6,7.8,2.9,9.4,2.2,11.5,2.8,30.3,2.6,3.9,2.3,12,2.9,24,3.3,2.9,1.4,0.7,0.5
"16047","Gooding County, Idaho","16","047",TRUE,"missing_estimate:",63559,11.0597238873614,6340,16.2,2.6,17.2,2.4,14,1.4,11.5,1.7,87.9,3.2,26.4,0.2,18.5,0.9,31.5,,0.1,0.1,62.7,2.7,2.4,1,32,3.1,16.6,3,21.5,3.4,15.7,2.9,18.4,3.4,10,2.6,4.8,1.8,7.7,2.4,8.3,2.4,21.7,1.9,7.1,2.2,15.7,2.8,29.2,4.7,2.9,1.6,1,0.6
"16049","Idaho County, Idaho","16","049",TRUE,"missing_estimate:",66325,11.1023221790059,6132,22.6,2.6,17.7,1.8,2.1,0.9,1.1,0.8,87.4,2.5,19.8,0.2,29.4,0.3,4,,0.1,0.2,48.7,2.2,1.8,0.7,35.1,4.3,17.9,3.4,15.8,2.7,13.1,2.6,13.1,3.2,9.8,2.5,6.9,1.8,12.5,2.6,9.9,2.1,19.9,2.2,23.9,3.3,12.7,2.2,19.1,2.8,3,1.1,1.5,0.7
"16051","Jefferson County, Idaho","16","051",TRUE,"missing_estimate:",86679,11.3699669188971,3818,27.4,2.6,12.8,1.9,4.2,0.7,3.1,0.6,95,1.6,32.3,0.1,11.9,0.2,11,,0,0.1,66.1,1.8,1.8,0.7,37.9,2.5,16.1,2.2,14.7,1.8,14.6,1.9,5.5,1.3,9.1,1.6,9.9,1.7,8.2,1.9,7.6,1.6,25.1,1.6,5.4,1.7,7.2,1.7,17,2.3,1.3,0.8,0.3,0.3
"16053","Jerome County, Idaho","16","053",TRUE,"missing_estimate:",71724,11.1805806986123,3145,14,2.2,14.2,1.8,17.9,1.9,16.4,2.2,89.4,2.2,29.6,,13.4,0.3,39.2,,0.1,0.1,64.9,2.2,2.3,0.7,26.6,2.5,16.3,1.9,20.9,3,20.3,3.6,13.4,2.5,13.6,2.6,6.5,2,8.1,1.9,5.8,2,21.7,2,6,2.6,9.5,2.3,24.8,3,3.2,1.2,1.1,0.7
"16055","Kootenai County, Idaho","16","055",TRUE,"missing_estimate:",81861,11.3127779659503,2371,30,1.3,15,0.8,2.3,0.3,0.7,0.2,92.2,0.9,22.3,0.1,20.1,0.1,5.7,,0.3,0.1,60.5,1,2,0.3,37.9,1.6,17.5,1.3,11.4,1,11.4,1,1.8,0.4,7.3,0.8,10.2,1,8.8,1,15.1,1.2,22.8,0.7,11.3,1,7.3,0.8,28.7,1.4,4.2,0.6,0.6,0.2
"16057","Latah County, Idaho","16","057",TRUE,"missing_estimate:",65424,11.0886444426044,3248,43,2.2,13.1,1.2,3.9,0.8,1.4,0.4,90.1,1.7,18.9,0.1,14.8,0.1,5.2,,1,0.2,62,1.8,4.2,0.9,44.1,2.7,18.5,2.1,8.2,1.3,10.2,1.2,4.8,1.2,8.8,1.4,10.7,1.9,5.6,1.1,9.9,1.9,18.7,1.1,7.5,1.6,10.4,1.5,41.3,2.1,4,1.2,0.8,0.5
"16059","Lemhi County, Idaho","16","059",TRUE,"missing_estimate:",53202,10.8818512686081,4428,24.1,3.7,23.7,3.7,0.6,0.4,1.8,1.5,88.8,4.4,17,0.1,30.9,0.9,3.9,,0.1,0.2,52.8,3.8,1.1,0.9,32.1,5.5,16.3,4.1,15.6,3.7,14.7,4.5,11.5,3.8,7.5,3.2,7.6,3.3,10.6,3.7,11.8,3.9,15.5,2.6,26,3.9,15.6,4,20.7,5.2,5.4,3.6,1.1,1
"16061","Lewis County, Idaho","16","061",TRUE,"missing_estimate:",51615,10.8515676068997,3542,21.3,2.7,24,2.3,1.2,0.6,1.8,0.8,81.9,3.3,21.9,0.5,28.3,0.6,4.3,,1.1,0.2,47.6,2.3,1.2,0.6,35.9,4,19.9,2.6,15.5,2.5,14.4,2.6,14.1,2.8,10.9,2.4,3.6,1.6,11.2,2.1,12.6,2.8,21.4,1.7,13.8,1.9,12.5,2.4,23.6,3,3.4,1.5,0.3,0.5
"16063","Lincoln County, Idaho","16","063",TRUE,"missing_estimate:",71453,11.1767951698803,5217,11.1,2.1,14.6,2.3,15.7,1.8,9,1.6,86.4,3.5,26,0.5,15.4,1,32.4,,0.6,0.3,67.4,2.6,3.3,1.8,25.4,3.7,13.8,3.3,18.9,2.8,17.9,3.2,11,2.9,13.2,3.4,7.6,2.2,8,2.6,5.3,1.6,33.6,2.4,7.1,2.6,18.3,3.9,21.1,4.3,1.1,0.8,1.6,1.3
"16065","Madison County, Idaho","16","065",TRUE,"missing_estimate:",60160,11.0047629586237,6493,41.8,2.9,7.2,1.2,5.2,1.5,1.7,0.6,78.8,4.4,20.2,0.2,5.4,0.1,9.8,,1,0.3,68.5,1.8,5.7,1.7,33.7,3.2,28.3,3,6.6,1.3,9.7,1.9,2,0.6,5.5,1.2,10.3,2,4.5,1.1,13.3,3.1,16.4,1.3,12,2.7,4.2,1.2,59.8,3.1,2.1,0.8,5.6,4.5
"16067","Minidoka County, Idaho","16","067",TRUE,"missing_estimate:",70377,11.1616217842211,7656,15.7,2.3,13.5,1.9,11.8,1.8,9.6,1.7,86.7,2.9,28.2,0.4,16.1,0.3,37,,0.1,0.2,64.8,2.5,2.2,0.9,28.7,3.4,14.3,2.7,17.4,3.4,24.7,3.4,13.2,2.8,18.1,2.8,6.4,2.1,9,3,4.7,1.7,17.4,1,6.2,2.2,9.9,2.5,30.8,3.2,5.6,1.9,0.8,0.5
"16069","Nez Perce County, Idaho","16","069",TRUE,"missing_estimate:",72599,11.1927064266133,5036,27.1,2.4,18.1,1.6,1.7,0.4,0.9,0.3,89.4,1.7,21.2,0.2,21.1,0.1,4.4,,0.2,0.1,59.1,2,1.5,0.5,34.5,2.4,14.3,1.9,10.5,1.7,17,1.9,2.3,0.7,17.3,2.2,5,1.1,6.1,1.4,9.3,1.8,16.7,1.2,7,1.3,10.4,1.8,29.6,2.2,5.7,1.4,0.6,0.4
"16071","Oneida County, Idaho","16","071",TRUE,"missing_estimate:",74954,11.2246298710193,10927,26.7,5.6,13.3,2.5,1.1,0.8,1.3,0.9,86,4.2,27,0.4,19.9,0.5,4.4,,0.4,0.7,62.5,3.9,0.9,0.8,37.6,5.1,14.4,4.5,11.1,3.5,18.1,5.2,8,4.3,18.3,5.5,6.1,3.4,10.4,3.5,15.5,5.4,26.6,4.5,8.6,4.5,1.8,1.3,11.7,3.5,1.2,1.3,1.7,1.5
"16073","Owyhee County, Idaho","16","073",TRUE,"missing_estimate:",64406,11.0729620754545,9360,12.4,2.2,18.8,2.2,10.8,1.6,11.8,2.4,86.5,2.7,24.4,,19.3,0.3,24.8,,0.5,0.7,57,2.6,1.2,0.6,27.2,3.5,13.7,2.4,25.8,3.9,14.5,2.7,16.8,3.9,5.3,1.9,5.5,2.2,11.3,3,8.6,2.8,27.7,2.2,10.9,2.9,21.7,3.9,27.4,4.9,3.5,1.5,2.6,1.4
"16075","Payette County, Idaho","16","075",TRUE,"missing_estimate:",67673,11.1224425610351,4549,17.3,2.4,18,1.8,5.1,1.1,4.2,1.1,87.1,3.8,25.5,0.2,19.8,0.5,17.9,,0.1,0.1,58.6,2.2,1.9,0.8,33.6,3.7,17.1,2.8,13.4,3,21.2,3.8,8,2.7,13.1,2.5,8,2.1,8.2,2.3,5.9,2,23.1,1.8,4.4,2.2,15.1,3.1,25.5,3.9,3.7,1.2,1.9,1.2
"16077","Power County, Idaho","16","077",TRUE,"missing_estimate:",61146,11.0210197260567,10084,15.3,3.9,16.5,3.8,12.9,3.5,11.7,4.1,90,4.3,29.8,,17,1.4,34.3,,0.4,0.7,64,4.9,3.6,1.6,33.9,6.3,8.9,3,25.6,5.3,15.7,6,30,6.8,8.3,4.7,3.7,1.7,8.9,3.5,9.7,3.4,16.3,1.8,5.1,2.9,20.6,5.5,26.3,5.7,3.2,3.3,0.1,0.1
"16079","Shoshone County, Idaho","16","079",TRUE,"missing_estimate:",55527,10.9246246679248,5264,12.7,2.2,21.8,2,1.8,0.5,0.5,0.4,88.2,2.3,20.7,0.4,23.3,0.3,4.1,,1,0.1,55.9,2.3,2.9,1,26.3,3.6,23.9,3.9,18.3,3.1,11.6,2.6,9.1,2.3,6.4,1.9,6.6,2.2,5.2,1.8,8.1,2.7,21.6,1.8,18.2,2.9,9,2,26,3.3,4.5,1.3,1.1,1.2
"16081","Teton County, Idaho","16","081",TRUE,"missing_estimate:",99805,11.510973561245,15311,49.9,4.2,8.3,1.5,10.6,1.9,6.3,1.4,94.9,2.4,22.3,0.6,14.3,0.7,17.3,,0,0.3,73.9,2.7,0.9,0.6,47.6,4.5,15.8,3,10.6,2.2,8.4,3.2,4.9,1.9,3.4,1.4,12.9,2.6,12.6,3,17.7,3.5,33.9,4.4,27.8,4,4.6,1.8,19.2,3.2,1.4,1.2,3,1.7
"16083","Twin Falls County, Idaho","16","083",TRUE,"missing_estimate:",67409,11.1185338191432,3701,23.5,1.8,14.4,1.1,8.5,0.9,5.1,0.7,91.1,1.4,26.3,0.1,16.6,0.1,18,,0.8,0.2,64.6,1.2,2,0.5,34.7,2,17.2,1.5,11.6,1.3,17.4,1.8,6.4,1,13,1.3,7.3,1.1,8.5,1,7.4,1.1,17.8,0.8,4.6,0.9,7.1,1,29.5,1.9,2.9,0.8,0.9,0.4
"16085","Valley County, Idaho","16","085",TRUE,"missing_estimate:",76078,11.239514408756,7816,40.1,5.7,10.9,2.5,1.4,0.9,1.2,0.9,93.9,3.5,18.8,0.8,27,0.7,5.4,,0,0.1,51.5,4.8,2.4,1.6,38.5,9.4,18.5,7.9,12.3,5.7,7.9,3,4.7,2.5,2.2,2.1,11.1,4.9,5.8,2.8,16.9,6.3,18.7,3.1,66.5,3.1,7,1.9,18.1,5.1,4.2,3.1,0.5,0.7
"16087","Washington County, Idaho","16","087",TRUE,"missing_estimate:",54000,10.8967393255464,7096,20.6,3.4,18.2,2.5,6.4,1.5,5.1,1.7,88.5,3.7,22.2,,26.6,0.7,16.5,,0.3,0.3,47.7,3.3,2.5,1.2,34.2,4.9,17.4,3.9,13.1,2.9,20.3,3.3,9.7,2.6,11.9,3.3,4.8,2.3,9.1,2.7,8.3,2.3,18.6,2.4,9.2,2.9,12,3.1,25.4,3.8,4.9,2.6,0.1,0.2
"17001","Adams County, Illinois","17","001",TRUE,"missing_estimate:",66220,11.1007378111012,3435,27.5,1.8,18.1,1.4,1.2,0.3,0.5,0.2,86.5,1.7,22.5,,20.6,0.2,2.1,,2.8,0.4,65.2,1.3,2.5,0.4,36.1,2.1,17.5,1.6,9.1,1.2,16.1,1.5,3.1,0.8,13.7,1.4,6.8,1.1,5,0.8,7.6,1.2,16.9,0.8,7.9,1.2,4.5,0.8,27.9,1.9,7.5,1.2,0.6,0.4
"17003","Alexander County, Illinois","17","003",TRUE,"missing_estimate:",47043,10.7588173560491,5354,12.6,2.6,23.8,3,1,0.6,0.1,0.1,61.9,5.2,21.3,0.1,24.9,0.2,0.7,0.6,32.9,1.3,49.1,3.1,3.2,1.5,19.8,4.5,19.1,3.5,9.1,3.2,29.3,5,4.5,2.6,9.4,3.2,3.8,1.7,5,2.5,4.7,2.8,30.6,3.7,35.2,4,14.2,3,22.4,4.7,10.1,3.7,0.6,0.7
"17005","Bond County, Illinois","17","005",TRUE,"missing_estimate:",65959,11.0967886158552,3052,21.6,3,19.6,2.4,1.1,0.4,0.8,0.5,86.5,2.7,17.7,,18.8,0.2,2,0.8,6.1,0.8,52.9,2,2.4,0.9,31.6,4.3,27.8,4.2,10.6,2.7,14.1,3,6.2,2.2,9.6,2.4,5.8,1.8,7.1,2.4,8.2,2.5,23.6,2.2,10.9,2.6,10.7,2,23.4,3.7,6.8,2.4,0.3,0.3
"17007","Boone County, Illinois","17","007",TRUE,"missing_estimate:",84571,11.3453466972304,4441,23.6,2.1,13.4,1.4,11.3,1.4,7.1,1.1,91.2,1.7,23.8,0.1,16.7,0.2,25.6,,2.3,0.5,65.8,1.7,4.8,1,33.8,2.9,18.8,2,9.7,1.9,20.3,1.8,1.6,0.6,21.9,2.5,8.5,1.7,3,0.9,9.6,2,26.6,1.2,4.1,1.3,6,1.3,18.2,2.2,4.2,1.1,0.6,0.4
"17009","Brown County, Illinois","17","009",TRUE,"missing_estimate:",67917,11.1260416503984,7581,12.6,3.1,20.5,3.5,1.6,0.8,2.1,0.9,84.6,4.6,16.8,,16.3,0.7,6.7,1.3,17.8,1.4,41.4,3.1,1.3,1,26.1,5.2,19.8,5.1,11.2,3.5,17.6,4,8.6,3.1,7.9,3,5.1,3,7.1,3.6,7.3,4,15.9,1.7,12.1,4,5,2.5,28.2,5.5,8.5,3.5,0.2,0.5
"17011","Bureau County, Illinois","17","011",TRUE,"missing_estimate:",69257,11.1455795019735,2146,21.7,1.3,14.8,1.1,3.4,0.6,2.3,0.5,86.3,1.5,20.7,,23.2,0.2,10.2,,0.6,0.2,62.8,1.1,2.7,0.5,29.9,1.8,18,1.6,10.1,1.1,22.6,1.3,5.9,0.8,15.2,1.4,5.6,0.9,5.6,0.8,5.4,1.1,21.1,0.9,10.2,1.7,2.3,0.5,23.9,2,6.7,1.2,0.4,0.3
"17013","Calhoun County, Illinois","17","013",TRUE,"missing_estimate:",93203,11.4425351889968,10314,20.1,3.9,15.7,3,0.3,0.2,0,0.9,86.1,3.6,19.9,0.4,25.4,1,0.8,0.8,1.5,1.2,55.1,4.7,1.8,0.8,38.8,6.6,15.9,4.4,13.1,3.4,12,4.4,10.9,6.2,7.3,3.4,5.8,3.4,12.2,6.2,20.1,7.3,47.7,5.8,46.1,2.7,10.6,2.9,11.3,4.1,2.7,1.4,0.2,0.3
"17015","Carroll County, Illinois","17","015",TRUE,"missing_estimate:",60758,11.0146540397756,2707,17.8,1.7,16.2,1.5,2.4,0.6,1.9,0.6,86.1,2.1,17.7,0.4,24.2,0.3,5.3,,3.9,0.5,50.5,1.7,1.5,0.5,31.3,3,13.9,2.3,9.4,1.7,27.8,2.7,4.4,1.3,22.5,2.7,5.5,1.3,7.8,1.9,6.8,1.7,24.6,1.7,19.8,3,3.3,1.4,22.8,2.6,3.3,1.3,0.5,0.3
"17017","Cass County, Illinois","17","017",TRUE,"missing_estimate:",68125,11.1290995319655,4852,20.8,2.7,16.6,1.9,14.2,1.6,12.9,1.8,86.7,2.9,24.4,0.1,18,0.8,22.9,,4,0.9,58.5,2.7,2.5,0.9,26.1,3,15.3,2.5,13.1,2.5,29.2,3.8,6,1.7,22.7,3.7,5.2,2,4.1,1.4,5.7,1.7,21,1.8,9.7,2.6,11,2.4,24.1,3.1,4.5,1.6,0.9,0.8
"17019","Champaign County, Illinois","17","019",TRUE,"missing_estimate:",63683,11.0616729299614,1675,46.2,1.3,10.2,0.6,14.2,0.8,7.4,0.5,90.5,0.7,19.1,0.1,13.9,0.1,8.3,,13.4,0.4,60.6,1,2.6,0.3,50.4,1.3,16.9,1.2,5.3,0.6,11.1,0.9,1.4,0.3,8,0.7,9.8,0.7,4.9,0.6,15.5,1.1,16.9,0.4,10.1,0.9,3.1,0.5,46,1.1,12.8,0.8,0.4,0.2
"17021","Christian County, Illinois","17","021",TRUE,"missing_estimate:",62611,11.0446962605013,2760,17.1,1.7,15.3,1.5,1.2,0.4,0.6,0.3,87.7,1.9,19.3,0.2,20.3,0.3,3.3,,2.1,0.5,56.4,1.6,2.6,0.8,32.1,2.4,20.4,2.3,9.7,1.5,16.1,2.1,4.9,1.1,10.5,1.5,5.9,1.4,6.3,1.3,7.1,1.2,22,1,10.5,2.1,4.3,1.2,24.8,2.1,6.1,1.3,0.2,0.1
"17023","Clark County, Illinois","17","023",TRUE,"missing_estimate:",72927,11.1972142197969,4958,24.9,2.8,13.6,1.8,1.3,0.7,1,0.6,87.6,2.3,22.4,,20.3,0.2,1.9,,0.5,0.3,61.3,2.2,2.3,0.8,36.7,4.1,12.7,2.9,15.6,2.6,19.4,2.9,5.2,1.7,18.6,3,6.7,2.1,7.6,2.2,5.2,1.8,25.2,1.8,10.3,2.6,6.6,1.9,19.7,3.6,5.2,1.6,0.1,0.1
"17025","Clay County, Illinois","17","025",TRUE,"missing_estimate:",60417,11.009025801275,11361,13.1,3.1,18,2,0.2,0.2,0.4,0.3,85.9,2.9,23.8,0.3,20.9,0.2,2,,0.3,0.5,56.6,2.8,2.7,1.1,33.4,5.4,15.7,3.7,16.3,2.8,19,4,5.8,1.9,21.7,4.7,6.6,2,5.9,1.8,4.4,1.7,25,3.6,13.9,3.7,17.5,3,20.7,4.2,4.9,2,0.2,0.2
"17027","Clinton County, Illinois","17","027",TRUE,"missing_estimate:",86588,11.3689165168197,4464,25.9,1.8,14,1.2,2.3,0.4,1.7,0.3,90.8,1.3,21.6,0.1,18.8,0.2,4.1,,3.1,0.3,62.8,1.4,2.1,0.5,42,2.3,16,1.8,12,1.9,13.2,1.6,3.7,1,9.1,1.1,7.5,1.8,6.9,1.1,12.6,2,25.9,1.3,7.6,1.6,8.7,1.5,19.7,1.8,3.2,0.8,0.9,0.6
"17029","Coles County, Illinois","17","029",TRUE,"missing_estimate:",56478,10.9416064607753,3441,26.9,1.8,17.6,1.4,2.8,0.9,1.2,0.4,85.8,2,18.3,0.1,18.4,0.1,3.9,,3.6,0.5,60.9,1.6,3.7,0.9,34.8,2.5,20.5,2.2,8.4,1.6,16.8,1.8,2.1,0.8,11.8,1.6,5.7,1.1,6.7,1.2,7.2,1.6,18.2,1.2,8.2,1.4,3.9,0.9,39.6,2.3,8.7,1.8,1.5,0.9
"17031","Cook County, Illinois","17","031",TRUE,"missing_estimate:",83498,11.3325779584563,630,42.7,0.3,11.4,0.1,21.7,0.2,14,0.2,90.6,0.2,21.1,,16,0.1,26.8,,21.8,0.1,66.2,0.2,4.6,0.1,46.4,0.3,15.9,0.2,5.6,0.1,13.4,0.2,0.2,0.1,9.2,0.2,15.9,0.2,4.8,0.1,18.9,0.2,31.5,0.2,7.7,0.2,0.8,0.1,42.3,0.3,18,0.3,1.2,0.1
"17033","Crawford County, Illinois","17","033",TRUE,"missing_estimate:",71674,11.1798833387882,4697,20.6,2.5,14.3,1.6,1.2,0.7,0.6,0.4,88.5,2.2,20.2,0.4,19.8,0.2,2.7,,3.4,0.9,55.3,1.8,1.7,0.6,31.7,3.7,21,2.8,8.9,1.8,23.7,3.3,4,1.1,19.4,2.6,4.2,1.8,6.4,1.7,4.7,1.7,18.1,1.8,11.4,1.9,8.5,1.6,18.1,2.5,6.1,1.8,0,0.1
"17035","Cumberland County, Illinois","17","035",TRUE,"missing_estimate:",73327,11.2026841693005,6920,19.6,2.4,14.2,1.9,0.2,0.2,0.2,0.2,87,2.6,22.4,,21,0.2,0.4,0.4,0.2,0.2,65.3,2.8,0.9,0.5,29.1,4,17.3,2.9,11.6,2.3,23.4,3.3,5.2,2,13.8,3,6.1,1.9,7.4,2.2,8.5,2.1,23.5,2.8,11.6,2.6,10.1,2.8,15.8,3.2,4.8,1.5,0,0.9
"17037","DeKalb County, Illinois","17","037",TRUE,"missing_estimate:",70724,11.166540256798,2546,33,1.5,11.1,0.9,6.4,0.7,4.1,0.6,92.7,1.2,21.6,,13.9,0.1,14.5,,6.8,0.5,68.4,1.3,4.7,0.7,34.9,1.5,19.2,1.5,9.2,0.9,16.3,1.3,1.3,0.3,11.9,1.2,9.1,0.9,5.2,0.8,9.3,1.1,26.7,1.1,5.1,1,2.1,0.5,38.6,1.5,6.4,1.1,0.5,0.5
"17039","De Witt County, Illinois","17","039",TRUE,"missing_estimate:",71678,11.1799391454738,6810,23.2,2.2,13.7,1.7,1.8,0.6,0.9,0.5,86,2.2,21.3,0.3,20.7,0.2,3.5,,1,0.5,61.8,2.1,2.4,0.9,31.6,3.5,16.7,2.3,12.1,2.2,19.3,2.7,3.3,1.3,16.4,2.8,5.9,1.8,5.7,1.6,10.6,1.9,23.3,1.4,9.9,2.4,4.5,1.5,21.5,3,3.8,1.4,0,0.6
"17041","Douglas County, Illinois","17","041",TRUE,"missing_estimate:",77320,11.2557079333223,2305,20.9,2.6,12.5,1.4,4.2,0.8,8.7,2,82.8,2.3,24.6,0.3,18.6,0.3,8.5,,1.2,0.4,65.2,1.6,1.6,0.6,30.2,3.6,13.9,1.7,12.4,2,24.3,2.6,5.3,1.7,24.3,2,4.7,1.6,6.9,1.6,6,1.5,20.4,1.2,8.7,2.3,3.9,1.4,23.1,3,10.8,1.4,0.3,0.3
"17043","DuPage County, Illinois","17","043",TRUE,"missing_estimate:",112096,11.6271109259972,1607,51.8,0.5,9,0.2,20.5,0.4,10,0.3,94.8,0.3,22.2,0.1,17.3,0.1,16.1,,4.8,0.1,68,0.4,3.4,0.2,50.4,0.7,12.1,0.4,5.2,0.3,11.4,0.4,0.3,0.1,11.9,0.4,15.7,0.4,4.1,0.2,21.5,0.6,27.7,0.3,4.5,0.3,0.3,0.1,26.9,0.5,4.6,0.3,0.9,0.1
"17045","Edgar County, Illinois","17","045",TRUE,"missing_estimate:",59941,11.0011160240815,6477,20.4,2.4,18,1.8,1,0.4,1.1,0.5,87.1,2.2,19.8,0.4,24.7,0.4,1.5,,0.7,0.3,58.1,2.4,2.5,1,32.4,4.2,17.7,3,10.2,2.2,22,4.1,5.1,1.2,19.6,3.4,5.5,1.7,7.6,2.4,4.4,1.6,17.9,2.2,7.9,2.1,8.6,2.6,27.3,3.1,8,2.2,0.7,0.7
"17047","Edwards County, Illinois","17","047",TRUE,"missing_estimate:",60519,11.0107126443025,3712,13.9,2.3,20.2,2.7,0.8,0.4,1.2,0.7,85.1,3.1,22,0.4,22.6,0.2,1.5,,0.1,0.2,60.1,2.2,3.3,1.4,30,4.7,16.6,3.3,11.2,2.7,26.9,4.1,10.2,2.6,25.9,4.2,4.5,1.8,9.1,2.9,4.8,1.8,23.4,2,12.4,2.6,19.7,3.5,20.7,3,3.9,1.4,0.5,0.4
"17049","Effingham County, Illinois","17","049",TRUE,"missing_estimate:",80404,11.2948192051733,3469,26.9,1.8,14.3,1.3,1.6,0.4,1.3,0.5,90.6,1.5,23.9,,18.8,0.1,2.8,,0.3,0.2,65.7,1.9,1.4,0.4,37.2,1.9,14.6,1.5,10.6,1.3,17.3,1.5,3.9,0.9,13.6,1.6,6.2,1.2,6.9,1.4,11.8,2.1,18.1,1,9.5,1.8,7.2,1.4,21.8,2,5.7,1.2,1.8,0.9
"17051","Fayette County, Illinois","17","051",TRUE,"missing_estimate:",60944,11.0177106887184,3842,17.2,2.3,18.1,1.7,0.9,0.4,0.9,0.4,83.9,2.5,20.4,0.2,19.5,0.6,3,,3.2,0.9,54.8,2.3,2.1,0.7,28.8,3.2,19,2.6,13.3,1.9,18.4,2.7,6,1.4,10.2,1.8,6.5,1.5,9.5,2.6,7.1,1.9,25.5,1.3,11.3,1.9,11.9,1.8,19.4,2.6,5.5,1.4,1,0.7
"17053","Ford County, Illinois","17","053",TRUE,"missing_estimate:",62439,11.0419453591264,5373,18.9,2.4,14.9,1.9,2.6,1.1,1.5,0.9,86.9,1.9,23.3,0.3,19.6,0.3,5.3,,0.3,0.3,61.9,2.4,3.4,1.1,32.4,3.5,13.8,2.2,12.5,1.8,17.7,3,6.2,1,9.9,2.2,8,1.6,6.4,1.8,9.2,2.7,24.6,1.9,6.9,1.9,2,0.9,27.7,3.1,9.1,2.9,0.6,0.5
"17055","Franklin County, Illinois","17","055",TRUE,"missing_estimate:",56740,10.9462347083628,3913,15.8,1.5,21.3,1.4,1.2,0.4,1,0.4,83.4,1.5,22.1,,21,0.2,2,,0.4,0.2,56,1.5,4.3,0.8,29.2,2.1,20.4,2.2,11.6,1.6,19,2.2,4.5,0.9,13.8,1.6,4.4,0.9,5.8,1.1,7.2,1.2,26.9,1.3,12.6,1.8,10.3,1.4,25.9,2,6.3,1.2,0.5,0.3
"17057","Fulton County, Illinois","17","057",TRUE,"missing_estimate:",60599,11.0120336702711,2308,18.5,1.8,15.9,1.2,1.2,0.3,0.7,0.3,87.9,1.7,19.5,0.1,21.5,0.2,2.5,,2.8,0.4,53.8,1.6,3.6,0.7,31.9,3,18.4,2.2,12.6,2.1,19.2,2.2,4,0.9,13.4,1.8,6,1.2,5.9,1.1,5.1,1,25.8,1.5,13,1.8,2.9,0.7,23.4,1.9,5.3,1.1,0.3,0.3
"17059","Gallatin County, Illinois","17","059",TRUE,"missing_estimate:",59219,10.9889977153259,6209,13.6,2.6,25.5,3,0.7,0.5,1.4,0.9,82.3,4.3,20.5,0.7,25.3,0.3,1.2,1,1.1,0.9,55.9,2.4,5.1,2.3,31.5,5.3,16.8,4.3,14.8,4,21.8,6.3,11.3,4,11.2,3.1,7,3.3,12,4.7,2.2,1.4,26.1,2.4,16.2,3.3,18.1,3.9,22.6,4.4,7.7,2.5,0,1.8
"17061","Greene County, Illinois","17","061",TRUE,"missing_estimate:",62192,11.037981653092,2385,19,2.5,16.8,1.9,0.2,0.2,0.1,0.1,88.3,2.1,22,0.5,20.8,0.2,1.1,,0.8,0.5,58,2.5,2.8,1,34.6,3.8,18,2.6,11.4,2.2,19.6,3.4,7.3,2.1,11.2,2.4,7.3,2.8,7.5,2.2,10,2.9,29,2,23,2.8,10.3,2.4,21.8,3.3,4.6,1.4,0.1,0.2
"17063","Grundy County, Illinois","17","063",TRUE,"missing_estimate:",92235,11.4320949470557,7255,23.6,1.8,9.7,1,4.1,0.9,1.9,0.4,91.8,1.5,24.3,0.1,15.1,0.1,12,,2.3,0.2,67.3,1.5,3.1,0.7,33.9,2.2,13.5,1.7,12.9,1.7,18.8,2,1.7,0.5,12.2,1.6,7.8,1.6,4.7,1.1,10,1.7,26.8,1.1,3.7,0.8,3.9,1,25.6,1.9,4,1.1,0.3,0.4
"17065","Hamilton County, Illinois","17","065",TRUE,"missing_estimate:",65746,11.0935541116875,6413,21,3.9,19.2,2.8,0.5,0.4,0.2,0.2,80.7,4.5,21.9,0.4,22.9,0.5,0.7,0.7,0.2,0.4,58.7,3.4,3,1.4,32.6,4.6,18.7,3.8,12.9,3.6,16.9,3.2,8.7,2.7,12.9,2.7,8.1,2.9,8.4,3.2,2.4,1.3,26.8,2.3,10.9,3.6,16.4,3.4,23.6,4.6,5.4,2.3,0.1,0.2
"17067","Hancock County, Illinois","17","067",TRUE,"missing_estimate:",65865,11.0953624716639,3254,25.1,1.9,22.6,2,1.5,0.3,0.8,0.3,82.4,2.2,21,0.1,24.6,0.3,2.3,,0.7,0.3,58.8,1.7,2.5,0.9,35.6,2.4,13.9,1.7,11.2,1.6,18.4,2.1,8.7,1.7,15.4,2.1,5.8,1.3,11.7,2.4,7.5,1.6,24.1,1.3,14.8,2,6,1.3,18.7,2,5.4,1.3,0.2,0.2
"17069","Hardin County, Illinois","17","069",TRUE,"missing_estimate:",54271,10.9017452932743,12264,13.3,3.8,27.4,4.3,0.3,0.4,0.1,0.4,78.6,6.9,14.8,2.1,29.8,3.6,0.9,1.1,1.4,0.6,41.1,3.9,1.1,0.9,37.4,7.6,19.4,6.1,10.6,4.3,19.5,6.2,9.6,4.6,6.8,4.9,5.4,3.4,2.2,2,2.2,2.4,28.2,3.8,33.9,4.6,18.2,4.3,20.5,6.1,9,5.2,1.4,1.7
"17071","Henderson County, Illinois","17","071",TRUE,"missing_estimate:",62227,11.0385442681415,6201,20.6,3.4,23.7,2.9,0.6,0.5,0.2,0.2,84,3.4,18.5,,27.6,0.4,1.2,0.6,0.3,0.4,54.8,3,4.3,1.7,37.2,3.9,13.8,3.3,10.7,2.4,25.1,3.8,8.1,2.4,16.7,3.3,3.3,1.3,7.8,2.2,4.2,1.6,26.1,1.8,19.7,3.3,13.1,3,18.9,3.3,4.4,1.4,0.4,0.5
"17073","Henry County, Illinois","17","073",TRUE,"missing_estimate:",71911,11.1831845222716,2277,24.7,1.6,13.5,1.1,1.7,0.4,1.8,0.4,86.7,1.7,21.6,,21.8,0.1,6.9,,1,0.2,62,1.5,3,0.6,36.3,2.1,15.8,2,10.5,1.1,17,1.4,3.4,0.7,16,1.4,5.3,0.9,6.6,1,8.7,1.3,22.2,1,8.7,1.7,1.7,0.7,20.1,1.8,6.6,1.4,0.2,0.1
"17075","Iroquois County, Illinois","17","075",TRUE,"missing_estimate:",66255,11.1012662126987,2456,18.2,1.2,16.2,1.2,3.5,0.4,2.7,0.4,86.5,1.6,21.6,0.1,22.6,0.3,8.3,,0.8,0.4,60.1,1.8,2.7,0.6,31.6,2.1,15.2,2,14.8,1.5,20.2,1.9,7.6,1.2,12.6,1.4,5.5,1,8.4,1.3,7.6,1.4,25,1.4,10.5,1.5,3.9,1.3,20,1.8,4.5,0.8,0.1,0.1
"17077","Jackson County, Illinois","17","077",TRUE,"missing_estimate:",48763,10.7947271075434,3394,36.3,1.7,17.2,1,5.7,0.6,2.8,0.5,86.5,1.6,18.8,0.1,16.5,0.2,5.3,,13.9,0.6,56.6,1.5,4.2,0.8,41.5,2.7,19.4,2.2,8.7,1.4,11,1.6,2.1,0.6,7.2,1.4,7.3,1.2,7.1,1.3,10.8,1.7,20.3,1.2,17.2,2,11.2,1.1,50,2.2,11.5,1.6,0.6,0.3
"17079","Jasper County, Illinois","17","079",TRUE,"missing_estimate:",74755,11.221971378648,7414,20.9,3.4,14.6,2.2,1.2,0.7,0.2,0.3,88.4,2.7,22.5,0.3,21,0.2,1.3,,0.1,0.1,67,2.6,2.8,1.2,30.9,5.9,14.2,3.8,14.6,3.9,20.2,3.7,9,2.8,13.5,3.3,4.3,1.9,8.5,2.5,8.2,2.3,28.1,3,11.2,3.7,9.2,2.3,14.8,3.7,4.5,2.2,0.3,0.4
"17081","Jefferson County, Illinois","17","081",TRUE,"missing_estimate:",63118,11.0527612693397,2847,18.2,1.3,18.3,1.3,1.9,0.4,1.9,0.5,85.7,1.7,22.3,,20,0.1,2.8,,5.8,0.7,59,1.5,3.4,0.6,29.1,2,19,1.6,9.2,1,23.2,1.8,3.5,0.8,18,1.6,6.4,1.1,6,1.2,5.4,0.9,19.6,0.7,10.9,1.5,17,1.4,28.3,1.7,6.3,1.2,0.5,0.3
"17083","Jersey County, Illinois","17","083",TRUE,"missing_estimate:",80361,11.2942842628534,7869,22.6,2.9,13.2,1.8,1,0.4,0.5,0.3,86.4,2.9,19.8,0.2,20.6,0.2,1.6,,0.6,0.3,60.6,2.3,2.1,0.8,36.8,3.9,19.2,3.5,10.5,2.5,15.7,2.6,4.2,1.8,11.5,2.2,8.6,2,7.6,2,11.7,2.4,27.1,2,20,3.1,7,1.8,19.5,3.1,4.7,1.7,0.7,0.8
"17085","Jo Daviess County, Illinois","17","085",TRUE,"missing_estimate:",73993,11.2117257731174,4296,28.9,2.1,13.8,1.3,1.9,0.4,0.7,0.3,87.2,2.3,18.2,0.1,29.9,0.3,4.2,,0.8,0.4,59.6,1.7,2.1,0.6,38.4,3.2,16.1,2.3,9.9,1.5,15.9,2.3,4.7,1.2,17.2,2.3,6.9,1.7,7.1,1.3,12.5,2,22.1,1.5,22.7,2.1,2.5,0.7,19.6,2.1,7,1.9,0.1,0.1
"17087","Johnson County, Illinois","17","087",TRUE,"missing_estimate:",62528,11.0433697354025,6968,19.6,2.5,18.6,2,1.2,0.6,0.8,0.6,80.1,3,18.6,0.3,19.7,0.3,4.5,,7.8,1.3,42,3,1.5,0.6,32.5,4.5,24.2,5.2,12.6,3.2,11.2,3.4,3.2,1.8,8.3,3.3,4.3,1.3,3.1,1.3,4.8,2.1,28.4,2.7,26,3.8,26.5,4.1,18,3.5,4.3,1.4,0.7,0.6
"17089","Kane County, Illinois","17","089",TRUE,"missing_estimate:",103163,11.5440655406116,2082,38.1,0.7,9.7,0.3,17.2,0.4,11.8,0.4,93.3,0.6,23.9,,15.5,0.1,33.4,,4.7,0.2,69.5,0.6,3.3,0.3,39.5,0.8,15.8,0.6,7,0.5,15.9,0.6,0.5,0.1,15.2,0.6,12.8,0.6,3.9,0.4,15.9,0.7,27.8,0.5,3.3,0.4,0.8,0.2,24,0.8,4.7,0.4,0.8,0.2
"17091","Kankakee County, Illinois","17","091",TRUE,"missing_estimate:",71281,11.174385091227,2921,21.2,1.1,15.6,0.7,5.7,0.5,3.1,0.4,89,1.1,22.8,,17.8,0.1,12.7,,14.3,0.5,61.6,1.1,3,0.5,31.5,1.6,17.7,1.3,8.7,0.9,21.2,1.3,1.7,0.4,14.1,1.2,7.2,1,4.7,0.6,8.1,0.9,24.9,0.9,9.7,1.2,6.5,0.8,30.1,1.4,6.6,0.9,0.2,0.1
"17093","Kendall County, Illinois","17","093",TRUE,"missing_estimate:",111601,11.6226852894627,3257,36.9,1.7,8.2,0.8,11.4,1.1,5.8,0.6,95.6,1.1,27,,11.2,,22.4,,7.6,0.4,72.7,1.3,3.2,0.5,41.4,1.8,14.9,1.2,7.9,1.1,15.2,1.4,0.6,0.2,9.5,1.1,11.9,1.2,4,0.8,14.7,1.3,31.6,0.9,2.6,0.8,0.2,0.2,16,1.7,2.2,0.7,0.5,0.3
"17095","Knox County, Illinois","17","095",TRUE,"missing_estimate:",57030,10.9513327241506,3310,21,1.4,15,1.2,3.2,0.5,1.8,0.4,84,1.7,20.2,0.2,22.2,0.2,6.4,,8,0.6,55.3,1.4,2.8,0.7,33.9,1.8,18,1.8,9.8,1.3,17.3,1.7,3.5,0.8,8.9,1.4,4.4,0.8,4.2,0.6,5.7,0.9,20.4,1.5,11.7,1.7,3.8,1,29.2,1.9,8.6,1.4,0.3,0.3
"17097","Lake County, Illinois","17","097",TRUE,"missing_estimate:",110416,11.6120103298604,1747,47.7,0.5,9.8,0.3,19.8,0.4,10.6,0.3,94.3,0.4,23.3,0.1,15.8,0.1,24.9,,6.3,0.1,68.2,0.4,3.4,0.2,48.1,0.7,13.9,0.5,5.5,0.3,12.4,0.4,0.3,0.1,15.5,0.5,14.7,0.5,4.5,0.3,19.5,0.6,28.5,0.4,4.5,0.4,1.6,0.2,25.2,0.6,4.6,0.3,0.9,0.2
"17099","LaSalle County, Illinois","17","099",TRUE,"missing_estimate:",73045,11.1988309685666,2890,20.5,1.1,13.9,0.8,3.9,0.4,2.8,0.4,87.4,1.1,21.2,0.1,19.9,0.1,11.2,,2.5,0.2,61.3,1,3.3,0.4,31.3,1.5,16.8,1.2,11.4,1,21.8,1.4,3.6,0.6,14.9,1.3,6.8,0.8,5.1,0.8,5.1,0.7,26,1.1,9,1.1,4.2,0.6,25.6,1.4,6,0.8,0.5,0.2
"17101","Lawrence County, Illinois","17","101",TRUE,"missing_estimate:",55324,10.9209620897446,4940,14.9,2.2,20.2,3,1.5,0.9,1.2,0.8,90.3,2.7,18.6,,18.5,0.2,2.1,0.9,6.2,0.9,51.2,2.5,4.1,1.4,29.4,4.7,18.4,3,14.6,3.5,23.2,4.2,5.6,1.8,15,3.7,5.2,1.7,4.4,2.2,8.4,2.4,20.8,2.2,14.6,2.4,17.7,3.7,28.2,4.4,5.7,1.9,0.6,0.4
"17103","Lee County, Illinois","17","103",TRUE,"missing_estimate:",70292,11.1604132733147,2918,19.4,1.9,16.2,1.3,2.2,0.5,2.1,0.6,87.4,1.9,19.6,,21.3,0.3,7.6,,5.3,0.4,55.7,1.9,2.9,0.6,33.3,2.8,18.1,1.9,9.6,1.6,22.3,2,3.4,0.9,16.7,1.8,7.4,1.5,5.5,1.1,5.5,1.2,24.6,1.8,11.1,1.9,5.4,1.3,26.4,2.3,6.6,2,0.1,0.2
"17105","Livingston County, Illinois","17","105",TRUE,"missing_estimate:",73790,11.2089785000524,4066,19,1.7,13.6,1.3,2.4,0.6,1.3,0.4,88.5,1.6,21.9,,20.1,0.2,5.8,,3.4,0.4,60.1,1.8,2.1,0.4,31.1,2.4,18.1,1.9,9.2,1.5,23.3,1.8,6.9,1.1,14.4,1.7,6.2,1.2,7.7,1.2,7,1.4,21.6,1.4,8.3,1.6,5.7,1.2,25.7,2.7,5.5,1.5,0.5,0.4
"17107","Logan County, Illinois","17","107",TRUE,"missing_estimate:",66358,11.1028196052125,2759,20.9,1.8,14.7,1.3,1.5,0.6,0.3,0.2,89.5,1.6,19.3,0.2,19.5,0.2,3.5,,5.4,0.8,54.8,1.7,2.2,0.6,34.1,2.6,19.2,2.1,9,1.5,18.4,2.5,5.8,1.2,11.5,2,5.7,1.4,4.8,0.9,8.7,1.6,21,1.4,5.9,1.4,3.2,1.2,31.5,2.7,6.8,1.6,0.3,0.4
"17109","McDonough County, Illinois","17","109",TRUE,"missing_estimate:",52795,10.8741717682406,2946,31.4,2.5,15.4,1.4,2.7,0.6,1.7,0.8,84,2.9,18,0.1,19.3,0.2,3.5,,5.6,0.3,62.3,2,4.9,1.2,32.8,2.8,19.8,2.4,9.2,1.7,17.6,2.4,2.7,0.6,11.7,1.9,5.9,1.3,6.5,1.7,6.9,1.4,18.6,1.5,12.7,2.4,5.7,1.4,36.5,2.9,9.4,1.9,0.9,0.9
"17111","McHenry County, Illinois","17","111",TRUE,"missing_estimate:",104802,11.5598281346564,2178,35.2,1,10.1,0.5,9.9,0.5,5.1,0.4,95.4,0.5,22.7,0.1,16.5,0.1,16.1,,1.4,0.1,69.7,0.6,3.3,0.3,42.1,1.1,14.3,0.7,9.2,0.6,13.2,0.8,0.6,0.2,15.4,0.8,11.3,0.6,4,0.4,16.1,0.7,30.1,0.4,3.1,0.5,0.7,0.2,17.3,1,3.5,0.4,0.3,0.1
"17113","McLean County, Illinois","17","113",TRUE,"missing_estimate:",79905,11.2885937080192,2544,47.2,1.1,10.1,0.6,7.6,0.6,2.7,0.2,90,0.9,21.2,0.1,14.6,0.1,6.4,,8.4,0.3,64.8,0.9,2,0.3,47.2,1.3,15.3,1.2,5.9,0.6,10.3,0.9,1.7,0.3,8.4,0.7,9.4,0.7,4.2,0.4,17.5,1,18.3,0.5,6.8,0.9,3.6,0.6,34.9,1.3,5.9,0.6,0.6,0.5
"17115","Macon County, Illinois","17","115",TRUE,"missing_estimate:",62666,11.0455743147895,2127,24.4,1.4,14.9,0.8,2.7,0.4,1.3,0.3,89.4,1.1,22.6,,21,0.1,2.9,,16.2,0.7,58.1,1,3.9,0.5,35.3,1.8,17.5,1.2,8.3,1,18.4,1.5,1.8,0.4,17.3,1.4,7.1,0.8,3.9,0.7,8.3,1.1,19.4,0.8,12.4,1.3,2.3,0.5,29.8,1.5,9.5,0.9,0.3,0.2
"17117","Macoupin County, Illinois","17","117",TRUE,"missing_estimate:",70805,11.1676848986572,4838,20.3,1.6,16.8,1.3,0.9,0.3,0.4,0.1,88.6,1.7,20.6,0.1,21.6,0.1,1.4,,1.5,0.3,57.1,1.6,2.1,0.5,35.9,2.1,16.5,1.8,12.4,1.3,15.8,1.9,4.5,1,11.4,1.5,6.2,0.9,5,0.9,9.4,1.4,27.5,1.5,16.9,1.8,8.1,1.4,21.5,2.1,4.5,0.9,0,0.1
"17119","Madison County, Illinois","17","119",TRUE,"missing_estimate:",75793,11.2357612190811,1799,31,1,15.8,0.7,2.2,0.2,1.1,0.2,91,0.7,21.3,0.1,18.5,0.1,4.3,,7.7,0.4,62.7,0.7,2.9,0.3,41,1.4,15.9,0.8,8.6,0.7,13.6,0.7,1,0.2,11.5,0.8,11.4,0.8,4.4,0.6,12.7,0.8,24.9,0.5,7.6,0.7,2.2,0.3,25.8,1.1,5.7,0.5,0.3,0.1
"17121","Marion County, Illinois","17","121",TRUE,"missing_estimate:",61240,11.0225558497716,3240,16.8,1.4,19.1,1.2,1.5,0.3,1,0.3,86,1.7,23.5,,20.2,0.1,2.2,,2.9,0.5,60.1,1.6,3.5,0.7,31.8,2.3,17.7,1.8,8.2,1.1,25.9,2.1,2.6,0.7,18.9,2,3.1,0.7,4.4,0.8,4.8,1,21.1,1.1,10.5,1.3,16.9,1.5,25.3,2.1,7,1.2,0.5,0.3
"17123","Marshall County, Illinois","17","123",TRUE,"missing_estimate:",71585,11.1786408337944,3594,18,2,15.7,1.4,1.1,0.4,0.9,0.4,85.6,1.8,20.4,,24,0.2,3.5,,0.4,0.4,56.2,2.1,2.1,0.7,28.5,2.9,17.3,2.2,13.2,1.9,21.9,2.3,7.7,1.8,20.6,2.5,6.4,1.5,6.4,1.6,6.6,1.4,28.9,2.3,12.4,2.7,1.2,0.5,20.8,2.5,3.6,1.3,0.1,0.1
"17125","Mason County, Illinois","17","125",TRUE,"missing_estimate:",62845,11.0484266563589,5651,17.1,2.4,17.9,1.9,0.9,0.4,0.6,0.4,87,2.4,20.8,0.3,23.1,0.2,1.6,,0.5,0.3,54.3,2.6,2.6,0.7,32.3,3.5,16.6,2.5,11,2.2,18.8,2.9,6.2,2,12.9,2.5,4.9,1.4,7.9,2.5,8.2,2.2,30.4,2.4,12.7,2.4,4.2,1.4,18.2,2.8,7.9,2.3,0.5,0.7
"17127","Massac County, Illinois","17","127",TRUE,"missing_estimate:",65116,11.0839255737284,7385,17,2.4,17.6,2,1.4,0.5,0.8,0.5,77.8,3.6,21.3,0.6,22,0.4,2.9,,6.4,0.8,54.6,2.7,2.1,0.9,28,3.7,21.8,3.7,12.7,3.2,15,2.7,7,2.7,7.5,2.7,3.8,1.6,5.5,2,5.3,1.9,20.3,1.4,20,3.3,14.4,3,23.6,3.6,5.1,1.7,0,0.7
"17129","Menard County, Illinois","17","129",TRUE,"missing_estimate:",82176,11.3166185676096,3121,28.3,3.1,16.1,2.2,0.9,0.6,0.3,0.3,90.2,2,21.9,0.5,20.8,0.6,1.7,,0.5,0.3,59.3,2.6,2.1,0.8,40.4,3.7,17.8,2.7,8.8,1.8,10.8,2.5,4.7,1.5,4.2,1.4,7.1,1.8,5.8,2,11,2.7,26.1,1.5,6.6,2,2.8,1.3,20.5,2.9,5.5,1.9,0,0.7
"17131","Mercer County, Illinois","17","131",TRUE,"missing_estimate:",74182,11.2142768121253,7031,20.9,2.2,13,1.3,1.1,0.3,1,0.3,90.5,2,20.8,0.3,21.9,0.1,3.4,,0.6,0.3,60.8,2.1,1.9,0.6,32.3,3.4,15.2,2.6,16.6,2.2,15.2,2.3,6.4,1.8,14,2,4.5,1.2,6.2,1.7,10.1,1.9,28.1,1.7,9.9,2.4,2.9,0.8,16.2,2.6,2.8,1.1,0.3,0.4
"17133","Monroe County, Illinois","17","133",TRUE,"missing_estimate:",102880,11.5413185394714,5432,38.7,2.5,10.6,1.1,1.2,0.3,0.7,0.3,92.7,1.6,21.8,0.2,19.7,0.2,1.9,,0.6,0.2,68.3,1.6,1.3,0.6,46.2,2.5,12.1,1.9,10.2,1.6,9.2,1.8,3.1,0.9,10.9,2.1,8.6,1.5,4.8,1.3,12.6,2,28.3,1.2,6.2,1.9,1.9,0.6,15.3,1.6,4,1.4,0,0.3
"17135","Montgomery County, Illinois","17","135",TRUE,"missing_estimate:",63620,11.0606831653031,4881,18.3,1.8,16.6,1.7,0.8,0.4,0.6,0.2,84.5,2.1,20.1,0.2,21.5,0.3,2.2,,3.3,0.5,52.5,1.6,2.5,0.6,30.8,3.4,19.1,2.8,12.8,1.7,15.9,2.1,6.8,1.7,8.7,1.4,6.7,1.5,6.4,1.4,9,1.9,22.8,1.5,9.4,1.9,6.1,1.3,22.6,2.6,6.6,1.7,0.9,0.7
"17137","Morgan County, Illinois","17","137",TRUE,"missing_estimate:",66306,11.1020356698168,3239,22.6,2,18.3,1.7,1.1,0.4,0.6,0.3,85.3,2.3,18.9,0.1,20.9,0.2,2.9,,4.9,0.9,56.6,1.8,3,0.9,31.1,2.9,17.5,2.5,8.9,1.8,22.7,2.6,3.5,0.9,12.9,2.1,5.3,1.3,5.7,1.5,8.9,1.7,18.7,1.5,12.9,2,6.8,1.3,27.2,2.6,5.5,1.4,0.1,0.1
"17139","Moultrie County, Illinois","17","139",TRUE,"missing_estimate:",71784,11.1814168889779,7457,19,2.5,13.1,1.7,0.7,0.3,3,1.3,82.6,3.1,25.2,0.3,19,0.2,1.7,,1,0.4,60.2,2.4,1.3,0.6,33,3.3,14.2,2.5,11,2.5,23.4,3.4,5.8,1.7,19.9,3.7,4.2,1.5,8.8,2.2,5.3,2,20.9,1.7,6.8,2.3,5.5,1.9,24,3.7,13.3,3.2,0.3,0.3
"17141","Ogle County, Illinois","17","141",TRUE,"missing_estimate:",82132,11.3160829880754,3131,24.3,1.6,14.8,1,4.5,0.5,2.9,0.5,88.4,1.6,22.2,0.1,20,0.2,11.9,,1.2,0.3,61.6,1.7,3.1,0.6,35.4,2.1,16.3,1.6,9.9,1.3,21.7,2,2.8,0.7,17.6,1.6,7.7,1.2,6.2,1.2,8,1.1,26,1.2,8.2,1.4,2.5,0.7,24.6,1.8,5.5,1.3,0.3,0.2
"17143","Peoria County, Illinois","17","143",TRUE,"missing_estimate:",65108,11.0838027085114,1355,34.9,1,14.1,0.6,7.1,0.8,2.9,0.4,89.5,0.9,23.9,,18.3,,6,,17.2,0.7,62.2,0.7,3.8,0.5,44.6,1.3,18.7,1.2,6,0.5,13.4,0.9,0.9,0.2,14.4,0.8,10.6,0.8,4.8,0.6,11.4,0.8,19.2,0.5,8.4,0.7,1.1,0.3,33,1.1,8.1,0.8,0.4,0.3
"17145","Perry County, Illinois","17","145",TRUE,"missing_estimate:",62118,11.0367910809942,5559,13.7,2,21.1,2,1.2,0.5,0.5,0.3,86.5,2.5,19.3,0.3,20.3,0.4,3.7,,7.6,0.9,49,2,2.2,1,32,4,18.4,2.9,11.9,1.7,17.7,3,6.2,1.9,10.3,1.9,4.3,1.6,7.5,1.9,4.7,1.6,24.3,1.4,14,2.7,11,1.9,19.1,2.7,6.5,1.7,0.3,0.4
"17147","Piatt County, Illinois","17","147",TRUE,"missing_estimate:",94811,11.459640715267,8069,32.9,3.1,13,1.5,1.7,0.6,0.5,0.4,91.3,1.9,21.6,0.2,21.1,0.2,1.6,,1.2,0.5,65,1.8,1.8,0.5,38.4,3.5,15.1,3,11.3,2.1,12.9,1.8,5.3,1.8,9.1,2,8.3,2.4,5.5,1.6,7.3,1.9,24,1.7,6.6,2.1,1.6,0.7,15.2,2.5,2.1,0.7,0,0.5
"17149","Pike County, Illinois","17","149",TRUE,"missing_estimate:",59777,10.9983762505706,3316,18.5,1.9,17.1,1.7,0.9,0.5,0.5,0.3,83.2,2.3,23.2,0.2,21.8,0.3,2.1,,0.6,0.3,60.4,1.8,2.4,0.7,30.4,2.5,19,2.4,11.2,2.1,19.8,2.5,7,1.4,9.9,1.7,3.5,1.2,8.2,1.7,5.9,1.3,23.4,1.7,18,2.1,8,1.9,22.3,2.6,3.4,1.3,0.2,0.2
"17151","Pope County, Illinois","17","151",TRUE,"missing_estimate:",60050,11.0029328275081,8584,15.7,3.4,24.1,4.2,0.9,0.5,0.8,0.6,74.9,6.7,14.4,2.7,29,3.3,3,1.1,4.8,1.6,42.5,3.7,1.2,0.9,43.3,7.7,17.4,4.5,9.8,2.9,13.2,4.1,6.8,5.1,3.5,2.2,2.8,1.9,7.6,3.6,10,5,29.3,4,37.8,4.3,17.3,4.4,13.7,3.7,5.5,2.5,0.1,0.2
"17153","Pulaski County, Illinois","17","153",TRUE,"missing_estimate:",42463,10.6563883874952,5028,13,3.5,25.8,2.8,0.5,0.5,0.4,0.5,61.1,5.4,20.6,0.2,23.4,0.3,1,0.7,33.6,1.1,41.6,3.8,1.8,1,25.4,4.8,18.6,4.5,12.9,3.8,21,5.2,4.4,2.3,14.1,5.2,5.1,3.5,3.9,2.4,9.3,4,29.4,2.1,32,4,23.9,4.7,31.8,5.5,7.4,2.5,0.2,0.3
"17155","Putnam County, Illinois","17","155",TRUE,"missing_estimate:",75590,11.2330792782862,4927,22.9,3.5,16,2.9,1.8,0.7,0.9,0.6,86.8,3.6,19.7,0.5,24.6,0.3,6.6,,0.3,0.4,60.3,2.9,2.5,0.9,26.4,3.4,16,2.9,16.5,3.5,21.1,4,6.7,1.9,14.7,2.5,5.8,1.6,6.6,2,7.2,2.8,28.1,2.2,20.2,4.4,2.5,1.8,18.5,2.7,3.2,1.5,0.2,0.4
"17157","Randolph County, Illinois","17","157",TRUE,"missing_estimate:",68131,11.1291876014818,3611,15.2,1.4,22.2,1.6,2.4,0.9,1.7,0.4,86.9,1.5,20.2,0.1,21.3,0.4,3.8,,8.2,0.4,53.2,1.4,2.7,0.6,28.2,2.4,22.4,2.3,11.4,1.4,20.6,2.4,3.6,1,16.8,2.3,5.3,1.2,5.4,1.2,5.3,1.2,23.1,1.2,11,1.7,13.9,1.9,23.4,2.2,6.7,1.4,0.7,0.4
"17159","Richland County, Illinois","17","159",TRUE,"missing_estimate:",62455,11.0422015764,5569,19.1,2.9,17.6,2.1,1.4,0.7,1.6,0.8,86.6,2.7,23,0.2,20.7,0.2,2,,0.3,0.2,61.4,2.5,1.9,0.9,28.4,3.4,17.3,2.5,9.5,2.5,24.8,2.9,6.2,1.8,15.8,2.5,2.4,1,7.2,2.1,6.4,1.9,19.7,1.7,12.5,3,14.1,2.1,26.2,3,8.4,2.3,0.5,0.5
"17161","Rock Island County, Illinois","17","161",TRUE,"missing_estimate:",67159,11.1148182212653,1869,24.7,1.3,15.4,0.8,8.7,0.6,5.8,0.6,90.5,0.9,22.5,,20.4,0.1,14.2,,10.9,0.5,61.2,0.8,3.4,0.5,35.1,1.6,17.1,1.1,7.8,0.9,19.9,1.2,0.9,0.4,15.6,1.1,9.2,0.9,4.4,0.5,8.6,0.7,19.7,0.6,7.5,0.8,2.7,0.4,30.3,1.2,8.6,1,0.4,0.2
"17163","St. Clair County, Illinois","17","163",TRUE,"missing_estimate:",73854,11.2098454503384,1990,31.8,0.8,15.2,0.7,3.3,0.3,1.5,0.2,89.7,0.9,23,,17.3,,5.1,,27.7,0.6,63.4,0.7,3.7,0.4,40.2,1.2,17.8,1,7.1,0.6,14.7,0.9,1,0.3,8.8,0.7,12.4,0.9,4.1,0.5,12.4,0.9,24,0.6,12.8,0.9,4.4,0.5,31.6,1.2,7.5,0.9,0.7,0.3
"17165","Saline County, Illinois","17","165",TRUE,"missing_estimate:",53117,10.8802523066519,2764,19.6,2.1,23.9,1.7,0.9,0.4,0.8,0.4,76.5,2.8,20.7,0.1,21.5,0.3,2.2,,3.1,0.7,54.6,2.2,4.2,1.2,36.3,3.6,19,3.1,12.8,2.1,15.2,2.6,6,1.8,10.9,2.2,5.8,2.3,5.3,1.4,4.2,1.7,23.1,1.7,13.2,1.9,11.6,1.9,27.5,3.3,9.6,2.1,0.9,0.9
"17167","Sangamon County, Illinois","17","167",TRUE,"missing_estimate:",75357,11.2299920995407,1749,36.6,1.1,13.6,0.6,3.6,0.3,1.4,0.2,90.6,0.9,21.9,0.1,19.4,0.1,2.9,,12.5,0.6,61.2,0.9,3.3,0.4,45.6,1.4,16.7,1.1,6.3,0.6,9.7,0.9,1.3,0.4,5.6,0.8,9.9,0.7,3.9,0.5,13.7,1,19.7,0.6,9.2,0.8,3.9,0.5,28.7,1.2,7.6,0.8,0.3,0.2
"17169","Schuyler County, Illinois","17","169",TRUE,"missing_estimate:",65948,11.0966218316811,7520,19.1,4.4,18.2,3.4,1.3,0.9,0.3,0.3,88.3,3.1,17,0.9,25.7,1.4,2.7,,3.7,1.7,51.6,2.8,2.6,1.9,35.6,5,19.7,5.1,9.3,3,15.1,4,6.2,2.6,8,3.2,4.6,2.4,6.4,2.2,5.4,2.7,19.7,2.1,17.3,4.8,10.6,3.1,20.6,5.1,5,2.8,0,0.1
"17171","Scott County, Illinois","17","171",TRUE,"missing_estimate:",66705,11.1080351916129,7853,21.5,4,15.6,1.8,0.6,0.4,0.1,0.2,83.1,3.6,20.9,0.5,23.1,0.2,1.6,1,1,1.1,55.4,2.7,1.5,0.6,36.8,5,15.6,2.9,11.8,2.8,17,2.9,8.6,3.2,13.1,3.3,3.3,1.1,6.4,2.2,10,3.5,24.2,1.8,14.2,3.2,8.4,2.6,21,3.3,4.8,2.3,0.1,0.2
"17173","Shelby County, Illinois","17","173",TRUE,"missing_estimate:",72095,11.1857399727407,4523,18.3,1.9,14.3,1.4,1,0.6,0.3,0.2,88.6,1.9,21.3,0.1,23.7,0.2,1.2,,0.2,0.2,61.4,1.8,1.9,0.6,32.6,2.4,21.4,2.7,9.3,1.7,17.7,2.2,6.3,1.7,13.9,2.4,7.1,1.5,7.2,1.6,6.5,1.4,20.8,1.5,11.4,2.3,7,1.3,21.6,2.3,4.9,1.6,0.3,0.3
"17175","Stark County, Illinois","17","175",TRUE,"missing_estimate:",62878,11.0489516199815,5960,21.4,2.9,14.7,2.1,2.4,1.1,1.7,0.9,85.2,3.2,21.6,0.5,22.9,0.2,2.9,,1.2,0.5,59.3,2.6,1.4,0.7,33.4,3.8,13.4,2.7,12.9,2.4,19.7,3.7,6.3,2.5,17.4,3.1,6.4,1.9,8.2,2.4,8,2.4,25.7,1.8,11.2,2.8,1.9,1.3,19.9,3.2,2.5,0.9,0.3,0.4
"17177","Stephenson County, Illinois","17","177",TRUE,"missing_estimate:",64043,11.0673100117348,3674,20.7,1.9,15.7,1,2.6,0.5,1.3,0.5,86.5,1.8,21.2,0.1,24.4,0.1,5.6,,8.5,1,60.6,1.3,2.6,0.7,34.7,2.5,16.2,2.1,9.6,1.2,20.3,2.3,4.3,1,20,2.2,6,1.1,6.5,1.2,10.3,1.7,20.7,1.2,9.2,1.2,3.6,1.1,29.1,2,7.9,1.4,0.3,0.2
"17179","Tazewell County, Illinois","17","179",TRUE,"missing_estimate:",77982,11.2642333098096,1962,28.4,1,12.5,0.6,1.6,0.3,0.6,0.1,90.2,0.9,21.9,,19.9,0.1,2.7,,1.6,0.2,62.3,0.9,2.2,0.3,40.1,1.6,17.3,1.2,8.5,0.8,13.7,1.1,1.4,0.3,14.7,1,8.6,0.8,4.8,0.7,11,1.1,20.8,0.6,8,0.9,1.7,0.4,21.6,1.4,5.5,0.8,0.2,0.1
"17181","Union County, Illinois","17","181",TRUE,"missing_estimate:",55728,10.9282379926058,5408,20.9,2.2,21.1,2.4,3,0.6,1.8,0.6,72.6,3.2,21.3,0.4,22.9,0.3,5.5,,0.9,0.3,50.9,2.3,2,1.1,31.3,3.8,25.4,3.1,11.5,2.3,16.5,3.1,4.7,2,5.8,1.6,6.2,1.6,7.8,2.2,6.2,1.8,24.4,1.7,12.5,3.1,13.7,2.4,22.6,2.8,9.6,2.5,0.3,0.3
"17183","Vermilion County, Illinois","17","183",TRUE,"missing_estimate:",56877,10.9486463204701,1806,19.2,1,14.7,1,1.8,0.3,1.8,0.3,87.6,1.4,23.4,,20.3,0.1,5.6,,14.7,0.3,56.3,1.1,3.5,0.6,29.1,1.8,16.2,1.5,10.7,1.1,22.5,1.8,3.1,0.6,14.5,1.6,6.5,1.4,8.5,1.6,9.9,1.3,20.1,0.8,12.4,1.1,5.3,0.8,29.8,1.9,9.1,1.3,0.3,0.2
"17185","Wabash County, Illinois","17","185",TRUE,"missing_estimate:",57086,10.9523141816937,4087,18.6,3.5,23.6,2.8,2.2,0.7,1.6,0.6,84.5,2.8,21,0.5,22.6,0.2,2.1,,0.5,0.5,56,2.6,2.4,1.2,27,4,18.9,3.7,11.1,2.3,23.8,3.9,7.9,1.9,19.9,3.8,4,1.8,4.5,1.6,4.7,1.9,23.7,2.3,12.4,3.3,10.4,2.3,23.7,3.5,11,2.7,0.7,0.6
"17187","Warren County, Illinois","17","187",TRUE,"missing_estimate:",67385,11.1181777202033,6850,22,2.4,13.8,1.7,6.5,0.8,6.8,1.3,84.7,2.7,22.5,0.3,20,0.4,11.1,,2.7,0.8,61,2.5,2.2,0.8,28,2.8,18.4,2.6,8.1,1.7,22.5,2.8,4,1.1,13.8,2.4,4.2,1.5,5.8,1.7,7.4,1.7,18.8,1.6,10.5,2.9,2.6,1.2,24.8,3.6,6.9,1.9,0.3,0.5
"17189","Washington County, Illinois","17","189",TRUE,"missing_estimate:",78224,11.2673317848184,6305,23.5,2,13.7,1.4,0.6,0.3,0.7,0.4,87.4,2,20.8,,21.6,0.2,1.6,,1.2,0.4,63.3,1.9,2.8,0.8,32.3,2.9,16.2,2.5,16.2,2.4,18.3,2.2,8.2,1.6,15.4,2.5,7.8,1.8,8.6,1.8,7.4,1.8,26.7,1.9,9.7,2.2,8.9,1.9,15.9,2.5,2.6,0.8,0.4,0.4
"17191","Wayne County, Illinois","17","191",TRUE,"missing_estimate:",55521,10.9245166065459,3923,16.3,2.1,17,1.7,2.2,0.5,1,0.6,83,2.6,22.5,0.3,22,0.2,2.1,,0.3,0.2,57.9,2,2,0.7,29.5,3,15.9,2.1,15.7,2.7,19.1,2.5,10.7,2.6,15,2.2,5.4,1.5,10.6,2.2,7,1.9,24.2,1.6,10.6,2.4,21.2,2.2,21.6,3.3,7.2,2.3,0.8,0.9
"17193","White County, Illinois","17","193",TRUE,"missing_estimate:",54813,10.9116826710798,4036,18.3,3,21.6,2.1,0.6,0.3,0.2,0.2,78.6,3.5,21.7,0.2,23.4,0.3,1.6,,0.6,0.3,53.7,2.2,2.1,0.7,32.7,3.4,16.5,2.5,13.7,2.4,19.9,2.6,10.8,2.6,17,3.1,6.4,2,6.3,1.7,5.8,2.1,24.4,1.8,15.7,3.3,11.5,2.2,22.9,3.4,9.5,2.4,0.1,0.1
"17195","Whiteside County, Illinois","17","195",TRUE,"missing_estimate:",67500,11.1198828768606,2936,20.5,1.3,15.2,1.1,3,0.6,1.7,0.4,86.7,1.5,22,,21.8,0.1,13.3,,1.2,0.3,61.9,1.2,2.7,0.5,32.9,1.9,15.7,1.5,9.1,1,24.2,2.2,2.6,0.7,20.6,1.9,6.6,1.2,5.1,0.9,6.1,1.1,20.3,1,10.5,1.6,2.3,0.6,23.1,1.8,5.8,1,0.2,0.2
"17197","Will County, Illinois","17","197",TRUE,"missing_estimate:",109984,11.6080901796496,1819,37.5,0.6,10,0.3,13.5,0.4,7.6,0.3,94.1,0.4,23.6,0.1,14.6,0.1,19.8,,11.6,0.1,68.3,0.5,3.4,0.2,41.3,0.7,14.2,0.5,8.1,0.4,16.2,0.5,0.5,0.1,10.8,0.4,11.9,0.4,3.4,0.3,14.7,0.5,31.4,0.5,3.9,0.3,1.3,0.2,17.2,0.6,3.9,0.3,0.5,0.1
"17199","Williamson County, Illinois","17","199",TRUE,"missing_estimate:",65604,11.091391948683,3466,26.2,1.6,19.1,1.5,2,0.3,0.7,0.3,87.6,1.4,21.3,0.1,19.6,0.2,2.9,,4.3,0.4,58.8,1.3,2.9,0.5,38.6,2.2,18.3,1.9,9.3,1.3,13.9,1.6,2.8,0.9,9.2,1.3,6.8,1.2,6.4,1.2,8.8,1.4,23.5,1.2,9.7,1.3,6.8,0.8,29.3,1.9,6,1,0.1,0.1
"17201","Winnebago County, Illinois","17","201",TRUE,"missing_estimate:",65837,11.0949372693068,1162,25.2,0.8,15.3,0.5,8.9,0.5,5.2,0.4,88.8,0.8,23.5,,18.5,0.1,15.5,,11.6,0.4,61.5,0.7,4.5,0.4,34.2,1.1,15.8,0.7,8.6,0.7,20.7,0.9,0.7,0.2,18.8,0.9,8.5,0.6,4.1,0.5,9.8,0.7,23,0.6,7.2,0.6,1.3,0.3,34.1,0.9,8.6,0.6,0.7,0.2
"17203","Woodford County, Illinois","17","203",TRUE,"missing_estimate:",91483,11.4239084416523,4526,35.9,1.9,10.6,1.2,1.5,0.5,0.4,0.1,87.7,1.9,23.9,,19.4,0.2,2.1,,0.6,0.2,63.2,1.6,2.2,0.6,46.4,2.4,14.4,1.4,7.9,1.1,13.9,1.9,2.5,0.7,15.5,1.9,8.4,1.5,4.2,1,11.5,2.1,25,1.4,6.8,1.6,3.7,1.1,14.3,1.8,3.3,1,0.1,0.1
"18001","Adams County, Indiana","18","001",TRUE,"missing_estimate:",65289,11.0865788477822,4066,16.2,1.8,12.3,1.4,1.6,0.7,7.5,1.7,78.4,2.6,31.3,0.1,16.3,0.2,4.8,,0.3,0.2,61.2,1.8,1.7,0.6,31.5,2.5,13.2,1.8,12.4,1.9,23.3,2.6,3.5,1.1,24.6,2.4,5.6,1.2,7.2,1.7,6.9,1.7,24.6,1.9,6.8,1.7,1.4,0.7,16.5,2.1,13.1,2.4,1.4,1
"18003","Allen County, Indiana","18","003",TRUE,"missing_estimate:",70737,11.1667240530392,1048,31.6,0.8,12.6,0.5,7.8,0.4,4.8,0.3,91.1,0.6,25.4,0.1,15.6,0.1,9,,10.5,0.3,66.3,0.7,3.1,0.3,38.4,0.9,15.4,0.7,7.1,0.4,20,0.8,0.4,0.1,18.7,0.8,8.6,0.6,4.6,0.4,9.2,0.7,21.9,0.4,5.8,0.4,2.8,0.2,31.1,0.8,6.8,0.5,0.5,0.2
"18005","Bartholomew County, Indiana","18","005",TRUE,"missing_estimate:",79901,11.2885436473206,3751,34.1,1.7,13.5,1.1,11.2,0.7,4.4,0.7,92.9,1,24.1,0.1,16.7,0.2,9.2,,1.8,0.3,66.2,1.5,2.7,0.5,43.8,2.1,14.3,1.5,6.1,0.9,17.8,1.8,0.4,0.2,29.5,2.1,10.6,1.4,4.4,0.9,13.8,1.7,21.5,1,6.5,1.1,4.7,0.9,30.7,1.7,5.2,0.9,0.6,0.3
"18007","Benton County, Indiana","18","007",TRUE,"missing_estimate:",65875,11.0955142858437,2631,19.8,2.7,19.5,2.1,2.5,0.8,1.5,0.7,88.5,2.7,24.6,,17.3,0.1,7.3,,0.7,0.5,60.8,2.6,2.4,1.1,29.3,3.3,17.2,2.6,13.4,2.6,22.2,3.5,11.5,2.8,22.3,3.4,6.5,3.1,10.6,2.9,7.6,2.3,25.4,1.6,8.2,2.2,3,1.4,20.2,3.1,4.8,1.9,0.9,0.8
"18009","Blackford County, Indiana","18","009",TRUE,"missing_estimate:",51326,10.8459527253797,5560,14.5,2.4,20.3,2.6,1.8,0.8,0.7,0.5,84.7,2.9,22.8,0.6,22,0.4,2.4,,0.6,0.6,57.2,2.5,2.1,0.9,30.7,5.2,14.8,3,11.3,3.5,26.4,5,4.1,2.1,28.8,4.5,11.1,3.3,9.8,3.9,10.1,3,27.1,2.1,11.6,2.9,6.8,2.2,26.1,3.6,9.5,3.3,0.2,0.2
"18011","Boone County, Indiana","18","011",TRUE,"missing_estimate:",111250,11.6195352000285,3743,51.7,1.9,10.3,1,5.3,0.7,1.8,0.4,93.5,1.2,25.5,,15,0.2,4.3,,3,0.4,69.5,1.2,1.9,0.5,53.4,2,10.4,1.4,6.3,1.1,11.5,1.5,1.7,0.6,14.1,1.6,11.2,1.4,5.1,1.1,20.2,1.9,23.6,0.8,3.4,1,2.3,0.6,21.2,2,2.4,0.8,0,0.1
"18013","Brown County, Indiana","18","013",TRUE,"missing_estimate:",78528,11.2712105280706,8503,26.4,2.9,15.5,2.3,2,0.7,0.4,0.3,88.1,2.8,16.6,0.5,26.6,0.4,1.9,,0.3,0.4,59.2,3.1,1.3,0.7,37.9,4.1,19.6,4.3,10.2,2.7,14.9,3,0.8,0.7,15.7,2.8,7.3,2,6.3,1.9,13.6,2.9,36,2.5,20.9,2.6,6.9,2.3,13.4,2.6,3.5,1.3,0.1,0.2
"18015","Carroll County, Indiana","18","015",TRUE,"missing_estimate:",65645,11.0920167153682,4422,17.2,2.4,12.3,1.7,1.7,0.6,0.9,0.5,83.6,2.5,21.8,0.1,20.7,0.3,4.6,,0.3,0.2,63.6,2.4,2,0.7,29.3,3.7,14.4,2.3,14.7,2.6,21.6,2.8,4.6,1.3,22.4,2.7,6.8,1.8,8,1.7,6.2,1.8,25.2,1.1,15.4,2.2,6.8,1.9,17.8,2.9,4.6,1.4,0,0.1
"18017","Cass County, Indiana","18","017",TRUE,"missing_estimate:",56403,10.9402776275609,2746,16.5,1.9,15.6,1.5,10.2,1,7.4,1.1,83.5,2.2,23,0.3,18.8,0.4,18.6,,1.2,0.6,60.6,1.8,2.8,0.9,24.4,2.3,16.8,2,11.9,1.9,30.3,2.6,2.2,0.8,26.8,2.6,4.4,1,4.3,1,4.1,0.9,22.3,1.3,8.2,1.5,4.8,1,25.7,2.5,5,1.2,0.1,0.2
"18019","Clark County, Indiana","18","019",TRUE,"missing_estimate:",74214,11.2147080906031,2005,27.7,1.5,15.6,1,4.2,0.5,2.4,0.4,90.9,1.1,22,,16.7,0.1,6.9,,7,0.5,66,1.1,2.6,0.5,36,1.5,14.9,1.4,7.2,0.9,20,1.3,0.3,0.1,16.2,1.3,8.5,1,4.3,0.9,12.7,1.4,22.2,0.6,6.9,1,5.1,0.7,25.3,1.5,5,0.7,0.4,0.2
"18021","Clay County, Indiana","18","021",TRUE,"missing_estimate:",70010,11.1563933679712,6394,20.3,2.1,17.6,1.9,1.1,0.5,0.7,0.4,87.7,2.3,22.9,0.3,18.9,0.2,2,,0.5,0.4,60.4,2.2,1.9,0.8,33.5,3.6,15.8,2.5,10.3,1.9,24.4,2.9,2.3,0.9,19.8,2.9,5.7,1.7,4.6,1.3,4.8,1.4,29.1,2.3,9.4,3,10.3,2,19.1,3.2,4.2,1.5,0.6,0.6
"18023","Clinton County, Indiana","18","023",TRUE,"missing_estimate:",65019,11.0824348138565,3538,16.5,2,11.3,1.3,9.1,0.9,7.1,1.2,88.3,1.8,26.9,0.3,16.2,0.3,19.5,,0.5,0.5,65.1,1.8,1.7,0.5,25.4,2.2,16.6,1.8,11.3,1.7,31.6,2.4,2.9,1,27.6,2.3,7.1,1.5,4.8,1.1,6,1.5,21.7,1,7.6,1.7,2.8,0.7,25.8,2.3,4.1,1.2,0.4,0.4
"18025","Crawford County, Indiana","18","025",TRUE,"missing_estimate:",49640,10.8125522393185,5995,11.4,2.1,18.1,1.9,0.2,0.3,1.5,0.5,74.4,5.2,20.7,0.1,20.8,0.3,1.6,,0.2,0.3,51.8,3.5,1.8,1,23.5,4.4,12,3,17.6,3.9,34.5,5.3,3.7,2,21.4,4.6,3.3,1.4,5.9,2.6,8.2,3.4,37.4,2.8,22.5,3.7,28.7,4.2,18.7,3.9,5.2,2.2,0.7,0.8
"18027","Daviess County, Indiana","18","027",TRUE,"missing_estimate:",68503,11.1346328189118,5246,16.5,1.9,14.3,1.4,4,0.7,4.8,0.8,82.3,2.2,29.8,,16,0.2,6.5,,1.6,0.6,61.7,1.7,1,0.4,29,2.6,15,2,14.1,2,24,2.7,3.2,1,20.9,2.9,6.3,1.2,7.4,1.4,5.6,1.3,21.4,1.5,8.3,2,8.4,1.7,27.6,2.7,13.6,2.3,1,0.5
"18029","Dearborn County, Indiana","18","029",TRUE,"missing_estimate:",84735,11.3472840184275,3556,25.3,2,15.3,1.5,1,0.2,0.3,0.2,89.1,1.4,21.9,0.1,19.3,0.2,1.6,,0.3,0.2,62.5,1.5,1.2,0.4,38.3,2.6,14.6,2,10.4,1.3,18.1,2,0.5,0.3,16,2,9.4,1.3,3.9,0.8,9.7,1.9,29.8,1.1,3.9,1.2,2.5,0.6,14.8,1.5,4.1,0.9,0.1,0.1
"18031","Decatur County, Indiana","18","031",TRUE,"missing_estimate:",69783,11.153145706078,7427,20,2.8,12.5,1.4,1.1,0.4,0.9,0.5,88,2.4,23.5,,18.2,0.2,2.5,,0.4,0.2,65.7,1.8,1.7,0.8,32.4,3.4,13.2,2.4,8.6,1.6,27,3.2,2.3,1,30.3,3.3,4.8,1.5,3.7,1.1,10.9,3.5,24,2.1,8.3,2.2,3,1.3,23.9,3,3.2,1.1,0,0.3
"18033","DeKalb County, Indiana","18","033",TRUE,"missing_estimate:",74331,11.2162833711469,4948,20.2,1.4,14.6,1.5,1.5,0.4,0.5,0.3,88.1,1.8,24.1,0.1,17.4,0.2,3.1,,0.1,0.1,66.4,1.1,3,0.8,30.8,2.1,13.6,1.6,8.8,1.5,31.3,2.3,2,0.8,34.1,2.3,6.2,1.1,4.3,1,5,1.1,21.3,1.1,7,1.5,7.7,1.7,17.9,2.2,5.8,1.3,0,0.1
"18035","Delaware County, Indiana","18","035",TRUE,"missing_estimate:",58127,10.9703855508998,1683,26.2,1.5,19.1,0.9,2.5,0.3,1.2,0.3,88.4,1,18.1,,17.6,0.1,3.3,,5.2,0.5,60.1,1.3,3.5,0.5,34.9,1.5,20.2,1.2,7.9,1,16.2,1.4,0.8,0.3,11.4,0.9,8.1,0.9,4,0.7,7.7,1,21.2,0.8,10.4,1.2,4.7,0.7,33.5,1.3,7.2,1,0.5,0.3
"18037","Dubois County, Indiana","18","037",TRUE,"missing_estimate:",75979,11.2382122652968,4593,25.7,2.3,11.8,1.2,5.8,0.7,4.8,0.8,86.4,1.8,24.3,0.1,18.8,0.3,10,,0.8,0.4,66.7,1.7,1.5,0.6,36.2,2.8,10.4,1.5,8.3,1.5,26.3,2.2,3,0.8,34.1,2.6,6.1,1.4,5.4,1.2,5.6,1.1,19.8,1.6,6.7,1.7,4.1,1.1,25.3,2.5,4.2,1.3,0.6,0.7
"18039","Elkhart County, Indiana","18","039",TRUE,"missing_estimate:",68561,11.1354791389296,2286,20.1,1.1,12.5,0.6,9.7,0.5,7.9,0.6,88.6,1,27.4,0.1,15.4,0.1,20.1,,4.7,0.3,65.1,0.9,2.3,0.4,29.7,1.3,15.1,1.1,9.4,0.9,29,1.3,1.4,0.4,35.1,1.3,6.6,0.6,5.3,0.6,5.1,0.7,20,0.6,10.2,1.1,8.1,0.7,28.4,1.4,7.8,0.8,0.6,0.2
"18041","Fayette County, Indiana","18","041",TRUE,"missing_estimate:",59321,10.9907186538306,3870,16,2.5,21.2,2.3,1.6,0.6,1.3,0.9,86.9,2.2,22,0.1,20.6,0.2,1.4,0.7,1.4,0.6,56.6,2.5,1.9,0.8,28.7,3.3,18.8,3.1,8.4,1.8,26.1,3.1,1.4,0.8,27.4,3.2,4.8,1.7,5.4,1.5,4.9,1.5,26.8,2.1,13.6,2.6,4,1.6,27.9,2.6,7.3,2,0,0.4
"18043","Floyd County, Indiana","18","043",TRUE,"missing_estimate:",79704,11.2860750517247,2919,32.9,2,15.7,0.9,2.7,0.5,1.2,0.4,89.7,1.6,22.4,,17.7,0.2,4.3,,4.8,0.5,64,1.3,2.6,0.6,41.2,2.1,14,1.4,7.7,0.9,16.6,1.5,0.5,0.3,16.6,1.6,10.7,1.5,5.6,1,14.1,1.4,23.1,0.7,8.4,1.2,2.8,0.6,26.8,1.6,5.8,0.9,0.2,0.2
"18045","Fountain County, Indiana","18","045",TRUE,"missing_estimate:",62542,11.0435936100336,5103,14.7,2,18.8,2.4,1.3,0.6,1.1,0.5,89.6,2.1,22.2,0.2,19.8,0.1,3,,0.6,0.2,62.8,2.2,3,0.8,32,2.8,16.3,2.6,12.3,2.3,23,2.7,3.3,1.4,24.3,3,6.3,2.2,4.7,1.4,5.7,1.8,25.1,1.4,11.9,2.8,11.3,2.3,25.4,3.1,3.2,1.3,0.9,0.8
"18047","Franklin County, Indiana","18","047",TRUE,"missing_estimate:",78074,11.265412373872,10218,19.5,2.7,13.3,1.7,1.3,0.6,0.9,0.5,83,3.3,22,0.3,20.3,0.5,1.2,,0.1,0.1,62.1,2.2,2.4,1.3,31.4,3.6,12.6,2.5,16.7,2.7,20.8,3.1,1.8,0.8,21.5,2.8,6.9,2.1,4.3,1.3,9.3,2.2,36,2.6,6,1.9,12,2.6,18.5,3.2,6.5,2.1,0,0.4
"18049","Fulton County, Indiana","18","049",TRUE,"missing_estimate:",61360,11.0245134360411,5343,16.9,2.4,14.7,1.9,2.1,0.8,1.9,1,87.6,2.6,23.4,,20.5,0.3,5.5,,0.5,0.3,58.7,2.5,4,1.5,29.9,3.4,13.6,2.7,11.5,2.8,26.3,4.1,3.8,1.3,25.5,3.8,8,2.2,6.5,1.7,5.1,1.5,23.8,1.7,16,2.8,11.6,2.5,19.9,3.3,6,2.1,0.3,0.5
"18051","Gibson County, Indiana","18","051",TRUE,"missing_estimate:",67573,11.1209637739623,4029,18.5,1.5,15.8,1.4,1.6,0.4,1,0.4,88.9,1.9,23.7,0.1,18.2,0.2,2.3,,1.8,0.4,62.1,1.7,1.4,0.5,29.6,3,14.3,2,10.7,1.6,30,2.6,5.3,1.6,30.7,2.6,6.2,1.1,4.5,1.1,3.6,1.1,20.6,0.8,9.8,2.2,8.5,1.4,23.3,2.3,4,1.2,0.4,0.3
"18053","Grant County, Indiana","18","053",TRUE,"missing_estimate:",53522,10.8878480633117,3012,20.3,1.7,20.4,1.4,2.8,0.5,1.3,0.4,88.2,1.6,21.3,0.1,19.3,0.2,5.5,,4.8,0.5,58.4,1.3,3.7,0.7,33.5,1.9,15.8,1.7,8.7,1.4,18.4,2,1.1,0.3,16,1.6,6.6,1.2,4.3,0.7,7.8,1.3,22,1.4,10.5,1.5,5.8,1,27.3,1.9,6.4,1.3,0.9,0.5
"18055","Greene County, Indiana","18","055",TRUE,"missing_estimate:",62094,11.0364046448962,5324,16.1,2,19.7,1.5,1,0.3,0.4,0.2,83.3,2.6,21.4,0.2,20.4,0.3,2.1,,0.5,0.2,58.6,1.8,3.5,0.7,32.1,2.9,17.8,2.5,13,2.6,20.8,2.5,4.6,1.4,15.2,2.1,7.7,1.8,5.2,1.4,6.6,1.4,30,1.9,8.7,1.6,16.7,2.3,23,2.7,6.2,1.5,1.8,0.9
"18057","Hamilton County, Indiana","18","057",TRUE,"missing_estimate:",121530,11.7079164248648,2737,61.9,1.2,8,0.5,10.3,0.6,4.6,0.5,96.3,0.5,25.4,0.1,13.9,0.1,5.6,,4.4,0.3,71.2,0.8,2,0.3,57.7,1.3,10.9,0.7,4,0.4,6.9,0.6,0.7,0.2,11,0.7,15.9,0.8,4.2,0.4,23.3,1,25.9,0.5,5.2,0.7,1.5,0.3,23.9,0.9,2.4,0.4,0.3,0.1
"18059","Hancock County, Indiana","18","059",TRUE,"missing_estimate:",93186,11.4423527747981,2739,34.9,2,13.6,1.3,3.3,0.5,1.5,0.5,93.6,1,23.2,,17.3,0.2,3.5,,3.5,0.4,68.4,1.4,1.9,0.5,42.7,2.1,14.7,1.8,9.7,1.1,12.3,1.5,0.8,0.4,12.4,1.6,11.8,1.3,4,0.7,16,1.9,27.7,1,2.6,0.8,1.4,0.5,20.5,1.9,3,0.8,0.6,0.5
"18061","Harrison County, Indiana","18","061",TRUE,"missing_estimate:",74475,11.2182187775815,6526,21.7,2.4,14.7,1.4,1.6,0.5,1.1,0.6,85.2,2.2,22.2,0.1,19.2,0.1,2.4,,0.8,0.3,60.7,1.8,2.1,0.8,35.2,3.1,16,2.1,13.2,2,17.8,2.3,0.9,0.4,14.5,2,6.7,1.5,3.9,1.1,9.1,1.5,30.5,1.4,8.6,2.2,13.9,2.1,16.4,1.9,4,1.5,0.1,0.2
"18063","Hendricks County, Indiana","18","063",TRUE,"missing_estimate:",101144,11.5243005229917,2791,39.5,1.5,10.2,0.7,7.3,0.8,3.7,0.6,94.1,0.9,24.5,,15,0.1,5.2,,10,0.5,68.2,0.9,1.7,0.4,47.4,1.6,12,1.1,6.4,0.6,15.2,1.1,0.5,0.2,12.4,0.9,12,1.1,4.3,0.8,14.8,1.1,25.3,0.7,3.7,0.8,1.3,0.3,21.8,1.5,3.3,0.7,0.4,0.2
"18065","Henry County, Indiana","18","065",TRUE,"missing_estimate:",63150,11.0532681277786,2842,17.5,1.7,20.3,1.5,1.3,0.3,0.9,0.3,88.7,1.6,20.2,,19.6,0.1,2.3,,2.2,0.3,54.3,1.6,2,0.5,31.4,2.2,14.9,1.5,10.6,1.5,21.8,2,1.7,0.6,19.6,1.7,8.6,1.3,5.1,1.2,9.3,1.7,25.8,1.3,11.2,1.5,4,0.9,23.8,2,5.7,1,0.3,0.3
"18067","Howard County, Indiana","18","067",TRUE,"missing_estimate:",64027,11.0670601483776,2106,20.8,1.4,18.3,1.1,1.9,0.4,1.1,0.3,89,1.4,22.8,,19.9,0.2,4.1,,7.3,0.6,59,1.1,3.4,0.5,30.5,2,18.7,1.8,8.3,1,24.4,1.8,1.3,0.7,24,1.6,6.2,1.2,4.9,1,6,1,20.4,0.8,10.7,1.3,3.2,0.6,29.4,1.9,7.3,1.3,0.2,0.2
"18069","Huntington County, Indiana","18","069",TRUE,"missing_estimate:",66301,11.1019602590165,3809,21.3,1.8,16.5,1.3,1.5,0.3,0.9,0.3,87.4,1.9,21.6,0.1,18.7,0.3,3.2,,0.7,0.2,63.1,1.7,2.2,0.6,31.7,2.4,16.4,1.8,9.4,1.7,24.6,2.3,2.4,1,25.4,2.4,7.3,1.3,4.6,1.1,7.1,1.5,22,0.9,5.7,1.5,3.7,0.9,22.6,2,4.7,1,0.2,0.3
"18071","Jackson County, Indiana","18","071",TRUE,"missing_estimate:",70262,11.1599863911135,4499,20.3,2.1,14.4,1.1,9,2.1,8,1.5,85.7,2.3,25.8,0.1,16.2,0.2,14.4,,0.6,0.2,63.6,1.6,1.7,0.6,29.6,2.5,15.5,2.2,10.3,1.7,25.7,2.3,3.8,1,29.9,2.7,5.4,1.4,6.4,1.6,4.5,1.1,22.6,1.2,6.3,1.6,11.9,2,26.8,2.5,5.7,1.5,0.6,0.5
"18073","Jasper County, Indiana","18","073",TRUE,"missing_estimate:",77314,11.2556303307251,4570,19.2,2,16.6,1.5,4.1,1,2.7,1.1,91.1,1.8,23,0.2,18.7,0.3,7.6,,0.7,0.2,60.1,1.6,2.9,1.1,31.7,2.4,15.3,1.9,16,1.8,19.1,2.5,5.4,1.4,15.2,2.3,5.7,1.3,6.8,1.5,5.7,1.5,28.8,1.6,7.5,1.8,4.4,1.2,16.4,1.8,2.3,0.9,0.4,0.5
"18075","Jay County, Indiana","18","075",TRUE,"missing_estimate:",54969,10.9145246689483,3017,13.3,1.8,18.4,1.8,1.1,0.4,1.5,0.8,82.8,2.1,25.6,0.1,18.3,0.2,4.6,,0.3,0.1,59.4,2,2.6,0.8,24.7,2.5,13.4,2.1,14.5,2.1,32.1,2.8,5.6,1.9,30.2,3,5.7,1.5,8.3,2,7.7,2.3,22.5,1.8,12.3,2.8,4.9,1.6,20.1,2.7,8.2,1.7,0.1,0.2
"18077","Jefferson County, Indiana","18","077",TRUE,"missing_estimate:",64577,11.0756135892227,5301,19.8,2.4,19.7,1.9,1.4,0.4,1.2,0.5,86.9,2.1,19.9,0.1,19.2,0.3,3.5,,1,0.3,57.8,2.5,2.5,0.7,35.6,3.3,15.1,2.7,8,1.7,23.4,2.8,1.1,0.6,23,2.5,5.8,1.4,7.2,1.8,5.8,1.6,22.2,1.5,11.9,2.3,10.8,1.9,28.2,3.4,3.4,1.3,0.6,0.5
"18079","Jennings County, Indiana","18","079",TRUE,"missing_estimate:",69322,11.1465175951156,3369,14.8,2.4,18.7,1.7,1.5,0.5,1.5,0.5,87.9,2.5,23.1,0.1,17.5,0.4,3.5,,0.3,0.2,60.6,2.1,2.8,1,29.6,3.7,16.4,3.5,13.8,2.6,23.3,3.6,1.7,0.8,25.9,3.5,6.2,1.8,4.4,1.5,4.9,1.8,26.1,1.6,6.7,2,17.6,2.4,21.2,3.1,5.5,1.9,1.2,0.9
"18081","Johnson County, Indiana","18","081",TRUE,"missing_estimate:",90454,11.4125967131734,2271,34.7,1.3,12.1,0.8,5.7,0.5,2.9,0.4,93,0.9,24.3,0.1,15.7,0.1,4.3,,3.2,0.3,66.8,0.9,2,0.4,44.9,1.6,12.8,1,8.9,0.9,13.2,1,0.8,0.3,12.7,1.2,11.5,1.1,4.6,0.8,14.2,1.1,26.4,0.8,5.1,1,2.4,0.4,27.3,1.6,3.3,0.7,0.4,0.3
"18083","Knox County, Indiana","18","083",TRUE,"missing_estimate:",61237,11.0225068609819,4302,19.1,1.8,19.2,2,1.9,0.5,2.1,0.6,88.2,1.5,21.6,0.3,19.1,0.4,3,,1.7,0.5,61.4,2.1,1.9,0.7,34.7,2.3,17.8,2.3,9.2,1.5,20.5,2.3,4.5,1.1,18.6,2.4,5.2,1.3,4.6,1.1,2.3,0.7,19.7,1.1,10.6,2,4.5,1.1,32.2,2.4,7.5,1.6,0.2,0.2
"18085","Kosciusko County, Indiana","18","085",TRUE,"missing_estimate:",75317,11.2294611519194,2941,25.1,1.7,13.8,1.2,4.9,0.4,3.5,0.7,87.1,1.6,23.5,,18.1,0.1,9.7,,0.6,0.2,64.7,1.2,1.8,0.4,30.8,1.9,13.7,1.4,9.4,1.2,29.2,1.9,2.4,0.6,39.1,1.8,5.9,1,6.2,1,8.6,1.2,20.3,0.7,17.8,1.5,9.6,1.1,23,1.9,5.5,1,0.3,0.2
"18087","LaGrange County, Indiana","18","087",TRUE,"missing_estimate:",84487,11.3443529553559,3736,11.5,1.7,11.1,1.1,2.3,0.3,15.8,1.7,66.9,2.6,31.7,0.1,14.6,0.2,4.5,,0.3,0.2,64.8,1.6,2.7,0.8,19.9,2,12.2,1.9,14.1,1.9,38.4,2.7,3.8,1.3,42.8,2.9,4.6,1.1,7.5,1.3,8.8,1.6,21.8,1,14.9,2.1,8.3,1.5,17,1.9,29.2,2.2,0.6,0.4
"18089","Lake County, Indiana","18","089",TRUE,"missing_estimate:",71493,11.1773548217915,1419,25.8,0.7,13.6,0.5,7.3,0.4,4.4,0.3,89.7,0.6,23.2,0.1,17.9,0.1,20.9,,22.7,0.2,61.1,0.6,3.7,0.3,34.2,0.9,16.8,0.6,9.7,0.6,18.7,0.7,0.4,0.1,14.6,0.7,9.6,0.6,3.4,0.3,8.2,0.5,28.5,0.5,10.3,0.4,1.5,0.2,28.3,0.8,7.2,0.5,0.6,0.2
"18091","LaPorte County, Indiana","18","091",TRUE,"missing_estimate:",71055,11.171209504026,2241,22.7,1.3,15.2,0.9,3.4,0.5,2.2,0.5,90.2,1.2,21.2,0.1,19.4,0.1,7.6,,10.3,0.6,56.2,1,2.7,0.4,32.1,1.7,16.9,1.4,10.7,1.2,21.8,1.6,0.9,0.4,22.2,1.6,8.1,1.1,4.6,0.6,7.2,0.9,25,1.1,12.8,1.1,4.2,0.8,25.3,1.6,4.8,0.9,0.3,0.2
"18093","Lawrence County, Indiana","18","093",TRUE,"missing_estimate:",66468,11.1044759078211,3421,20.4,1.9,17.3,1.4,1.2,0.3,0.8,0.3,84.1,2.1,21.2,0.2,20.5,0.2,2,,0.2,0.1,60.9,1.4,2.1,0.7,33.4,2.7,16.7,2.1,12,1.5,19.9,2.1,1.6,0.5,18.5,2.4,7.6,1.4,4.1,0.9,7,1.6,27.2,1.6,6.9,1.5,8.3,1.7,19.3,1.7,4.8,1,0.5,0.4
"18095","Madison County, Indiana","18","095",TRUE,"missing_estimate:",63037,11.0514771345669,2053,20.5,0.9,21.5,1.1,2.1,0.2,1.7,0.3,89.6,1,21.4,,18.8,0.1,5.4,,6.1,0.4,60.1,1.1,3.6,0.5,32.3,1.5,18.6,1.3,10.8,1.1,18.9,1.4,0.7,0.2,15,1.5,8.4,0.8,4.8,0.7,10.4,0.9,26.3,0.8,9.9,1,5.4,0.8,29.8,1.4,6.1,0.8,0.3,0.2
"18097","Marion County, Indiana","18","097",TRUE,"missing_estimate:",66346,11.1026387515828,943,34.8,0.6,13.9,0.4,12.6,0.4,8.7,0.3,91.8,0.5,25,0.1,13.2,0.1,13.8,,27.1,0.3,68.7,0.5,3.5,0.2,40.5,0.7,14.9,0.5,7,0.3,17.5,0.6,0.4,0.1,10.9,0.4,12.7,0.5,4.3,0.3,13.9,0.5,24.5,0.3,9.2,0.4,1.5,0.2,43.5,0.7,8.3,0.5,1,0.2
"18099","Marshall County, Indiana","18","099",TRUE,"missing_estimate:",71808,11.1817511694423,3823,20.9,1.5,12.9,1.1,5.1,0.6,4.4,0.6,84.3,1.6,24.5,,19,0.3,11.9,,0.6,0.1,62.9,1.5,1.6,0.4,30.4,2.1,14.1,1.7,9.7,1.4,26.9,2.1,1.6,0.5,29,2.1,7.4,1.2,5.4,1,5.8,1.2,22.3,1,11.7,1.6,6,0.9,23.6,2.4,6.6,1,0.7,0.4
"18101","Martin County, Indiana","18","101",TRUE,"missing_estimate:",68594,11.135960346332,8824,13.3,2.4,17.7,2.3,0.5,0.4,0,0.1,85.6,3.1,21.8,0.4,21,0.2,1.4,,0.4,0.4,61.2,2.9,1.5,1.4,35.2,4.9,13.4,2.4,15,3.6,21.3,3.8,4.9,2.6,17.7,3.6,7,2.5,7,2.4,8.6,2.3,28.5,2.9,14.8,3.8,17.2,3.5,21.5,4.3,4.5,2.7,0.8,0.9
"18103","Miami County, Indiana","18","103",TRUE,"missing_estimate:",61139,11.0209052394066,3618,16.1,1.7,17.9,1.4,1.4,0.5,0.7,0.3,87.5,1.7,20.8,0.1,18.2,0.2,3.7,,3.7,0.4,54.7,1.8,3.6,0.7,28.2,2.5,14.2,2.1,12,1.5,25,2.7,2.5,0.9,24.6,2.5,5.1,1.4,5.3,1.1,4.9,1.4,25.6,1.8,10.9,1.7,10.1,1.6,23.8,2.2,5.1,1.4,0.1,0.2
"18105","Monroe County, Indiana","18","105",TRUE,"missing_estimate:",65868,11.0954080183379,2341,49.5,1.5,12.1,0.7,8.6,0.6,2.9,0.4,90,1,15.7,,14.6,0.1,4.8,,3.5,0.3,62.1,1,3.4,0.7,48.6,1.6,18.1,1.4,5.6,0.7,11.5,1,0.5,0.2,10.7,1,7.8,0.8,5.1,0.8,15.9,1.3,19.6,0.7,9.8,1.1,4.7,0.8,46,1.3,8.4,1,0.5,0.2
"18107","Montgomery County, Indiana","18","107",TRUE,"missing_estimate:",71479,11.1771589792483,5393,20.4,2.1,15.3,1.6,3.3,0.6,2,0.5,90.1,1.7,23,0.2,18.9,0.3,6.2,,0.9,0.3,63.9,1.4,2.1,0.6,27.6,2.3,15.1,1.9,11.9,1.7,28.2,2.3,2.6,1,25.3,2.4,5.4,1.1,6,1.4,7.4,1.6,22.8,1.3,5.9,1.7,7,1.6,19.7,2.6,5.6,1,0.4,0.4
"18109","Morgan County, Indiana","18","109",TRUE,"missing_estimate:",79429,11.2826188198463,3469,21.1,1.6,16.6,1.1,1.3,0.3,0.9,0.3,90.3,1.4,22.1,,18.1,0.1,2.1,,0.8,0.3,61.4,1.2,2.6,0.5,33.1,2.2,14.4,1.7,13.3,1.3,19.4,1.8,0.9,0.5,13.9,1.3,9.4,1.4,5.5,1.1,11.6,1.5,31.5,1.2,5.9,1.1,5.7,1,17.9,1.7,3.6,0.8,0.4,0.4
"18111","Newton County, Indiana","18","111",TRUE,"missing_estimate:",75481,11.2316362479374,7095,15.3,2.7,18.6,2.1,3.8,1.4,0.8,0.4,87.3,3.4,20.8,0.5,20.2,0.4,8.4,,1.1,0.8,59.8,2.6,3.9,1.3,23.8,3.7,15.4,3.1,18.4,3,26,3.6,6.3,2,17,2.9,6,2.3,5.6,1.5,8.6,2.4,33,3.3,6,2,7,3,18.9,3,3,1.7,0.3,0.4
"18113","Noble County, Indiana","18","113",TRUE,"missing_estimate:",71723,11.1805667561806,2416,18.8,1.8,12.8,1.1,6,0.8,5.8,1.1,86.3,2,24.3,0.1,17.1,0.2,11.3,,0.3,0.2,62.9,1.5,2,0.5,25.7,2.1,12.5,1.7,11.8,1.8,33.5,2.3,1.2,0.5,39,2.2,5,0.9,5.4,1,4.6,0.9,26.1,1.4,10.4,1.7,7.1,1.3,22.9,2.6,10.1,2,0.3,0.2
"18115","Ohio County, Indiana","18","115",TRUE,"missing_estimate:",70392,11.1618348993254,5606,17.8,3,18.5,3.2,1.6,0.6,0.6,0.5,86.3,3.7,19.9,0.3,23.6,0.3,1.9,1.2,0.1,0.2,58.5,3,0.8,0.7,34.9,5,20.2,4.5,11.8,3.9,20.2,6,3.3,2.2,21.9,4.7,4.4,2.8,5.9,2.7,9.3,2.5,34.3,3.4,5.4,2.8,7.7,3.1,18.7,4.5,5.3,2.3,0,1.4
"18117","Orange County, Indiana","18","117",TRUE,"missing_estimate:",65873,11.0954839248515,4367,16.1,2.1,18.4,1.9,1.5,0.5,0.6,0.8,84.9,2.9,22.9,0.1,20.8,0.3,1.8,,1.2,0.4,61.4,2.5,1.9,0.7,32.3,4.2,16.8,2.6,12.3,2.7,23.6,2.9,3.6,1.4,18,3,4.3,1.2,6.6,1.6,6.1,2.1,25.3,1.7,12.4,2.4,16.2,3.1,21.3,3.1,6.7,1.7,0.8,0.7
"18119","Owen County, Indiana","18","119",TRUE,"missing_estimate:",62464,11.0423456697728,5041,16.8,2.4,19.7,2,0.8,0.3,0.2,0.1,81.2,2.4,20.3,0.3,21.3,0.3,1.5,,0.8,0.4,59.8,1.9,1.8,0.7,27.8,3,17.3,2.8,14.9,2.4,25.5,3.5,1.8,1,23,3.9,7.2,2.1,7.9,2,9.8,2.6,35.5,2.6,13.1,2.6,15,2.4,18.6,2.5,3.1,1,0.3,0.4
"18121","Parke County, Indiana","18","121",TRUE,"missing_estimate:",68485,11.1343700221689,4007,15.4,2.7,15.7,1.9,0.3,0.3,2.8,1.2,79.3,3.1,22.3,0.4,20.5,0.2,0.8,0.4,1.6,0.5,51.9,1.8,2.3,0.8,28.3,4,14.6,2.4,16.1,2.7,24.3,3.1,6.4,1.9,24.2,3.2,4.1,1.3,10.6,2.7,11.7,3.2,30.4,2,19.7,3,13.1,2.8,17.6,2.6,8.5,1.7,0.4,0.4
"18123","Perry County, Indiana","18","123",TRUE,"missing_estimate:",61151,11.0211014942114,7346,16.6,2.1,17.6,1.9,0.9,0.4,0.5,0.4,84.4,2.6,20.6,0.3,19.5,0.2,1.6,,2.1,0.5,55.6,2.6,2.5,0.9,29.2,3.6,15.7,2.3,11.8,2.5,28.7,3.4,3.8,1.5,31,3.3,5.5,1.9,5,1.4,5.6,1.7,23.9,1.5,9.8,2.3,13.5,2.7,24.5,2.7,5.5,1.9,1.3,1.2
"18125","Pike County, Indiana","18","125",TRUE,"missing_estimate:",71334,11.1751283510866,4205,16,3.2,15.7,2,0.4,0.3,0.1,0.2,83.8,3.4,22,,21.5,0.4,1.1,0.6,0.4,0.4,59.4,2.8,1.9,1,29.1,4.9,16.5,3.7,11.7,2.7,27.4,3.6,5.2,1.9,20.5,3.1,5.9,2.1,3.6,1.7,5.1,1.9,26.6,1.6,10.2,2.9,10.1,2.8,13.3,2.3,4.2,1.5,0.4,0.6
"18127","Porter County, Indiana","18","127",TRUE,"missing_estimate:",87972,11.3847738610116,3058,31.1,1.1,11.5,0.7,4,0.5,1.8,0.3,93,0.8,21.3,,18.3,,11.7,,4.3,0.2,62.9,1,2.9,0.5,40.2,1.3,14.2,0.9,11.1,0.9,16,1,0.6,0.3,18.1,1,9.3,0.9,4.5,0.7,9.5,1.1,28.4,0.8,5.5,0.7,4.5,0.6,22.3,1.2,3.4,0.7,0.5,0.3
"18129","Posey County, Indiana","18","129",TRUE,"missing_estimate:",78129,11.266116585728,4823,25.2,2.4,14,1.6,1.1,0.5,0.2,0.1,90.4,2,21.6,0.3,20.9,0.2,1.5,,0.7,0.4,62.4,1.8,1.1,0.6,37.8,3.1,12.8,2,11.4,2.2,16.6,2.3,3.1,1,20.8,2.6,8.9,2.1,7.2,1.7,6,1.7,23.4,1,5.2,1.8,7,2.1,17.7,2.7,3.1,1.3,0.1,0.1
"18131","Pulaski County, Indiana","18","131",TRUE,"missing_estimate:",62792,11.0475829558067,3419,14.1,2.4,18.3,2,2.5,0.9,1.3,0.6,90.5,2.5,22.1,0.4,21.4,0.3,4.2,,0.2,0.3,60.2,2.5,1.1,0.5,29.4,3.8,16,3.2,13.9,2.5,20.9,3,8.2,2.6,22.4,3.5,3.6,1.4,6.5,2,5.9,1.8,25.9,2.1,15.4,2.6,11.8,2.6,25.4,4.3,6,2.5,0.1,0.1
"18133","Putnam County, Indiana","18","133",TRUE,"missing_estimate:",78378,11.2692985547146,6390,20.2,1.8,15.1,1.5,2.4,0.6,0.6,0.3,88.7,1.9,19.3,0.3,17.3,0.2,2.3,,3.3,0.5,56.4,1.5,1.7,0.5,33.7,3.1,14.2,2.1,11.8,2,22.6,2.5,2.4,0.9,18.1,2.7,5.2,1.2,4.1,1.2,10.1,1.9,27.5,1.3,7.4,1.6,7.8,1.6,24.6,2.7,3.5,1,0.5,0.4
"18135","Randolph County, Indiana","18","135",TRUE,"missing_estimate:",60791,11.0151970306815,5111,15.1,2,20.1,1.9,2.4,0.5,2,0.6,86.3,1.9,22.7,0.1,20.6,0.2,5.3,,0.7,0.5,58.4,2.2,2.6,0.8,30.8,3,18.6,2.8,13,1.9,21.6,2.3,4.8,1.9,21,2.6,7.3,1.6,5,1.3,5.6,1.4,24.3,1.7,9.2,1.9,8.3,1.6,22.7,2.6,6.6,1.7,0.9,0.6
"18137","Ripley County, Indiana","18","137",TRUE,"missing_estimate:",70573,11.1644029140733,4366,20.7,2.5,14.3,1.6,1.2,0.4,0.4,0.3,87.9,1.8,23.6,0.3,18.8,0.2,2,,0.7,0.2,63.8,1.9,1.9,0.6,32.6,3.2,15.2,2.3,13.2,2,23.1,2.8,4.4,1.7,23.4,2.7,7.3,1.6,6.6,1.8,7.8,2,26.8,2,7.5,1.9,7.7,1.3,23.2,2.6,4.4,1,0.2,0.3
"18139","Rush County, Indiana","18","139",TRUE,"missing_estimate:",66473,11.1045511291599,5755,18.6,2.6,16.4,2,0.7,0.5,0.7,0.5,85.8,2.7,22.6,0.6,19.5,0.3,1.9,,0.6,0.6,61.4,2.2,2.6,1.1,33.4,3.6,16.2,2.8,13,2.7,24.2,3.7,4,1.3,24.5,3.4,7.8,1.8,9,2.1,5.6,1.6,26.3,1.5,8.7,2.4,5.7,1.8,25.1,3.5,5.2,2.1,0.2,0.3
"18141","St. Joseph County, Indiana","18","141",TRUE,"missing_estimate:",66868,11.1104758058225,1255,33.5,0.9,13.4,0.6,6.9,0.4,4,0.4,90.3,0.7,23.2,0.1,16.9,0.1,10.5,,12.3,0.4,63.3,0.8,3.3,0.3,40.6,1.1,15.1,0.7,7.5,0.5,16.7,0.8,0.5,0.1,16.7,0.7,9,0.5,4.1,0.4,10.7,0.8,21.1,0.4,9.6,0.6,1.6,0.3,31,1,6.7,0.5,0.5,0.2
"18143","Scott County, Indiana","18","143",TRUE,"missing_estimate:",56352,10.9393730112959,5484,12.7,2.2,21.2,3.1,1.3,0.5,0.7,0.3,89.6,2.5,23.2,0.4,17.1,0.3,2.6,,0.4,0.2,59.4,2.9,2,0.8,25,3.5,14,3,8.5,2.1,34.1,3.7,1.1,0.7,30.7,4,5.3,1.6,4.2,1.4,7.4,2.4,24.7,2.3,9.2,2.6,16.6,3.3,29.1,3.9,3.5,1.5,1.7,1.5
"18145","Shelby County, Indiana","18","145",TRUE,"missing_estimate:",72190,11.1870568111332,4637,21.9,1.8,15.9,1.4,3.4,0.7,2.4,0.7,89.1,2,22.5,0.2,18.6,0.1,5.6,,1.4,0.4,63.4,1.6,2.3,0.6,34.8,2.4,18.1,1.9,9.2,1.4,20.7,2.3,1.6,0.5,22.8,2.1,8.2,1.5,5.6,1.3,9,1.5,23.9,1,6.2,1.3,4.8,1.3,27.5,2.3,5.4,1.4,1.1,0.6
"18147","Spencer County, Indiana","18","147",TRUE,"missing_estimate:",74506,11.2186349380375,7344,22,2.3,14.2,1.6,2.2,0.6,1.2,0.4,84.1,2.7,21.6,0.1,20.6,0.2,3.6,,0.6,0.2,62.7,1.9,2.1,0.8,31.7,3,13.6,2.4,14.1,2.2,22.2,2.3,4.2,1.3,20.7,2.7,4.4,1.3,4.3,1.3,4.5,1.1,26,1.3,7.4,1.6,10.7,2.3,18.7,2.6,2.7,0.8,0.4,0.5
"18149","Starke County, Indiana","18","149",TRUE,"missing_estimate:",63960,11.0660131669479,4893,12.5,1.8,19.7,1.8,2.3,0.8,0.9,0.4,84.5,2.7,22.5,0.3,20.7,0.3,4.3,,0.5,0.2,55.1,2.2,1.9,0.7,27.2,2.6,16.3,2.2,12.2,2.1,26.5,3.2,0.9,0.6,23.2,3,5.2,1.6,2.8,1.1,4.8,1.6,29.8,2.9,20.3,2.5,9.4,2,17,2.3,6.6,1.6,0,0.1
"18151","Steuben County, Indiana","18","151",TRUE,"missing_estimate:",74911,11.2240560212054,3605,25.6,2.1,15.6,1.7,2.1,0.6,0.8,0.3,87.3,1.8,19.7,0.2,21.9,0.2,4.5,,0.7,0.3,61.1,1.7,4.4,1,29.4,2.1,15.6,2,9.1,1.4,26.7,2.8,0.8,0.3,28.9,2.9,4.3,1,4.6,1.1,5.7,1.3,21,1,26.7,2.4,13.5,1.8,20.5,2.5,5.4,1.5,0.4,0.4
"18153","Sullivan County, Indiana","18","153",TRUE,"missing_estimate:",56204,10.9367432077262,4192,14.6,2.1,19,2,0.8,0.4,0.4,0.2,83.1,2.5,18.8,0.2,18.9,0.1,1.9,,3,0.5,54.8,1.7,2.4,0.8,29,3.2,21.4,2.8,13.2,2.4,20.7,3,5.7,1.6,15.7,3,4.8,1.4,4.1,1.3,5.6,1.8,25.2,1.9,10.9,2.3,11.3,1.9,23.6,2.7,4.9,1.8,1.6,1.4
"18155","Switzerland County, Indiana","18","155",TRUE,"missing_estimate:",65343,11.0874055977833,5269,8.9,1.7,21.7,2.7,1.1,0.6,1.3,1.1,81.3,3.6,23.7,,18.8,0.2,0.6,0.5,0.3,0.2,58.5,2.6,2.4,1.3,22.7,4.3,21.5,5,18.8,4.2,21.9,3.7,4.9,2.9,25,3.7,3,1.6,9.6,3.6,5.9,2.8,32.9,2.1,13,3.6,17.7,4.2,21.5,3.5,6.5,2.1,1,1.1
"18157","Tippecanoe County, Indiana","18","157",TRUE,"missing_estimate:",60636,11.0126440550799,1807,40.5,1.4,9.6,0.5,12.3,0.5,5.3,0.5,91.3,1,20.3,,12.3,,10.3,,6.2,0.2,62.4,0.9,2,0.3,44.4,1.6,16.1,1.1,6.5,0.6,16.7,1.4,0.8,0.2,18.8,1.2,9,0.8,4.7,0.7,11.1,0.9,17.9,0.5,6,0.8,2.5,0.4,46.6,1.2,9.7,1.1,0.7,0.2
"18159","Tipton County, Indiana","18","159",TRUE,"missing_estimate:",76156,11.2405391470776,6048,23.5,3.4,13.9,1.7,1.5,0.8,1.2,0.7,89.5,2.5,20.5,0.1,22.1,0.4,3.3,,1.1,0.3,59.3,2.5,1.4,0.7,34.3,3.6,14.6,2.9,9,2.2,22.6,3.5,2.9,1.1,20.9,3.4,6.6,2.1,6,2.5,8.2,2.3,28.1,1.9,8.5,2.8,3,1.3,18.6,3.3,2.4,0.9,0.7,0.6
"18161","Union County, Indiana","18","161",TRUE,"missing_estimate:",76424,11.2440520619498,6926,18.4,3.9,14.1,2.7,1.5,0.8,0,0.1,89.5,3.4,20.7,0.7,21.1,0.6,2.5,0.9,0.6,0.6,64.5,3.7,2.7,1.3,31.8,5.6,16.4,3,9.4,3.2,18.4,3.9,5.1,2.5,12.7,3.9,7.9,3,7.2,3,4.4,2.1,26.6,2.5,9.7,3.5,5.8,2.1,20.2,3.9,4.4,2.5,0,1.3
"18163","Vanderburgh County, Indiana","18","163",TRUE,"missing_estimate:",61648,11.0291960668659,1420,27.8,1.2,17.1,0.8,3.5,0.4,1.7,0.3,90.5,0.8,21.7,,18.3,0.1,3.8,,8.4,0.5,63.5,0.8,2.6,0.4,35,1.4,17.4,1.1,7.7,0.7,18.8,1.1,0.5,0.2,16.8,1,8.3,0.8,4.3,0.6,6.7,0.7,19.7,0.5,8.3,0.9,2.5,0.5,35,1.2,8,0.8,0.3,0.1
"18165","Vermillion County, Indiana","18","165",TRUE,"missing_estimate:",60200,11.0054276312969,4113,17.6,2.6,20.4,2.3,0.8,0.3,0.7,0.2,87.1,2.3,21.5,0.3,20,0.1,1.5,,0.7,0.4,55.4,2.6,2.5,1.2,29.3,3.8,19,3.7,12.2,2.4,21.7,2.8,2.9,1.4,19.8,3.1,5.3,2,3.3,1.2,9.4,3.6,27.3,2.2,10.1,3,7.5,1.9,24.8,3.6,5.1,2,1.2,1.1
"18167","Vigo County, Indiana","18","167",TRUE,"missing_estimate:",52976,10.877594259787,2432,26.3,1.4,18.5,1.1,3.1,0.4,1.7,0.3,86.2,1.7,20.5,,17.4,0.1,3.2,,5.8,0.4,57.6,1.1,3.3,0.5,34.7,2.1,21,1.8,7.8,0.9,16.7,1.4,1,0.4,14.2,1.1,6.7,0.9,4,0.7,5.5,0.9,19.9,0.7,9.6,1,2.6,0.6,38.3,1.7,7.9,1.2,1.4,0.6
"18169","Wabash County, Indiana","18","169",TRUE,"missing_estimate:",66806,11.1095481758504,3453,23.1,2.4,15.4,1.4,1.4,0.4,0.6,0.3,89.1,2.2,21.1,0.2,21.8,0.3,3.2,,0.9,0.2,60.4,1.9,2.1,0.7,29.9,3.3,16.3,2.7,10.1,2.2,25.8,3,3.3,1.5,28.3,2.9,4.6,1.3,6.6,2.1,6.3,1.7,21.5,1.4,10.1,2.4,4.5,1,19.5,2.2,4.5,1.4,0.2,0.2
"18171","Warren County, Indiana","18","171",TRUE,"missing_estimate:",82425,11.3196440679399,5767,17.5,2.6,19.1,2.7,1.1,0.7,0.5,0.3,90.2,2.4,21.7,,21.4,0.3,1.5,1,0.1,0.2,64.6,3,2.8,1.3,29.1,3.8,14,2.7,13.8,2.7,23.4,3.2,4.1,1.6,24.4,3.6,4.6,1.8,4.9,1.8,6.4,2.4,25.6,1.9,9.4,3.1,4.5,1.6,17.6,3.4,2.1,1.2,0.1,0.2
"18173","Warrick County, Indiana","18","173",TRUE,"missing_estimate:",89844,11.4058301120187,4440,35.2,1.7,13.2,1.2,3.3,0.7,0.8,0.3,91.8,1.1,23,,18.7,0.2,2.5,,1.7,0.5,64,1.1,2,0.6,43.9,2.1,13.6,1.4,8.4,1.2,15.1,1.8,2.2,0.8,16.3,1.6,9.4,1.3,4.7,1,9.3,1.2,23.3,1,6.4,1.4,3.5,0.6,17.6,1.8,3,0.8,0.4,0.3
"18175","Washington County, Indiana","18","175",TRUE,"missing_estimate:",64641,11.0766041633723,6009,14.5,1.6,16.5,1.5,0.7,0.3,0.6,0.3,84.8,2.4,22.8,0.3,18.6,0.2,1.5,,0.3,0.2,61.4,1.9,1.9,0.7,24.5,2.7,15.8,2.7,12,2,29.3,3,3.3,1.1,23.3,3,5.4,1.3,7,1.9,7.3,1.4,31.5,2.2,8.1,1.7,18.9,2.2,17.9,2.1,4.3,1.4,0.3,0.3
"18177","Wayne County, Indiana","18","177",TRUE,"missing_estimate:",55692,10.9275917890292,3150,20.5,1.6,19.7,1.2,2.6,0.3,2.1,0.4,88.1,1.5,22.6,,19.7,0.2,4,,3.8,0.5,58.5,1.4,3.2,0.6,34,2,17.5,1.4,10.8,1.5,19.5,1.9,1.4,0.7,17.9,1.7,7.4,1.2,4.9,1,6.9,1,21.8,1.1,12.2,1.2,3.7,0.7,30.8,2.2,8.9,1.2,0.4,0.2
"18179","Wells County, Indiana","18","179",TRUE,"missing_estimate:",71957,11.1838239973677,3917,19.9,2,12.7,1.2,1.9,0.7,1.3,0.9,85.2,2.6,24.7,0.1,18.6,0.2,4,,1,0.4,66.5,1.7,1.7,0.6,31.2,2.5,13.2,2,10.7,1.9,23.9,2.5,2.2,0.8,22.5,2.5,7.2,1.2,3.2,0.9,5.9,1.4,24.2,2,4.4,1.4,6.8,1.9,24.4,2.9,4.1,1.5,0.1,0.2
"18181","White County, Indiana","18","181",TRUE,"missing_estimate:",67303,11.1169600911623,3071,19.2,1.6,13.7,1.3,6.7,0.9,4.3,1,88.5,2.1,23.1,0.1,21.2,0.2,10.7,,0.5,0.2,61.4,1.7,2.1,0.6,29.5,2.9,13.7,2.5,11.2,2.1,26.8,2.7,3.5,0.9,26.3,2.7,7.4,2.2,5.3,1,7.1,1.7,23.4,1.5,20.9,2.3,9.7,1.8,19,2.7,3.2,1.1,0.2,0.2
"18183","Whitley County, Indiana","18","183",TRUE,"missing_estimate:",78083,11.26552764248,4394,23.6,2.3,14.2,1.3,1,0.4,0.4,0.2,89.5,1.7,22.8,0.1,19.2,0.2,2.8,,0.2,0.1,65.6,2,2.2,0.7,33.1,3.1,14.1,1.8,10.2,1.6,23.9,2.5,2.6,0.9,27.4,2.7,6,1.4,4,1.2,8.1,1.7,22.6,1.1,6.7,1.6,5.6,1.6,18.2,2.3,3.9,1.2,0.5,0.4
"19001","Adair County, Iowa","19","001",TRUE,"missing_estimate:",68092,11.1286150109345,4755,19.9,2.5,13.6,1.9,1.6,0.8,0.3,0.2,84.3,3.1,22.9,0.6,22.6,0.2,3.2,,1.4,0.2,65.4,2.1,2.6,0.9,37.8,4,14,2.4,15.2,2.9,15.5,2.4,16.4,3.2,14.9,3.1,5.1,1.7,12.6,2.3,11.2,2.3,20.4,1.6,9.3,2.5,1.8,1.2,26.1,3.3,4.4,1.5,0.2,0.3
"19003","Adams County, Iowa","19","003",TRUE,"missing_estimate:",71875,11.1826837780997,7511,27,3.6,13.7,2.9,0.5,0.4,0.6,0.4,84.8,3.5,22.3,0.5,24.2,0.3,1.7,,0.3,0.3,60,3.2,2.4,1.2,45.6,4.6,16.8,4.5,7.6,2.5,15.1,3.8,11.5,3,13.9,4,6.3,2.3,12.9,2.7,10,3.1,19.1,1.9,18.5,4.5,9.2,3.2,22.9,4.5,5.5,2.5,0.5,0.5
"19005","Allamakee County, Iowa","19","005",TRUE,"missing_estimate:",70694,11.166115982654,3984,22.2,2.3,12.4,1.5,7.2,1.2,7,1.2,86,2.3,24.5,0.5,23.1,0.2,9.1,,1.8,0.3,64.5,2.4,1.6,0.6,36.3,3.5,13.6,2.8,14.3,2.9,18.1,3.2,12.5,2.2,12.2,2.9,5,1.6,13.7,2.2,7.1,1.9,22.2,1.6,23.3,2.5,13.8,2.1,20.4,3.5,3.7,1.3,0.2,0.2
"19007","Appanoose County, Iowa","19","007",TRUE,"missing_estimate:",54934,10.9138877436381,3506,20.5,2.6,18,2,1.3,0.7,1.2,1,83.9,3.6,21.6,0.7,23.7,0.1,2,1.1,0.8,0.8,56.2,3.3,2.2,0.8,32.2,3.8,11.2,2.6,10.3,2.2,26.3,3.2,4.9,1.8,17.6,2.7,5.1,1.8,9.8,2.1,8.5,2.8,20.6,1.4,17.6,3.1,4.8,1.2,31.2,3.5,6.9,2.2,1,1
"19009","Audubon County, Iowa","19","009",TRUE,"missing_estimate:",58229,10.9721387914053,3902,20.8,3.4,13.9,2.3,1.7,0.4,0.6,0.6,83.7,2.8,21.6,0.5,25.5,0.5,2.5,,0.5,0.6,61.8,2.9,0.8,0.6,39.5,3.7,14.5,2.6,15.5,2.9,12.6,2.3,16.2,3.7,7.4,2.2,4.7,1.9,11.2,2.1,10.7,4.1,19,1.4,7,2.3,0.9,0.6,23.8,4,7.6,2.8,0,1
"19011","Benton County, Iowa","19","011",TRUE,"missing_estimate:",86962,11.3732265206107,3238,25.6,2,11.2,1.1,0.8,0.3,0.5,0.3,88.5,1.6,22.9,,19.8,0.1,2,,0.4,0.2,65.4,1.6,1.3,0.5,37.6,2.3,14.4,2.1,11.7,1.6,18.8,1.9,4.4,1,18.8,1.9,6,1.2,5.3,1,11.5,1.5,24.9,1.1,8.2,1.7,2.9,1.3,15,1.8,3.3,1.4,0.3,0.4
"19013","Black Hawk County, Iowa","19","013",TRUE,"missing_estimate:",66417,11.1037083267923,1805,30.3,1.3,13.3,0.7,6.5,0.6,4.7,0.6,89.4,0.9,21.9,,17.7,0.1,5.2,,9.1,0.4,66.7,1,3,0.5,36.8,1.3,17.6,1.1,8.5,0.8,18.7,1.3,1.1,0.2,16.6,1.1,7.4,0.8,4.5,0.6,8.9,1,15.9,0.4,7.5,0.9,3,0.6,33.8,1.3,6.3,0.7,0.8,0.4
"19015","Boone County, Iowa","19","015",TRUE,"missing_estimate:",83531,11.332973099425,5481,28.5,2.3,13.7,1.5,1.5,0.6,0.8,0.4,89.1,1.9,21,0.1,20,0.1,2.9,,1.2,0.3,66.3,1.8,1,0.4,38.2,3,14.7,1.9,12.8,2,15.8,2,5.5,1.2,11.2,2,6.4,1.4,6.2,1.6,10.1,1.8,22.5,1.3,9.2,2.2,1.6,0.6,20,2.5,5.5,1.9,0,0.2
"19017","Bremer County, Iowa","19","017",TRUE,"missing_estimate:",86784,11.37117755186,2629,36.2,2.5,11.5,1.1,1.6,0.4,0.5,0.3,92.6,1.2,22.4,0.1,19.8,0.1,2.1,,1.1,0.3,66.1,1.6,2.2,0.6,42.4,2.6,13.6,1.7,8,1.3,18.7,2,5.2,1.2,18,1.8,6.9,1.4,7.7,1.4,11.3,1.8,20.1,1,8.2,1.4,1.6,0.6,20.3,2.4,2.6,0.9,0.1,0.1
"19019","Buchanan County, Iowa","19","019",TRUE,"missing_estimate:",78236,11.2674851786574,3797,22.4,2,12.6,1.5,1.3,0.6,1.3,0.9,87.1,1.6,25.4,0.1,18.6,0.1,1.9,,0.6,0.4,67.9,1.4,1.9,0.7,31.1,2.5,14.8,1.9,12.9,1.7,21.5,2.2,6.1,1,18.6,2.1,4.2,1.2,9.2,1.6,8.4,1.4,23.5,1.4,7.7,2.2,4,0.9,17.9,2,6.6,1.6,0.2,0.1
"19021","Buena Vista County, Iowa","19","021",TRUE,"missing_estimate:",71719,11.1805109845098,7936,22.2,2.1,10.3,1.5,21.3,2,18.9,2.2,92.1,1.9,26.6,,16.3,0.8,29.4,,3.3,0.4,69,2,3.8,1,26.8,3,12.2,1.9,10.5,1.7,33.3,4.1,6.3,1.3,32.4,3.7,4.7,1.7,6.8,1.4,5.6,1.1,14,0.9,9,2.2,2.3,1.2,26.8,3.5,1.7,0.9,1.9,1.5
"19023","Butler County, Iowa","19","023",TRUE,"missing_estimate:",73715,11.2079615852839,2576,21.4,2,12.3,1.1,2.3,0.6,1.2,0.5,86.5,1.9,22.4,0.4,23.2,0.1,1.7,,0.2,0.2,63.5,1.7,2,0.6,38,2.6,15.8,2,11.8,1.9,19.2,2.2,7.3,1.5,16.5,2,5.2,1.2,8.7,1.7,6.5,1.1,24.7,1.1,10.8,1.9,1.8,0.9,15.9,1.8,3.6,1,0,0.4
"19025","Calhoun County, Iowa","19","025",TRUE,"missing_estimate:",64964,11.0815885492945,5720,21.8,2.2,16.5,1.6,1,0.5,1,0.6,87.2,1.9,21.7,0.2,23.7,0.2,2.7,,1.6,0.5,56.2,2,1.4,0.6,38.4,2.8,16,2,14,2,15.4,2.3,10.3,2.1,12.1,1.9,4.5,1.2,13.2,2.4,7.6,1.7,22.3,1.7,16.8,3.1,1.5,0.8,19.5,2.4,3.4,1.1,0,0.6
"19027","Carroll County, Iowa","19","027",TRUE,"missing_estimate:",72930,11.1972553559783,2443,24,2.3,12.9,1.4,1.6,0.7,0.8,0.3,87.3,2.1,24.4,0.1,21.2,0.1,3.5,,0.5,0.4,66.2,1.5,1.2,0.8,33.4,2.6,15.1,2.3,10,1.6,20.3,2.8,6.5,1.3,14.9,3,4.9,1.2,9.4,1.8,7.3,1.3,15.7,1.2,7.9,2.1,0.9,0.4,22.9,3,4.9,1.4,0.3,0.3
"19029","Cass County, Iowa","19","029",TRUE,"missing_estimate:",63013,11.051096333293,3821,22.1,2.4,15,2,0.9,0.4,0.4,0.3,83.9,2.5,23.2,0.8,23.4,0.1,2.7,,0.9,0.2,63.5,2.5,0.9,0.4,34,3.9,14.6,3,11.9,1.9,19.1,3.1,7.3,1.8,11.4,2.6,7,2.2,7.7,1.8,10,2.8,15.1,1.1,8.6,2,2.3,1.4,28.4,3,5.7,1.7,0.4,0.6
"19031","Cedar County, Iowa","19","031",TRUE,"missing_estimate:",80602,11.2972787420826,2675,23.7,2.3,11.7,1.4,0.9,0.4,0.2,0.2,88.6,2.1,21.1,0.2,21,0.1,2.8,,0.4,0.3,64.6,1.9,1.5,0.5,30.2,2.8,15.7,2.1,15.4,2.2,14.9,2,5.2,1.5,15.4,2.6,6.4,1.6,9.5,1.5,12.1,2.3,26.7,1.5,8.2,2.2,4.3,1.3,18.5,2.1,2.6,0.9,0.2,0.2
"19033","Cerro Gordo County, Iowa","19","033",TRUE,"missing_estimate:",68189,11.1300385405003,2473,24,2.1,14.5,1.3,2.6,0.5,0.9,0.3,89.2,1.4,20.8,0.1,23.5,0.3,5.6,,1.9,0.5,63.2,1.5,1.7,0.5,32.9,2.4,17,1.9,8.3,1.4,20.4,2.2,3.6,0.9,16.2,1.9,6.4,1.2,6.1,1,7.2,1.3,15.6,0.8,14.3,1.6,3.2,1,29.6,2.3,5,1.1,0.1,0.2
"19035","Cherokee County, Iowa","19","035",TRUE,"missing_estimate:",71269,11.1742167292483,4228,23.4,2.9,12,1.7,3.6,0.9,2.2,0.9,87.1,2.5,22.2,0.5,24.9,0.2,5.4,,1,0.7,66.2,2.2,1.6,0.8,35.6,3.4,13.8,2.5,10.7,2.5,20.2,3.6,9.8,2,12.4,2.1,3.5,1.4,13,2.9,8.6,2.8,16.7,1.3,9.2,2.9,2.5,1.3,24.5,3.3,5.7,2.1,0,0.5
"19037","Chickasaw County, Iowa","19","037",TRUE,"missing_estimate:",75675,11.2342031338899,4902,21.2,3,14.1,1.9,3,1.4,2.2,1.6,86.9,2.2,23.2,,22.6,0.2,4.6,,0.5,0.3,66.7,1.9,1.1,0.6,32.3,3.6,11.4,2.6,13.4,2.4,24,3.4,9.9,4.1,25.5,4.1,5.9,2.1,8.7,2.1,10,2.7,19.4,1.8,9.8,3,2.6,1.1,19.1,3.3,3,1.1,0.2,0.3
"19039","Clarke County, Iowa","19","039",TRUE,"missing_estimate:",71641,11.1794228147595,7170,16,3.6,17.2,2.4,6.6,3,2.8,2.1,86.8,2.8,25.6,0.6,19.9,1.2,16.8,,0.1,0.1,64.8,3.4,2.7,2.4,29.6,4.5,18.7,6,13.1,3.5,26.2,6.2,5.3,1.8,17,4.3,2.7,1.8,6.2,2.3,8.9,3.2,24.3,2.2,10,4.4,7.3,3,27.7,6.1,12.5,4.6,0.5,0.5
"19041","Clay County, Iowa","19","041",TRUE,"missing_estimate:",65428,11.0887055803784,5096,27.5,3.5,14.8,2,2.5,1.2,1.7,1.3,89.5,2.6,23.3,0.4,22.4,0.3,4.7,,0.3,0.3,65.8,2.1,2.3,1.1,39.2,3.9,15.8,3.1,9.5,2.1,16.9,2.6,6.5,1.2,12,2.6,7.8,1.9,8.8,2.2,6.1,1.6,17.8,1.8,10.7,2.5,1.9,1,26.7,3.7,5.5,2.2,0.4,0.6
"19043","Clayton County, Iowa","19","043",TRUE,"missing_estimate:",67242,11.1160533312801,4606,14.5,1.5,14.7,1.4,2.3,0.7,1.4,0.6,84.4,2,21.6,0.2,25,0.1,2.3,,0.6,0.4,61.7,1.8,1.6,0.5,26.8,2.1,16.2,2.4,14,2.1,22.1,2.2,10.5,2.2,16.6,2.3,4.2,1.1,9.3,2.1,8.3,1.5,23.1,1.5,14.6,2.1,4.5,1.3,22,2.4,6.9,1.5,0.5,0.4
"19045","Clinton County, Iowa","19","045",TRUE,"missing_estimate:",66981,11.1121642760665,2735,22.4,1.8,14.2,1.2,2,0.7,1.1,0.4,87.2,2,22.9,0.1,20.3,0.1,3.6,,3.1,0.5,61.1,1.5,2.1,0.5,33.3,2.2,13.3,1.5,11,1.9,23.3,2.4,3.8,0.9,19.5,2,5.8,1.2,7.2,1.2,6.8,1.2,21.7,1.1,9.6,1.7,1.7,0.5,25.5,1.9,7.2,1.4,0,0.1
"19047","Crawford County, Iowa","19","047",TRUE,"missing_estimate:",67027,11.1128508022711,6034,17.7,2.3,17.2,2.3,17.5,2.3,15.8,1.8,87.1,2.6,25.5,0.1,18,0.4,30.8,,0.9,0.7,66.3,2.4,2.5,1.2,23.1,3.1,12.8,2.6,10.1,2.4,34.2,3.5,7.8,2,25,4.1,4.6,1.7,12.9,2.8,6.4,1.8,17.2,1.6,7.8,2.5,4.2,1.9,24,3.2,3.4,2,0.2,0.2
"19049","Dallas County, Iowa","19","049",TRUE,"missing_estimate:",102379,11.5364368924311,3721,51.5,1.7,7.7,0.7,10.4,0.9,4.2,0.8,92.4,0.9,26.6,0.1,12.9,0.2,6.9,,3,0.4,74.5,1,1.7,0.5,53.5,1.8,11,1.1,5.8,0.8,9.9,1,2.3,0.6,8.4,0.9,12.5,1.1,5.5,0.9,20.2,1.4,21.2,0.7,5.2,1.1,2,0.5,31,1.5,2.9,0.8,0.3,0.2
"19051","Davis County, Iowa","19","051",TRUE,"missing_estimate:",77194,11.2540770127852,9649,17.1,2.2,11.9,2,1.4,0.7,9.2,4,73.2,3.8,29.9,,18.1,0.2,2.4,,0,0.3,61.6,3,1.7,1,39.5,5.3,9,2.6,12,2.4,21.5,3.7,11.3,4.3,17.2,3.7,5.9,2.3,15.1,4.5,11.5,3.9,25.8,2.6,11.4,3.7,7.8,2.8,16.7,3.5,15.6,3.7,1,0.7
"19053","Decatur County, Iowa","19","053",TRUE,"missing_estimate:",59044,10.9860382076569,4382,23.5,2.8,15.7,1.9,1.9,0.7,1.4,0.6,83.8,2.8,22.2,0.5,21.1,0.4,3.5,,1.3,0.5,62.4,2.2,1.2,0.5,36.2,3.8,17.2,3.6,11.9,2.2,14.6,2.2,5.6,1.7,13.7,2.9,3.2,1.2,10.6,2.2,6,2,22.5,2,16.5,3.2,7.5,1.8,30.3,4.4,7.5,2,1.2,0.9
"19055","Delaware County, Iowa","19","055",TRUE,"missing_estimate:",74989,11.2250967150952,6892,22.6,2.6,15.1,1.9,0.3,0.2,0.2,0.1,85.9,2.8,23.3,,21.6,0.2,1.7,,0.1,0.1,69.6,2.1,1.4,0.8,33,3.5,14.7,2.7,14.2,2.5,21.8,3.1,9.2,2,19.3,2.5,4.3,1.3,11.5,2.4,9.2,1.7,20.3,1.8,9.8,2.6,2.9,1.1,20.4,2.9,8.5,2.4,0.5,0.7
"19057","Des Moines County, Iowa","19","057",TRUE,"missing_estimate:",62928,11.0497464946716,3409,23.8,1.7,16.5,1.2,2.3,0.6,1.2,0.5,87.3,1.6,22.2,0.1,21.3,0.3,3.7,,4.7,0.7,61.8,1.4,1.9,0.6,33.2,2.2,17.6,1.5,9.1,1.4,19.7,1.9,2.6,0.7,18.7,2,7.1,1.4,4.7,1.3,4.2,1.4,18,1.2,8.6,1.7,4.5,0.8,25.4,2.6,7.3,1.4,0.5,0.5
"19059","Dickinson County, Iowa","19","059",TRUE,"missing_estimate:",75432,11.2309868671455,5466,31.2,2.5,14.7,2.2,1.2,0.4,0.6,0.4,90.8,1.9,19.1,,28.2,0.2,2.9,,0,0.1,64.5,1.6,1.9,0.7,37.2,3,14.6,2.3,7.4,1.7,19.3,2.6,3.4,0.9,20.6,3.1,7.8,1.8,10.1,2.3,10.5,2.3,16.7,1.3,37.7,1.9,8.9,1.5,22.5,2.9,4.4,1.1,0.2,0.2
"19061","Dubuque County, Iowa","19","061",TRUE,"missing_estimate:",77630,11.2597092293997,2303,33.4,1.3,11,0.8,3.3,0.4,1.3,0.3,90,1.2,22.5,,19.3,0.1,3.3,,2.9,0.3,66.8,1,2.4,0.4,39,1.5,15,1.1,6.9,0.7,18,1.2,1.9,0.4,17.4,1,6.9,0.8,4.9,0.7,12,1.1,16.7,0.7,5.3,0.8,3.2,0.5,26.7,1.2,6.1,0.7,0.7,0.3
"19063","Emmet County, Iowa","19","063",TRUE,"missing_estimate:",63730,11.0624106883083,8464,17.1,3.1,18.4,2.4,3.4,1,3.4,1.1,86.9,3.5,19.1,,24.1,0.7,10.2,,1.6,0.6,65.3,2.8,1.1,0.5,27.4,3.6,19.4,3.5,13.7,3,22.3,4.1,8.1,2.2,17.2,3.7,7.2,3,7.6,2.1,6.8,2,20.9,3.3,10.1,3.3,3.2,1.6,20.6,2.9,6.1,2.5,0.5,0.4
"19065","Fayette County, Iowa","19","065",TRUE,"missing_estimate:",60165,11.0048460668723,4060,20.7,2,15.8,1.5,2.1,0.6,1.5,0.6,85.3,2.1,21.4,0.2,22.9,0.2,3.1,,0.8,0.3,60.7,1.9,1.9,0.5,32.9,2.9,15.4,2.2,13.1,1.7,21.2,2.1,7.6,1.4,17.6,2.5,5.5,1.2,9,1.3,7.3,1.5,22.5,1.5,10.5,1.9,5.6,1.4,23.5,2.3,5.7,1.7,0,0.1
"19067","Floyd County, Iowa","19","067",TRUE,"missing_estimate:",68557,11.1354207950214,5257,18.3,2.6,16.5,1.9,2.4,0.5,0.4,0.3,83.4,3,22.7,0.2,23,0.5,3.9,,1.4,0.4,62,2,2,0.9,31.4,3.6,18.8,3.2,14.8,2.6,18.6,2.5,6.4,1.8,18.2,2.8,4.9,1.5,6.8,1.8,7.9,2.2,18.9,1.5,11,2.9,1.3,0.6,23.4,3.5,6.7,2.1,0,0.4
"19069","Franklin County, Iowa","19","069",TRUE,"missing_estimate:",59894,11.0003316121416,6520,19.4,2.5,12.4,2,8.5,1.3,6.1,1.4,84.1,4.5,24.1,0.5,21.6,0.3,16.5,,0.7,0.7,60.8,2.8,2.3,1.1,30.8,3.5,14.8,2.7,12.5,2.3,24.3,3.9,9.8,2.5,22.2,3.3,4.9,2,8.3,2.3,7.9,2,20.5,2.5,9.9,3.2,1.6,1.4,27.6,4.5,4.1,2.2,0,0.1
"19071","Fremont County, Iowa","19","071",TRUE,"missing_estimate:",71621,11.1791436060352,5642,20.8,2.7,15.1,1.3,1.6,0.7,0.9,0.6,87.5,2.3,21.4,0.2,24.2,0.5,3.4,,0.4,0.4,58.9,2.1,0.5,0.3,35.1,2.8,19.3,3.1,13.7,1.9,17.2,2.6,11.3,3.1,12,1.9,4.7,1.6,10.8,2.6,8.1,2.4,22.3,1.3,9.7,2.3,2.8,1,21.7,3.5,2.4,0.8,0.2,0.3
"19073","Greene County, Iowa","19","073",TRUE,"missing_estimate:",63409,11.0573610861865,4690,21.2,3,16.6,1.9,1.5,0.5,0.7,0.5,89.8,2.3,21.7,0.3,24.4,0.7,3.5,,0.1,0.2,59.7,2.6,1.4,0.7,36.6,4.4,14.1,2.4,12.7,2.3,20.2,2.8,8.8,2.5,12.7,2.7,7.1,2,11.3,2.3,7.6,2.1,23,2.2,9.2,2.8,3.4,1.8,23.6,4,3.2,1.1,0.3,0.4
"19075","Grundy County, Iowa","19","075",TRUE,"missing_estimate:",87205,11.3760169477028,4831,27.8,2.1,12,1.4,1.7,0.4,1.1,0.4,88.7,1.8,23.5,0.1,21,0.1,1.8,,0.6,0.2,65.7,2,1.3,0.5,42.4,3.3,14.6,2.2,11,1.8,16.5,2.2,9.3,1.5,13.2,2,5.7,1.3,8.3,1.7,9.5,1.8,23.5,1.7,6.9,1.6,2.9,1.1,15.5,2.1,3.2,1.4,0.2,0.2
"19077","Guthrie County, Iowa","19","077",TRUE,"missing_estimate:",77711,11.2607520964772,5028,25,2.6,12.4,1.6,1.9,0.6,0.7,0.3,89.3,2,21.2,,24.2,0.4,3.1,,0.6,0.4,62.9,1.8,2,0.9,39.3,2.7,13.7,1.9,13.8,2.2,11.9,2.2,7.2,1.6,10.1,2.1,8,1.8,7.4,1.6,11.8,2,27.1,1.8,20.8,3.2,1.6,0.6,16,2.6,4,1.2,1.1,0.9
"19079","Hamilton County, Iowa","19","079",TRUE,"missing_estimate:",72432,11.1904034696757,8050,22.8,2.7,13.4,1.6,6.4,1.7,4.4,1.4,84.7,2.6,23.8,0.2,21.2,0.5,10.1,,1,0.3,65.9,2.2,3.2,0.8,35.9,3.9,14.1,2.3,16.4,2.7,13.8,2.1,8.3,2,18.8,3.7,5,1.5,7.8,1.8,6.1,1.5,21.4,1.7,8.6,2.9,1.6,1,26.6,3.3,4.7,1.8,0.7,0.6
"19081","Hancock County, Iowa","19","081",TRUE,"missing_estimate:",70601,11.164799587687,3185,20.5,3.2,13.3,1.9,2.1,0.8,1.8,0.6,88.4,2.3,21,0.3,23.9,0.2,6,,0.4,0.4,63.2,2.4,1.2,0.5,31.9,3.3,15,2.3,13.5,2.5,23.2,3.5,9.1,2.6,20.8,3.3,3.5,1.4,10.2,2.5,7.1,2.1,19.1,1.7,8.7,2.4,4.4,2.1,17.5,2.8,5.1,1.5,0.1,0.1
"19083","Hardin County, Iowa","19","083",TRUE,"missing_estimate:",65069,11.0832035243058,4846,21.9,2.3,15.1,1.5,3.6,0.7,2.8,0.8,85.4,2.5,19,,23.8,0.3,5.5,,1.1,0.4,61.9,1.8,2.7,0.8,31.8,2.7,15.6,2.1,15.1,2.3,16.8,2.1,11.4,2.2,10.1,1.5,5,1,8.1,1.5,8.2,1.7,21.6,1.5,12.1,2.1,2.4,0.9,26.4,3.1,5.3,1.4,0.1,0.1
"19085","Harrison County, Iowa","19","085",TRUE,"missing_estimate:",79535,11.2839524553325,3655,22,2,11.9,1.4,0.8,0.3,0.4,0.2,86,2,23.1,0.2,20.1,0.2,2.2,,0.1,0.1,65.2,1.6,1.5,0.5,37.2,2.9,13.1,2.1,13,2.1,15.3,2.1,6.7,1.4,11.3,1.6,7,1.4,7.7,1.5,9.6,1.6,26.2,1.4,9.1,1.7,4.6,1.5,22.9,2.8,4.1,1.1,0.4,0.4
"19087","Henry County, Iowa","19","087",TRUE,"missing_estimate:",67436,11.1189342789357,5231,23,2.8,16.1,1.6,2,0.7,2.1,0.7,87.9,2.1,20.9,,20.2,0.4,5.5,,2.5,0.4,58.6,1.9,0.9,0.4,32.4,3.3,16.6,2.3,8.9,1.8,24.1,3.1,2.8,0.7,19.8,2.6,5.5,1.3,6.3,1.3,7,1.9,19.6,1.6,9.5,2.4,4.5,1.4,25.9,2.9,4.8,1.3,0.2,0.2
"19089","Howard County, Iowa","19","089",TRUE,"missing_estimate:",67446,11.1190825566899,7862,19.5,2.5,10.5,1.6,2.3,0.8,2.8,1.1,85.7,2.5,25.8,0.3,20.5,0.1,3.3,,0.8,0.5,64.7,2.5,1.2,0.6,30.2,3.6,14.5,2.5,15.7,3.5,23.5,3.7,10.5,2.5,20.6,3,3.7,1.3,11.7,2.4,10,2.6,23.2,2.4,12.7,4.2,1.7,1,22.6,3.5,4.9,1.7,0.2,0.3
"19091","Humboldt County, Iowa","19","091",TRUE,"missing_estimate:",71946,11.1836711166075,5487,19.4,2.6,13.8,1.7,4.4,1,3.9,1.2,87,2.7,23.7,0.1,21.6,0.2,5.7,,0.3,0.3,64.1,2.1,3.2,1.5,34.2,3.8,12.4,2.2,12.2,2.5,21.6,2.7,8,2,16.3,2.4,5.7,1.7,11.3,2.2,10.2,2.5,19.7,1.9,8.3,1.9,1.3,1,22.8,2.6,4.8,1.9,0.7,0.7
"19093","Ida County, Iowa","19","093",TRUE,"missing_estimate:",63073,11.0520480647228,6791,21.6,2.7,13.7,2,2.6,0.9,1.5,0.7,86.4,2.3,24.3,0.5,22.2,0.3,4.1,,0.3,0.4,65.9,2.8,1.6,0.8,32.1,3.4,16.9,3,15,2.5,18.7,3,9.8,3.2,20.8,2.6,2.3,0.9,8.3,3,9.7,3.5,16.1,1.4,9.5,3.3,0.9,0.6,27.1,3.2,4.6,1.5,0.7,0.9
"19095","Iowa County, Iowa","19","095",TRUE,"missing_estimate:",71223,11.1735710789438,4147,24.8,3.1,13.7,1.8,1,0.4,0.8,0.5,88.5,2.6,23.3,0.1,20.3,0.3,3.4,,0.3,0.2,66.7,1.8,1.3,0.6,35,3.1,16.6,2.4,12.2,2.2,19.4,2.4,5.3,1.6,18.3,2.6,6,1.5,7.9,2.1,8.1,1.9,22.2,1.4,6.2,1.7,3.1,1,23.4,3.2,3.5,1.1,0.7,0.5
"19097","Jackson County, Iowa","19","097",TRUE,"missing_estimate:",74186,11.214330732108,6396,19.5,2.4,13.4,1.4,0.8,0.5,1,0.6,86,2.2,22.2,0.1,22.2,0.3,1.6,,1,0.6,62.8,2.1,3.2,1.2,34.1,3.5,13.5,2.4,14.5,2.5,18.7,2.5,8.1,1.8,16.4,2,4.4,1.2,8.2,1.4,10.3,2,24.8,1.9,11.2,2,6.8,1.6,19.3,2.3,5.2,1.5,0.8,0.5
"19099","Jasper County, Iowa","19","099",TRUE,"missing_estimate:",71311,11.1748058722027,2918,20,1.7,14,1,2.8,0.7,2.6,0.7,90.4,1.6,22,,19.8,0.1,3.1,,1.5,0.3,62.1,1.5,3.5,0.8,35.6,2.6,15.5,1.7,10.1,1.5,20.4,2.2,4.4,1.1,17.2,1.7,6.1,1.3,7.1,1.2,10.6,1.4,23.3,1.1,7.6,1.6,3,1,27.7,2.5,4.4,1.3,0.3,0.3
"19101","Jefferson County, Iowa","19","101",TRUE,"missing_estimate:",61620,11.0287417721507,10446,43.2,3.7,13.4,1.9,14.1,1.5,6.9,1.5,88.4,3.3,17.1,1.5,26.7,0.4,4.1,,2.4,0.3,59,3.2,4.7,2.2,41.2,4.4,13.1,2.3,10.8,3.3,13.9,2.6,1.4,0.7,12,2.8,8.7,2.6,9.3,2.8,18.2,3.7,15.9,1.9,9.8,2.8,6.4,2.5,32.3,3.9,7.5,3.1,1.3,1.1
"19103","Johnson County, Iowa","19","103",TRUE,"missing_estimate:",74935,11.2243763500791,3026,55.2,1.5,9.9,0.6,9.8,0.6,5,0.4,89.2,1.1,19.3,,13.3,0.1,6.7,,7.6,0.4,69.4,0.9,2.6,0.4,49.4,1.5,17.3,1.2,5.2,0.6,9.9,0.8,1.3,0.3,7.9,0.8,8.4,0.8,4.2,0.6,13.7,1.1,19.4,0.7,7.1,1,3.8,0.5,40.6,1.3,7.1,0.8,0.8,0.3
"19105","Jones County, Iowa","19","105",TRUE,"missing_estimate:",73531,11.205462364989,3847,22,2.3,13.7,1.7,1.6,0.6,1.3,0.7,87.1,2.8,20.2,0.3,21.3,0.2,2.6,,2.5,0.3,59.8,2.3,2.1,0.8,36.7,2.9,11.5,2.3,13.2,2.4,17.8,2.4,8.7,2.2,14.8,2.6,5.7,1.5,11.7,2.4,11.9,2.4,24.7,1.6,7.8,2,5.1,1.5,19.4,2.3,3,1,0.3,0.3
"19107","Keokuk County, Iowa","19","107",TRUE,"missing_estimate:",62329,11.0401820860355,4405,17,1.6,16,1.4,1,0.3,1.5,0.8,83.8,2.6,22.4,0.3,22.5,0.1,2.3,,0.3,0.2,60.7,2.2,2.7,0.8,33.7,2.4,13.2,1.7,15.2,2.2,17.6,2,11.8,2.1,13.5,2.6,5.8,1.4,11.2,2,9.5,1.9,26.5,1.5,12.5,2.3,3,1,18.7,2.5,4.3,1.3,0.2,0.2
"19109","Kossuth County, Iowa","19","109",TRUE,"missing_estimate:",67697,11.1227971447723,5975,22.8,2.5,13.7,1.7,3.4,0.7,2.7,0.7,87.6,2.2,22,0.1,25.4,0.4,4.5,,0.7,0.4,62.7,2.2,1.2,0.5,32.9,2.8,15.9,3,11.9,2.1,23.1,3,11.9,2.3,16.8,2.1,4.4,1.1,12.8,2.4,7.2,1.5,16.3,1.1,9.2,2.1,0.5,0.5,21.4,3,6.1,2.1,0,0.1
"19111","Lee County, Iowa","19","111",TRUE,"missing_estimate:",62382,11.041032051206,3274,21.7,2,16.9,1.4,1.9,0.6,0.9,0.5,86.6,1.8,21.2,0.2,22.2,0.3,3.5,,2.4,0.4,57.8,1.7,2.6,0.7,36.3,3.2,18,2.2,9.2,1.6,18.4,1.8,3.8,1.1,18.8,2.1,5.7,1.2,5.6,1.5,6.1,1.7,20.4,1.3,9.3,1.3,3.8,0.9,23.7,2.2,5,1.3,0.2,0.2
"19113","Linn County, Iowa","19","113",TRUE,"missing_estimate:",77649,11.2599539501938,2246,34.7,1.1,11.9,0.5,5.6,0.5,2.6,0.3,91.6,0.6,22.5,,17.3,0.1,4.1,,5.9,0.4,67.7,0.7,2.3,0.3,41.3,1.3,14.5,1,7.9,0.6,15.7,0.9,1.1,0.2,17.2,0.9,10.1,0.7,5,0.5,14.7,0.8,19.3,0.5,7.3,0.6,3.4,0.5,26.5,1,4.9,0.5,0.4,0.2
"19115","Louisa County, Iowa","19","115",TRUE,"missing_estimate:",77354,11.256147567657,7861,16.8,2.1,16.6,1.7,9.4,1.3,8.3,1.5,87.8,1.9,22,0.4,20.1,0.3,16.4,,0.9,0.7,63.4,2,1.9,0.8,26.6,2.4,14.6,2.5,15.6,2.3,27.7,3,7.8,1.9,28.5,3.3,5.1,1.4,5.2,1.4,4.2,1.7,27.3,1.7,10.6,2.7,9.5,2.1,19.7,3.5,5.5,1.6,0.8,0.6
"19117","Lucas County, Iowa","19","117",TRUE,"missing_estimate:",61793,11.031545368422,2738,15.8,2.6,17.7,2.9,4.1,1.1,4.4,1.6,80.4,4,23.5,0.3,22,0.2,2.9,,0.3,0.2,60.1,2.4,3.1,1.1,29.3,4.2,15.8,2.8,11.5,2.5,25.2,3.9,3.6,1.3,12.4,3.8,5.7,2.2,5.9,1.8,4.3,1.4,22.8,3,9,2.5,5,1.5,21.2,3.5,7.7,2.3,1.6,0.9
"19119","Lyon County, Iowa","19","119",TRUE,"missing_estimate:",76746,11.2482565468274,7073,20.4,2.4,11.9,1.9,2,0.6,0.9,0.3,90.2,1.8,28.2,0.3,19.1,0.2,3.9,,0.4,0.2,68.3,2.2,1.6,0.8,36.4,2.9,13.1,2.4,11.3,2,19.7,2.1,8.8,1.7,15.6,2.3,6.4,1.8,11.8,2.2,9.8,2,18.9,1.7,8,2.4,1.1,0.6,19.1,2.6,3.6,1.4,0,0.6
"19121","Madison County, Iowa","19","121",TRUE,"missing_estimate:",90855,11.4170201080832,10483,27.1,2.5,9.5,1.1,1.8,0.9,0.6,0.3,89.7,2.4,25.2,0.2,17.7,0.3,2.3,,0.7,0.2,69.7,2.3,2.4,0.9,40.3,3.1,12.5,2.3,12.9,2.3,12.1,2.7,4.9,1.9,7.1,1.6,8.1,1.6,7.6,1.7,17.4,3,28.7,2.5,5.7,2.1,5.3,2.1,19.9,3.2,6.6,1.7,0.1,0.1
"19123","Mahaska County, Iowa","19","123",TRUE,"missing_estimate:",70940,11.1695897283276,4815,24.1,2.3,15.4,1.7,2.2,0.5,1.3,0.4,89.7,1.8,23.7,0.1,19.1,0.2,2.5,,1.1,0.3,65,1.5,2.3,0.7,34.8,2.9,12.8,1.8,11.4,1.6,23,3,6.7,1.7,25,2.6,5.6,1.3,10,1.9,7.5,1.7,18,0.8,10.1,2.3,4.9,1.3,32,3.1,4,1.4,0.1,0.2
"19125","Marion County, Iowa","19","125",TRUE,"missing_estimate:",78680,11.273144272503,3041,32.1,2.5,13.6,1.1,2.1,0.4,1.2,0.5,88.4,1.6,23.1,0.1,19.4,0.2,2.3,,0.4,0.2,65.5,1.4,1.4,0.4,40.1,2.1,14.1,1.7,9.2,1.4,19.2,2,2.5,0.8,23.5,2.5,4.5,1,6.4,1.5,10.2,1.9,21,1.2,7.4,1.8,5,1.2,22.3,1.9,3.4,0.9,0.3,0.3
"19127","Marshall County, Iowa","19","127",TRUE,"missing_estimate:",73315,11.2025205054112,3402,22.6,1.9,13.4,1.2,14.6,1.4,13,1.6,87.6,1.6,25.4,0.1,18.2,0.3,24.6,,1.6,0.5,66.7,1.4,2.9,0.9,30,2.3,16.1,2,11.1,1.6,25.7,2.6,4,1.1,23.9,2.7,6.6,1.1,6.3,1.4,7.1,1.2,19.9,1.4,8.5,1.7,2.7,1,25,2.3,5.5,1.2,0.9,0.6
"19129","Mills County, Iowa","19","129",TRUE,"missing_estimate:",90753,11.4158968094319,5692,31,3.2,13.6,1.5,1.2,0.5,0.5,0.5,88.7,2.5,22.8,0.3,20.1,0.1,3.9,,0.4,0.3,61.7,2.2,1.2,0.7,42.2,4,15.5,3.1,12.4,2.2,12.6,3,3.1,0.9,8.3,2.1,7.7,2.3,4,1.3,10.1,2.3,25.6,1.2,12.1,2.5,3.7,1.3,16.5,3,4.8,1.9,0,0.5
"19131","Mitchell County, Iowa","19","131",TRUE,"missing_estimate:",71365,11.1755628320639,5679,24.9,2.5,10.8,1.7,1.8,0.7,2.9,1.6,89.9,2,23.8,0.3,21.7,0.2,2.4,,0.3,0.3,66.4,2.1,0.8,0.4,36.7,4.3,11.9,2.4,11.5,2.2,21.1,3.2,11.5,2.4,22.4,3.7,5.8,1.7,13.1,2.3,11.9,2.9,18.5,1.8,7.1,2.4,2.1,1.1,20,2.8,3,1.2,0.1,0.1
"19133","Monona County, Iowa","19","133",TRUE,"missing_estimate:",68377,11.1327917897535,6651,19.6,2.6,14.2,1.7,0.7,0.4,0.8,0.5,84.9,2.5,22.6,0.5,24.4,0.4,2.7,,0.2,0.3,61.1,2.2,1,0.4,36.9,3.4,15.1,2.6,14.5,2.8,16.1,2.8,11.3,2.2,10.6,2.3,7.4,3,10.5,2.3,7.7,1.9,22.6,1.8,11.3,2.3,5.8,1.6,24.3,3.3,4.2,1.6,0,0.6
"19135","Monroe County, Iowa","19","135",TRUE,"missing_estimate:",70996,11.1703788164082,9872,21.4,3.8,15.8,2.4,0.7,0.5,0.9,1.1,86.2,4.6,23,0.4,20.6,0.4,2.1,,1.2,0.8,61.4,3.2,1.9,1,36.6,5.1,10.6,3.5,14,3.8,21,5.2,2.8,1.3,19.4,5.3,3.7,2.1,8,3,9,3.4,29.4,3.8,15.5,3.9,9.1,3.2,18.7,4.4,5.6,2.6,0,0.8
"19137","Montgomery County, Iowa","19","137",TRUE,"missing_estimate:",63666,11.0614059471016,5901,20.4,2.7,18.1,2.2,1.6,0.7,0.7,0.7,85.9,3,22.6,0.2,23.1,0.6,0.8,0.5,1.8,1,57.9,3.6,1.5,0.7,30.8,3.5,13.7,2.8,14,2.8,21.6,3.1,9,2.4,16.2,2.9,3.5,1.4,11.2,2.7,10,3.3,22.3,2.3,8.4,3,2.8,1.3,30.9,4.2,4,1.6,0.2,0.3
"19139","Muscatine County, Iowa","19","139",TRUE,"missing_estimate:",69396,11.1475845079462,3217,23.1,2.2,14.7,1.2,6.8,0.8,4.3,0.7,90.4,1.5,23.9,0.1,18.1,0.1,18.8,,2.2,0.6,65,1.6,2.1,0.6,31.2,2.4,16.2,1.9,9.5,1.5,25.7,2.2,3,0.9,27,2.1,5.1,1.1,5.2,1,6.4,1.1,19,0.9,6,1.7,5.7,1.2,26.1,2.4,3.8,1.2,0.7,0.6
"19141","O'Brien County, Iowa","19","141",TRUE,"missing_estimate:",68356,11.1324846217668,4388,22,3,14.8,2.2,4.4,0.9,2.5,0.8,90.1,2,24.4,0.3,21.2,0.1,7.6,,1.7,0.3,65.7,2.6,0.7,0.3,35.4,3.8,14.2,2.6,13.3,2.8,19.6,3,9.5,2.5,17.5,2.8,4.7,1.2,7.7,1.6,7.1,1.6,19,1.6,11.5,3.5,2.4,1.5,23.9,3.7,4.7,1.6,0,0.4
"19143","Osceola County, Iowa","19","143",TRUE,"missing_estimate:",69239,11.1453195666671,6938,16.7,3.2,12.2,1.8,5.8,1.2,4.8,1.4,85.5,3.3,22.7,0.8,22.8,0.3,10.6,,0.5,0.6,65.3,2.5,2.2,1.2,29.4,3.6,13.3,2.7,18.5,3.2,21.2,4.2,14.6,3.8,17.4,3.2,5.7,1.9,12.3,3,5.8,2,18.2,1.8,8.2,3.2,0.2,0.3,22.1,3.6,1.4,1,0,0.9
"19145","Page County, Iowa","19","145",TRUE,"missing_estimate:",57953,10.9673876161941,4402,19.2,2.2,17.5,1.9,1.9,0.7,1.2,0.7,86.8,2.1,19.2,0.8,24.2,0.5,3.3,,1.7,0.5,54.3,2.2,2.7,1,34.3,3.4,14.4,2.9,10.2,2.9,23.2,3.4,9.5,2.2,23.9,3.7,3,1.1,8.2,1.4,5.6,1.4,17.8,1.8,10.7,2.6,1.7,0.7,29.5,3.8,7.5,2.1,0.1,0.2
"19147","Palo Alto County, Iowa","19","147",TRUE,"missing_estimate:",72781,11.1952102111102,7482,19,2.7,13.3,1.9,2.5,0.9,2.2,1,89.8,2.7,23.1,0.7,22.2,0.3,3.5,,1.6,0.3,67.2,2.5,1.5,1,30.6,3.7,14.5,2.6,14.5,2.9,19.8,4.1,12.4,2.5,13.1,2.4,2.9,0.9,10.1,2,4.9,1.5,17.2,1.8,16.6,3,1.9,0.9,22.9,3.4,3.4,1.5,0,0.1
"19149","Plymouth County, Iowa","19","149",TRUE,"missing_estimate:",83251,11.3296154197826,4100,21.7,2.1,11.5,1.5,3.7,0.9,3.2,0.9,89.8,2.2,25,0.2,19.8,0.5,6.4,,2.4,0.2,68.9,2,1.5,0.7,31.2,2.9,16.2,1.9,10,1.4,22.7,2.3,6.1,1.2,19.6,2.7,5.3,1.7,7.2,1.3,9.2,1.9,19.2,1.2,5.3,1.6,3.8,1.2,26.4,2.9,3.8,1.3,0.1,0.1
"19151","Pocahontas County, Iowa","19","151",TRUE,"missing_estimate:",61875,11.032871499871,4553,18.7,2.6,16.7,2.2,3.2,1,2.2,0.8,85.9,2.9,23.3,0.2,23.9,0.2,5.8,,0.7,0.5,61,2.6,3.3,1.1,31,3.1,15.5,2.8,14.5,2.6,20.1,2.6,12.7,2.8,16.1,2.8,3.8,1.4,9.9,2.2,5.4,1.4,20.7,2.3,17.8,3.2,1.3,0.9,22.7,3.5,4.6,1.7,0.2,0.2
"19153","Polk County, Iowa","19","153",TRUE,"missing_estimate:",83576,11.3335116765173,1283,40.3,0.8,11.4,0.4,10.1,0.4,6.6,0.4,91.9,0.6,24.4,0.1,14,0.1,10.4,,7.3,0.2,71.4,0.5,3.1,0.3,45.1,0.9,14.6,0.6,7.9,0.5,12.5,0.6,1.1,0.2,9,0.5,10.8,0.6,4.3,0.4,15.7,0.6,20,0.3,6,0.5,2,0.3,32.6,0.8,5.8,0.5,0.6,0.2
"19155","Pottawattamie County, Iowa","19","155",TRUE,"missing_estimate:",73602,11.2064274782608,1625,23.6,1.1,15.7,0.9,4,0.4,3.3,0.5,86.2,1.3,22.9,0.1,18.7,0.1,9.1,,1.8,0.4,63.4,0.9,2.4,0.4,34.3,1.7,16.4,1.3,10.2,0.9,18.1,1.3,2,0.4,11.7,1.1,7.9,0.9,5.7,0.6,9.8,0.9,19.8,0.5,6.1,0.9,3.5,0.8,30.1,1.5,6.3,0.8,0.6,0.2
"19157","Poweshiek County, Iowa","19","157",TRUE,"missing_estimate:",67391,11.118266756827,5210,27.3,2.7,14.3,1.9,3.6,0.7,1.2,0.5,86.6,2.9,19.4,0.3,21.4,0.3,3.5,,0.9,0.3,62.1,1.7,2.3,0.7,39.2,3.3,15.7,2.7,8.5,1.7,18.3,2.6,5.6,1.4,16.7,2.6,5.2,1.6,9,2.1,14,2.3,18.6,1.8,13,2.9,3.8,1.1,28.8,3.6,7.2,2.6,0.1,0.1
"19159","Ringgold County, Iowa","19","159",TRUE,"missing_estimate:",73346,11.2029432490235,6185,24.6,3.2,16.6,2.6,0.7,0.7,1.7,1.2,86.6,3.5,22.4,0.5,23.7,0.6,2.2,,0.4,0.8,63.4,3.6,2,1,41,4.4,13,3.2,18,3.9,13,2.9,14.2,3.2,8.6,2.7,5.3,1.6,16.7,3.8,10,2.5,22.9,3.5,29.1,4.1,6,1.9,21.5,3.8,6,2,0.2,0.2
"19161","Sac County, Iowa","19","161",TRUE,"missing_estimate:",73838,11.2096287832194,5248,22.3,2.1,13.5,1.5,2.4,0.9,1.3,0.6,84.6,2.7,21.7,0.2,24.3,0.3,4.4,,0.5,0.6,67.4,2,3,1.2,35.8,3.5,12.3,1.9,15.6,2.8,18,2.9,8.9,1.9,16.6,2.5,4.3,1.5,10.9,1.9,4.7,1.2,21.7,1.6,15.9,2.1,2.6,1,22,3.1,5.3,1.5,1.2,0.8
"19163","Scott County, Iowa","19","163",TRUE,"missing_estimate:",78277,11.2680090968104,1709,36.6,1.1,12.9,0.6,4.8,0.5,2.6,0.5,90.5,0.8,23.1,0.1,17.5,0.1,7.4,,7.1,0.4,65.7,0.9,2.4,0.3,43.2,1.3,14.9,0.9,8,0.7,15.3,0.9,1.2,0.2,17.5,1.1,7.6,0.7,4.8,0.5,10.9,1,20.3,0.7,6.9,0.8,2,0.4,30,1.2,6.7,0.8,0.4,0.2
"19165","Shelby County, Iowa","19","165",TRUE,"missing_estimate:",72738,11.1946192229746,9091,24.1,2.9,10.2,1.5,1.6,0.7,1.3,0.5,88.3,2.4,22.9,0.6,23.1,0.3,4.4,,0.3,0.4,62.5,2.7,2,0.8,37.9,3.5,12.7,2.4,9.3,1.9,19.7,3.2,10.7,2.1,9.7,2.5,5.1,1.3,10.2,2.2,12.8,3,18.5,1.6,10.3,2.8,4.3,1.7,22.2,3.6,3.2,1.2,0,0.1
"19167","Sioux County, Iowa","19","167",TRUE,"missing_estimate:",86098,11.3632414613423,7089,30.6,2.2,9,0.8,8.5,1,5.2,0.9,92.4,1.5,27.2,0.1,16.2,0.2,14.3,,0.6,0.1,70.3,1.7,1.1,0.3,38.2,2.4,15,1.7,11.9,1.5,15.7,1.8,9.5,1.7,16.9,1.8,6.1,1.3,9.6,1.3,12.8,1.8,13.5,1.2,4.5,1.3,1.8,0.8,23.9,2.1,2.9,0.8,1,0.6
"19169","Story County, Iowa","19","169",TRUE,"missing_estimate:",69685,11.1517403655536,2902,54.8,1.8,9.6,0.8,8.6,0.7,3,0.5,80.4,1.6,16.2,,13.2,0.1,5.2,,2.7,0.2,66.8,1.1,3.2,0.8,46.8,1.8,18,1.4,6.8,0.8,10.4,0.9,2.7,0.6,9.2,0.9,8.3,0.9,4.5,0.7,11.8,1.1,17.8,0.6,7.1,1.2,3.9,0.8,44.5,1.6,5.8,0.9,0.2,0.1
"19171","Tama County, Iowa","19","171",TRUE,"missing_estimate:",70781,11.1673458820845,3087,20.5,1.9,11.7,1.3,4.1,0.7,3.3,0.8,87.5,2.1,23.7,,21,0.2,11.7,,0.9,0.3,61.9,1.8,2.4,0.7,30.1,2.7,16,2.1,14.1,2.3,20.4,2.5,5.8,1.3,15.2,2,5,1.3,6.6,1.2,8.7,1.6,22.7,1.2,11.5,2.3,3.2,1.2,24,2.4,2.5,0.8,0.7,0.4
"19173","Taylor County, Iowa","19","173",TRUE,"missing_estimate:",67740,11.1234321263718,6173,16,2.4,14.8,1.7,3.2,0.8,3.6,1.1,84.5,2.9,22.7,0.8,22.9,0.4,8.1,,0.2,0.2,62.9,2.3,1.9,1,34.5,3.1,17.6,2.5,12.1,2.1,24,2.9,9,2.1,22.5,2.6,3.3,1.4,11.5,2.4,3,1,20.9,1.6,13.9,3,4.2,1.7,22.1,3.6,4.3,1.3,0.5,0.5
"19175","Union County, Iowa","19","175",TRUE,"missing_estimate:",57772,10.9642595082211,5799,23.3,3.1,15.4,2,1.8,0.9,1.8,1,84.9,3.1,22.5,0.2,20.8,0.1,3.8,,0.8,0.6,58.1,3.1,2.3,1.1,33.2,3.8,15.2,3.1,11.6,2.3,23.1,3.6,7,1.6,15.9,3.3,6.8,2.4,10.8,2.6,4.6,1.2,15.8,1.5,11.6,3.1,5.4,1.5,27.9,3.6,5.9,2.1,0.2,0.3
"19177","Van Buren County, Iowa","19","177",TRUE,"missing_estimate:",61161,11.0212650104652,6234,18.8,2.6,17.2,2.1,0.6,0.4,3.3,1.5,72.8,3.3,23.6,0.2,23.6,0.4,1.8,,0.4,0.2,58.2,3,2.4,0.9,30.3,4,11.4,2.4,16.7,2.7,24.7,3.5,7.9,2.6,17.4,2.8,5.1,2.1,17.3,3.5,12.7,3.7,22.5,2.4,17,3.2,7.9,2,18.4,3.7,10.2,2.4,0,0.1
"19179","Wapello County, Iowa","19","179",TRUE,"missing_estimate:",64766,11.0785360532837,4224,19.6,1.9,16.1,1.2,9.9,1.1,8.5,1.3,86.3,2,23.8,0.3,18.4,0.3,13.4,,3,0.7,61.9,2,2.6,0.7,30.5,2.5,14.2,1.8,9.4,1.7,28.2,2.6,3.3,1,25.7,2.5,4.7,1.4,5.9,1.3,5.5,1.4,20,1.6,11,1.7,4.2,1.1,31.6,2.9,6.6,1.4,0.6,0.5
"19181","Warren County, Iowa","19","181",TRUE,"missing_estimate:",94588,11.4572858970995,3834,33.3,1.9,11.6,0.9,1.5,0.4,1,0.4,91.8,1,24.4,0.1,16.7,0.1,3.7,,0.7,0.2,68.7,1.2,2.3,0.6,41.4,2.3,13.5,1.5,11.4,1.1,13.1,1.1,1.9,0.5,7,1,7.9,1.2,5.9,1.1,15.3,1.6,24.1,0.9,5.7,1.3,3.3,0.8,17.7,1.8,3.3,0.9,0.2,0.2
"19183","Washington County, Iowa","19","183",TRUE,"missing_estimate:",75647,11.2338330621182,2941,26.2,2.1,14,1.5,3.2,0.7,2.7,0.7,88.7,1.8,24.5,0.2,20.1,0.3,7.8,,1,0.4,67.5,2,1.5,0.5,38,3,16.4,1.8,11.6,1.7,15.7,2.3,5.7,1.3,9,1.7,6,1.3,9.9,1.7,9.8,1.8,23.5,1.7,7.1,1.8,3.5,0.8,26,2.4,4.8,1.3,0.3,0.3
"19185","Wayne County, Iowa","19","185",TRUE,"missing_estimate:",61964,11.0343088502263,4667,17.2,2.6,15.4,2,0.9,0.5,2,1.1,79.4,2.9,25.9,0.7,22.6,0.3,1.2,0.8,0.2,0.3,61.3,1.9,1.8,0.8,34.6,4,12,3,15.9,3.5,23.2,3,13.9,3.7,15.7,2.9,5.8,1.6,12.8,3.3,6.2,2.1,25.4,2.5,15,2.9,7.1,1.8,19.1,2.7,6.7,1.9,0.6,0.8
"19187","Webster County, Iowa","19","187",TRUE,"missing_estimate:",68975,11.1414993990855,4434,22,1.9,14,1.2,3,0.8,1.9,0.6,87.3,1.8,21.4,0.1,19.9,0.3,6.6,,3.3,0.6,62.3,1.5,3,0.7,30.9,2.4,19.8,2.4,11.8,1.6,18.4,2.3,5.6,1.1,16.4,1.9,5.2,0.9,5.5,1.1,4.6,1.1,20.2,1.6,10,2.1,2.4,0.7,29.7,2.7,6.7,1.5,0.2,0.1
"19189","Winnebago County, Iowa","19","189",TRUE,"missing_estimate:",67642,11.1219843708782,8706,26.1,3.3,12.6,2.1,3.5,0.9,1.2,0.6,88.6,2.4,21.1,0.6,22.1,0.4,5.8,,2,0.8,63.3,2.7,1.9,1,34.9,4.1,14,2.7,12,2.3,21.6,3.5,3.9,1.2,18.2,3.5,2.7,1.1,8.6,2.2,6.5,1.7,14.7,1,8.6,2.4,2.1,1.2,29.4,4.3,5.8,1.9,0,0.5
"19191","Winneshiek County, Iowa","19","191",TRUE,"missing_estimate:",79066,11.2780382256988,5270,31.2,2.4,10.8,1.4,2.6,0.6,1.3,0.5,88,2.2,18.7,0.3,23.3,0.2,3.1,,0.4,0.3,66,1.8,1.5,0.6,39.4,2.5,16.9,2.2,12,1.9,13.3,2,6.4,1.4,13.4,2.3,5.6,1,10.5,1.7,12.1,1.9,18.1,1.3,9.9,2.2,1.7,0.7,25.8,2.5,4.5,1.5,0.2,0.2
"19193","Woodbury County, Iowa","19","193",TRUE,"missing_estimate:",73658,11.207188037852,2611,24.3,1.2,13.5,0.8,10.6,0.7,9,0.7,87.3,1.4,25.8,,15.9,0.1,19.1,,4.9,0.4,67.2,1,2.8,0.5,33,1.7,16.5,1.3,9.8,0.9,24,1.5,2.4,0.6,19.2,1.3,6.4,0.9,5.8,0.8,5.6,1,18.1,0.8,6.2,1,3.5,0.7,31.8,1.7,6.1,0.8,0.8,0.3
"19195","Worth County, Iowa","19","195",TRUE,"missing_estimate:",78008,11.264566664515,6274,19.1,2.5,12.5,1.9,0.9,0.7,0.7,0.6,85,3.1,20.7,0.3,22.9,0.3,3.5,,0.8,0.5,68.3,2.4,2.4,1.1,34.9,4.4,14.4,2.8,12.3,1.8,23.3,3,11.3,3.5,20.8,3,4.3,1.4,12.5,2.8,11.3,2.2,21.4,1.4,8.5,2.5,1.6,1,16.8,2.6,4.6,1.5,0,0.8
"19197","Wright County, Iowa","19","197",TRUE,"missing_estimate:",67190,11.1152797059142,5843,24.9,3.1,13.8,1.9,6.5,1.5,7.4,1.2,85.8,2.6,26,0.5,22.1,0.7,19.9,,0.4,0.6,60.1,2,1.1,0.6,37.3,4.3,12,2.2,15.8,3.1,17.6,3.2,11.2,2.3,17.7,3.4,6.8,2,9.7,2,7.9,2.2,20.2,1.7,14.7,3,0.9,0.8,23,2.8,4.4,1.6,0,0.5
"20001","Allen County, Kansas","20","001",TRUE,"missing_estimate:",60689,11.013517741515,4364,22.4,2.9,17.3,1.8,3.2,1.4,0.9,0.5,84.4,2.9,22.5,0.1,21,0.5,4.3,,2.8,1.2,62.7,2.9,5,1.7,34.1,4,12.9,2.8,12.5,2.6,20.9,3.3,4.9,1.5,17.5,2.8,2.4,1.3,9,2.2,6.9,2,18.4,2.2,17.5,3.2,9.8,2.6,24.6,3.6,7.7,2.3,0.8,0.9
"20003","Anderson County, Kansas","20","003",TRUE,"missing_estimate:",70614,11.1649837041057,7469,14,3.7,16.4,2.5,0.4,0.5,1.1,1,75.8,5.7,25.6,0.3,20.7,0.6,1.8,1,1.1,1,62,3.5,2.5,1.3,30.6,5.2,13.4,4.4,20.9,3.7,19.2,4.5,7.4,2.8,13.7,4.5,3.4,2.5,12.6,4.6,11.5,4.7,28,5,10.5,3.3,7.2,2.5,21.1,4.7,7.2,3.1,0.1,0.2
"20005","Atchison County, Kansas","20","005",TRUE,"missing_estimate:",61112,11.0204635252212,7953,21.8,3.6,15.5,1.8,2.1,0.7,1.5,0.6,87.6,2.8,21.8,0.1,18.1,0.5,3.8,,3.5,0.9,62.6,2.4,2.9,1.2,35.2,3,22.6,3.3,9.1,2,13.7,3,3.7,1.2,10.1,2.5,4.8,1.8,3.6,1.1,7.5,1.9,21.2,1.8,15.9,3.8,6.9,2.1,28.1,4,7.7,2.6,0.2,0.3
"20007","Barber County, Kansas","20","007",TRUE,"missing_estimate:",61926,11.033695402794,6033,27.3,3.9,15.8,2.6,0.3,0.2,0.2,0.3,85.4,3.8,22.9,1.7,23.8,1.8,6.3,0.8,0.1,0.1,69.4,3.1,0.9,0.7,39.1,5.6,17.4,3.8,14.1,3.4,12.5,3,21.4,4.1,5.9,2,3,1.3,14.6,3.7,3.4,1.8,15.1,1.6,26.3,4.5,6.3,2.7,19,3.7,3.3,1.5,0,1.6
"20009","Barton County, Kansas","20","009",TRUE,"missing_estimate:",58851,10.9827641048975,3181,21.7,2.4,16.9,1.6,5,1,5.1,1.4,87.3,2,24.1,,20.8,0.4,16.7,,0.6,0.4,62.9,2.1,2.4,0.7,35.3,2.6,19.2,3.3,12.8,2.2,14,2.2,8.3,1.5,7.9,1.6,6.1,1.3,6.7,1.4,8.7,1.6,15.2,1.3,16.2,2.7,8.9,2.1,34.8,3,4.5,1.1,0.2,0.2
"20011","Bourbon County, Kansas","20","011",TRUE,"missing_estimate:",59238,10.9893185068395,7304,23.9,3.3,15.7,2.3,1.8,0.9,1,0.6,87.6,2.6,25,0.4,20,0.5,3.1,,1.7,0.4,61.7,3,3.3,1.5,31.6,3.7,12.8,2.3,11.2,2.9,25.6,4.5,5.8,1.9,24.7,4.1,5.2,2.1,9.3,2.5,11.1,3.1,19.6,2.3,13.6,3,8.2,2.3,26,3.8,4.2,1.8,0.8,0.5
"20013","Brown County, Kansas","20","013",TRUE,"missing_estimate:",62233,11.038640684661,7582,19.6,2.6,16.6,1.8,1.2,0.5,0.3,0.2,87,3.4,25,,22.3,0.3,4.7,,1.6,0.4,63,2.2,3.3,1,34.5,3.6,16.9,2.9,10.7,2.4,16.4,2.5,6.4,1.4,16.1,2.5,4.5,1.1,12.1,2.6,7.1,1.9,17.4,1.4,15.3,3.5,2.6,0.8,23.7,3.4,4.7,1.5,0.3,0.2
"20015","Butler County, Kansas","20","015",TRUE,"missing_estimate:",81610,11.3097070824633,3426,32.4,1.4,15.2,1.2,4,0.6,1.3,0.4,90.3,1.4,24.6,,16.2,0.1,5.8,,1.9,0.2,63.5,1.2,2.1,0.5,42.7,1.7,15.5,1.2,9.5,0.9,12.9,1.2,2.5,0.5,15.6,1.4,8.3,1.1,5,1,9,1.3,23.8,1.3,7.8,1.4,7.2,1.2,22.4,1.7,4,1.1,0.1,0.1
"20017","Chase County, Kansas","20","017",TRUE,"missing_estimate:",56484,10.9417126911891,3845,30.2,4.2,14.8,2.6,4.1,2.6,2,1.9,84.7,5.7,20.4,2.3,25.2,2.2,8.4,,1.1,1.3,55.9,3.4,0.5,0.6,39.6,5.2,16.9,4.2,12.7,3.4,12.1,3.6,10.7,3.9,16.9,4.1,3.4,1.6,8.9,3.4,8.4,4.2,20.6,2.5,17.4,4.8,7.9,2.5,26.7,6.4,4.9,2.5,0.8,0.9
"20019","Chautauqua County, Kansas","20","019",TRUE,"missing_estimate:",56438,10.9408979694778,4556,18.6,3.3,22.3,2.4,0.8,0.6,0.4,0.4,82.1,4.1,22,,24,0.6,5,,0.8,0.9,54.3,2.5,2,1.1,27.1,4.5,22.9,4,16.2,3.5,18.3,3.4,13.3,3.6,11.6,2.4,4.1,1.7,6.8,2.3,3.9,1.6,22.2,2.9,31.3,4.8,16.6,4,18,4.1,4,2,0,2.2
"20021","Cherokee County, Kansas","20","021",TRUE,"missing_estimate:",57668,10.9624577059318,6110,19.4,2.6,18.6,1.9,1.3,0.6,1.2,0.6,87,2.5,22.7,,20.2,0.4,3,,0.8,0.4,60.8,2.5,2,0.7,26.7,2.6,23.5,2.8,10.7,2.4,21.5,2.9,3.2,1,19,2.8,6.2,1.9,6.9,1.6,5,1.6,20,1.1,13.6,2.5,9.9,2,24.5,3.3,4.9,1.7,0.2,0.2
"20023","Cheyenne County, Kansas","20","023",TRUE,"missing_estimate:",55429,10.922858201479,4259,22,4.1,13.8,2.8,4.6,1.7,3.9,1.4,82.7,4.8,22.8,0.5,26.2,0.5,9.4,,0.1,0.3,62.6,3.4,1.5,0.8,41.2,6.1,16.6,4.1,13.4,3.6,7.5,2.7,24.3,5.9,4.1,2.4,3.9,2.4,16.4,4.9,18.5,5.5,13.1,1.8,16.8,4.6,3.2,1.7,22.1,5.3,2.9,2.1,0.4,0.6
"20025","Clark County, Kansas","20","025",TRUE,"missing_estimate:",63043,11.0515723122319,7046,31.1,5.2,18.2,4.1,1.6,2.1,2.1,1.7,89.2,5.5,25.3,2.8,22.8,2.9,5.4,2.8,0,1.5,62.6,4.9,1.7,1.2,41.9,5.9,13.6,5.1,13.2,4.1,16.6,5.4,13.2,5,4.7,2.2,5.9,2.6,12.5,3.7,6.3,3.1,18.2,3,24.2,4.8,2.1,1.2,26.4,6,2.9,2.3,1.1,1
"20027","Clay County, Kansas","20","027",TRUE,"missing_estimate:",66176,11.100073138428,5320,25.5,3.6,16.8,2.7,0.9,0.5,0.6,0.5,89.6,2.9,23,0.7,24.2,0.4,3.5,,2.4,0.2,58.7,3.4,0.6,0.4,43.1,4.6,15.8,2.8,12.6,3,16.3,4.3,10.6,2.7,9.4,3.1,8.2,3,15.5,3.8,8.2,2.6,24,3,10.7,3.4,4.9,2.3,22,4.6,6.8,2.6,0,0.8
"20029","Cloud County, Kansas","20","029",TRUE,"missing_estimate:",58770,10.9813867996067,4865,20.8,3,12.5,1.7,1.5,0.9,1.6,1,83.6,3.4,23.2,0.4,21.4,0.7,3.9,,0.8,0.7,63.3,3,1.6,0.9,35.8,4.3,16.3,3,16.7,4.2,14.3,3,9.1,2.7,10.7,2.9,5.3,1.9,11.8,3.2,4,1.4,16.5,1.9,14.5,3.6,1.8,0.9,26,3.8,6.5,2.2,0.3,0.4
"20031","Coffey County, Kansas","20","031",TRUE,"missing_estimate:",70346,11.1611812023617,8841,19.7,2.8,18,2,1.2,0.4,1.2,0.6,87.3,2.4,21.5,0.5,22.5,0.3,3.9,,0.6,0.5,59.1,2.5,3.8,1.6,33.9,3.9,18,3.2,11.8,1.9,16.7,3.1,4.9,1.6,10.1,3,3.2,1.2,6.8,2.1,4.6,1.7,21.8,1.6,11.3,2.6,7,2,24.1,3.2,5.2,1.7,1.1,0.7
"20033","Comanche County, Kansas","20","033",TRUE,"missing_estimate:",54545,10.9067813280319,6643,20.1,4.8,21.7,5.2,0.8,0.8,0,1.8,88.8,4,19.3,3.3,29.1,3.9,2,1.7,0.4,0.4,62.5,6.1,1.1,0.9,41.5,5.9,14,4.4,18,5.6,11.2,3.7,21,6,6.6,3.2,2.5,1.7,11.2,4.5,3.6,1.9,13.4,1.8,18.9,5.3,3.9,1.9,26.6,7.1,3.4,2.3,0,3.6
"20035","Cowley County, Kansas","20","035",TRUE,"missing_estimate:",57878,10.9660926258982,3114,24.5,1.7,18.8,1.4,4.6,0.8,2.8,0.6,84.3,2.3,23.6,,18.9,0.4,12.2,,2.4,0.5,57.8,1.5,2.2,0.6,34.1,2.4,18.2,2.2,12.1,1.8,20.8,2.2,5.2,1.5,18.7,2.3,5.4,1.2,8.3,1.4,4.9,1.1,21.1,1.5,14.6,2.4,8.2,1.4,31.9,2.9,7,1.6,0.2,0.2
"20037","Crawford County, Kansas","20","037",TRUE,"missing_estimate:",52844,10.8750994559982,2608,32.2,2.2,16.5,1.2,3.8,0.7,2.5,0.7,88.5,1.7,22.2,0.2,16,0.3,7.5,,1.5,0.4,65.1,1.6,2.6,0.5,33.8,2.4,22,1.8,8.4,1.5,15.7,1.8,2.7,0.7,10.7,1.6,5.4,1.2,5.7,1,5.9,1.2,17.8,1,12.6,1.7,4.8,0.9,39.2,2.6,7.5,1.5,3.4,1.3
"20039","Decatur County, Kansas","20","039",TRUE,"missing_estimate:",53870,10.8943290156746,3964,27,5.9,18,4.1,2.1,1.2,1.5,0.9,88.6,4,20.8,1.3,29.8,1,4.8,,1.1,1.2,61.2,4.7,2.5,1.8,42.8,7.2,11.9,4.6,13.8,4.5,10.7,5.3,23.9,6,7.6,4,1.9,1.7,21.4,7.1,15.3,5.8,17.9,4.3,18.8,5,2.9,2.3,22.3,6.4,3.8,2.3,0.1,0.2
"20041","Dickinson County, Kansas","20","041",TRUE,"missing_estimate:",68417,11.1333766107419,4436,23.7,3.4,14.8,1.8,0.9,0.4,1.6,0.9,89.4,2.7,23.2,0.2,21.1,0.3,5.7,,0.1,0.1,62.1,2.1,1.7,0.9,38.5,4.4,16.7,3.5,11.9,2.2,16.9,2.8,4.9,1.2,13,2.8,7.9,2.1,7,1.5,5.7,1.6,22.1,1.6,8.8,2.2,2.7,0.9,21.4,2.6,4.7,1.7,0.3,0.3
"20043","Doniphan County, Kansas","20","043",TRUE,"missing_estimate:",74028,11.2121986789976,5768,21.7,2.8,14.6,2,1.6,0.8,0.6,0.4,87.2,2.5,21.1,0.6,20.2,0.6,3.5,,3,0.5,61.9,3.3,1,0.5,34.6,3.5,20.4,3.3,9.7,2.2,19.1,3.2,6.1,1.5,17.6,3.1,4.1,1.9,5.9,1.9,7.2,2.2,21.6,1.9,19.2,3.7,10.4,2.3,18.9,3.7,2.7,1.6,0.6,0.7
"20045","Douglas County, Kansas","20","045",TRUE,"missing_estimate:",69746,11.1526153503689,2954,53.2,1.8,11.2,0.7,6,0.7,3.2,0.6,92,1.4,17.5,,13.9,0.1,7.2,,4.2,0.4,69,1.2,2.9,0.5,48.7,2,17,1.4,6.6,1,9.8,1.1,1.1,0.5,7.5,1,12,1.3,5.1,0.7,15.6,1.3,20.8,0.9,6.1,1.1,1.7,0.4,49.9,1.2,7.5,1.3,0.9,0.6
"20047","Edwards County, Kansas","20","047",TRUE,"missing_estimate:",52692,10.8722189203497,5812,20.5,3.3,17.9,2.5,12,1.9,9.5,2.4,83.3,3.5,23.2,1.2,22.5,0.8,22.8,,0.1,0.1,58.3,3.3,3.9,1.6,35.8,4.8,16.8,3.8,14.7,3.5,18.5,3.9,21.3,3.8,14.7,4.1,3.1,2.1,11.1,2.7,3.4,1.8,19.7,2,25,4,3.7,1.7,20.8,4.1,6.1,2.7,0,2.5
"20049","Elk County, Kansas","20","049",TRUE,"missing_estimate:",64609,11.0761089989522,9001,21.5,3.6,24.7,3.2,1,0.5,0.8,0.6,86,3.9,23.1,,28.5,1,4.5,,0.1,0.1,52.6,3.1,1.1,0.8,41.4,4.9,16.7,3.5,11.3,3,11.5,3.4,14.8,4.1,5.4,2,6.7,2.4,10.2,3.6,10.2,3.9,33.7,5.8,33,4.6,10.8,3.2,21.2,4.3,7.2,2.4,0.1,0.2
"20051","Ellis County, Kansas","20","051",TRUE,"missing_estimate:",63084,11.0522224506074,5107,38.9,2.7,11,1.2,2.4,0.6,1.1,0.5,92.9,1.7,20.1,0.2,16,0.3,7.3,,1.3,0.3,72,1.9,2.3,0.9,40.5,2.9,19.4,2.6,8.6,1.5,12.1,1.8,5.7,1.3,4.9,1.3,6,1.2,7,1.6,6.2,1.6,12.9,1.1,7.8,1.9,4.2,1.6,36.8,3,3.8,1.6,0,0.2
"20053","Ellsworth County, Kansas","20","053",TRUE,"missing_estimate:",65560,11.0907210328578,4418,22.7,2.9,16.3,2.3,1.6,0.9,0,0.1,88.1,3,17.6,,23.6,0.5,6.1,,3.4,1.6,50.8,2.1,1.3,1,41.5,4.2,20.3,4.1,10.1,2.8,15.4,3.2,10,2.9,11.9,2.9,5.6,1.8,8.9,2.3,7.4,2.3,19.2,2,21.6,3.5,8.6,2.7,19.8,3.5,3,1.6,0.8,0.8
"20055","Finney County, Kansas","20","055",TRUE,"missing_estimate:",73009,11.1983380002025,4668,19,2.2,13.5,1.5,23.9,1.6,22.2,2,91.6,2,29.9,0.1,11.9,0.2,53.2,,4.4,0.3,69.2,1.6,2.8,1.3,29.8,2.4,13.2,1.8,13.3,1.9,26.3,2,7,1.5,23,2.3,4.7,1,5.1,1.2,3.9,0.9,14.7,0.7,7.8,1.7,12.5,1.8,35.1,2.9,5.5,1.3,3.5,1.4
"20057","Ford County, Kansas","20","057",TRUE,"missing_estimate:",70781,11.1673458820845,6473,20.7,2,11.7,1.3,25.1,2.3,24.9,2.5,87,2.9,29.9,0.1,11.9,0.3,59.1,,2.4,0.3,70.7,2.1,3.6,1,26.3,2.7,15.9,2.5,11.4,2.1,28,3.4,3.7,1.1,27.4,4,7.5,2.3,6.6,1.7,2.9,1.1,12.7,0.7,7.4,1.9,10.5,1.9,37.5,3,4.2,1.5,1.9,1
"20059","Franklin County, Kansas","20","059",TRUE,"missing_estimate:",77207,11.2542454054774,6413,24.6,2.9,15.7,1.4,2,0.5,0.7,0.4,85.7,2.5,23.1,0.1,17.9,0.2,4.8,,1.1,0.4,66.1,1.9,2,0.8,33.7,3.4,16.3,2.4,9.1,1.7,20,2.7,3.2,1.1,10.1,1.8,6.8,1.5,5.6,1.4,9.9,1.7,23.4,1.3,8,2.4,9.7,1.9,27.8,2.7,3.1,1.1,0.5,0.4
"20061","Geary County, Kansas","20","061",TRUE,"missing_estimate:",59317,10.9906512218105,2523,26.2,2.4,15.2,1.6,7.7,1.2,5.1,1,94.1,1.4,31.8,,8.7,0.2,16.9,,14.4,1.2,71.4,1.9,3.6,0.9,32.8,2.6,17.7,2.8,13.5,3.1,15.6,2.2,0.8,0.4,7.9,1.6,6.5,1.7,4.1,1.5,5.9,1.7,17.5,1,11.2,2.1,5.8,1,56.5,2.8,6.2,1.6,0.7,0.5
"20063","Gove County, Kansas","20","063",TRUE,"missing_estimate:",66029,11.0978493184427,7922,24.2,3.1,12.4,2.1,1.5,1.1,0,1.1,82.4,4.9,25.2,2.1,22.8,2.6,1.7,1.5,0.5,0.6,67.1,3.6,1.8,1.3,40.5,4.5,19.8,3.8,11.1,2,11.6,2.8,21.5,4.4,4.1,1.9,3.2,1.3,14.7,3.3,8.9,2.9,16.5,1.6,12.2,3.3,4.7,2.3,20.6,4.7,1.5,1,0,2.5
"20065","Graham County, Kansas","20","065",TRUE,"missing_estimate:",50650,10.8326945096768,4237,26.9,4.7,15.5,2.4,0.5,0.5,0.1,0.2,86.7,4.1,20.8,1.5,27,1.1,3.9,,4.6,0.7,61.1,3.8,3.1,1.9,28.8,5.8,18.4,4.2,16.1,4.5,12.9,4.1,14.6,4.4,5.4,2.7,2.3,1.5,10.8,3.5,6.4,2.9,12.3,3.1,15.8,4.3,4.5,2.1,21.2,4.9,3.4,1.6,0,2.5
"20067","Grant County, Kansas","20","067",TRUE,"missing_estimate:",66476,11.1045962592474,16560,25.1,6.4,8,3.4,25,5.9,17.9,5.7,90.8,5.1,30.6,,14.4,2,53.4,,0.2,0.1,65.3,4.7,0.4,0.9,21.2,4.6,14.9,4.6,28.1,6.2,16.7,5.8,27.3,7.5,6.6,4.7,1.3,1.1,6.3,2.5,6.1,3.7,32.3,11.1,18.9,5.5,22.9,5.3,23.3,7.6,5.1,4.2,0,1.3
"20069","Gray County, Kansas","20","069",TRUE,"missing_estimate:",79122,11.2787462440358,4267,25.9,4.4,8.9,1.4,10.4,2.1,5.2,1.7,88.2,3.1,28.5,0.4,16.8,0.6,16.6,,0,0.5,67.9,2.3,1.8,1.1,38.8,4.9,14,2.7,17.7,3.1,13.5,3.9,21,4.2,6.9,3.1,7.5,2.2,15.1,3,4.8,1.4,18,1.4,9.3,3.1,8.8,2.2,22.9,3.8,2.3,1.7,0,1.4
"20071","Greeley County, Kansas","20","071",TRUE,"missing_estimate:",80565,11.2968195910077,8227,29.8,5.6,12.3,3.6,8.1,2.9,4.1,2.2,94.6,2.3,31.1,3.6,18.3,3.1,16.9,3.1,0.2,0.7,71.3,4.9,0.1,0.2,47.6,8.1,8.3,4.3,15.1,4.6,5.9,2.8,26.2,7,1.5,1.2,5.5,2.4,11.7,5.1,20,8.5,15.4,4.1,17.9,6.2,13.2,5,25,6.9,4.4,3.5,0,5.4
"20073","Greenwood County, Kansas","20","073",TRUE,"missing_estimate:",60042,11.0027995963185,4368,21.6,2.9,16.4,2.4,0.6,0.4,0.2,0.3,82.1,3.1,21.5,,26.4,0.5,4,,0.7,0.5,58.6,2.9,2,0.9,29.4,3.7,18.8,3.9,13.5,3.1,20.1,4.1,12.3,3.4,12,2.6,6.8,2.9,11.3,3.2,6.2,2.1,24.1,2.7,27.3,3.8,7,2.2,19.5,3.7,5.6,2.1,0,1.1
"20075","Hamilton County, Kansas","20","075",TRUE,"missing_estimate:",70250,11.159815587196,13794,20.5,5.1,14.4,4,22,6.7,24.2,8.9,87.8,7.4,33.8,4.1,11.8,2.8,44,7.6,0,0.4,66.3,5.2,2,2.2,23,7,29.8,10.2,24,5.7,6,4.3,36,10.5,3.4,3.5,7.8,4.6,9.9,5.9,9.8,6.5,15.2,3.2,25.3,7.2,18,7,22.9,9,1.7,2.3,0,3.9
"20077","Harper County, Kansas","20","077",TRUE,"missing_estimate:",53488,10.8872126086599,2991,22.8,3.4,19.4,2.7,1.9,1.1,1.4,0.9,82.8,3.4,25.8,0.6,21.7,0.4,8.1,,0.8,0.9,55.4,3.2,1.1,0.7,37,4.7,12.1,3.7,14.3,3.3,19.1,3.8,13.9,3.8,15.9,3.4,2.8,1.4,8.4,2.7,5,2.1,16.3,1.9,27,3.8,7.5,2.6,24.9,4,4.6,1.8,1.5,1.3
"20079","Harvey County, Kansas","20","079",TRUE,"missing_estimate:",74368,11.2167810207715,3934,30.1,2.6,13.1,1.6,3.9,1.1,2.3,0.6,86.5,2.5,23.5,0.2,21.4,0.5,12.2,,1.4,0.3,65.4,1.9,3.1,1,35.7,3.1,15.6,2.7,11.3,2.2,18.1,2.2,2.6,1,19.2,2.8,5.9,1.5,6.7,1.4,8.8,2.2,20.7,1.4,6.5,1.8,2.5,1.2,30.2,2.9,4.5,1.5,0,0.1
"20081","Haskell County, Kansas","20","081",TRUE,"missing_estimate:",66162,11.0998615589867,5528,19.9,4.9,12.2,2.1,23.6,4.3,12.6,2.9,84.4,4.6,26.9,0.4,15.8,1.2,30.9,,0.5,0.4,61.1,3.6,2.2,1.5,30.8,4.5,18.7,4.8,17,4.7,16.5,4.6,20.4,4.3,7.8,4.3,2.7,1.8,7.3,3,4.4,2.3,18.1,5.2,9.2,2.9,13.7,4,23.7,5.6,3.4,3.3,0,2.1
"20083","Hodgeman County, Kansas","20","083",TRUE,"missing_estimate:",59955,11.0013495598135,6884,30.2,7.3,12.8,3,1.3,0.7,0.9,0.6,82.5,6.5,25.7,3.4,22.2,3.2,4.6,1.9,0.4,0.6,61.7,4,0.4,0.4,47.7,7.3,9.4,3.8,15.8,4.8,10.9,4.1,31.4,8.4,7.4,2.8,2.5,1.7,19.5,4.6,4.4,2,15.1,2,15.3,4,3.6,2.5,20.9,5,3.6,2.8,0,4.2
"20085","Jackson County, Kansas","20","085",TRUE,"missing_estimate:",75215,11.2281059581319,5075,22.6,3.3,15,1.9,3.2,1,3.2,1,86.4,2.7,24.8,0.1,19.7,0.1,5.8,,0.7,0.2,63,2.2,1.1,0.6,32.5,3.7,17.7,3.1,15.6,2.1,19.6,3.2,3,1.4,14.7,3,4.5,1.7,10.3,2.4,7.4,2.2,28.1,3.4,11.1,3.3,6.5,2.1,22.9,3,6.1,2,1.2,0.7
"20087","Jefferson County, Kansas","20","087",TRUE,"missing_estimate:",81278,11.3056306562104,4961,24.6,2.3,13.3,1.6,1,0.3,0.5,0.3,89.2,2.4,22,0.2,20,0.2,3.5,,0.4,0.3,64.8,1.9,1.6,0.6,35.4,2.8,12.4,2.1,18.3,2.1,16.4,1.8,1.6,0.8,10.4,1.9,7.3,1.5,5.4,1.4,11.7,2,30.1,1.7,7.8,2.2,7.6,2.5,14.3,2.8,4.2,1.7,0.2,0.2
"20089","Jewell County, Kansas","20","089",TRUE,"missing_estimate:",52634,10.8711175777399,8655,18.2,4,23.3,3.3,1.6,0.8,0.1,0.2,81.9,5.5,21.2,1,31.3,0.3,2.8,,0.7,0.4,60.1,3,0.8,0.7,34.7,5.2,13.6,3,12.4,4.3,19.1,4.1,12.4,3.7,7.8,3.4,5.4,2.5,14.8,4.9,7.9,3.2,16.5,2.4,25.2,4.2,9.6,3.1,25.9,5.2,1.8,1.2,0,2.2
"20091","Johnson County, Kansas","20","091",TRUE,"missing_estimate:",109208,11.6010095996828,1170,57.6,0.7,9,0.3,9.2,0.3,4,0.2,95.9,0.3,23.5,0.1,16,0.1,9.3,,4.8,0.2,71.7,0.4,2.3,0.2,56.3,0.7,11.1,0.4,4.1,0.3,8.7,0.4,0.5,0.1,8.5,0.3,17.2,0.5,5.2,0.3,22.4,0.7,20.6,0.2,3.9,0.4,0.7,0.1,31.5,0.6,3.5,0.3,0.5,0.1
"20093","Kearny County, Kansas","20","093",TRUE,"missing_estimate:",89135,11.397907353386,17102,19.4,4.2,15,3.1,17.6,3.3,14.1,2.7,93.1,4.5,28.4,1.2,18.2,2.4,35.6,,0,0.8,63,3.9,1.4,1.3,42.5,5.6,13.3,4.7,18.2,5.1,14,5,20.3,6.2,4.4,3.1,2.5,1.6,16.5,5.4,8.9,4.1,21.5,4.1,9.6,4.2,11.9,4.7,28.3,6.3,2,1.5,0.1,0.2
"20095","Kingman County, Kansas","20","095",TRUE,"missing_estimate:",59842,10.9994630345497,5588,25.3,3.2,16.8,2.8,0.3,0.2,1.3,0.6,82.8,4.1,22.8,0.4,19.7,0.2,4.1,,0.3,0.3,62.4,2.9,1.4,1.1,38.7,4.6,14.8,3.8,13.6,3.4,15.9,3.5,10.8,3.1,11.2,2.7,3.3,1.7,12.2,2.8,5.2,1.7,22.7,2.3,14.1,3.7,4.5,2,33.7,5.3,4.8,1.9,1.6,1.8
"20097","Kiowa County, Kansas","20","097",TRUE,"missing_estimate:",75539,11.2324043581592,7278,28.3,4.4,16.2,2.6,6.1,1.7,3,1.5,83.5,4.6,23.2,1.1,22.6,0.3,4.5,,0.9,0.4,65.6,3.4,1.4,1.1,36.8,4.8,17.6,4.4,11.6,3.9,12.4,3.2,17.8,3.4,3.7,1.7,5.7,3,16.1,3.2,9.4,3.3,13.1,1.4,17.2,4.4,6.3,2.5,27,4.8,2.7,1.7,1.3,1.2
"20099","Labette County, Kansas","20","099",TRUE,"missing_estimate:",56325,10.9388937653004,2355,20.2,2.3,22.5,2.4,1,0.5,0.5,0.3,82.7,2.8,24.3,,20.3,0.4,5.1,,3.2,0.7,58.3,2.5,1.8,0.6,37.7,3.6,16.2,2.5,10.6,2.3,19.3,2.7,3.5,1.2,15.7,2.6,6.1,2.2,8.2,1.9,6.8,1.9,16.7,1.7,15.1,2.3,6.6,1.5,26,3.1,5.3,1.2,1.5,0.9
"20101","Lane County, Kansas","20","101",TRUE,"missing_estimate:",54526,10.9064329311126,11989,24.4,6.4,18,5.6,6.4,3.4,4.1,2.7,84.1,7,24.7,3.9,25.7,5.1,16.1,3.4,1.2,1.4,58.7,5.4,0.3,0.4,38.4,7.1,9.1,4.7,24.7,6.6,5.5,3.6,15.5,5.6,3,2.9,9.1,6.9,23.3,9.4,8.7,5.2,12.8,2.6,19.2,6.6,5.6,3.3,11.1,5.2,1.6,2,0,4.1
"20103","Leavenworth County, Kansas","20","103",TRUE,"missing_estimate:",89218,11.3988380919325,5420,36.1,2.1,14.4,1.1,3.6,0.7,1.5,0.4,92.3,1.2,23.6,,16.1,0.1,7.6,,6.8,0.6,60.2,1.4,2.3,0.6,43.7,2.3,15.9,1.8,8.5,1.2,13.2,1.3,1.7,0.5,7.3,1,9.4,1.3,5.7,1.1,10.4,1.2,23.9,0.9,5.3,1.2,1.7,0.5,30.7,1.9,4.8,1,0.9,0.5
"20105","Lincoln County, Kansas","20","105",TRUE,"missing_estimate:",57500,10.9595402267854,6111,25.9,4,15.5,2.8,0.7,0.5,0.1,0.2,83.6,4.2,21.1,0.1,25.4,0.4,4.6,,0.1,0.2,62.1,3.9,1.5,1.1,35.7,4.7,17.4,3.8,15.1,4.2,11.3,2.6,18,4.7,6.3,2.4,6.2,3.2,16.3,4,6.9,3.1,19,2,23.4,4.8,4.1,2.6,19.6,3.5,2.9,1.4,0,2.3
"20107","Linn County, Kansas","20","107",TRUE,"missing_estimate:",59069,10.9864615310908,3266,22.7,2.7,18.1,2,0.4,0.2,0,0.1,83.7,3.3,22,0.4,22.8,0.5,3.1,,1.4,0.3,57.5,2.4,2.5,1.1,29.7,3.9,17,3,16.5,3,15.5,2.7,5.5,2.3,10.1,2.7,5.6,1.7,6.9,2.4,8.1,2.7,34.7,2.5,16.7,3.3,12.3,2.6,18.9,2.8,5,1.7,0.8,0.6
"20109","Logan County, Kansas","20","109",TRUE,"missing_estimate:",75662,11.2340313318847,6498,25.7,5.6,23.8,4.2,2.5,1.8,2.9,2,93.1,3.1,23.2,0.9,21.5,1.3,7.4,,0,1.1,69.4,3.1,1.3,1.1,33.5,4.9,19.6,5.3,13.2,3.8,16.9,5.3,16.6,4.4,5.2,2.3,2.3,1.7,10.1,3.4,10.1,3.5,18.2,2.6,9.3,3.9,3.7,2.3,35.1,5.6,4.7,3.8,0.1,0.3
"20111","Lyon County, Kansas","20","111",TRUE,"missing_estimate:",59912,11.0006320979292,4163,26.3,2.5,13.6,1.4,11,1.2,7.8,1.2,89.2,2.2,22.2,0.1,16.1,0.2,24.2,,1.4,0.5,69.2,1.9,1.4,0.5,31.5,2.6,19.8,2.8,8.3,1.7,23,2.9,2.4,0.8,22.5,2.6,6.4,1.5,5,1.3,6.4,1.5,14.8,0.8,10.3,1.9,9.3,1.8,42.1,2.8,5.7,1.4,1.1,0.8
"20113","McPherson County, Kansas","20","113",TRUE,"missing_estimate:",78851,11.2753152746189,5212,34.3,2.9,11.7,1.3,2.8,0.6,1.8,0.5,89.3,1.7,21.6,0.2,20,0.1,5.6,,1.7,0.3,66.4,2.1,1.2,0.4,39.1,3.3,18.7,2.6,9.9,1.6,17.3,2.2,5.5,1.3,19.6,2.2,5.6,1.5,6.6,1.5,7.3,1.4,14.8,0.9,7.7,1.8,4.3,1.4,24.5,2.5,2.9,1,0.6,0.4
"20115","Marion County, Kansas","20","115",TRUE,"missing_estimate:",64695,11.0774391977501,4593,30.4,2.9,13.7,1.4,1,0.3,0.6,0.3,85.4,2.5,21.1,0.2,23.7,0.2,4.2,,0.9,0.3,60.5,2,2.1,0.8,41.6,2.8,14.5,1.8,11.9,1.8,14.5,2.2,8,1.8,13.7,2,4.6,1,13.3,2.4,8.2,2,22,1.4,16.6,3.1,4,1.2,18.7,2.5,3.5,1,0.5,0.5
"20117","Marshall County, Kansas","20","117",TRUE,"missing_estimate:",68419,11.1334058428153,6081,19.1,2.7,15.2,2.2,0.8,0.4,0.9,0.5,84.5,3.3,24.2,0.7,23.1,0.4,2.8,,0.7,0.7,63,2.4,1.3,0.9,35.8,4,11.7,2.2,9.2,1.6,25,3.5,8.6,2,19.3,3.2,6.3,2,13,3.3,5.8,1.6,16.4,1.5,12.1,2.7,5.3,2,20,3.5,4.5,1.8,0.7,0.8
"20119","Meade County, Kansas","20","119",TRUE,"missing_estimate:",71852,11.1823637268887,6233,26.5,4.2,12.4,2.4,11.4,2.4,7.4,2.2,88.5,3.8,26,1.5,18.2,1.7,24.3,1.6,0.4,0.4,60.9,3.8,0.9,0.8,43,4.7,15.7,4.7,11.2,3.5,12,3.3,18,3.5,6.7,2.7,2.7,1.5,10.4,2.7,7.8,2.9,17.2,1.7,20.9,4.1,6.8,2.4,26,4.5,4.6,2.3,0,2
"20121","Miami County, Kansas","20","121",TRUE,"missing_estimate:",89000,11.3963916487143,5837,31,2.6,12.8,1.6,1,0.4,1.3,0.9,87.4,2.7,23.6,,18.1,0.2,4.1,,1.2,0.3,66,2.1,2.4,0.7,38.9,3.1,14.9,2.4,12.9,2.1,11.9,2.2,2.4,1,8.6,1.8,10.4,1.9,4.1,1,14.1,2.4,30,1.5,3.7,1.2,4,1.1,21.8,3.2,2.2,1,0.2,0.2
"20123","Mitchell County, Kansas","20","123",TRUE,"missing_estimate:",64246,11.0704747440101,9366,26.2,4.3,15.1,3.2,1.3,1,1.2,1,84.9,3.6,22.9,1,22.8,0.5,3.2,,0.1,0.2,61,4.1,0.1,0.1,36,5.7,18.6,4.5,14.7,3.9,11.4,3.3,6.7,2.4,7.3,2.6,6,3,7,2.4,8.3,3.1,13.6,2.1,14,3.1,2.1,1.1,31,5.4,7.5,2.9,0,1.1
"20125","Montgomery County, Kansas","20","125",TRUE,"missing_estimate:",55697,10.9276815645008,4353,22.6,1.8,21,1.5,2.9,0.6,1.9,0.6,87.1,1.8,23.7,0.4,20.3,0.2,8.1,,3.8,0.6,57.2,1.6,2.5,0.8,32.4,2.7,15.6,1.7,11.8,1.6,19.5,1.9,4,1.2,19.7,2,6.1,1.4,5.3,1.6,3.5,0.9,18.9,1.2,17.1,2.2,6.5,1.3,27.1,2.8,6.8,1.5,0.7,0.4
"20127","Morris County, Kansas","20","127",TRUE,"missing_estimate:",58686,10.9799564765185,4604,29.9,4.7,17.2,2.4,2.1,1,0.6,0.5,85.1,4,20.7,1.4,25.9,0.7,4.3,,0,0.1,63,3.3,1.6,0.8,38.4,4.2,12.7,3.8,16.7,4.5,13.9,3.5,6.9,2.4,8,2.5,8.6,2.6,11.5,3,8.7,2.8,22.4,2.1,14.9,4.6,13.8,3.6,19.9,4,5.9,2.4,1.1,1
"20129","Morton County, Kansas","20","129",TRUE,"missing_estimate:",66447,11.1041599163954,11073,17.1,5.5,21.3,4.3,10.8,4,8.6,3.3,85,6.1,24.4,1.7,19.6,0.6,24.1,,1.2,1.3,53.1,5,0.9,0.9,34,8,18,6.7,14.4,5.3,18.2,6.7,28.6,7.6,8.4,4.2,3.9,2.6,17.9,6.2,8.6,5.2,16.8,2.5,25.8,7.6,8.3,3.3,14.6,6,2.6,2.2,0,3
"20131","Nemaha County, Kansas","20","131",TRUE,"missing_estimate:",77348,11.2560699991705,5680,29.9,3.2,13.5,1.8,1,0.6,0.3,0.3,87.8,3.1,26.9,,20.2,0.5,2.6,,1.2,0.6,63.4,2.4,1,0.5,42.3,3.8,13.3,2.5,9.6,2.2,17.1,2.7,11.4,2.2,20.6,2.7,4.4,1.7,7.8,2.1,5.5,2,14.8,1.3,10.7,2.7,3.5,1.5,22,3.7,4.3,1.8,0,0.7
"20133","Neosho County, Kansas","20","133",TRUE,"missing_estimate:",56618,10.9440822348347,5385,23.3,3.2,18.2,2.4,1.6,0.6,0.9,0.5,85.6,2.8,23.9,0.4,20.6,0.7,6,,1.5,0.5,62.2,3.3,2,1,34.9,4.6,15.9,2.6,10.9,2.6,17.4,3,5.9,1.6,17.8,3.2,3.4,1.3,6.5,2,7.7,2.1,16.2,1.3,10.5,2.8,7.9,2,22.8,3.4,4.6,1.6,2.3,1.2
"20135","Ness County, Kansas","20","135",TRUE,"missing_estimate:",68616,11.1362810226703,8501,25,4.1,13.6,2.9,8.8,3.6,4.9,2.3,89,3.4,19.8,2.1,25,2.6,14.9,1.3,0,1.1,65.1,3.4,0.5,0.7,37.6,4.8,13.4,3.7,15.4,4.1,15.9,3.7,28.2,4.8,5.1,2.1,4.7,2.1,14.8,3.9,7.6,2.7,15.6,2.4,19.4,3.5,4.4,2.2,18.4,4,2.2,1.2,1.2,1.2
"20137","Norton County, Kansas","20","137",TRUE,"missing_estimate:",54050,10.8976648230674,5415,22.5,4.6,19,3.8,1.9,2,1,1.9,93.1,3.7,20.1,1.7,20.3,0.4,5.9,,3.1,1.2,46,2.8,0.8,1,34.5,6.9,27.8,7.6,13.1,5.9,7.9,3.8,14.5,6.9,7.9,4.1,6.2,3.9,12,5.8,16.9,7.8,11,2,18.4,6.4,2.3,1.8,23.8,6.2,2.5,2.2,0,1.5
"20139","Osage County, Kansas","20","139",TRUE,"missing_estimate:",74467,11.2181113532148,3932,21.6,2.1,15.9,1.6,0.9,0.3,0.5,0.4,84.9,2.4,23,0.1,20.9,0.2,3.4,,0.3,0.3,62.1,1.8,1.2,0.4,34.2,2.7,16.4,2.5,12.6,1.7,18.9,2.1,3.2,1,9.3,2.1,7.1,1.5,5.5,1.3,8.6,1.6,28.5,1.6,12.3,2,8.5,1.8,17.6,2.6,3,1.1,0.6,0.5
"20141","Osborne County, Kansas","20","141",TRUE,"missing_estimate:",63011,11.0510645933069,7354,23.8,3.3,14.8,2.3,1.6,0.7,0.9,0.6,84.3,3.7,22.1,0.6,26.8,0.8,3,,0.3,0.3,63.8,3.2,1,0.8,38.9,4.9,15.2,3.2,12.7,3.2,12.6,3.2,19,4.8,9.2,2.7,3.5,1.6,13,3.8,4.2,1.7,13.8,2.8,22.3,3.1,5.7,2.2,22.8,3.9,2.3,1.6,0.5,0.5
"20143","Ottawa County, Kansas","20","143",TRUE,"missing_estimate:",74018,11.2120635858507,12077,27.7,3.5,12.7,1.7,0.7,0.5,0.2,0.2,88.2,3,23.5,0.9,21,0.3,3.3,,0.4,0.4,64.1,2.5,1.8,1.1,41.1,4.4,11.5,2.7,11.6,2.8,14,3,10,2.4,11.3,2.4,4.2,1.4,8.6,2.4,7.7,2,23.8,2.8,10.6,2.9,3.5,1.3,22.8,3.7,3.3,1.7,0.7,0.6
"20145","Pawnee County, Kansas","20","145",TRUE,"missing_estimate:",63517,11.0590628655865,7910,18,3.6,23.9,3.2,0.8,0.6,0.7,0.6,89.8,3.7,14.5,0.5,23.3,1.1,9.1,,7.4,0.5,53.9,3.7,0.7,0.6,36.6,5.4,21.4,6.1,11.1,3.6,15.8,4,14.4,4.3,7.7,3.6,5.6,2.9,16.3,4.2,12.5,4.1,19.7,4.4,21.8,5.3,6.4,3.6,33.8,6.8,7.1,3.6,0.4,0.6
"20147","Phillips County, Kansas","20","147",TRUE,"missing_estimate:",62123,11.0368715697218,6276,22.5,2.8,19.6,2.8,1.9,0.8,0.5,0.4,87.5,2.8,22.5,0.6,25.6,0.7,3.4,,0.7,0.7,59.7,2.7,1.9,0.8,41.3,5,16.7,3.4,14,4,13.5,3.7,12.2,2.8,5.6,2.1,4.9,1.5,11,2.4,7.9,2.5,19.4,3.6,18.5,3.6,3.4,1.1,22,4.1,4.5,1.6,0,1.3
"20149","Pottawatomie County, Kansas","20","149",TRUE,"missing_estimate:",92325,11.4330702397208,5521,38.2,3,11.2,1.3,2.3,0.7,0.9,0.5,92.5,1.7,28.8,0.1,15.3,0.2,6.1,,1.6,0.5,65.5,2.1,1.4,0.5,46.1,4,12.1,2.1,11.9,2.1,13,2,4.7,1.6,10.1,1.6,8.7,2,5.3,1.3,7.4,1.8,23.2,1.8,8.2,2.6,10.1,2,17.8,2.5,1.7,0.8,0.5,0.3
"20151","Pratt County, Kansas","20","151",TRUE,"missing_estimate:",66022,11.0977432987987,5927,25.8,3.5,14.3,2.1,2.7,1.2,1.7,1.2,84,3.5,24.7,0.5,21.1,0.4,8.6,,0.6,0.5,59,2.8,2.1,1,37.2,4.5,17.5,4,11.8,2.7,16.9,4.2,10.3,3.3,8.2,2.8,3.3,1.4,8.1,2.5,6.5,2.6,12.2,1.4,20.5,4.1,4.5,1.5,26.8,4,5.5,2.5,0.3,0.4
"20153","Rawlins County, Kansas","20","153",TRUE,"missing_estimate:",67742,11.123461650589,12440,20,3.8,19.6,3.7,3.4,1.7,2.4,1.4,86.2,4.4,21.9,0.8,27.9,0.8,7.7,,0,1.2,67.2,4.3,0.9,0.8,36.2,4.7,11.7,3.7,18.5,4.7,14.6,4.3,22.5,4.3,10.8,3,6.6,3.5,17.8,4.3,13.4,4,13.7,2.4,14.6,3.7,12.8,5.5,29.3,5.7,2.1,1.3,0.3,0.5
"20155","Reno County, Kansas","20","155",TRUE,"missing_estimate:",60645,11.012792470743,2574,20.4,1.4,15.6,1.1,2.2,0.4,1.3,0.4,84,1.9,22,0.1,20.6,0.1,10.4,,2.7,0.3,61.1,1.5,2.4,0.6,31.9,2,17.5,1.7,9,1.4,19.3,1.4,2.8,0.7,15.7,1.7,7.7,1.3,5.3,1.1,6.1,1.1,17.5,0.8,9.5,1.5,3.3,1.1,30.8,1.9,4.8,0.8,0.6,0.5
"20157","Republic County, Kansas","20","157",TRUE,"missing_estimate:",56833,10.9478724219178,3472,21.5,3.5,18.3,2.6,1.9,0.7,0.4,0.3,77.5,4.4,24.5,1,26.8,0.4,3.9,1.3,0.5,0.6,61.2,3.1,1.1,1.1,31.3,4.7,14.9,3.5,11.1,2.4,14.4,3.6,12.1,2.7,11.4,3.5,7,2.3,13.2,2.9,3.9,1.5,17,2,25,3.7,3.3,1.5,21.8,3.3,5.5,2.5,0.1,0.2
"20159","Rice County, Kansas","20","159",TRUE,"missing_estimate:",63925,11.0654658001594,4435,25.9,3.6,15.7,2.3,4.9,1.9,3.3,1.6,89.8,2.9,23.4,0.4,19,0.5,14,,1.8,0.4,63.3,2.6,2.8,1.5,37,3.7,13.4,2.4,9.5,2.3,20.1,4.1,9.6,1.7,15.2,3.6,6.1,2.1,6.3,1.4,6,1.9,20.9,3.1,15.3,3.3,2.9,1.3,22.6,3.8,3.8,1.6,0,0.8
"20161","Riley County, Kansas","20","161",TRUE,"missing_estimate:",61098,11.0202344113997,1445,48.9,2.2,12.3,1.1,6.7,1,2.9,0.8,91.9,1.6,16.1,,10,0.1,10,,6.4,0.5,71.5,1.7,2.3,0.5,45,2,20.3,2.3,7.4,1.5,8.9,1.6,1.9,0.6,4.6,1,9.7,1.5,4.4,0.9,11.2,1.4,16.3,1.5,9.9,1.5,5,1.3,53.9,1.6,4,1,0.6,0.5
"20163","Rooks County, Kansas","20","163",TRUE,"missing_estimate:",62500,11.0429218357245,2158,23.2,3.8,16.7,2.5,0.9,0.7,0,0.1,83.4,2.9,20.8,0.6,23.9,0.3,3.2,,1.9,0.9,61,2.8,1.2,0.6,35.4,4.5,21.1,4,17.3,3.5,11.1,2.6,14.2,3.7,6.8,2.6,3.7,1.8,9.9,2.7,5.8,1.9,14.1,1.6,18.9,4,5.4,2,25.7,5.1,6.4,2.2,0,1.4
"20165","Rush County, Kansas","20","165",TRUE,"missing_estimate:",59970,11.0015997161626,4386,21.2,4.1,14.7,3,1.1,0.6,1.6,1.2,90.3,2.6,20,2.7,24.8,2,6.5,1.1,0.4,0.6,63.5,3.8,2.3,1.3,34.4,5.4,13.6,3.5,15.2,4.2,17.7,5,12.4,3.4,11.1,4.2,6.8,2.7,14.9,4.1,7,3.9,22.4,3.5,17.4,4.5,3.6,1.9,22.4,5.1,3.6,2,0.1,0.2
"20167","Russell County, Kansas","20","167",TRUE,"missing_estimate:",62392,11.0411923410103,10596,19.7,3.6,15.5,3,1.7,1.1,0.2,0.1,90.8,3.1,21.9,0.8,26.1,0.6,4.1,,0.4,0.4,68.2,3.3,1.3,0.7,36,5.7,15.8,4.7,7.9,2.3,18.6,4,9.5,3.3,8.6,2.9,5.4,2.3,7.9,3.1,8.1,3.5,13.2,1.9,15.6,4,3,1.4,24.9,5,2.9,2.1,0.1,0.1
"20169","Saline County, Kansas","20","169",TRUE,"missing_estimate:",65422,11.0886138723157,3557,29.1,2.3,14.2,1.1,4.6,0.9,3.2,0.7,90,1.5,22.7,,18.8,0.2,12.8,,3.4,0.6,67,1.7,3.2,0.8,34.9,2.6,21.4,2.1,7.2,1.2,16.6,2.1,2.3,0.8,14.9,1.7,6.3,1.2,6.2,1.3,6.8,1.4,15.8,0.9,6.8,1.5,2.4,0.8,32.9,2.4,7,1.5,0.1,0.1
"20171","Scott County, Kansas","20","171",TRUE,"missing_estimate:",68839,11.1395257237818,10706,28.7,6.5,15.7,4.5,8.1,2,3.7,2,89.2,6.6,24.5,2.2,20,2,21.8,1.9,0,0.6,67,5.3,1.8,1.6,36,7.8,14,5.7,18.5,5.2,8,4.4,20,5,6.8,4,6.6,5.2,7.8,4.1,5.2,3.5,10.4,1.8,1.9,3.1,1.2,1.7,32.8,6.9,3.2,2.4,1.9,1.8
"20173","Sedgwick County, Kansas","20","173",TRUE,"missing_estimate:",69365,11.1471376965148,1409,32.1,0.6,14.5,0.4,8.6,0.3,6.1,0.3,91.9,0.5,24.9,,15.9,0.1,16.5,,7.6,0.3,65.7,0.6,3.2,0.2,39.2,0.8,15.7,0.5,9.7,0.5,15.7,0.6,1,0.2,17.9,0.7,9.5,0.5,4.8,0.3,8.1,0.5,19.3,0.3,9.2,0.5,3.1,0.3,36.9,0.8,5.7,0.5,0.9,0.2
"20175","Seward County, Kansas","20","175",TRUE,"missing_estimate:",63827,11.0639315773022,8322,11.4,2.4,11.2,1.9,29.3,2.3,30.1,3.6,86.9,4.5,30.3,0.7,10.7,0.4,67.4,,2.9,0.9,68.4,2.7,3.4,1.3,23.3,4.2,14.7,3,12.4,3.6,30.8,3.9,5.9,3.8,27.4,4.3,3,1.5,5.8,2.3,3.4,1.3,14.7,2.1,12.7,3.1,10,2.4,38.2,5.6,9.6,3.5,0.9,0.7
"20177","Shawnee County, Kansas","20","177",TRUE,"missing_estimate:",67104,11.1139989337016,2304,32.2,1.1,15.7,0.7,4.1,0.4,3,0.6,89.4,0.9,23.1,0.1,19.4,0.1,13.8,,6.6,0.4,61.6,0.8,2.5,0.4,40.8,1.1,17.4,1,8.4,0.8,14.2,1.1,0.9,0.3,9.6,0.8,8.6,0.8,4.9,0.6,11.2,0.9,17.9,0.6,6.9,0.7,3.2,0.5,33.2,1.3,7.4,0.8,0.9,0.3
"20179","Sheridan County, Kansas","20","179",TRUE,"missing_estimate:",73750,11.2084362742021,8183,24.3,5,15.6,3.6,2.7,1.2,1.7,1.4,91.3,3,25.3,0.5,23.4,0.3,5.9,,0,0.1,68.4,4.8,0.5,0.3,46,6.1,8.8,3.4,15.5,2.8,11.2,3.9,36.9,6.3,4.7,2.5,1.6,1.1,24.4,6.3,17.1,5.1,15.7,2.4,14.5,4.8,5.5,2.6,23.2,4.7,2.1,2.3,0,3
"20181","Sherman County, Kansas","20","181",TRUE,"missing_estimate:",61750,11.0308492544902,11307,24.1,5.4,18.7,2.9,2.3,1.4,1.8,1.3,90.8,4.3,23,0.5,21.2,1.4,13,,1.8,1,67.7,3.3,0.4,0.4,33.8,5.2,10.3,3.3,10,4.2,22.1,5.8,10.6,4.1,9.9,4.7,5.5,2.7,12.9,4.7,14.5,4.7,15.4,3.7,16.6,5.2,4.9,1.8,34.5,6.2,3.4,2.1,0,1.2
"20183","Smith County, Kansas","20","183",TRUE,"missing_estimate:",59135,10.9875782446852,5249,25.6,3.8,16.6,2.7,0.8,0.7,0.4,0.4,85.5,4,20,0.7,29.3,0.4,2.6,,0.2,0.2,60.9,3.2,0.4,0.3,48.3,4.9,11.7,2.6,12.3,2.7,10.7,3.6,20.2,3.5,7.9,2.4,4.3,1.3,15,3.5,3.9,1.6,14.3,1.9,22,4.2,3.9,2.3,15.2,3,3.9,1.5,0.1,0.2
"20185","Stafford County, Kansas","20","185",TRUE,"missing_estimate:",64226,11.0701633921177,8416,27.1,4,16.2,2.5,4.7,1.3,2.8,1.1,86.6,3.4,24.3,0.3,22.8,0.6,13.4,,0.2,0.2,64.4,2.5,1.6,1.1,37.6,4.5,18.6,3.6,13.1,2.7,12.4,2.6,17.5,3.5,3.3,1.2,4.6,2,12.7,2.8,7.3,2.9,21.9,2.4,24.6,4.3,3.3,1.8,17.7,3.2,2,1.1,0.2,0.3
"20187","Stanton County, Kansas","20","187",TRUE,"missing_estimate:",71700,11.1802460265877,3230,24.2,9.7,11.4,5.1,33.9,9.4,30.8,10.1,90.4,6.6,21.7,4.8,15.1,3.3,45.6,9.2,0.1,0.5,62.2,7.1,1.1,1.1,32.7,12.8,6.9,4.2,31.2,10.3,15.1,7.4,36.5,10.3,0.3,0.4,4.9,5.2,7.2,4.2,3.3,3.6,12.8,3.1,16.8,5.5,22.6,9,23.5,8.6,6.8,5.7,0,3.4
"20189","Stevens County, Kansas","20","189",TRUE,"missing_estimate:",64178,11.0694157518224,6799,20.3,3.6,13.1,3.2,13.3,3.5,9.7,3.8,89,4.2,28.8,0.2,17.8,2.1,39.1,,0.1,0.3,61.9,5.8,1.9,1.7,28.5,5,9.9,3.8,19.9,6.4,21.7,6.3,16.6,5.2,10.7,4.7,3.3,2.1,4.7,2.2,3.6,2,16.1,3.2,16.6,5.6,27.5,6.3,25.5,6.4,3.6,2.8,0,1.6
"20191","Sumner County, Kansas","20","191",TRUE,"missing_estimate:",63951,11.0658724441013,4642,25.9,2.7,17.7,1.8,1.3,0.4,0.5,0.3,84.9,2.6,24.1,0.1,19.5,0.5,6.1,,1.1,0.3,59.7,1.8,3.5,1,32.5,3.2,15.8,2.2,11.5,2,18.2,2.6,3.3,0.9,19.6,2.6,7,1.7,5,1.1,7.1,1.7,24.3,1.4,13.9,2,8,1.7,24.9,3,6.2,1.7,0.4,0.3
"20193","Thomas County, Kansas","20","193",TRUE,"missing_estimate:",71325,11.1750021760817,9792,34.6,5.8,12.9,2.4,4.1,1.5,1.7,0.7,88.3,4.2,24.6,1.4,18.6,0.7,8.4,,0.4,0.4,71.4,3.7,0.4,0.4,40.1,6.3,15.4,3.9,8.8,3,11.4,3.7,10.7,3,4.1,2.2,7.1,2.5,8.8,2.6,9.6,3.1,11.7,1.5,12.2,4.4,6.3,3.3,24.8,4.2,3.8,2.3,0.4,0.5
"20195","Trego County, Kansas","20","195",TRUE,"missing_estimate:",81528,11.3087017985085,19948,30.1,6.1,11.6,3.2,0.4,0.5,0,1.1,91.7,3.7,20.2,1.9,27.9,2.6,1.1,1.3,0,1.1,66,3.9,0.7,0.7,28.8,7.1,16.4,4.5,27.3,7.3,12.1,4.7,17.8,6.9,8.9,4.5,6.2,3.6,16,8.4,10.7,4.9,16.6,3,20,4.2,3.8,2.8,17.8,6.1,2.6,1.7,0,2.2
"20197","Wabaunsee County, Kansas","20","197",TRUE,"missing_estimate:",76908,11.2503651812922,7700,25,3,16.6,2.2,1.2,0.5,0.5,0.3,87.2,4.3,22.7,0.1,21.6,0.3,4.8,,0.2,0.3,62.3,3.6,2.7,1.2,37.9,4.7,11.9,2.9,16,2.7,16,2.3,10,3.6,12.2,2.5,4.5,1.5,9.7,3.1,11.1,2.6,28.3,1.7,14.4,3.4,5.5,2,18.9,4.5,2.6,1.2,1.2,1
"20199","Wallace County, Kansas","20","199",TRUE,"missing_estimate:",63207,11.0541703334952,8829,24.5,4.9,19.7,4.5,3.6,1.9,2.4,1.7,90.8,3.5,23,3.8,26,3.5,7.4,2.6,0.8,0.8,61,5.6,0.8,0.7,43.8,5.9,11.1,4,15,4.3,11.2,4.7,24.7,5.1,7.5,3.9,3.4,2.5,10.6,3.9,8.4,2.7,16,3.4,16.5,4.8,2.8,1.5,25.2,6,1.5,1.3,0,4.9
"20201","Washington County, Kansas","20","201",TRUE,"missing_estimate:",65482,11.0895305746961,3563,25.8,2.7,14.4,1.7,2.8,0.6,3,0.6,80.6,2.9,24.2,0.4,23.6,0.2,4.9,,0.1,0.1,63.5,2.6,0.7,0.4,39.3,3.5,14,2.3,13,2.2,15.4,2.3,16,2,12.7,2.3,3.9,1,12.9,2.1,8.3,1.8,20.3,1.7,12.6,2.9,2.6,1.3,21.5,3.3,2.4,0.9,0.4,0.3
"20203","Wichita County, Kansas","20","203",TRUE,"missing_estimate:",79063,11.2780002819947,15494,20.1,4.9,18.8,6,7.5,3.4,9.4,4.8,89.9,6.9,30.4,5.3,24,4.7,27.5,4.7,0.2,0.4,60.2,7,0.5,0.5,45.1,11.1,10.7,4.8,15.2,7.4,13.4,6.2,34.8,8.6,5.6,3.3,5.1,3.2,7,3.4,15,7.4,11,2.4,10.4,6.1,11.3,7.5,22,8.5,4.4,6,0,3.6
"20205","Wilson County, Kansas","20","205",TRUE,"missing_estimate:",60677,11.0133199925567,6601,19.9,3.3,18.9,2.7,1.8,0.8,0.3,0.3,83.6,3.3,23.9,,23.1,0.3,3.8,,0.2,0.2,60.6,2.6,1.8,0.8,35.5,4.2,15.9,3.1,12.8,2.8,22,3.8,6,2.1,19,3.9,5.9,2.6,8.4,2.4,4.2,1.5,20.3,2,21.7,4.4,10.7,2.7,22.3,3.8,5.6,1.6,0.8,0.7
"20207","Woodson County, Kansas","20","207",TRUE,"missing_estimate:",50326,10.8262771211501,7733,23.1,4.5,21.2,3.2,0.4,0.5,0.4,0.6,85,3.7,20.5,0.8,25.9,0.6,2.9,,0.2,0.2,54.2,3.6,0.9,0.6,33.4,6.2,14.3,4.3,18.1,4.4,17.8,4.7,16.1,4.8,15.2,4.3,2.1,1.4,14.9,5.2,4.4,2.3,20.5,2.7,32,4.3,10.4,3.1,15.4,5,5.7,2.7,0.8,0.9
"20209","Wyandotte County, Kansas","20","209",TRUE,"missing_estimate:",63631,11.0608560519606,1779,21.2,1.1,13.6,0.7,17.9,0.8,14.5,0.8,88.8,0.9,27.4,0.1,13.3,0.1,34.1,,18.1,0.5,66.5,1.2,3.8,0.4,28.9,1.3,17.8,1,12.1,0.9,22,1.3,0.8,0.3,12.4,1.2,9.3,0.8,5.2,0.7,9.4,0.9,22.3,0.5,10.5,0.8,2.5,0.4,38,1.5,6.9,0.7,1,0.3
"21001","Adair County, Kentucky","21","001",TRUE,"missing_estimate:",53553,10.8884270967157,5555,21.8,3.2,22.9,2.3,3.7,0.8,1.4,0.9,85.1,2.8,19.7,0.4,19.7,0.8,3.5,,2.1,0.8,54.8,2.9,3.7,1.2,33.4,4.1,14.9,2.8,11,2.1,22,4,2.3,1.1,14.9,3.2,6.5,2.1,8.6,2.5,13.7,3.3,23.8,2.2,17.5,3,17.5,2.5,22.8,3.8,6.1,2.2,0.4,0.3
"21003","Allen County, Kentucky","21","003",TRUE,"missing_estimate:",61403,11.0252139728765,5916,18.4,2.9,18.5,1.9,1.3,0.7,2.8,1.3,82.9,3.5,23.1,0.3,17.9,0.3,2.9,,0.4,0.3,59.4,2.3,4.1,1.5,27.6,3.6,17.6,2.8,9.2,2.2,25.2,4.2,5,1.8,20.5,3.8,4.4,1.6,8.8,2.5,5.7,2.2,27.3,2.3,13.4,2.7,20.1,3,25.5,3.5,5.6,2,0.1,0.2
"21005","Anderson County, Kentucky","21","005",TRUE,"missing_estimate:",74488,11.2183933175684,5424,26.2,3.3,17.6,2.3,1.6,0.8,0.3,0.3,88.7,2.8,23.1,0.1,17,0.4,2.6,,2.1,0.9,60.3,2.5,1.3,0.6,41.9,3.5,11.7,2.4,9.6,2,18.5,2.3,2,1.1,17.9,3.3,5.9,2,5.3,1.7,9.5,2.2,30.4,2,6.5,2.4,6.6,1.9,22.4,3.7,3.8,1.5,0.1,0.2
"21007","Ballard County, Kentucky","21","007",TRUE,"missing_estimate:",66164,11.0998917873621,9335,18.4,3,17.4,2.7,1.2,0.9,0.8,0.5,87.6,3.1,19.9,0.1,21.8,0.6,1.6,,3.6,1,54.7,3.1,0.9,0.5,34.8,4.2,15.3,3.6,14.1,3.2,17,3.1,4.3,1.8,13.7,2.9,7.8,2.9,6.8,2.7,2.6,1.3,26.5,2.7,13.3,3.2,15.8,3.3,24,4,4.2,2,0.3,0.4
"21009","Barren County, Kentucky","21","009",TRUE,"missing_estimate:",50628,10.8322600619123,2937,18.3,1.9,21.6,1.7,2.8,0.6,1.7,0.6,87,1.8,23.9,0.2,18.1,0.2,4.4,,3.8,0.5,54.7,2.3,2.3,0.7,30.1,2.4,15.1,2,10.6,1.6,23.9,2.3,2.2,0.8,21.5,2.3,6.3,1.2,6.6,1.5,7.3,1.7,23.4,1.5,11.2,1.7,12.9,1.9,34.8,2.5,8.9,1.9,0.6,0.4
"21011","Bath County, Kentucky","21","011",TRUE,"missing_estimate:",56541,10.9427213176847,8587,12.3,2.5,20.4,2.9,0.3,0.2,2.3,2,84.1,2.6,25.5,,17.3,0.3,1.8,,0.7,0.5,53.8,3.4,1.4,0.7,25.7,5,11.2,2.7,11.1,3,29.7,5.7,2.6,1.4,19.9,5.1,9.2,2.8,6.8,2.5,5.5,2.8,30,3.5,14.6,3.9,30.6,4,25.3,4.1,9.1,2.8,0.8,0.6
"21013","Bell County, Kentucky","21","013",TRUE,"missing_estimate:",31354,10.3530971296285,3340,15.8,2.6,25.3,2.2,0.4,0.3,0.1,0.1,79.3,3.6,21.9,0.1,18.9,0.2,0.5,0.4,3,0.7,42.4,2.4,4.3,1.5,30.7,3.8,20.6,3.7,7.8,2.4,23.1,3.4,3.9,1.8,13.2,3,8.2,2.4,7.6,2.3,4.4,1.8,22.7,2.2,14.5,2.4,24.7,3.6,41.2,3.3,10.6,2.1,0.4,0.3
"21015","Boone County, Kentucky","21","015",TRUE,"missing_estimate:",99414,11.5070482277974,2884,35.7,1.3,12.1,0.7,6.3,0.7,3.4,0.6,93.8,1,25.6,0.1,14.9,0.1,5.9,,4.4,0.4,67.9,0.8,2.1,0.4,40.5,1.7,13,1.1,8.7,1,17.4,1.4,0.6,0.3,14.3,1.1,11.4,1.1,3.7,0.6,13.4,1.2,25,0.8,4.2,1,3.6,0.7,23.7,1.5,3.5,0.7,0.2,0.2
"21017","Bourbon County, Kentucky","21","017",TRUE,"missing_estimate:",61354,11.0244156476877,7041,26.3,2.5,17.6,1.8,3.9,0.8,2.8,0.7,85.4,2.6,22.8,0.1,19.5,0.4,7.8,,4.9,0.4,58.6,2.5,2.5,0.8,34,3.3,16.8,2.5,11.6,2.3,17.5,2.5,8.9,2.1,14.9,2.6,7.3,1.8,7.8,2,10.7,2.1,25.4,1.6,11.4,2.6,5.7,1.4,36.3,3.4,5,1.7,0.3,0.4
"21019","Boyd County, Kentucky","21","019",TRUE,"missing_estimate:",61118,11.0205617007919,3296,20,2.1,22.4,1.4,1.3,0.4,0.9,0.4,87.1,1.9,21.2,0.1,20.5,0.2,1.8,,2.3,0.4,52.9,1.5,3.4,0.8,35.7,2.6,16.2,2,9.3,1.8,13.9,1.8,1.5,1,9,1.4,5.7,1.3,4.4,1.2,5.9,1.3,22.1,1.5,11.2,1.8,11.2,1.7,29.8,2.4,8.4,1.3,0.1,0.1
"21021","Boyle County, Kentucky","21","021",TRUE,"missing_estimate:",61159,11.0212323093534,3774,26.2,2.1,17.2,1.5,2.5,0.8,1.2,0.6,86.7,2.5,20.9,0.2,18.7,0.3,4.7,,7,0.6,55.7,1.9,3.2,1,37.4,3.4,15.1,2.2,7,1.5,19.4,2.6,1.6,1,16.9,2.4,6.3,1.5,7,1.4,10,1.9,21.3,1.5,7.4,1.7,4.6,1.5,32,2.6,5.8,1.9,0,0.1
"21023","Bracken County, Kentucky","21","023",TRUE,"missing_estimate:",66319,11.1022317112878,9305,17.8,3.4,19.9,2.9,0.6,0.5,0,0.1,89.8,3,23.1,0.4,18.2,0.3,1.5,,0.6,0.6,58.3,3.5,2.8,1.3,28.2,3.9,14.1,3.4,12.4,4.3,30.4,5.4,4.3,2.3,17.9,3.8,5.4,2.2,6.1,2.8,3.4,1.4,34.5,3.4,12.8,3.6,29.4,4.1,21.5,4.1,2.9,1.5,0.1,0.2
"21025","Breathitt County, Kentucky","21","025",TRUE,"missing_estimate:",34808,10.4576025244005,3824,15.3,2.7,31.9,2.5,0.3,0.3,0.3,0.3,81.2,3,21.2,0.6,18.7,0.4,1.1,0.7,0.6,0.5,42.8,3.4,4,1.2,38.1,6,17.1,4.9,10.5,3.4,18.7,5.1,3.3,2.1,9.7,3.6,5.6,2.8,6.2,3,7,2.7,28.2,3,16.9,2.9,41.3,3.7,23.4,3.3,15.2,3.1,0.1,0.1
"21027","Breckinridge County, Kentucky","21","027",TRUE,"missing_estimate:",55843,10.9302994609215,4183,14.2,2.6,22,2,0.6,0.4,1.5,1.1,83.9,2.9,22.8,0.4,20.4,0.2,1.7,,1.9,0.4,52.7,2.3,2.4,0.7,25.9,3.4,12.6,2.5,13.9,2.9,27.1,3.6,4.5,2.3,20.3,3.1,5.1,1.8,7.5,2.5,3.8,1.6,32.7,2.5,25.3,2.8,27.7,3.1,18.6,3.1,4.2,1.1,0.4,0.4
"21029","Bullitt County, Kentucky","21","029",TRUE,"missing_estimate:",80558,11.2967327008678,2390,19.5,1.6,15.5,0.9,2.4,0.7,2.1,0.6,92.1,1,21.2,,17.4,0.1,3.3,,1.3,0.4,64.5,1,2.7,0.5,33.5,1.8,12.1,1.3,9.9,1.2,22.6,1.6,0.8,0.4,14.3,1.4,9.2,1.4,3.4,0.7,10,1.2,28.7,1.1,5.5,1.1,7.4,1.2,15.1,1.4,4,0.8,0.6,0.4
"21031","Butler County, Kentucky","21","031",TRUE,"missing_estimate:",56092,10.9347484788465,5519,9.9,2.5,18.7,2.3,2.1,1.1,6.4,2.7,79,3.3,23.1,0.3,19.4,0.5,5.3,,0,0.1,52.2,2.7,2.3,1.3,27.3,4.5,13.8,2.8,13.9,3.1,25.3,4.4,3.6,1.5,29.4,4.9,5.6,2.1,11.8,4.2,2.1,1.3,27.2,1.8,16.3,3.2,24.3,4,26.3,3.3,8.2,2.4,0.7,0.9
"21033","Caldwell County, Kentucky","21","033",TRUE,"missing_estimate:",59583,10.9951255774669,10570,17.1,3.3,27,3.6,1.2,1.1,0.2,0.3,87,3.3,22.9,0.2,21.4,0.8,1.5,1.1,6,1,56,4.5,2.5,1.5,27.5,4.8,15,3.9,14.9,3.3,23.4,5,7.8,3.3,20,4.6,6,2.8,5.7,2.5,4,1.7,24.4,2.5,17.1,3.3,10.8,3,29.8,4.1,5.7,2.5,0,0.7
"21035","Calloway County, Kentucky","21","035",TRUE,"missing_estimate:",52706,10.8724845800412,4077,31.2,2.6,16.7,1.8,4,0.7,1.4,0.4,82.2,2.3,18.2,0.1,16.9,0.2,3.7,,4,0.6,57.8,2,2.6,0.8,31.1,3,17.6,2.6,9.7,1.6,17.8,2.7,2.9,1.1,12.9,2.5,6.8,1.4,7,1.4,6,1.2,17.3,1.2,15.8,1.8,13.2,1.8,36.1,2.5,5,1.4,0.3,0.3
"21037","Campbell County, Kentucky","21","037",TRUE,"missing_estimate:",77567,11.2588973579916,2690,39.7,1.3,13.3,0.8,2.7,0.3,1.7,0.3,92.2,1.2,20.6,0.1,17.5,0.1,2.6,,2.8,0.3,66,1.1,2.6,0.5,47.8,1.9,14.5,1.5,7.2,1,11,1.2,0.5,0.2,10.1,1.2,13.2,1.3,4.2,0.6,17.1,1.5,23.5,0.7,6.7,1,1.6,0.5,28.9,1.5,5.7,0.8,0.4,0.3
"21039","Carlisle County, Kentucky","21","039",TRUE,"missing_estimate:",62439,11.0419453591264,7385,14.9,2.9,16.9,2.4,1.1,0.6,0.7,0.6,87.8,3.2,23.5,0.2,20.1,0.5,3.2,,1.5,0.4,57.4,3.2,2.1,0.8,34.7,5.2,15.6,4,12.9,3.8,17.3,3.7,2.4,1.7,19.1,5.1,5.9,2.5,4.7,1.8,4.3,2.1,26.1,1.9,19.2,5,19.1,4.9,19.6,4.1,2.8,1.5,1.1,1
"21041","Carroll County, Kentucky","21","041",TRUE,"missing_estimate:",56466,10.9413939660868,12944,11.4,2.3,17.5,2.7,2.7,1.2,3.2,2.2,83.9,3.8,26.6,0.7,16.5,0.5,7.5,,2.2,1.2,55.6,4.1,3.4,1.7,24.5,4.7,14.5,4.1,14.9,3.6,26.5,6.2,0.4,0.4,28.1,5.2,4.3,2.3,5.9,2.9,4.8,2.2,23.3,2.5,11,3.8,19.7,3.6,34.3,5.1,7.4,3.3,1.1,1.5
"21043","Carter County, Kentucky","21","043",TRUE,"missing_estimate:",51235,10.8441781712338,4124,15.9,2.7,20.9,2.2,1.1,0.8,0,0.1,81.3,2.6,22.6,0.3,19.9,0.3,0.9,0.5,0.3,0.2,48.8,2.6,2.6,0.8,31.3,3.7,18.8,3.3,13.5,2,18.9,3.4,1.9,1,11.4,2.5,3.2,1.4,3.8,1.5,3.6,1.3,30.4,2.8,12.4,2.4,25.1,3.4,20,2.4,8.3,2.3,0,0.1
"21045","Casey County, Kentucky","21","045",TRUE,"missing_estimate:",45510,10.7256873610107,4492,12.9,2.2,18.1,2.1,1.8,0.8,2,0.9,81.4,3.2,23,0.2,20.8,0.5,3.4,,0.4,0.3,49.9,2.9,4.4,1.5,30.1,4.7,14.7,3.2,12,3.4,24.7,4.3,5.5,2.4,22.7,4.9,3.7,1.5,14.7,3.3,9.6,2.7,29.2,2.5,12.6,3,22.8,3.8,20.3,3.8,9.6,2.7,0.6,0.6
"21047","Christian County, Kentucky","21","047",TRUE,"missing_estimate:",55494,10.9240301857823,2726,19.6,1.6,17.3,1.2,3.4,0.6,3.5,0.8,82.9,2,28.3,0.1,12.7,0.1,8.7,,18.3,1,61.3,1.6,3.1,0.7,28.6,2.7,16.3,2,10.7,1.9,22.1,2.8,2,0.6,19,2.3,10.2,2,8.1,1.8,4.5,1.1,20.1,1.5,12.4,1.2,8.3,1.2,50,2.1,7.8,1.2,0.6,0.3
"21049","Clark County, Kentucky","21","049",TRUE,"missing_estimate:",64348,11.0720611325102,4912,22.9,2.4,20.6,1.8,1.6,0.4,1,0.4,90.9,1.5,22.5,,18.2,0.2,4.1,,2.8,0.7,58.6,2.2,2.6,0.7,38.4,3.1,13.1,1.8,9.6,1.6,17.6,2.1,1.9,1.1,14.7,1.9,9.2,2,3.6,1,12.3,2.4,24.2,1.3,8.3,1.6,7.5,1.5,29.3,2.5,7.8,1.9,0.1,0.1
"21051","Clay County, Kentucky","21","051",TRUE,"missing_estimate:",40900,10.6188853420309,7504,15.5,2.6,27.6,3.1,0.9,0.4,0.5,0.2,83.9,3,20.6,0.3,16,0.3,2.1,,3.9,0.4,42.6,2.5,4,1.2,35.2,4.8,18.1,4.3,10.9,3.4,15,3.2,0.7,0.6,10.1,3.2,8.7,3,6.7,2.3,9.4,2.9,29.1,4.1,15.9,3.3,30.7,3.2,23.6,3.8,13.2,2.8,0.2,0.4
"21053","Clinton County, Kentucky","21","053",TRUE,"missing_estimate:",44844,10.7109450792735,4439,18,3.9,22.2,2.8,1.3,1,1.2,1,81.9,3.8,21.5,0.7,20.6,0.5,3.4,,0.1,0.1,57.8,3.3,2.9,1.3,31.9,5.2,18.8,4.7,15.1,3.9,14.5,4.3,3.1,2,15.6,3.9,4.9,1.9,11.4,4,7.3,2.6,20.4,2.3,20.5,3.6,24.3,4.1,28.9,4.7,3.3,1.3,0.2,0.4
"21055","Crittenden County, Kentucky","21","055",TRUE,"missing_estimate:",46656,10.7505568153683,4388,15.3,3.2,28.9,3.6,0.4,0.7,2.5,1.3,78.6,4.4,23.2,1,21.1,0.4,1.8,,0.4,0.3,49.6,2.9,1.7,1.1,29.5,4.6,17.8,4.7,16.7,4.3,20.1,4.2,8.4,2.8,18.9,4.1,5.6,2.9,4.7,1.9,5.5,2.8,24.7,2,18.5,4.7,12.4,2.8,21.8,4.4,6,1.9,1.7,1.2
"21057","Cumberland County, Kentucky","21","057",TRUE,"missing_estimate:",40000,10.5966347330961,12731,19.1,4.7,21.9,3.1,1.2,0.9,1.2,1,81.1,5.4,22.1,0.7,22.7,0.3,2,,1.5,0.9,48.3,4.4,1.9,1.2,42.7,7.5,12.3,5.8,13.9,5.5,14.8,4.4,1.8,1.8,18.4,6.2,5.2,3.1,4.6,2.6,2.6,2,19.2,2.8,22.7,5.6,21,5.3,24.5,6.8,9.4,3.5,0.1,0.2
"21059","Daviess County, Kentucky","21","059",TRUE,"missing_estimate:",68214,11.1304051013572,2332,26.2,1.6,16.8,1,3.9,0.5,2.8,0.6,89.8,1.3,24.5,,17.7,0.1,4.3,,4,0.5,62,1.1,2.8,0.5,33.5,1.6,15.5,1.5,7.8,1.3,20.9,1.7,2.4,0.7,19.4,1.7,7.1,0.9,4.7,0.8,6.1,0.9,19.3,0.7,6.3,0.9,5.4,0.8,31.9,1.7,6.9,1.3,0.6,0.5
"21061","Edmonson County, Kentucky","21","061",TRUE,"missing_estimate:",54937,10.9139423531347,4974,10.7,2.5,24.4,3.2,1.4,0.8,1,0.7,87,2.8,18,0.5,21.8,0.5,1.7,,0.7,0.5,49.8,3.6,3.8,1.6,27.3,4.6,20.4,4.2,12.4,2.7,18.3,4.3,2.3,1.1,19.2,4.5,5.2,2.1,5.1,2.1,7.4,2.3,32.9,3.6,20.9,2.8,33.8,4.4,19.9,3.9,4.7,1.9,0,0.1
"21063","Elliott County, Kentucky","21","063",TRUE,"missing_estimate:",45776,10.7315152152899,9791,8.7,2.8,24.5,3.7,0.1,0.2,0.1,0.3,88.4,4.5,17,1,21.5,0.8,1.7,1.3,3.4,1.2,35.5,3.8,2.3,1.3,23.6,5.2,14.5,5.2,23.3,8.4,18.5,5.6,2.7,2,20.4,7.1,10.8,6.8,11.3,7.6,7.3,4.3,41,8.3,20.1,5.1,29.8,5.9,18.3,5,9.3,5,0.4,0.8
"21065","Estill County, Kentucky","21","065",TRUE,"missing_estimate:",46051,10.7375047569743,4663,12.2,2,24.7,2.4,1.9,0.4,1.5,0.3,80.7,3.2,21.3,0.1,19.6,0.2,0.9,0.8,0.1,0.1,47.6,3.1,3.3,1.2,24.6,4,16.5,4.2,9.9,2.5,29.3,4.4,0.6,0.7,18,4.1,8.3,3,5.1,2.1,7,2.5,35.3,4.1,13,3.2,22.5,3.4,29.6,4.3,6.9,2,1.7,1.3
"21067","Fayette County, Kentucky","21","067",TRUE,"missing_estimate:",69479,11.1487798276205,1691,48.3,1,13.3,0.5,11.9,0.5,6.7,0.5,92.5,0.6,21,,14.7,0.1,9.5,,14.4,0.3,68.4,0.6,3.3,0.3,47.4,1,16.4,0.9,5.3,0.5,11.1,0.8,1.5,0.3,9.6,0.7,12.6,0.6,5.1,0.5,12.2,0.7,20.9,0.5,6.2,0.5,1.1,0.2,46.2,0.8,7.2,0.6,0.6,0.2
"21069","Fleming County, Kentucky","21","069",TRUE,"missing_estimate:",49307,10.8058213377811,4581,18.9,2.7,19.5,2.9,1.4,0.7,0.8,0.5,80.5,4,23.9,0.6,18.6,0.4,1.7,,0.9,0.6,53.5,2.6,4,1.3,30.2,4.3,15.3,3.6,11.2,2.9,23.7,5.1,5,2.3,18.3,4.6,4.7,2.9,7.1,2.4,6.7,2.1,33.1,3.8,13.7,3.7,28.5,4.4,25.2,3.3,9.2,2.4,0.8,1
"21071","Floyd County, Kentucky","21","071",TRUE,"missing_estimate:",41279,10.6281091750558,4939,15.3,2,28.4,2.3,0.5,0.2,0.5,0.2,84.7,2.6,21.9,0.2,19.6,0.3,0.9,,0.6,0.2,43.6,2.2,3.3,1,37.9,4.6,17.4,3.4,9.3,2.4,14.6,2.6,5.5,2,6.9,2.1,4.3,1.8,3.3,1.4,3.2,1.3,27.1,2.6,16,2.1,31.7,3.1,27.8,2.3,10.5,2.1,0.4,0.4
"21073","Franklin County, Kentucky","21","073",TRUE,"missing_estimate:",65298,11.0867166869241,5158,31.9,2.1,16.9,1.5,4,0.7,2.2,0.5,86.4,2.1,21,0.1,18.7,0.1,4.4,,9.2,0.7,62.4,1.6,3.7,0.9,43,2.7,14.5,2,6.7,1.1,16,1.8,1.3,0.7,11.7,1.7,9.6,1.3,5.5,1.4,14.2,2.2,20,1.1,6,1.5,4.7,1.2,35.5,2.5,6,1.4,0.5,0.4
"21075","Fulton County, Kentucky","21","075",TRUE,"missing_estimate:",38217,10.5510357217779,2182,16.1,3.4,22.6,3.9,1,0.6,0.5,0.5,86.8,4.2,21.8,0.1,20.6,0.6,3.3,2.2,23.8,2.9,44.1,4.7,1.5,1.1,26,6.5,16.8,6.2,8.9,3.3,28.1,5.9,5.1,2.6,23.4,5.4,7.4,4.7,4.4,2,4,1.9,20.9,2.4,19.3,3.8,4.7,2.2,38.2,6.4,17,4,2,1.8
"21077","Gallatin County, Kentucky","21","077",TRUE,"missing_estimate:",63346,11.0563670424772,6282,15,2.6,17.8,2.9,2.3,1,1.7,0.9,87.4,3.6,23,0.5,15.9,0.3,5.5,,2.7,0.6,61.3,2.7,2.8,1.3,23.7,3.8,18,4.2,11.9,3.1,31.8,4.4,1.3,1,23.6,5.1,6.1,3,3.9,1.6,4.5,2.2,29.5,2.1,14.4,3.8,25.3,3.2,24.9,4.6,5.3,2.1,1.4,1.6
"21079","Garrard County, Kentucky","21","079",TRUE,"missing_estimate:",63087,11.0522700051168,7509,18.7,2.4,19.1,2.3,2,1,1,0.6,87,2.6,21.6,0.3,18.7,0.3,3,,2.4,0.3,54.7,2.7,2.8,1,28.2,3.1,17.1,3,13.3,2.5,20.1,3.2,1.3,0.7,15.3,2.4,8.6,2.5,6.4,2.1,11,2.7,33.1,2.4,8,2.4,14.2,2.6,20.1,3,4.7,1.6,0.6,0.5
"21081","Grant County, Kentucky","21","081",TRUE,"missing_estimate:",69178,11.1444381719836,4744,15.3,2.3,16.8,2.1,1.3,0.5,0.6,0.4,88.9,2.5,26.5,0.1,14.5,0.3,3.2,,0.9,0.5,64.1,2,3.1,1.4,28.1,3.7,15.1,2.8,10.5,1.8,25.2,3.3,1.8,1.1,15.1,2.7,6.2,1.5,5.3,2.2,7.6,1.9,26.9,1,10,2.6,21.9,3.4,24.9,3.3,4.8,1.7,0.2,0.1
"21083","Graves County, Kentucky","21","083",TRUE,"missing_estimate:",50772,10.8351003005081,3209,18.4,2.4,19.8,1.9,2.8,0.6,1.5,0.7,82.4,2.9,24.2,0.2,18.4,0.3,8.1,,4.2,0.8,56.3,2.3,1.9,0.7,31.3,3.2,12.8,2.1,16.1,2.5,19.1,2.6,3.8,1.4,15.2,2.1,7.7,1.8,6.1,1.5,7.4,1.8,20.7,1.1,13.9,2.1,11,1.7,23.9,3,5.6,1.6,0,0.1
"21085","Grayson County, Kentucky","21","085",TRUE,"missing_estimate:",50757,10.8348048184269,2233,16.1,1.9,21.1,1.8,1,0.5,0.5,0.4,82.9,2.9,23.8,0.2,18.1,0.1,1.6,,0.8,0.2,54.4,1.8,3.6,1.1,34,3.6,13.2,2.6,13.3,2.2,21.6,3.2,3,1.5,17.1,2.9,6.4,1.7,6.4,1.9,6.6,1.9,27.9,2.2,24.2,2.2,16.4,2.4,25.4,3.1,5.6,1.7,1.2,0.8
"21087","Green County, Kentucky","21","087",TRUE,"missing_estimate:",46798,10.7535957459498,9020,17.4,3.3,24.2,2.5,0.5,0.4,1.5,1.7,84.3,3.5,21.2,0.4,22.5,0.9,2.3,0.9,1.3,1,54.2,3.1,3.9,1.4,27.2,4.3,15.7,3.9,11,2.9,20.2,3.6,1.6,1,15.6,4.3,4.8,1.7,6.3,2.5,5.1,2.1,27.2,2.6,16.4,3.9,18.7,3.7,22.4,4.4,3.5,1.7,1.1,0.8
"21089","Greenup County, Kentucky","21","089",TRUE,"missing_estimate:",60751,11.0145388219727,1988,18.8,1.9,22.2,1.5,0.9,0.3,0.9,0.4,84.6,2.6,21.3,0.1,22,0.2,1.2,,0.7,0.2,49.8,1.7,3.4,0.9,38.4,3,16.3,1.9,12.2,2.1,13.9,1.7,1.7,0.8,12.1,1.8,7.6,1.8,3.5,0.9,5,1.6,24.1,1.1,9.4,1.7,12.1,2,19.7,2.2,4.6,1,0.4,0.4
"21091","Hancock County, Kentucky","21","091",TRUE,"missing_estimate:",65464,11.0892556522072,6368,17.3,3.4,20.7,2.5,0.3,0.3,0.3,0.3,83.6,3.2,23.9,,18.3,0.1,0.8,0.5,1.3,0.7,58.1,2.8,2.5,1.1,24.5,4.4,17.8,4.2,15.6,3.4,22,3.7,2.2,1.4,29.5,4.4,4,2,3.4,1.6,3.1,1.3,25,2.7,7.4,2.6,21.6,4,22.8,4.2,4.4,1.6,1.5,1.6
"21093","Hardin County, Kentucky","21","093",TRUE,"missing_estimate:",67647,11.1220582867176,2772,24.8,1.4,17.5,1,4.3,0.4,2,0.4,90.1,1.2,24.7,,15.1,0.1,6.5,,10.7,0.6,63.1,1.3,3.9,0.7,36.1,2.2,15.5,1.5,7.9,0.9,21.7,1.4,0.7,0.3,15.3,1.4,9.5,1,4.8,0.8,9.2,1.1,22.4,0.7,7.2,1.4,8.3,1,37.4,1.7,6.6,1,0.4,0.2
"21095","Harlan County, Kentucky","21","095",TRUE,"missing_estimate:",41693,10.6380885279884,4836,13,1.7,27.2,1.9,0.4,0.2,0.3,0.2,84.2,2.6,23.7,,19.5,0.2,0.5,0.4,1.3,0.3,41.7,2.4,4,1.3,33.8,3.9,17.1,3.1,11.2,2.8,13.5,3.2,4.9,1.8,5.6,1.9,4.5,1.7,5.5,1.7,5.8,2.3,23.8,2.3,17.7,1.9,19.3,3.1,28.4,3.2,8.1,2,1.4,1.1
"21097","Harrison County, Kentucky","21","097",TRUE,"missing_estimate:",66442,11.1040846656221,4839,22.5,3.4,18.6,2.3,1.3,0.8,0.5,0.4,81.6,3.5,23.4,0.3,19.2,0.7,2.3,,1.7,0.6,58.4,2.8,1.9,0.8,30.1,4.2,14.6,2.6,11.2,2.5,23.8,3.6,2.8,1.5,22.6,4,4.4,1.5,6.1,2.1,5.1,1.8,28.2,2.7,10.9,2.7,13.3,2.7,28.6,4,9.5,3,0,0.5
"21099","Hart County, Kentucky","21","099",TRUE,"missing_estimate:",52285,10.8644648020327,3907,12.2,2.2,21.9,2.1,0.9,0.5,2.4,1.3,83.7,2.8,24.4,0.3,17.6,0.2,2.1,,2.9,0.9,53.1,2.8,2,0.8,20.4,3.2,23.6,4.4,14.2,3,23,3.1,3,1.2,22.3,3.3,6.3,1.9,8.8,3,4.8,1.6,28.7,2.6,17.4,2.5,18.2,3.2,27.6,3.7,8.7,2.1,0.8,0.8
"21101","Henderson County, Kentucky","21","101",TRUE,"missing_estimate:",58851,10.9827641048975,3092,20.1,1.8,24.6,1.7,1.3,0.3,1.1,0.3,90.7,1.5,22.6,0.1,19.2,0.2,3.4,,8.1,0.6,56.9,1.8,1.4,0.4,30.1,2.5,18.1,1.8,11.6,1.8,21.3,2.4,1.7,0.5,18.1,2.2,5.6,1.2,3.4,1,5.2,1.1,22.8,1.5,8.1,2,9.2,1.8,35.1,2.1,7,1.2,0.2,0.2
"21103","Henry County, Kentucky","21","103",TRUE,"missing_estimate:",63347,11.056382828669,4205,15.5,2.3,19.6,2.3,2.3,0.5,1.4,0.4,83.7,3.6,23.5,0.1,18.4,0.2,4.1,,2.7,0.4,56.9,2.7,2.8,0.9,30.1,3.7,18.8,2.6,10.6,2.3,23,2.9,3.9,1.4,16,2.7,8.8,2.1,7.4,2,8.7,1.9,30.5,2,8.3,2,10.2,2.2,23.7,3.2,5.9,1.8,0.6,0.6
"21105","Hickman County, Kentucky","21","105",TRUE,"missing_estimate:",60867,11.0164464349112,11066,15.1,4.1,24,3.8,1.2,1,0.4,0.4,89.8,4.1,19.3,0.1,25.2,1.1,2.6,1.8,8.2,2,54.6,4.4,1.7,1.1,31,7.4,10.7,3.9,10,5,23.5,5.5,3.8,2.9,20.5,6,10.6,5,7.9,4.1,7.1,3.9,21.2,2.4,19.7,6.1,16,6.2,29.2,7.4,5.8,2.9,0,2.1
"21107","Hopkins County, Kentucky","21","107",TRUE,"missing_estimate:",56815,10.9475556543521,3927,16.9,1.7,25.9,1.8,2,0.6,1,0.5,89.8,1.5,23,0.2,19.1,0.3,2.8,,5.8,0.8,53.7,1.9,3.3,0.7,33.4,2.3,14.4,1.8,11.7,1.7,21.6,2.3,3.8,1.3,16.6,2.2,6.3,1.5,4.3,1.2,3.7,1.2,21.3,1.2,12.4,2,11.6,1.6,29.3,2.4,7.1,1.2,2,1.1
"21109","Jackson County, Kentucky","21","109",TRUE,"missing_estimate:",40000,10.5966347330961,12176,8.8,2.3,24.2,3.3,0.4,0.4,0.1,0.2,83.1,4.8,23.8,0.5,18.2,0.2,1.1,,0.2,0.1,46.4,4.5,1.8,1,24.8,5,17.9,5,9.8,4.1,30.8,5.6,0.9,1,25.6,5.6,7.5,2.9,1.4,1.3,7.9,2.9,37.7,3.8,14.7,4,25.9,3.8,22.6,5,9,4.1,0.3,0.5
"21111","Jefferson County, Kentucky","21","111",TRUE,"missing_estimate:",69866,11.1543344007307,1228,37,0.6,14.4,0.4,10,0.4,6.4,0.3,90.9,0.4,22.3,0.1,17.2,0.1,8.6,,20.6,0.3,65.5,0.5,3.4,0.3,41.3,0.7,14.1,0.6,6.2,0.4,18.2,0.5,0.2,0.1,12.3,0.5,10.7,0.4,4.8,0.3,14.2,0.5,22.2,0.3,7.8,0.4,1.2,0.2,37.9,0.7,8.7,0.5,0.8,0.2
"21113","Jessamine County, Kentucky","21","113",TRUE,"missing_estimate:",74576,11.2195740186125,3418,33.5,2.3,14.4,1.2,5.6,1.3,3.5,1,91.2,2.6,23.8,0.1,16.3,0.3,5,,4,0.6,61.7,1.7,1.9,0.5,40.4,2.4,14.4,2.2,8.1,1.5,12.9,1.8,1.3,0.6,8,1.3,8.9,1.8,7,1.2,11.2,2.1,23.8,1.1,6.1,1.7,3.7,0.9,33.3,2.3,4,1.1,0.3,0.3
"21115","Johnson County, Kentucky","21","115",TRUE,"missing_estimate:",44904,10.712282156622,4843,16.8,3,26.1,2.7,1.5,0.4,0.3,0.3,89.1,2.7,22.2,0.2,19.2,0.1,0.5,0.4,0.6,0.4,47.3,2.7,2,0.8,33,4.8,20.3,3,10.5,2.8,15.2,3.8,2.1,1,3.7,1.9,7.1,2.6,7.6,2.6,6.9,2.9,23.5,2,14.6,2.8,27.4,3.6,31.7,3.5,5.2,1.6,1.1,0.8
"21117","Kenton County, Kentucky","21","117",TRUE,"missing_estimate:",80548,11.2966085589983,2918,37.4,1.4,13.7,0.7,4.1,0.4,2.2,0.3,92,0.9,23.3,0.1,15.7,0.1,4.9,,3.9,0.3,68.4,0.9,3,0.3,44.3,1.2,13.9,0.9,7,0.7,15.2,1.1,0.5,0.2,12.5,1,11.5,0.8,4.2,0.6,14.1,1.1,22.3,0.4,8,0.8,1.9,0.4,29.3,1.3,6.8,0.8,0.6,0.2
"21119","Knott County, Kentucky","21","119",TRUE,"missing_estimate:",41761,10.63971816863,5899,19.5,3.5,26.4,2.6,0.9,0.6,0.2,0.2,84.1,4,19.8,0.4,20.7,0.3,0.6,0.4,1.1,0.5,42.3,3.7,3.9,1.7,40.1,6.6,20.4,4.6,8.6,3,13.9,4.3,3,1.6,1.9,1.5,4.1,2.2,3.4,1.9,7.6,3.5,27.1,3.2,17.4,3.9,30.8,4.7,27.3,4.4,8.9,2.6,0.7,0.8
"21121","Knox County, Kentucky","21","121",TRUE,"missing_estimate:",32527,10.3898257926508,6385,13.6,2,24.1,2.2,0.7,0.4,0.4,0.2,85.3,3.2,23.6,0.7,17.4,0.2,1.3,,1,0.7,41.5,2.5,3.4,1.3,29.3,3.6,24,3.8,10.3,2.4,17.1,3.2,3.1,1.4,10.2,2.6,10.6,3.3,6.9,2,8.8,2.8,24.4,2.4,15.5,2.4,32,3.5,34.7,3.6,12.4,2.8,0,0.3
"21123","Larue County, Kentucky","21","123",TRUE,"missing_estimate:",67067,11.1134473987062,6206,15.5,2.8,18.9,2.3,1.5,0.6,0.8,0.4,85.7,3.2,22.5,0.1,18.1,0.5,3.3,,2.1,1,55.5,2.7,0.8,0.6,31.5,4.6,16.2,3.4,11.1,3.1,25.3,4.3,1.8,1,25.9,4.8,7.2,2.2,6.2,1.6,9.5,2.7,28.2,1.9,8.8,2.9,13.5,2.8,20.6,3.9,3.3,1.4,0,0.6
"21125","Laurel County, Kentucky","21","125",TRUE,"missing_estimate:",57771,10.964242198648,7839,17.5,1.7,21.1,1.6,1.1,0.3,0.7,0.2,90.7,1.9,22.6,0.1,17.1,0.1,1.7,,0.6,0.2,54.7,1.6,1.9,0.5,30.6,2.6,16.6,2,8.3,1.3,21.4,1.9,0.8,0.5,15.9,2.1,10.1,1.7,4.7,1,8.7,1.4,22.6,1.4,10.5,1.7,25.6,2.4,28.4,2.1,5.5,1.1,1,0.5
"21127","Lawrence County, Kentucky","21","127",TRUE,"missing_estimate:",46772,10.7530400122602,5311,14.6,2.6,24,2.5,1.8,0.8,0.2,0.3,83.7,3.3,23.4,0.5,20.4,0.8,0.4,0.7,0.1,0.1,46.7,3.5,3.6,1.4,32,5.1,15.8,3.9,9.6,2.8,22.2,3.9,3.3,2.2,9.6,3.1,6.4,2.4,5.1,2.4,5.5,2.4,30.1,3.5,16.6,3.2,35.7,4.7,22.2,3.6,5.6,1.9,0.8,0.7
"21129","Lee County, Kentucky","21","129",TRUE,"missing_estimate:",37568,10.5339079031878,4248,9.2,2.6,27.9,3.4,0.7,0.4,0.5,0.3,75.5,5.6,18.1,0.7,19.6,0.7,1.1,,3,1,41.4,3.3,2,0.9,25.4,6.9,16.3,4.8,13.7,4.4,25.8,5.4,3.6,3.3,10.8,5.1,6.2,4.1,9.1,4.5,7.3,3.7,43.4,9.3,19.6,4.4,23.3,3.7,22.3,4.6,13.1,3.9,0.7,0.7
"21131","Leslie County, Kentucky","21","131",TRUE,"missing_estimate:",35934,10.4894392014925,5237,11.5,2.9,27.4,3.8,0.1,0.2,0.1,0.1,81.9,4,20.7,0.3,19,0.1,0.1,0.2,0.2,0.2,42.2,4.3,1.6,1.2,27.7,7.3,16.7,5.5,21.9,6.3,13,4.7,13.4,5.1,12.5,5.3,2.8,3,2.1,1.7,4,2.7,36.8,4.1,14.1,4.6,31.7,6.5,14.5,5.1,7.8,3.8,0.4,0.6
"21133","Letcher County, Kentucky","21","133",TRUE,"missing_estimate:",41793,10.6404841403743,3868,12.5,1.9,29.8,2.1,0.7,0.5,0.3,0.4,86.6,2.5,21.8,0.4,20.9,0.2,0.8,,0.6,0.3,43.1,2.9,2.7,0.9,34,3.9,22.7,3.7,10,2.3,14.5,3.3,4.1,1.4,2.9,1.4,6.4,2,8.4,3,7.6,2.6,28.3,2.9,20.2,2.5,32.3,3.5,25.9,3.8,6.5,1.8,1.5,1.7
"21135","Lewis County, Kentucky","21","135",TRUE,"missing_estimate:",46838,10.7544501182518,5284,15.3,3.3,19.9,2.7,0.7,0.6,0.1,0.1,84.8,3.3,22.7,0.8,19.5,0.2,0.1,0.2,0.5,0.6,48.3,3,2.9,1.3,33,5.1,15.8,3.8,14.8,3.8,19,4,5.1,2.4,11.2,3.3,8.4,3,10,2.9,12,4.5,38.6,5.4,17.3,3.4,23.8,3.5,20.8,3.6,3.8,1.8,0.3,0.3
"21137","Lincoln County, Kentucky","21","137",TRUE,"missing_estimate:",52440,10.8674249378776,3877,15.9,2.3,19.4,2.1,0.7,0.4,1,0.6,85,2.6,24.4,0.1,18.5,0.3,2.1,,2,0.4,53.1,2.3,3.5,1,34,3.7,14,2.8,13.5,2.4,23.2,3,3.5,1.6,15.7,2.8,5.7,2,10.3,2.5,8.9,2.6,31.1,2.4,11.3,2.5,22.4,3.2,23.6,2.9,5.3,1.4,0.6,0.5
"21139","Livingston County, Kentucky","21","139",TRUE,"missing_estimate:",58984,10.9850214996695,9074,14.7,3.3,26.2,3.7,0.4,0.4,0.1,0.1,83.3,4.1,22,0.7,22.4,0.3,2.5,,0.1,0.2,54.1,3.2,2.3,1.3,31,5,15.8,4.4,16.6,3,19.3,5.1,4.3,2.4,13.5,4.4,11.3,4.8,7,3.1,4.9,3.2,29.2,3.3,22.3,4.6,24.5,4.6,18.8,4.5,3.2,2,0,1
"21141","Logan County, Kentucky","21","141",TRUE,"missing_estimate:",60382,11.0084463262631,3696,16.1,2.2,19.8,2.2,0.8,0.6,1.5,0.6,86.8,2.6,24.3,0.1,19.1,0.5,3.6,,4.5,0.7,56.2,2.1,3.2,1.1,30.9,3.9,13.7,2.5,10.3,2.2,23.8,2.9,4.7,1.6,25.8,3.3,6.4,2.1,7.6,2.4,3.9,1.3,28.1,2.3,11.8,3.1,11.1,2.2,25.7,2.9,6.2,2,0.1,0.1
"21143","Lyon County, Kentucky","21","143",TRUE,"missing_estimate:",65066,11.0831574183389,5983,16.5,2.6,35,4.5,1.1,0.6,0.4,0.3,89.6,2.6,13.6,0.7,24.6,0.6,2.2,,6.8,1,42.5,2.4,1.2,0.8,35.9,6,17.2,4,10.6,4.3,23.5,5.1,1.9,1.2,12.5,3.8,7,2.9,4.5,2.2,4.8,2.6,28.3,3.7,29.5,4.3,16.4,3.1,19.6,4.3,6.7,2.9,0,1.1
"21145","McCracken County, Kentucky","21","145",TRUE,"missing_estimate:",64373,11.0724495695223,2581,29,1.9,16.5,1.2,2.1,0.5,0.9,0.3,89.1,1.5,21.8,,20.5,0.1,3.4,,9.7,0.7,58.6,1.3,1.9,0.4,39.4,2.3,17.8,1.7,7.4,1.1,14,1.7,0.4,0.2,9.6,1.4,9.8,1.4,5.2,1,8.3,1.4,17.6,0.9,14.5,1.8,9.5,1.2,31.1,2.1,6.2,1.3,0.5,0.4
"21147","McCreary County, Kentucky","21","147",TRUE,"missing_estimate:",33750,10.4267356963007,7376,8.5,2.5,25.4,2.8,0.9,0.5,0.7,0.5,80.1,3.8,21.8,,16.2,0.2,2.2,0.6,6.1,0.9,35.4,3.4,1.5,0.8,30.3,6,21.4,4.6,7.5,2.5,22.5,4.7,2.7,1.7,18.6,5.2,3.5,1.9,4.9,2.5,9.2,2.6,32.3,2.9,15.3,3.8,25.2,4.4,25.8,5.8,10.8,4.2,0.1,0.1
"21149","McLean County, Kentucky","21","149",TRUE,"missing_estimate:",65596,11.0912699974633,8147,16.8,2.8,19.7,2.5,0.5,0.2,0.8,0.6,85.3,3.3,22.5,0.5,20.5,0.6,2.2,,0.5,0.4,55.3,2.9,3.1,1.2,35.6,4.8,10.2,2.8,14.2,2.6,20.3,3.5,4,1.8,15.5,3.1,7.2,2.6,5.5,1.8,6.8,3,31.4,2.2,12.7,3.4,19.3,3.4,17.2,3.4,4.5,1.9,0.8,0.8
"21151","Madison County, Kentucky","21","151",TRUE,"missing_estimate:",63351,11.0564459709444,3005,34.4,1.4,15.6,0.9,2.4,0.3,1.4,0.2,88.9,1.4,21,,14.8,0.1,3.5,,3.9,0.3,63.4,1.2,3.2,0.8,38.6,1.7,17.9,1.4,7.4,1.1,17,1.7,1.4,0.5,12.8,1.4,9.1,1,5.2,0.7,9.6,1,25.2,0.8,8.4,1.3,7.3,1.1,38,2,4.9,1,0.6,0.3
"21153","Magoffin County, Kentucky","21","153",TRUE,"missing_estimate:",33080,10.4066841491376,6707,12.8,2.9,31.3,3.4,0.5,0.5,0.5,0.5,84.2,3.9,22.4,,19,0.3,0.9,0.9,0.1,0.3,36.7,4.4,3.3,1.7,31,5,17.1,4.1,15.7,6,15.7,6.5,4.2,3.1,7.3,3.4,4.4,3,2.8,1.5,2.5,2.4,30.8,3.7,13.8,3.7,46.7,4.8,24.6,5,8.4,2.9,0.7,0.5
"21155","Marion County, Kentucky","21","155",TRUE,"missing_estimate:",59627,10.995863770605,7914,15.1,2.3,19.3,2.2,2.7,1,1.8,0.8,86.3,3,23.8,,17.3,0.4,3.7,,7.6,0.9,57.3,2.4,2.4,0.9,31.4,3.3,14.4,3,8,2,31.7,3.9,2.4,0.9,32.5,4.3,6.8,2.5,6.6,1.9,3.1,1.8,22.4,1.8,8.9,2.1,13.8,2.5,22.3,3.2,6,2,0,0.5
"21157","Marshall County, Kentucky","21","157",TRUE,"missing_estimate:",65831,11.0948461309891,6084,21.2,2,20.4,2.1,0.9,0.3,0.1,0.1,85.5,2.5,20.1,0.1,22.6,0.2,2,,0.6,0.2,55.9,1.9,2.5,0.8,31.4,3.3,15.2,2.3,12.1,1.9,18.2,2.7,0.7,0.6,14.1,2.2,6.2,1.6,8,2.2,7.9,2,23.7,1.7,20.3,2.6,15.2,2.3,18.4,2.5,4.9,1.5,0.1,0.1
"21159","Martin County, Kentucky","21","159",TRUE,"missing_estimate:",37042,10.5198076829827,10562,10.2,2.5,32.1,3.3,0.7,0.4,0.5,0.4,83.6,4.3,19.8,0.7,17.9,0.6,1.7,0.3,7.8,0.6,32.9,4.1,1.8,0.9,30.9,6.3,12.2,3.8,16,3.7,18.7,5.1,8.1,3.8,6.8,3.8,5.6,3.7,1,1.2,3.9,2.9,32.3,4.8,20.7,5.5,36.6,5.8,15.1,3.9,8.7,2.9,1.1,1.5
"21161","Mason County, Kentucky","21","161",TRUE,"missing_estimate:",52178,10.8624162290945,4215,20,2.6,22.1,2.2,1.5,0.9,0.5,0.4,85,3.4,22.4,0.3,19.7,1,2.4,,5.9,0.7,55.6,2.9,2.7,1,29.9,4.4,20.2,4.3,11.9,3,18.9,3.5,3.9,1.9,18,3.2,7.5,3.2,5.7,1.8,8.1,2.3,26.8,3.2,12.9,2.9,8.5,1.8,33.9,3.3,9.6,2.7,0.9,1
"21163","Meade County, Kentucky","21","163",TRUE,"missing_estimate:",74355,11.2166061991228,4361,20,2.7,19.6,1.8,1.4,0.5,0.3,0.2,91.5,2.3,21.9,0.1,15.6,0.2,4.2,,3.3,0.3,63.8,2.1,3,0.8,32.9,2.9,15.4,3,15.2,3.1,17,2.6,2.2,1.3,9.5,2,8.4,2.3,5.2,1.5,9.6,2.2,33,2.6,10.1,2.6,20.4,2.6,25.9,3.2,4.3,1.3,0.2,0.3
"21165","Menifee County, Kentucky","21","165",TRUE,"missing_estimate:",45096,10.7165488297614,9071,14.9,4.7,25.1,3.8,0.5,0.7,0.4,0.7,81.2,4.6,21,2.9,23.4,2.8,2.8,0.5,0.1,0.1,44.5,4.7,3.5,2.1,28,6.5,13.6,4.7,14.7,4,25.1,7.1,1.2,1.2,17.1,6,9.9,4.4,7.2,5.4,8.6,4,29.8,4.3,26.4,4.8,18.7,4.5,24.5,5.3,7.3,3.1,0.4,0.8
"21167","Mercer County, Kentucky","21","167",TRUE,"missing_estimate:",64824,11.0794311841406,5652,24.9,3.4,14.9,2,2.9,1.3,2,1.4,86.8,3.1,21.8,0.5,18.9,0.6,3.4,,3.1,0.9,59,2.2,2.6,1.2,38.9,4,10.8,1.8,11.7,3.2,21.5,3.6,4.9,3,20.8,2.8,6.3,1.8,4.8,1.7,10.9,3.2,27.2,2,12.3,2.5,7.1,2,24.1,3.4,4.8,1.9,0.2,0.3
"21169","Metcalfe County, Kentucky","21","169",TRUE,"missing_estimate:",51473,10.8488126773286,8019,13,3.4,21.2,2.6,1.3,1.2,1.7,1.4,83.3,4.2,23.6,1,19.1,0.3,2.8,,2.5,0.3,53.6,3.6,2.6,1.5,32.2,5.1,17.7,4.1,17.2,5,19.5,4.5,1.9,1.5,21.3,5.2,3.7,1.8,5.7,2.6,8.3,3.1,25.9,3.3,13.4,3.8,29,4.5,22.3,4.8,7.8,3.3,0.2,0.2
"21171","Monroe County, Kentucky","21","171",TRUE,"missing_estimate:",51280,10.8450560915946,3814,16,2.6,22.5,2.6,1.7,1.3,0.6,0.5,83.9,3.4,24.4,0.8,18.7,0.4,4.6,,1.8,1.1,58.8,3.3,2.4,1,28.4,4.4,13.2,3,11.6,2.6,24.7,4.1,4.3,1.9,15.6,3,3.6,1.4,8.7,2.6,4.5,2.2,28.4,5.3,12,2.6,14.5,2.9,29.1,3.9,5,1.8,0,0.1
"21173","Montgomery County, Kentucky","21","173",TRUE,"missing_estimate:",56396,10.9401535129853,3128,20.9,2.8,21.1,2.2,1.2,0.5,1,0.6,89.4,1.8,23.2,0.1,16.9,0.4,3.5,,1.3,0.4,58.1,2.4,2.3,0.8,28.7,3.4,12.4,2.1,8.3,1.8,29.1,3.6,1.8,1,23,2.7,6.2,1.5,3.5,1.3,7.6,1.8,25.7,1.9,10,2.4,16.4,2.6,31.7,3.2,5.1,2.1,0.1,0.2
"21175","Morgan County, Kentucky","21","175",TRUE,"missing_estimate:",47913,10.7771421453244,3351,18.7,2.8,24.8,2.1,1.8,0.8,0.5,0.4,85.4,3.1,20.1,0.9,17.7,0.4,3.6,,5,0.8,41.1,2.5,1.3,0.6,36.4,5.2,13.6,2.9,13.4,3.4,17.4,4.1,0.8,0.7,14.5,4.6,3.7,1.5,7.8,3.1,6.4,2.7,27.3,2.1,14.1,2.8,35.5,4.1,21.1,4.2,5.6,1.5,0.6,0.6
"21177","Muhlenberg County, Kentucky","21","177",TRUE,"missing_estimate:",51927,10.8575941650945,3212,14.7,2,22.3,1.9,1.8,0.7,0.5,0.3,84.2,2.5,21.1,,20.2,0.3,2,,2,0.5,51.7,2.2,2.9,0.8,32.9,3.3,18.3,2.7,11.5,2.2,21.1,3,3,1.2,15.8,2.5,6.3,2.2,4.1,1.1,4,1.1,27,1.8,10.6,2,18.4,2.3,21.2,2.4,5.2,1.5,0,0.1
"21179","Nelson County, Kentucky","21","179",TRUE,"missing_estimate:",69562,11.1499737202113,2671,23.8,2,14.5,1.5,2.7,0.6,1.6,0.4,90.6,1.8,23,0.1,17.4,0.3,2.9,,5.2,0.5,63.2,1.7,2.1,0.6,33.9,2.6,15.9,1.9,8.8,1.7,24.5,2.3,0.9,0.4,22.1,2.4,5.7,1.1,4.3,1,6,1.4,26.6,1.1,5.8,1.3,6,1.4,21.7,2.4,2.3,0.7,0.1,0.1
"21181","Nicholas County, Kentucky","21","181",TRUE,"missing_estimate:",59531,10.9942524642593,9781,9.8,3.4,21.8,4,0.4,0.3,0.3,0.5,81.6,5.3,24.4,0.2,16.9,0.5,1,0.9,1.2,0.8,55.3,4.4,3.4,1.7,28.4,6.3,13.4,4.9,8.5,3.3,21.5,5.3,3.5,2,17.3,5,2.6,2,5.5,3.4,4,2.6,35.6,6.4,16.7,5.1,19.2,4.4,25.5,5.9,11.4,4.4,0.3,0.5
"21183","Ohio County, Kentucky","21","183",TRUE,"missing_estimate:",57798,10.9647094519857,3573,13.9,2,20,1.9,2.1,0.8,1.8,0.8,85.1,2.5,23.9,0.1,18.6,0.3,4.8,,0.6,0.2,54.7,2.2,2.8,1.1,29.9,3.2,17.5,2.6,16.8,2.7,21.8,3.2,3.3,1.3,24.2,3.7,6.4,1.7,6,1.8,4.8,1.4,28.1,1.6,11.1,2.6,24.1,2.8,22.8,2.6,5.1,1.7,0.2,0.2
"21185","Oldham County, Kentucky","21","185",TRUE,"missing_estimate:",122497,11.7158418188711,5474,46.4,1.9,9.9,1,4.2,0.5,1.8,0.4,95.4,1,24.7,,14.6,0.1,5,,2.9,0.4,64.3,1.1,2.2,0.5,50.3,1.8,12.7,1.3,5.8,0.8,12.7,1.3,1.1,0.4,12.6,1.6,11.3,1.3,5.2,0.9,18.7,1.5,26.2,0.7,3.4,0.9,1.3,0.5,12.9,1.4,1.4,0.5,0.2,0.2
"21187","Owen County, Kentucky","21","187",TRUE,"missing_estimate:",61134,11.0208234552023,3487,18.3,3.6,18.7,2.8,1.5,0.6,1.3,0.6,80.4,3.6,22.1,0.4,20.1,0.3,2.6,,0.3,0.3,58,3.1,4.1,1.3,26.4,3.9,14.9,3.4,17.4,3.5,20.6,5,4.1,2.2,17.9,4.6,4.5,2,5.8,2.3,11.3,4.3,41.9,4.7,21.1,4.1,22.1,4.5,12,2.6,3.6,1.9,0.4,0.4
"21189","Owsley County, Kentucky","21","189",TRUE,"missing_estimate:",22188,10.0073068811751,9297,7.1,3.8,38.7,7.8,0,0.9,0,1,73.3,7.9,19.3,3.3,20.5,4.2,0.1,0.2,0,0.9,39.2,5.8,4.9,2.8,23,8.3,28.9,11,13.9,7.7,14.9,8.8,1.6,2.4,7.7,6.5,2.9,3.9,11.1,9.4,9.1,6.4,31.5,12,23.6,5.9,28.2,6.5,29.9,8.1,16.3,6,0.1,0.2
"21191","Pendleton County, Kentucky","21","191",TRUE,"missing_estimate:",64669,11.0770372312006,10051,15.4,2.7,21.8,2.9,1.1,0.7,0.4,0.4,81.1,4,23.3,0.5,17.5,0.2,1.6,,0.4,0.3,58.9,4,2.7,1.1,27.9,4.5,17.6,3.7,14.6,3,21.2,4.2,2.5,1.6,11.2,3,10.2,2.7,5.5,1.9,9.4,3.4,36.4,2.9,13.6,3.8,19.7,3.7,25.3,4,5.7,1.9,0.3,0.5
"21193","Perry County, Kentucky","21","193",TRUE,"missing_estimate:",42181,10.6497251616702,7458,14.8,1.9,30.9,2.6,0.9,0.7,0.1,0.1,88.7,2.5,23.4,0.1,18,0.4,0.2,0.3,1.7,0.7,47.5,2.9,2.7,0.9,34.1,3.6,21.1,4.1,13.3,2.6,11,2.9,4.5,2.1,4.2,1.8,7.4,2.4,4.9,1.6,8.2,2.2,24.8,2.4,16.7,2.5,32,2.9,29.6,4,7.2,1.7,0.3,0.5
"21195","Pike County, Kentucky","21","195",TRUE,"missing_estimate:",44312,10.6990107997129,3223,17.8,1.6,29.8,1.7,0.9,0.3,0.5,0.3,83.2,2.4,20.3,0.1,20.1,0.1,1.3,,0.6,0.2,43.5,1.5,2.3,0.6,39.9,2.6,15.8,2,11.2,1.7,12.8,2.1,4.4,1.1,5.2,1.2,6.8,1.2,3.3,1,5.8,1.6,25.3,1.8,16.4,1.7,34.9,2.4,24.7,2.3,9,1.7,1.6,0.9
"21197","Powell County, Kentucky","21","197",TRUE,"missing_estimate:",40309,10.6043300480635,6520,13.8,3.1,25.2,3.3,0.7,0.6,0.4,0.3,79.7,4.1,24.8,0.6,16.2,0.5,1.6,,2,0.4,50.2,4,2.9,1.3,22.8,4.4,14.6,3.9,14.3,4,20.8,3.9,0.3,0.4,14.5,3.9,8,2.6,10.2,4.2,4,1.7,26.6,2.5,15.2,4.2,23.3,4.4,31.8,4.8,8.9,2.9,0.1,0.2
"21199","Pulaski County, Kentucky","21","199",TRUE,"missing_estimate:",51898,10.857035532766,1971,18.1,1.8,23.2,1.4,1.9,0.4,1.3,0.5,85.1,1.6,22.2,0.2,19.5,0.1,3.1,,0.8,0.2,52.4,1.3,2.6,0.6,30.7,2.5,17.5,2.1,9.7,1.4,17.8,1.9,2.5,0.7,15.2,1.9,7.5,1.7,6.4,1.1,6.7,1.3,23.3,1.4,17.4,1.8,17.3,1.8,27.5,2.2,5.1,1.1,0.3,0.2
"21201","Robertson County, Kentucky","21","201",TRUE,"missing_estimate:",51830,10.8557244111838,9160,13.8,5.7,16.7,4.7,0.7,0.7,0,1.7,78.3,8,26.6,5.5,16.6,3.4,0.8,1.2,3.6,3.3,46.9,7.4,1.8,1.3,30.5,8.4,8.9,4.6,15.7,8.6,20.6,8.8,3.4,4.1,9.4,4.5,5.7,4.4,13.3,9.7,3.2,3.1,29.4,6,19.2,6.5,26.3,7.1,20.5,7.1,1.5,1.6,0,4.5
"21203","Rockcastle County, Kentucky","21","203",TRUE,"missing_estimate:",48862,10.7967552772527,4995,13.7,2.3,23.1,1.9,0.4,0.2,0.5,0.4,80,3.2,21.5,0.4,19.3,0.3,1.3,,0.6,0.3,48.6,2.1,2.2,0.8,30.4,4.4,16.2,3,10.4,2.1,24,3.9,2.2,1.3,18.2,3.4,6.3,1.8,7.4,2.7,10.4,3.6,26.4,1.8,11.6,3.5,25.3,3.3,25.7,2.9,9.3,2.2,0.4,0.4
"21205","Rowan County, Kentucky","21","205",TRUE,"missing_estimate:",54321,10.9026661714888,7317,25.9,3.7,20.1,2.4,1.1,0.4,0.7,0.4,93.4,1.9,19.6,0.5,15,0.3,2.4,,1.4,0.5,56.4,2.4,2.3,0.9,36.2,3.5,17.3,3.1,7.7,2.5,17.4,3.1,1.3,0.8,8.5,2.6,5.8,1.9,3.9,1.9,8.5,2.8,24.7,2.6,9.7,2.3,22.6,3.8,38.5,4.1,8.4,2.9,1.8,1.3
"21207","Russell County, Kentucky","21","207",TRUE,"missing_estimate:",44738,10.7085785313181,7625,15.4,2.8,24,2.3,2,0.9,1.8,1.1,82.2,3.1,23.1,0.1,20.6,0.3,4.6,,1.1,0.5,54.2,3.2,3.5,1.3,31.3,4.5,15.6,3.1,13.2,3.7,19.7,3.7,3.2,1.6,21.2,4.2,8,2.8,6.5,1.8,5.3,1.9,19.8,1.9,25.6,2.7,21,3.2,29.2,4.5,6.5,2.1,0.5,0.6
"21209","Scott County, Kentucky","21","209",TRUE,"missing_estimate:",85158,11.3522636335273,3634,34.7,1.9,15.2,1.1,2.9,0.7,1.6,0.6,92,1.3,24.3,,13.4,0.1,5.8,,4.7,0.4,67.9,1.3,2.9,0.7,40,1.8,13.4,1.4,7,1.2,22.2,1.7,1.8,0.6,25.1,1.8,8.7,1.1,4.5,0.9,10.5,1.2,22.2,0.9,4.6,1.1,4.4,1,28.3,2.1,3.7,0.8,0.2,0.2
"21211","Shelby County, Kentucky","21","211",TRUE,"missing_estimate:",82604,11.3218133844867,4414,32.8,2.2,13.1,1.2,6.6,0.9,4.6,0.8,91.6,1.5,22.2,,16.7,0.3,11,,3.7,0.8,62.7,2,2.6,0.7,37.6,2,13.3,1.9,8.7,1.5,19.6,2.3,2,0.7,16.7,2.2,7.8,1.2,6.5,1.5,12.6,1.9,27.2,1.2,5.4,1.4,2.5,1,26.1,2.9,4.2,1.2,1.6,0.9
"21213","Simpson County, Kentucky","21","213",TRUE,"missing_estimate:",59858,10.9997303695555,5221,18.8,2.5,15.4,2.4,1.8,0.7,1.8,1.1,88.7,2.8,23.4,,16.1,0.7,3.6,,6.9,1.4,60.7,3,2.2,1.1,31.3,4,14.1,3.1,9.4,2.2,24.8,3.6,1,0.9,21.7,3.9,6.2,2.1,8.9,2.3,5.3,1.8,21,2.2,7,2.4,8.1,2.5,33.3,3.4,3.3,1.4,0.2,0.3
"21215","Spencer County, Kentucky","21","215",TRUE,"missing_estimate:",102618,11.5387686349277,12041,23.6,3,13.8,2.1,0.7,0.2,0.4,0.3,92.3,3.1,22.5,0.1,15.5,0.3,2.7,,0.8,0.5,63.7,2.5,3.2,1.1,35.2,3.2,13.8,2.8,11.8,2.4,18,3,1.4,0.8,18.3,3.5,9.1,2.2,5.3,2,13.3,2.9,32.7,1.6,5.2,2.1,5.1,2,12.1,2.8,3,1.4,0,0.5
"21217","Taylor County, Kentucky","21","217",TRUE,"missing_estimate:",60456,11.0096711067006,6217,23,3.5,21.8,2.8,1.3,0.7,0.6,0.5,88.3,2.3,23,0.2,18.2,0.6,3.1,,4.6,1,60.5,3.3,3.1,1.2,33.8,4,13.5,2.6,9.4,2.1,22.7,2.6,2.2,1.7,21.5,2.9,5.4,1.7,5.4,1.8,9.8,2.2,22.7,2.4,8.5,2.4,11.5,2.3,31.2,3.7,5.8,2.5,0.2,0.3
"21219","Todd County, Kentucky","21","219",TRUE,"missing_estimate:",61103,11.0203162437907,4335,16.5,2.8,17,2.3,2.6,1.1,4.3,1.2,77.7,3.9,27,0.1,17,0.8,5.3,,6.7,1,57,3,1.8,1.3,34,4.7,9.1,2.5,12.1,2.5,26.7,5,12.9,3.8,20.5,3.9,6,2.1,15,3.5,12.1,4.3,27.8,3.6,12.1,2.9,14.4,4.1,24,4,10.1,3.1,2.4,2
"21221","Trigg County, Kentucky","21","221",TRUE,"missing_estimate:",59857,10.9997136632113,5728,21.7,3.2,25.8,3.1,1.3,1,2.3,1.5,78.1,4,21.9,0.1,22.4,0.5,2.7,,4.2,0.9,51.5,3.3,2.1,0.9,33.5,4.9,14.9,3.7,14.7,3.6,20.9,3.9,5,2.6,15.3,2.9,5.5,2,10.7,2.7,10.3,3.5,24.3,1.9,20.8,3.3,16.3,3.4,23.1,3.6,6.5,2.2,1,0.8
"21223","Trimble County, Kentucky","21","223",TRUE,"missing_estimate:",66027,11.0978190282628,12246,17.1,4.1,14.9,3.2,1.1,0.7,0.8,1.1,85.1,5.1,21.2,0.3,18.5,0.5,3,,1.1,0.7,57.8,4.6,3.6,1.8,35.2,5.2,10.6,4,17.2,4.8,22.8,5.2,3.2,2,21.1,5.4,7.6,4.2,10.2,4.5,4.1,2.7,27.2,3.6,12.8,3.9,28.9,5.2,20.3,5.2,3,1.4,0.6,0.7
"21225","Union County, Kentucky","21","225",TRUE,"missing_estimate:",60327,11.0075350436942,9086,13.1,2.3,28.5,3,0.6,0.4,0.2,0.3,89.4,2.6,18.8,0.3,19.8,0.6,1.7,,6.9,1,52.5,2.9,1.4,0.7,27,3.6,13.2,3.1,17.3,4,24.9,3.7,9.9,3.1,19.7,3.3,10.8,3.4,3.7,1.8,6.4,2.4,22.1,1.9,11.1,3.1,15.4,2.8,29.8,3.8,5.6,2.3,0,0.1
"21227","Warren County, Kentucky","21","227",TRUE,"missing_estimate:",65794,11.0942839277454,2643,32.3,1.5,14.3,0.8,10.4,0.8,8.3,0.8,91.4,1.1,23.7,0.1,13.2,0.1,7.1,,9.1,0.4,66.1,1.3,2.9,0.5,35.6,1.6,17.9,1.4,7.5,1,18.7,1.3,1.2,0.4,17.2,1.3,9.4,1.1,5.6,0.8,7.6,1,20.3,0.8,7.1,1,4.9,0.8,44.4,1.7,7.1,1,1.3,0.5
"21229","Washington County, Kentucky","21","229",TRUE,"missing_estimate:",61616,11.0286768560547,8128,19.6,2.7,23,3.1,0.8,0.7,1.4,1.2,82.5,3.9,22.9,,19.5,0.5,0.2,0.2,4.6,1.4,58.5,3.1,2,1.3,28.6,4,18.4,3.9,9.1,3.2,25.8,4.3,5.4,2.5,20.1,4,5.6,2.4,8.8,2.4,6.8,2.1,22.4,1.6,7.5,2.8,12.4,3,22.4,3.8,5.3,2.8,2.4,1.9
"21231","Wayne County, Kentucky","21","231",TRUE,"missing_estimate:",45739,10.7307066046356,4327,13.9,2.5,25.9,1.9,1.7,0.9,2.1,0.9,85.7,2.5,20.4,0.1,21.9,0.3,4.5,,1.2,0.6,48.6,2.9,2.8,1.2,28.9,4,12.1,2.4,11,3,26.4,5,4.8,2,18.9,4.1,7.3,3.2,5.9,1.6,10.8,3.8,24.8,3,20.3,2.6,22.4,3.5,30.9,4,6.8,2,0.3,0.5
"21233","Webster County, Kentucky","21","233",TRUE,"missing_estimate:",59628,10.9958805413903,4406,12.8,2,25.6,2.3,4.4,1.4,3.9,1.4,84.3,2.8,24,0.1,18.1,0.5,7.1,,4.1,0.7,54.4,2,2.2,0.8,25.5,3.8,12.9,3.1,16.6,3.7,28,4.2,9.3,2.7,24.2,3.9,3.8,1.8,6.1,2.1,2.6,1.1,28.7,2.4,14,3.2,15.7,3.1,26.2,4.1,4.3,1.7,0.3,0.5
"21235","Whitley County, Kentucky","21","235",TRUE,"missing_estimate:",44615,10.7058254043343,4358,20.9,2.5,21.9,2.1,0.8,0.3,0.3,0.2,83.3,3,26.2,0.2,15.7,0.1,2.1,,1.1,0.3,51.8,2.3,2.8,0.8,35.1,3.6,21,3,7.5,2,18.3,3.1,1.1,0.7,11.6,2.1,7.5,1.7,5.5,1.5,9.9,2.1,24.5,1.7,13.4,2.3,24.1,2.8,33.2,3.2,8.4,1.9,2.5,1.2
"21237","Wolfe County, Kentucky","21","237",TRUE,"missing_estimate:",30417,10.3227569416207,10309,8.7,3.7,29.4,5,1.6,1.8,1.9,2,89.1,4.6,22.4,0.6,19.4,0.2,1.6,1.8,0.2,0.3,36.5,4.8,4.8,2.7,26.9,8.5,23.8,7.7,3.3,2.6,29.1,8.6,1.7,2.5,17.5,7.4,4.3,3.1,7.7,4.7,6.2,5,32.1,4.9,12.4,5.3,32.3,6.5,26.4,7.4,10.3,4.2,4.3,3.8
"21239","Woodford County, Kentucky","21","239",TRUE,"missing_estimate:",83788,11.3360450781257,5985,40.7,2.6,13.3,1.8,6.8,1.6,4.1,1,92.5,1.7,21.7,0.1,20.7,0.3,7.8,,3.8,0.6,64.9,2.1,1.6,0.8,43.9,3.1,15.3,2.5,8.1,1.7,14.6,2.4,6.8,1.7,10.9,2.1,11.7,2,8,1.8,14.9,2.4,24,1.7,7.5,1.7,1.5,0.7,28.3,2.8,4.7,1.5,0.2,0.2
"22001","Acadia Parish, Louisiana","22","001",TRUE,"missing_estimate:",45562,10.7268293147539,2361,13.9,1.4,19.1,1.7,1.2,0.5,1.3,0.5,81.9,3,26,0.2,16.5,0.1,3.3,,16,0.9,55.2,2.1,4.3,0.9,27.8,3.1,20.2,2.5,15.4,2.3,14.1,2,7.2,1.6,7.1,1.2,8.1,1.4,8.9,1.6,5.8,1.6,29.4,1.9,12,1.6,17.5,2,33,2.4,10.5,1.7,0.9,0.5
"22003","Allen Parish, Louisiana","22","003",TRUE,"missing_estimate:",46469,10.7465407025877,4198,11.9,2.3,17.8,2.2,6,1,4.2,0.8,81,3.1,23.2,0.1,14.7,0.2,6,0.8,20.7,1.7,47.4,2.6,4.6,1.7,25.9,3.7,30,5.2,14.9,3.5,14.2,3.4,2.4,1.2,12,3.3,5.1,2.6,9.4,4.3,6.8,3.6,26.2,2.1,18.1,3.2,21.7,3.4,26,3.6,7.9,2.4,0,0.6
"22005","Ascension Parish, Louisiana","22","005",TRUE,"missing_estimate:",91549,11.4246296270501,5417,29.1,1.7,12.1,1,4.9,0.7,3.9,0.7,91.9,1.2,26.4,,12.9,0.1,8.4,,22.8,0.7,68.5,1.3,3,0.7,40.1,1.7,14.2,1.6,10.8,1.1,13.5,1.2,1.2,0.4,13.3,1.3,8.8,0.9,5.3,1,8.9,1.5,30.2,1.4,8.2,1.3,16.8,1.6,19,1.8,4.7,1,0.4,0.3
"22007","Assumption Parish, Louisiana","22","007",TRUE,"missing_estimate:",51423,10.8478408221752,5497,13.8,2.5,17.4,2.3,2.4,1.6,2.2,1.4,83.9,3.1,20.4,0.2,20.3,0.3,4.3,,27.7,1.7,54.9,3,2.6,0.9,27.4,3.9,11.9,3.1,18.3,3,17.9,2.6,3.6,1.8,14.2,3.2,7.2,2.4,4.1,1.4,4.3,1.6,29.2,2.2,12.3,2.5,31.8,4,15.2,3.1,9,3.1,0.2,0.4
"22009","Avoyelles Parish, Louisiana","22","009",TRUE,"missing_estimate:",39325,10.5796157279265,4623,11.5,1.6,24.6,1.8,1.4,0.6,1.2,0.7,78.3,3.1,23.9,0.1,17.8,0.3,4,,27.4,1,49.7,1.9,3.4,0.7,30.5,3,26.1,3.2,16.2,2.6,10.6,2.1,5.5,1.7,5.6,1.8,6.9,1.8,8.5,1.7,5.5,1.4,36.3,3.1,21.4,2.3,18.1,2.3,29.9,2.8,9.8,2,0.4,0.3
"22011","Beauregard Parish, Louisiana","22","011",TRUE,"missing_estimate:",65944,11.0965611759931,6358,17.1,2.2,17.8,1.5,1.1,0.2,0.6,0.2,89.1,2.3,25.3,,16.3,0.2,3.9,,10.8,0.4,56,1.9,3.7,1,35.3,3.3,12.8,2,16.7,2.3,17.9,2.5,4.2,1.4,13.6,2.2,8.1,1.5,4.9,1.7,4,1.1,33.2,3.5,14.8,2.3,28.8,3.4,15.2,1.6,5,1.2,0.8,0.5
"22013","Bienville Parish, Louisiana","22","013",TRUE,"missing_estimate:",35011,10.4634175768084,3199,13.2,3.1,17.6,2.1,0.3,0.3,0.2,0.3,65.7,3.9,22.6,0.1,21.3,0.2,2.3,,40.3,1.3,46.8,2.8,2.9,1,23.5,4.6,23.1,4.4,16.8,3.5,20.5,3.9,7.2,2.7,14.3,4,4.7,2.5,7.1,2.3,6.9,3.1,29.6,2.6,19.3,3.7,32.2,3.6,29.8,3.2,9.8,2.5,0.7,0.6
"22015","Bossier Parish, Louisiana","22","015",TRUE,"missing_estimate:",69617,11.1507640693712,2278,28.4,1.6,15.5,1,4.3,0.5,3.7,0.5,85.8,1.6,24.8,,15.4,0.1,8.3,,23.5,0.4,62,1.3,3.4,0.6,41.9,2,17.6,1.7,9.3,1,11,1.2,2.7,0.6,6.5,1,9.4,1.2,5,0.8,7.6,1,22.7,0.9,10.4,1.2,13.2,1.2,34.9,1.5,7.3,0.9,0.5,0.3
"22017","Caddo Parish, Louisiana","22","017",TRUE,"missing_estimate:",50705,10.8337798040461,1788,26,1.2,18.8,0.8,2.4,0.3,1.2,0.3,85.6,0.9,23.5,,18.9,0.1,3.8,,48.7,0.4,56.9,1.1,4.9,0.5,38.4,1.5,20.7,1.3,6.8,0.9,13.1,0.9,2.5,0.5,5.1,0.6,10,1,5.5,0.7,6.5,0.8,20.4,0.5,15,0.9,8.5,0.7,39.8,1.3,9.9,0.9,0.5,0.3
"22019","Calcasieu Parish, Louisiana","22","019",TRUE,"missing_estimate:",67564,11.1208305758002,2636,24.9,1.3,14.5,0.8,3.6,0.4,2.1,0.4,86.3,1.5,24.9,0.1,16.1,0.1,5.4,,23.3,0.7,61,1.2,3.3,0.5,37.1,1.8,18.1,1.3,11.6,1.1,12.9,1.1,1.7,0.5,10.8,1,7.8,0.9,6,0.8,5.6,1,21.1,0.8,18.4,1.2,13.9,1.1,27.2,1.7,7.2,1,0.5,0.3
"22021","Caldwell Parish, Louisiana","22","021",TRUE,"missing_estimate:",47028,10.7584984479876,6721,11.2,2.7,22.8,3.7,0.8,0.9,0.7,0.5,79.4,5.1,22.5,0.1,18.5,0.1,1.2,1,19.3,1.1,49.3,4.1,5,1.8,31.9,5.8,11.2,4.7,23.1,6.4,21.9,6.8,7.5,3.3,11.8,4.8,5.9,3,6.6,2.9,6.5,3.5,29.1,4.9,20.4,4.2,41.4,5.3,31.1,6,8.3,3.9,0.3,0.4
"22023","Cameron Parish, Louisiana","22","023",TRUE,"missing_estimate:",75278,11.2289432064249,11275,16.8,4.2,16.1,4.4,0.4,0.4,2.5,2.4,82.8,5.5,24.3,2.1,19.5,2.5,0.5,0.7,3.3,3.7,57,4.6,1.2,0.9,36,8.6,19,6.4,10.4,5.1,20.9,7.3,3.1,2.1,9.9,6.6,13.1,6.8,4.3,2.5,0.4,0.5,26,5.3,41.7,5.9,28.8,6.8,4.6,2.7,2.7,2,0,2.2
"22025","Catahoula Parish, Louisiana","22","025",TRUE,"missing_estimate:",50275,10.8252632146409,5505,16,3.7,19.2,3.3,0.4,0.5,0.3,0.3,76.7,5.4,22.1,,18.8,,0.6,0.5,34.3,1.5,44.7,3.2,4,1.6,36.1,6.6,18,5.7,10.8,4.4,15.5,4.7,17.4,4.2,6.2,3.1,8.4,4,12.7,5,13.1,6.5,27.4,3.6,28.4,4.4,34.6,5.4,22,4,10.2,3.6,0.5,0.8
"22027","Claiborne Parish, Louisiana","22","027",TRUE,"missing_estimate:",32831,10.3991284699769,2551,10.7,1.8,16.3,2,0.8,0.6,0.1,0.1,50.2,4.7,19,0.1,22.1,0.3,0.6,0.5,50.3,1.6,36.3,3.3,1.8,1,24,4.4,26.3,5.9,13.1,3.7,16.1,5.1,10.2,3.6,11.5,4.6,5.6,3.7,4.6,3,2.6,1.3,30.6,3.5,24.3,3.2,26.5,3,31.2,4.1,14.2,3.4,0.8,0.9
"22029","Concordia Parish, Louisiana","22","029",TRUE,"missing_estimate:",39943,10.595208716818,5516,17.2,2.7,22.5,2.9,2,0.7,1.9,0.6,81.4,3.1,23.4,0.4,19.2,0.1,2.8,,39,1.1,46.5,3,5.4,1.7,31.8,5.2,22.7,4.1,16.7,4.3,11.4,3.4,7.3,3,6.2,2.2,9.3,4.1,8.7,2.9,3.9,2.6,21.1,2.4,25,3.5,23.2,3,25.8,4.1,10.4,3.3,0.7,1.1
"22031","De Soto Parish, Louisiana","22","031",TRUE,"missing_estimate:",48578,10.7909260325033,4867,16,2,19.8,2.1,1.1,0.5,0.9,0.5,79.5,3.6,23.9,,18.8,0.3,3.2,,34.4,0.6,52.6,2.6,3.1,0.9,35.9,3.9,14.2,2.3,13.6,2.4,17.1,2.5,7.5,1.9,10,2.2,5.6,1.9,7.6,2.1,4.3,1.7,28.1,2.1,17.3,2.5,34.3,3.2,22.8,3.3,8.9,2.2,0.7,0.6
"22033","East Baton Rouge Parish, Louisiana","22","033",TRUE,"missing_estimate:",63071,11.0520163549308,2142,38.5,0.9,14.4,0.5,7.1,0.4,4.4,0.4,91.1,0.7,22.7,,15.3,0.1,6.9,,43.6,0.6,63,0.8,4.8,0.4,44.2,1.3,17.6,1,7.5,0.7,11.8,0.7,0.8,0.2,7.5,0.7,10.6,0.7,5.5,0.5,8.6,0.6,23.6,0.5,14.2,0.7,2.7,0.5,40.7,0.9,8.1,0.7,0.8,0.3
"22035","East Carroll Parish, Louisiana","22","035",TRUE,"missing_estimate:",33341,10.4145431498562,8407,12.2,3.1,21,5.3,0.5,0.7,0.7,0.8,70.8,7.1,18.8,1.5,15.7,1.8,2.3,1.1,62,4.1,39.5,4.3,5.5,3.1,30.6,9.9,27.1,7,9.8,6.1,9.3,5.2,11.5,6.9,5.4,4,4.5,4,4,3,4.6,3.8,14.3,2.8,23.8,4.7,15.5,4.7,41.6,8.3,9.2,3.8,0,1.7
"22037","East Feliciana Parish, Louisiana","22","037",TRUE,"missing_estimate:",73085,11.1993784263234,8674,19.3,2.6,18,2.5,0.5,0.2,0.4,0.3,83.6,3.8,17.4,0.5,20.2,0.6,2,,39.6,1.1,44.7,2.5,2.6,1.2,35.1,4.6,17.1,3.1,16.7,3,11.9,2.9,2.3,1.6,7.3,2.2,8.3,2.9,6.3,2.5,7.3,2.9,34.9,2.7,22.2,3.4,28.2,3.9,14.4,3.2,5.5,2.4,0.1,0.1
"22039","Evangeline Parish, Louisiana","22","039",TRUE,"missing_estimate:",41915,10.643399037072,4677,13.7,1.9,21.3,1.9,2.8,0.3,4.2,0.7,78.7,2.8,25.7,0.4,16,0.1,4.9,,25.5,1,52,2.1,5.1,1.2,33,3.3,19.1,3.4,15.2,2.9,15.7,2.4,8.6,2.2,8.2,1.8,4.2,1.2,6.1,1.8,3.4,1.2,34.6,3.2,13.8,2.1,14.8,2.2,33.8,3,11.6,2.4,0.7,0.5
"22041","Franklin Parish, Louisiana","22","041",TRUE,"missing_estimate:",47020,10.7583283220941,4584,17.5,2.5,18.2,2.6,0.3,0.4,0.4,0.4,76,2.9,24.8,0.2,19.7,0.4,1.7,,28,2.2,50.7,2.5,4.1,1.1,30.7,4,21.4,3.9,17.1,3.5,11.7,3.3,9.5,2.5,4.8,2.1,6.6,2.1,9.2,2.5,6.5,3.2,27.4,2.9,15.7,2.9,20.2,2.6,26.8,4.3,8,2.7,0.2,0.3
"22043","Grant Parish, Louisiana","22","043",TRUE,"missing_estimate:",64016,11.066888331097,7523,15.4,2.8,20.5,2.4,3.7,0.8,3.2,0.5,79.1,4.3,20.9,,15.7,0.5,6.3,,15,0.8,47.2,2.7,1.7,0.7,34.5,4,17.2,2.8,16.9,3.2,16.6,3.7,4,1.6,11.6,3.1,7.3,2.1,7.1,2,3.1,1.5,29.3,4.1,18.3,2.8,34.4,4.1,20.6,3.4,6.9,2.2,0.6,0.5
"22045","Iberia Parish, Louisiana","22","045",TRUE,"missing_estimate:",56961,10.9501221021115,4681,14.8,1.4,17.6,1.3,2.6,0.4,2.5,0.5,86.2,1.7,25.4,,16.8,0.2,5.6,,31,0.9,57.1,1.6,4.1,0.8,29.8,2.2,18.4,2,14,2,16.3,2.1,11,1.8,9.4,1.4,7.9,1.5,7.1,1.8,6.3,1.5,25.3,1.4,14.4,1.6,18.6,2,32.7,2.1,12,1.5,1,0.6
"22047","Iberville Parish, Louisiana","22","047",TRUE,"missing_estimate:",54000,10.8967393255464,6438,18.6,2.8,18,2.1,3.4,1.2,3.2,1.2,85.9,2.5,20,0.6,17.5,0.3,5.2,,43.2,2.1,51.4,2.6,3.1,1.1,37.7,3.9,14.8,2.8,14.2,2.8,14.5,2.8,2,1.1,10.4,2.3,9.6,2.5,10.2,4,5.3,2.3,25.7,3.2,16.6,3.2,20.9,3.2,24.9,3.3,6.4,1.8,0.3,0.4
"22049","Jackson Parish, Louisiana","22","049",TRUE,"missing_estimate:",44925,10.7127497116518,3582,14.7,2.5,18.2,2.6,3.3,1.1,2.8,0.9,73.9,3.9,20.8,0.5,20.7,0.3,3.5,,23.6,1.5,46.5,3.1,3.4,1.5,31.2,4.7,16.8,3.6,13.7,3.5,17,3.8,5.3,2.4,14,3.5,7.6,2.9,6.2,2.4,5.4,1.9,23.9,2.4,22.9,3.4,19.7,3.5,30,4.7,10.1,3,0.4,0.4
"22051","Jefferson Parish, Louisiana","22","051",TRUE,"missing_estimate:",65252,11.0860119760562,1992,30.5,0.9,16.4,0.6,14.6,0.5,9.9,0.4,88,0.7,22.4,0.1,18.6,0.1,18.9,,25.1,0.4,63.4,0.6,3.9,0.3,38.6,1,18.3,0.8,11.5,0.6,11.3,0.6,0.9,0.2,5.9,0.5,11.8,0.7,7.1,0.5,8.2,0.6,24.3,0.4,9,0.6,1.8,0.3,37.4,1.1,7.4,0.5,0.9,0.2
"22053","Jefferson Davis Parish, Louisiana","22","053",TRUE,"missing_estimate:",57341,10.9567711791179,8418,15.4,2.4,17.6,1.7,0.8,0.3,0.5,0.3,81.1,2.9,25.1,0.2,17.3,0.3,2.5,,14.5,1.2,55,2.8,2.6,0.7,27.7,3.7,21.2,3,17.2,3.4,12.5,2.1,8.8,2.2,7.8,2.5,7.5,2.3,7.6,1.9,4.2,2,34.1,3.9,15.2,2.6,18.8,3.4,22.9,3.3,5.5,1.8,0.8,0.7
"22055","Lafayette Parish, Louisiana","22","055",TRUE,"missing_estimate:",67451,11.1191566873229,2676,35.3,1.4,12.5,0.6,5.2,0.4,3.8,0.4,91.3,1,24.2,,14.7,0.1,6.7,,25.4,0.4,65.4,1,3.3,0.5,43.9,1.8,16,1,8.4,0.8,9.5,0.8,5.3,0.7,5.8,0.8,12.1,0.9,9.3,0.9,10.4,0.9,22.9,0.6,10.1,0.8,9.7,1,34.5,1.3,6.6,0.8,0.6,0.2
"22057","Lafourche Parish, Louisiana","22","057",TRUE,"missing_estimate:",63135,11.0530305698728,3744,21.1,1.3,15.9,1.1,2.3,0.4,2.1,0.5,86.7,1.3,22.9,,16.6,0.1,5.9,,12.8,0.7,56.8,1.3,2.4,0.5,36.2,2,17.1,1.6,12.4,1.2,15.2,1.3,6.2,1.1,7.9,1.2,9.4,1.5,6.2,1.2,4.8,0.9,27.1,1.1,8.9,1.3,16.7,1.7,20.1,1.8,6.9,1.2,0.5,0.3
"22059","LaSalle Parish, Louisiana","22","059",TRUE,"missing_estimate:",68497,11.1345452276708,9683,13.1,2.9,17,2.8,0.9,0.7,0.9,1,89.5,3.5,23.1,2.3,17,1.4,9.1,,11.5,1.6,55.1,3.2,2.7,1.3,27.3,5.3,17,4,19,3.9,16.8,5.6,15.6,3.9,15.1,5.8,6.6,3.2,7.1,3,3.5,1.8,32.6,4.4,18.6,3.5,31.6,4.9,19.4,3.7,6.7,3.2,0.8,0.9
"22061","Lincoln Parish, Louisiana","22","061",TRUE,"missing_estimate:",39172,10.5757174848407,4326,36.2,2.8,11.9,1.3,3.2,0.8,1.6,0.6,77.9,2.9,19.7,,14.3,0.1,3.7,,36.9,1.3,51.1,2.2,1.9,0.9,41.6,3.4,18.8,2.3,9.7,1.5,9.7,2.1,4.2,1.4,5.3,1.3,7.9,1.8,6.8,1.7,11.5,2.1,19.2,1.5,11.2,2,16.3,2.4,46.2,2.4,9.5,2.7,0.5,0.4
"22063","Livingston Parish, Louisiana","22","063",TRUE,"missing_estimate:",80122,11.2913057520244,3916,20.5,1.6,14.7,1,4,0.5,2.7,0.5,92.4,1.3,25.8,0.1,13.8,0.1,6.6,,8.9,0.4,62.1,1.2,2.6,0.6,37.6,1.9,14.9,1.6,15.3,1.4,13.5,1.4,1.3,0.6,9.2,1,9.6,1.1,7.4,1.2,7.2,1.1,33.8,1.2,10.6,1.1,22.7,1.6,19.3,1.5,3.8,0.9,0.4,0.3
"22065","Madison Parish, Louisiana","22","065",TRUE,"missing_estimate:",35456,10.476047770107,4475,14.1,2.5,22.6,3.1,0.9,1.1,1,1.1,77.8,4.3,25.6,0.8,17.5,0.2,2.6,,61.9,0.7,44.1,3.8,2.4,1.2,31.5,5.8,29.4,6.3,10.3,3.4,16.1,5.4,8.3,2.7,10.6,5.1,7,3,7.1,2.5,3.2,1.6,17.2,2.2,30.3,4,12.4,2.9,46.9,5.1,14,3.8,3.1,2
"22067","Morehouse Parish, Louisiana","22","067",TRUE,"missing_estimate:",39454,10.5828907153038,2925,13.8,2.1,17.8,1.8,0.7,0.5,0.5,0.3,76.7,3.6,23.1,0.2,20.1,0.1,1.7,,48.3,0.6,51.6,2.2,4.9,1.5,29.7,3.2,19.7,3,13.1,2.4,21.4,3.7,3.3,1.6,13.5,3.2,6.7,2,5.9,2.3,4.1,1.8,26.5,1.8,17.9,2.4,18.2,2.4,31.4,3.3,11.6,3,1.2,0.9
"22069","Natchitoches Parish, Louisiana","22","069",TRUE,"missing_estimate:",46292,10.742724438968,2441,25.8,1.6,16.9,1.1,1.6,0.5,0.7,0.2,81.9,2,22.9,0.1,17.1,0.1,3.9,,39.4,0.6,53.2,1.6,3,0.7,36.2,2.3,17.2,2,8.8,1.3,16.1,1.9,4.3,0.8,10.5,1.5,7.2,1.5,5.9,1.7,3.6,0.9,22.5,1.1,22.6,1.6,23.9,1.7,39.1,2.3,9.3,1.3,1.1,0.5
"22071","Orleans Parish, Louisiana","22","071",TRUE,"missing_estimate:",56631,10.9443118174368,1781,42.4,0.9,14.4,0.5,6.6,0.3,3.4,0.3,86.5,0.8,19.7,0.1,17.2,0.1,8.2,,53.9,0.4,60.7,0.7,4.5,0.4,50.2,1.1,18.6,0.7,5.3,0.5,7.8,0.5,0.6,0.2,3.6,0.3,14.2,0.7,7.1,0.4,14.9,0.7,22.6,0.4,20.3,0.6,0.5,0.1,48.8,0.9,17.4,0.8,0.6,0.2
"22073","Ouachita Parish, Louisiana","22","073",TRUE,"missing_estimate:",54688,10.9093995859153,2311,28.6,1.3,15.3,0.7,2.2,0.3,1.4,0.3,83.4,1.5,24.6,,15.8,0.1,3.7,,37.2,0.4,59.9,1.1,3.9,0.5,40.4,1.6,17.7,1.5,8.9,1,12.5,1.2,1.1,0.4,7.4,1.1,8.7,0.9,5.8,0.9,8.3,1,22.1,0.9,13.6,1.1,14.4,1.1,39,1.6,8.6,1,0.5,0.2
"22075","Plaquemines Parish, Louisiana","22","075",TRUE,"missing_estimate:",86315,11.3657586742506,6612,21.5,2.9,14.9,2.1,5.9,1.1,3.1,0.8,88.5,2.7,24.6,0.2,14.1,0.5,9.8,,20.4,1.2,63.9,2.6,2.5,1.1,38.7,3.9,19.7,3.9,13.5,2.6,12.1,2.7,6.3,2,9.3,2.8,13.3,3,7.4,1.8,5.9,1.9,25.8,1.7,15.6,2.7,28.2,3.5,24.2,4.2,1.9,0.9,2.4,1.8
"22077","Pointe Coupee Parish, Louisiana","22","077",TRUE,"missing_estimate:",65961,11.0968189372621,5777,18.4,2.5,20.1,2.6,1.1,0.6,1,0.6,84.4,2.8,21.4,0.1,22.4,0.1,3.5,,32.6,1.7,56.2,2.3,3.9,1.3,36.5,4,17.2,4,13.1,2.7,15.4,3.8,3.8,1.3,10.8,2.5,7.5,2.2,7.3,2.4,3.3,1.5,26.3,1.5,24.9,2.3,24.6,3,20,3.9,7.7,2.3,0.1,0.2
"22079","Rapides Parish, Louisiana","22","079",TRUE,"missing_estimate:",54967,10.9144882841426,2192,23.1,1.3,18.5,0.9,2.8,0.4,1.5,0.4,87.1,1.2,25,,17,0.1,4.2,,30.7,0.5,58.5,1.2,3,0.5,34.7,1.9,20,1.4,10.1,1.1,12.8,1.2,2.2,0.5,5.1,0.7,7.9,1.1,5.5,0.9,5.5,0.8,22.2,1,16.4,1.2,14.7,1.3,35.2,1.6,9.4,0.8,0.6,0.3
"22081","Red River Parish, Louisiana","22","081",TRUE,"missing_estimate:",49167,10.8029779457319,6013,14,3.6,19.6,3.4,1.2,1,0.1,0.1,72.9,6.3,23.4,,19.9,,1.9,1.7,40.3,2.2,48.7,4.6,1.8,0.9,26,5.4,24,5.8,16,4.4,17,4.3,10.4,4,10.4,5.1,8,4.9,6,3.1,3.2,2.2,28.8,4.7,14.2,5.2,34.6,5.6,22.7,4.4,8,3.5,0,1.4
"22083","Richland Parish, Louisiana","22","083",TRUE,"missing_estimate:",53544,10.8882590247805,3815,17.6,2.5,18.9,2.1,0.6,0.4,0.2,0.2,77.6,3.4,23.6,0.1,18.3,0.1,2.3,,35.7,0.5,51.5,2.7,4.6,1.4,32.3,4.8,15.1,3.3,14.5,3.3,14.6,3.7,6.8,1.9,8.7,2.7,4.8,1.8,6.5,2.1,6.1,2.5,25.2,2.3,17.1,2.8,24.1,3.6,33.2,3.4,8.7,2.3,1.2,1.2
"22085","Sabine Parish, Louisiana","22","085",TRUE,"missing_estimate:",50329,10.8263367307075,6849,13.6,1.4,22.4,1.6,0.8,0.4,1,0.4,78.1,3,23.2,0.1,21.4,0.2,3.5,,14.6,1,47.5,2.2,3.1,0.8,29.3,3.2,15.7,2.4,19.4,2.4,19.4,2.9,13.1,2.8,9.2,2.2,7.1,2,5.8,1.5,4,1.3,33.1,1.9,35.9,2.5,44.8,2.3,19.7,2.4,10.2,1.7,0.5,0.3
"22087","St. Bernard Parish, Louisiana","22","087",TRUE,"missing_estimate:",58651,10.9793599042346,4431,17.6,1.6,18.2,1.5,5.7,0.9,4.3,1,88.5,1.8,25.9,0.1,13.3,0.1,13.9,,23.6,0.7,59.6,2.5,4.5,1.1,33.2,2.9,20.1,2.5,13.3,1.7,11.9,2,1.4,0.5,8.3,1.4,11,1.9,5,1.1,8.3,1.7,30.9,1.6,11.1,1.6,6.4,1.2,29.9,2.2,8.2,1.5,0.9,0.5
"22089","St. Charles Parish, Louisiana","22","089",TRUE,"missing_estimate:",80897,11.3009320195407,7419,26.9,2.4,16.4,1.6,4.8,0.9,3.9,0.8,93.8,1.3,24.1,,15.5,0.1,8.2,,22.1,1.2,64.2,2.1,4.3,1.1,38.3,2.7,15.2,2,11.2,1.6,15.9,2.4,1.5,0.6,11.5,2,8.6,1.4,5.3,1.2,7.7,2,26,1,10.1,2.1,10.7,1.9,17.9,2.5,2.5,0.8,0.8,0.6
"22091","St. Helena Parish, Louisiana","22","091",TRUE,"missing_estimate:",41934,10.6438522327052,7052,11.4,3.2,33.4,4.7,0.6,0.6,0.2,0.3,69.2,5.8,20.4,,21.4,,0.9,0.8,50.7,2.7,51.9,4,9.1,3.6,21.7,6.2,26.7,7,16.8,3.9,18,5.6,5.2,3.2,9.8,4.2,8.1,4.2,4.4,3.1,2,1.6,38.1,3.7,22,5,45.2,5.5,21,5.7,10.4,4.4,0.2,0.3
"22093","St. James Parish, Louisiana","22","093",TRUE,"missing_estimate:",65531,11.0902785921033,4784,19.5,2.4,11.9,1.8,1.8,0.9,0.9,0.5,87.9,2.5,22.1,0.5,19.8,0.3,2,,47.4,0.7,57.1,2.5,2.3,1,34.7,3.4,14.9,2.6,9.3,2.4,21.3,3.1,0.9,0.7,21.7,2.9,9.9,2,3.5,1.7,5.4,2,28.3,1.9,13.1,2.3,18.6,3.1,15.6,3.5,5.6,2,0,0.6
"22095","St. John the Baptist Parish, Louisiana","22","095",TRUE,"missing_estimate:",66630,11.1069102055566,6987,18.2,2.6,16.2,1.9,5.3,1.2,3.7,1.1,91.3,1.9,24.1,0.3,15.7,0.3,8.9,,56.8,1.2,60,2.4,6.5,1.7,33.2,3.4,17.9,3.1,13.1,2.1,15.9,2.5,0.5,0.5,9.8,2.2,7.4,1.9,6.9,2.3,6.4,1.7,30.3,2.1,15,2.2,8.3,1.5,22.5,3.4,5.2,1.5,1.2,0.8
"22097","St. Landry Parish, Louisiana","22","097",TRUE,"missing_estimate:",44462,10.7023901707619,2416,14.9,1.5,16.2,1.2,1.6,0.3,1.8,0.5,74.3,2.1,26.6,0.1,16.9,0.1,3.1,,39.7,0.7,52.8,1.9,3.3,0.7,27.2,2.2,22.5,2.2,13.9,2,18.2,2.3,5.3,1.1,7.7,1.3,6.4,1,6.4,1.4,7.3,1.3,29.8,1.6,13.6,1.3,20.5,1.5,29.9,1.9,9.9,1.2,1.3,0.4
"22099","St. Martin Parish, Louisiana","22","099",TRUE,"missing_estimate:",55960,10.9323924287794,5042,16.8,1.9,16.1,1.2,1.8,0.5,2.7,0.6,83.2,2,24,0.1,17.2,0.1,3.6,,28.6,0.6,58.1,1.5,2.3,0.7,31.2,2.4,15.6,2.3,15,1.8,15.9,2.2,6.6,1.4,8.9,1.7,7.6,1.3,10.7,2,8.1,1.6,27.2,1.3,17.8,2,24.8,2.4,22.3,2.8,9.4,1.9,0.7,0.4
"22101","St. Mary Parish, Louisiana","22","101",TRUE,"missing_estimate:",52576,10.870015020837,3030,13.6,1.7,16.7,1.2,5,0.6,4.5,0.8,87.4,2.2,24.5,,18.3,0.3,9.8,,28.8,1.1,54.2,2,2.9,1,24.7,2.2,18,2.7,12.8,2.1,21,2.4,9.1,1.7,9.7,1.7,5.7,1.4,4.4,1.3,5.5,1.6,23.2,2.2,18,2.1,17.8,1.9,31.4,2.5,11.3,2.6,0.9,0.6
"22103","St. Tammany Parish, Louisiana","22","103",TRUE,"missing_estimate:",81202,11.3046951563883,1958,37.7,1.1,16.1,0.7,4.5,0.5,2.7,0.4,94.1,0.6,23.6,,18.4,,8.2,,12,0.5,62.9,0.9,3,0.4,46.1,1.4,15.3,0.9,8.6,0.8,9.4,0.8,2.1,0.5,5.7,0.6,11.3,0.9,7.3,0.8,13.2,1,31.5,0.7,7.8,0.8,6.5,0.7,21.1,1.1,4.3,0.6,0.6,0.3
"22105","Tangipahoa Parish, Louisiana","22","105",TRUE,"missing_estimate:",56760,10.946587131274,2614,20.8,1.6,21.2,1.3,2.6,0.4,2.3,0.5,89.2,1.4,24.6,0.1,15.4,0.1,5.8,,29.2,0.6,59.3,1.5,3.5,0.6,33.7,2,20.1,1.6,10.9,1.6,17.3,1.6,1.9,0.6,7.3,1.2,8,1.3,6.2,1.1,7.2,1,29.6,1,13.3,1.4,19,1.5,29.7,2,6.1,1,0.4,0.3
"22107","Tensas Parish, Louisiana","22","107",TRUE,"missing_estimate:",36615,10.5082132714952,4366,14.6,4.3,20.5,3.6,0.9,0.8,0.3,0.2,70,5.4,21.4,,28.1,,1.1,0.6,54,2.2,35.4,4.5,4.1,2,19.7,6.5,31.5,7.1,9.2,4.7,10.5,3.7,9,4.5,2.4,2.5,10.3,6.2,7.4,3.7,3.5,2.7,32.5,5.4,43.5,4.2,18.7,3.5,25.8,5.2,9.5,3,0.2,0.3
"22109","Terrebonne Parish, Louisiana","22","109",TRUE,"missing_estimate:",64836,11.0796162836321,3879,18.7,1.3,16.9,1.3,3.2,0.6,2.5,0.5,87.3,1.6,25,,15.8,0.1,7.2,,18.3,0.7,58.9,1.6,2.8,0.5,33.9,2.3,14.5,1.8,15,1.9,15.5,1.6,8.6,1.3,7.8,1.1,7.7,1.3,5.6,0.9,3.3,0.8,24,1.3,11.1,1.4,14.7,1.7,24.7,1.8,6.9,1.3,0.8,0.4
"22111","Union Parish, Louisiana","22","111",TRUE,"missing_estimate:",42885,10.6662773934245,5860,14.8,2.4,15.9,2.2,3.3,0.8,2.5,0.7,64.1,4.8,21.5,0.1,22.3,0.1,5.8,,23.5,0.6,49.3,2.8,2.5,0.9,32.7,3.9,9.8,2.4,15.5,3.3,19.2,3.1,8,2.7,12.6,3.5,11.5,3.1,5.4,2,3.8,1.5,29.8,2.7,18.4,2.7,34.7,3.9,22.2,3.6,7.3,2.5,0.4,0.4
"22113","Vermilion Parish, Louisiana","22","113",TRUE,"missing_estimate:",55707,10.9278610912687,3692,17.6,1.6,17.9,1.6,3,0.6,2.9,0.6,88.9,1.5,25.2,0.1,16.6,0.2,4.5,,12.8,1.1,57.1,2,2.9,0.6,32.1,2.3,16.5,1.9,15.8,1.9,14.4,2.1,12.8,2,5.4,1.3,8.4,1.6,7,1.7,5.3,1.4,30,1.9,16.6,1.8,19.1,1.9,26.6,2.1,9.8,1.6,0.3,0.2
"22115","Vernon Parish, Louisiana","22","115",TRUE,"missing_estimate:",57270,10.9555322053879,2603,19.8,1.8,23.1,1.2,3.3,0.4,2.1,0.4,88,1.4,25.4,,14,0.1,9.4,,12.2,0.5,60.2,1.4,2.6,0.4,32,2.7,19.9,2.3,15.4,1.5,13.3,1.4,3.4,1,5.5,1.2,10.5,1.1,5.1,1.2,5.8,1.8,22.9,1.2,17.4,1.7,23.2,1.9,44,1.7,6.2,0.8,0.4,0.2
"22117","Washington Parish, Louisiana","22","117",TRUE,"missing_estimate:",45380,10.7228267583338,3664,12.8,1.5,25.3,1.8,0.6,0.3,0.8,0.5,74.2,3.3,23.7,,19.3,0.3,3.3,,26.8,1.3,49.8,2.3,4.9,1.2,32,3.5,20.5,3.4,11.5,2.2,14.6,2.9,3.4,1.5,8.9,2.1,8.4,2.1,6.1,1.8,4.2,1.4,32.6,3,17.4,1.9,24.7,2.3,30.7,3,11.5,2.6,1.4,0.8
"22119","Webster Parish, Louisiana","22","119",TRUE,"missing_estimate:",41182,10.6257565466681,1410,13.3,1.5,17.4,1.4,1,0.3,0.6,0.3,66.1,2.5,22.6,0.1,20.7,0.2,2.3,,33.5,0.5,49.3,2.4,2.5,0.8,26.7,3.1,20.8,2.5,13,1.6,18.2,2.5,5.3,1.5,6.6,1.6,6.7,1.6,6.3,1.5,6.2,2,27.3,2.1,22,2.1,22.2,2.4,33.2,2.6,10.3,1.9,0.3,0.3
"22121","West Baton Rouge Parish, Louisiana","22","121",TRUE,"missing_estimate:",87299,11.3770942870084,6685,23.3,2.9,14.1,1.8,1.5,0.7,2.6,0.7,89.3,2.4,24.5,,14.8,0.2,4.6,,40.8,1.3,64,2.5,4.5,1.5,41.1,3.6,12.7,3.2,7.7,2.3,16.7,3,1.1,0.8,18.3,3.5,8.9,2.7,8.2,3.1,4.4,1.5,25,2,9,2.4,20,3.4,23.2,2.9,5.4,2.3,0.3,0.4
"22123","West Carroll Parish, Louisiana","22","123",TRUE,"missing_estimate:",49134,10.8023065384982,4935,15.2,2.9,20.6,3.6,0.8,0.7,1.6,1.5,71.5,4.5,22.5,1,21.4,0.5,3.7,,14.7,0.9,51.7,3.2,3,1.3,34.7,4.8,13,3.8,23.8,6.1,10.2,4,10.3,3.9,3.1,1.6,9.1,4,5.6,2.3,5.8,3.3,24.3,2.3,18.3,3.3,32.5,4.3,23.9,4.2,5.9,2.1,0,1.2
"22125","West Feliciana Parish, Louisiana","22","125",TRUE,"missing_estimate:",77452,11.2574136686233,10524,21.6,2.9,12.7,2.7,1.6,0.9,0.9,0.7,89,3.9,16,0.6,15.2,0.9,4.1,,42.9,1.4,43.8,2.8,1.8,1.2,37.3,4.4,21.5,6.6,14.6,5.2,16.1,4.5,1.7,1.5,13.7,4.7,5.5,2,4.6,2.8,7.5,3.1,35.3,3.6,22,3.5,20.7,5.3,24.3,4.6,5.1,3,0,0.1
"22127","Winn Parish, Louisiana","22","127",TRUE,"missing_estimate:",48871,10.7969394525062,7172,14.4,3,20.4,3.5,6.9,1.9,7,2.1,77,3.6,20.7,1,18.2,0.7,7.8,,26.5,1.7,46.8,3.5,2.4,1.2,23.2,4.6,19.8,4.5,15.2,4.4,23.2,6.2,6.8,2.8,13.6,6.3,4.7,2,4.5,2.1,5,2.5,30,5.5,24.7,3.7,26.9,4.2,28.8,5.1,8.6,3,0,0.9
"23001","Androscoggin County, Maine","23","001",TRUE,"missing_estimate:",67873,11.1253935908721,1991,23.4,1.3,17.5,0.8,5.6,0.5,3.3,0.6,89.8,1.2,20.8,0.1,18.9,0.1,2.2,,5.5,0.4,63.7,1.1,2.8,0.5,36.6,1.7,16.8,1.4,10.1,1.2,15,1.2,1.6,0.5,10.8,1,9.1,1,5.9,1,13.8,1.3,24.4,0.8,7,1,10,1,32.1,1.5,9.4,1.3,0.8,0.3
"23003","Aroostook County, Maine","23","003",TRUE,"missing_estimate:",56700,10.9455294897158,1809,23.4,1.3,20.6,1,4.1,0.5,2.7,0.4,84.3,1.5,18.7,,25.7,0.1,1.7,,0.7,0.2,54.7,1.2,2.9,0.7,37,1.8,17,1.5,12.6,1.1,13.6,1.1,5.3,0.7,8.5,1,5.7,0.9,7.1,0.9,8.8,1,18.3,0.7,22.2,1.2,9.2,0.9,25.5,1.5,8.6,1,1,0.4
"23005","Cumberland County, Maine","23","005",TRUE,"missing_estimate:",95677,11.4687332141778,1883,53,0.9,11.8,0.4,6.7,0.4,2.5,0.3,92.7,0.7,18,0.1,20.4,0.1,2.8,,3.4,0.2,67.7,0.6,2.1,0.2,52.4,1.2,14,0.7,6.3,0.5,9.2,0.7,1.1,0.3,7.7,0.6,14.3,0.7,7.8,0.6,21.8,0.8,23.2,0.6,13.8,0.6,4,0.3,30.2,0.9,6.9,0.5,0.3,0.1
"23007","Franklin County, Maine","23","007",TRUE,"missing_estimate:",58675,10.9797690207192,2708,32,2.6,19.5,1.7,2.7,0.8,0.6,0.3,85.1,2.1,17.1,0.2,23.7,0.2,1.7,,0.8,0.3,56.7,2.2,2.6,0.8,36.2,3.1,20.6,2.6,12.3,2.2,12.6,2.2,2.7,1.3,10.5,2.2,8,1.5,9.1,2.2,13,2.5,26.8,2.1,40.3,1.4,9.1,1.3,23.7,2.8,9.2,2,0.2,0.2
"23009","Hancock County, Maine","23","009",TRUE,"missing_estimate:",72744,11.1947017074057,3276,40.1,1.7,15.1,0.9,3.3,0.5,0.7,0.2,91.2,1.2,16.2,,26.6,0.1,1.9,,1,0.2,60,1.3,2.7,0.6,40.9,2,14.9,1.5,14.5,1.5,12,1.6,5.6,0.8,5.9,1.2,14,1.7,12.7,1.1,13.7,1.7,25.4,1.2,37.3,1.5,7.4,0.9,21.5,1.7,6.2,1.1,0.8,0.5
"23011","Kennebec County, Maine","23","011",TRUE,"missing_estimate:",69077,11.1429771034079,2603,31.9,1.3,16.9,0.8,2.4,0.3,1.2,0.3,91.1,1.1,18.7,,21.1,0.1,2.3,,0.9,0.1,60.1,1.1,2.4,0.4,42.5,1.6,15.2,1.5,11,1.2,10.7,1.1,1.7,0.5,6.8,0.7,9.9,1.1,7.2,1,15.3,1.5,25.4,0.9,14.5,1,9.9,1,26.3,1.6,7.5,1.1,0.3,0.1
"23013","Knox County, Maine","23","013",TRUE,"missing_estimate:",74096,11.2131168287205,3739,39.7,1.8,13,1.2,3.1,0.5,0.7,0.3,90.3,1.8,16.8,0.2,27.9,0.2,1.9,,0.3,0.2,58.1,1.7,2.2,0.6,38.3,2.6,14.8,1.8,14.7,1.9,11.5,2.1,6.6,1.5,10.1,1.7,10.9,1.6,13.5,1.9,16.6,2.5,19.6,1.1,24.8,1.9,5.8,1.1,21.3,2.2,5.4,1.3,0.2,0.2
"23015","Lincoln County, Maine","23","015",TRUE,"missing_estimate:",76875,11.2499360051088,4640,40.2,2.1,16.4,1.4,2.2,0.5,0.7,0.4,89.1,2.1,16.5,0.1,29.4,0.2,1.4,,0.8,0.1,56.6,1.7,1.6,0.4,40,2.4,15.1,1.9,15.3,1.9,12.7,1.9,3.8,1.1,12,2,10.2,1.5,13.1,2,13.2,1.9,23.3,1.2,30.6,1.6,7.1,1.1,17.5,2.7,4.5,1.1,0.2,0.1
"23017","Oxford County, Maine","23","017",TRUE,"missing_estimate:",60173,11.0049790257051,3674,24,1.4,18.6,1.2,1.4,0.3,0.6,0.2,87.5,1.5,17.6,0.1,23.9,0.1,1.7,,0.3,0.1,56.4,1.5,2.4,0.6,31.9,2.2,20.7,1.7,14,1.3,15.7,1.5,3.6,0.8,10.4,1.5,7,1,9.4,1,13.6,2,28.9,1,34.5,1.5,11,1,19.4,1.8,6.9,1.3,0.9,0.5
"23019","Penobscot County, Maine","23","019",TRUE,"missing_estimate:",66356,11.1027894652122,1898,30.1,1.2,18.2,0.8,3.4,0.4,0.9,0.2,88.8,0.8,17.6,0.1,20.1,0.1,2.1,,1.1,0.1,59.6,1,2.2,0.3,39.7,1.7,18.1,1.3,9.6,0.9,11.1,1,1.6,0.3,4.7,0.5,7.1,0.7,6,0.8,11.3,1.2,22.7,0.7,13.8,0.8,11.1,0.7,29.5,1.4,8.1,0.8,0.9,0.3
"23021","Piscataquis County, Maine","23","021",TRUE,"missing_estimate:",61345,11.0242689472253,4372,21.6,2.3,20.9,2.1,2.3,0.8,0.8,0.3,88.3,1.7,15.5,0.4,27.4,0.2,1.9,,1,0.2,53.9,2,1.9,0.6,32.9,4,14.3,1.9,14.3,2.8,19.2,2.9,3.8,1.8,13,2.4,6.7,2.1,8.3,2,10.8,2.2,25.2,2,42.9,2.1,10.6,1.7,21.2,2.4,4.9,1.4,1.3,0.7
"23023","Sagadahoc County, Maine","23","023",TRUE,"missing_estimate:",87806,11.3828851144182,5189,44.2,2.3,13.7,1.2,2.5,0.5,0.8,0.4,93.9,1.5,17.6,0.2,24.6,0.3,2,,0.5,0.3,62.7,1.7,2.9,1.1,46.3,2.7,15.6,2.3,10.8,1.9,8.6,1.6,1.5,0.8,11.4,1.6,11.2,1.7,11.1,2.2,16.9,2.5,25.8,1.4,14.5,1.9,7.7,1.4,22.2,1.9,5.1,1.2,0.2,0.2
"23025","Somerset County, Maine","23","025",TRUE,"missing_estimate:",58179,10.9712797438644,3012,21.1,1.6,19.4,1.2,1.5,0.3,0.4,0.2,86.3,1.5,18.4,,23,0.1,1.5,,0.5,0.1,55.7,1.5,1.9,0.4,32.2,2,16.5,1.8,13.6,1.5,17.4,2,3.2,0.9,12.4,2,7.4,1.3,8.9,1.6,11,1.6,28,1.2,23,1.1,14.7,1.2,22.6,2.1,5.8,1,0.4,0.3
"23027","Waldo County, Maine","23","027",TRUE,"missing_estimate:",72782,11.1952239508655,3352,34.4,2,16.8,1.1,2.3,0.7,0.5,0.2,89.5,1.5,17.7,,25.1,0.1,1.6,,0.4,0.2,58.1,1.4,2.2,0.4,41.4,2.8,13.8,1.6,11.5,1.3,12,1.5,3.5,1.3,8.4,1.5,10.5,1.5,11.6,1.5,15.6,1.9,26.6,1.4,21.5,1.5,13.1,1.5,18.1,1.8,5.8,1.5,0.7,0.5
"23029","Washington County, Maine","23","029",TRUE,"missing_estimate:",56024,10.9335354493354,2346,24.7,1.4,22.6,1.3,3.7,0.5,0.8,0.2,84.3,1.5,18.5,0.1,26.3,0.1,2.5,,0.7,0.2,52.9,1.1,3.3,0.7,35.8,2.3,16.7,1.7,16.6,1.3,13.6,1.4,9.7,1.3,8.3,1.2,6.9,0.9,14.9,1.5,9.7,1.3,21.6,1,34.7,1.2,11.2,1,20.3,1.6,6.1,1.1,0.8,0.3
"23031","York County, Maine","23","031",TRUE,"missing_estimate:",88333,11.3888690427082,2794,36.2,1.1,14.3,0.6,4,0.4,1.4,0.2,92.7,0.9,17.8,0.1,22.3,0.1,2.2,,1.1,0.2,65,0.7,2.2,0.3,41.6,1.2,15.1,0.9,10.5,0.9,12.5,0.8,1.4,0.3,12.1,0.8,10.2,0.8,7.7,0.7,16.8,1,27.7,0.7,20.6,0.8,6.1,0.7,22.7,1,4.7,0.7,0.6,0.3
"24001","Allegany County, Maryland","24","001",TRUE,"missing_estimate:",59603,10.9954611873571,2750,21.1,1.2,21.1,1.2,2.1,0.3,1,0.3,84.9,1.7,17.8,,21.1,0.1,2,,6.8,0.4,49.8,1.3,2.5,0.5,35.4,2.3,22.7,2,7.8,1.3,13.6,1.3,1.4,0.5,8.8,1.3,7.8,1.2,5,0.9,9.1,1.3,22.7,1.1,16.3,1.4,4.5,0.8,29.3,1.9,9.1,1.4,0.2,0.1
"24003","Anne Arundel County, Maryland","24","003",TRUE,"missing_estimate:",124911,11.7353567626921,1826,45.8,0.8,10.8,0.4,10,0.4,4.5,0.3,95.5,0.4,22.4,,15.9,0.1,10.5,,17.6,0.3,69.4,0.5,2.5,0.2,52.2,0.8,13.2,0.5,7.9,0.5,7.4,0.4,0.2,0.1,4.6,0.4,17.2,0.6,4.7,0.4,18.5,0.6,28.9,0.4,4.9,0.4,1.2,0.2,24.9,0.8,4.1,0.4,0.5,0.1
"24005","Baltimore County, Maryland","24","005",TRUE,"missing_estimate:",91768,11.4270189319611,1446,42.3,0.6,12.1,0.3,13.2,0.4,5.5,0.3,91.4,0.4,21.9,0.1,18.1,0.1,7.8,,30.1,0.2,65.8,0.4,3.2,0.2,48.6,0.8,15.5,0.6,6.3,0.4,10.5,0.5,0.4,0.1,5.8,0.4,13.5,0.5,4.4,0.3,16.5,0.5,28,0.3,5.1,0.3,0.8,0.1,33.6,0.7,7.8,0.5,0.8,0.1
"24009","Calvert County, Maryland","24","009",TRUE,"missing_estimate:",133922,11.8050128199009,4535,37,1.6,10.8,0.9,4,0.6,1.5,0.5,93.6,1,23.1,0.1,16.3,0.1,5.2,,11.9,0.6,66.6,1.1,1.8,0.4,51.1,2.2,13.9,1.3,10.8,1.2,7.7,1,0.2,0.2,4,0.8,13.3,1.4,5.2,0.9,18.5,1.6,39.3,1.4,7.3,1.3,0.9,0.4,12.8,1.5,3,0.7,0,0.1
"24011","Caroline County, Maryland","24","011",TRUE,"missing_estimate:",68457,11.1339610899145,3798,16.2,1.5,14.9,1.4,6.1,0.8,4.4,0.5,88.3,1.9,23.9,,17.3,0.2,9.3,,12.6,0.9,63.4,1.4,3.6,0.8,30.3,2.5,19,2.1,16.7,2,13.7,1.5,4.4,0.8,7.2,1.4,9.5,1.6,6.3,1.2,6.9,1.4,33.4,1.3,7.7,1.8,7.4,1.3,28.1,2.4,5.5,1.4,0.5,0.3
"24013","Carroll County, Maryland","24","013",TRUE,"missing_estimate:",118211,11.6802264422298,3883,40.7,1.1,12.4,0.6,5.5,0.5,1.9,0.3,92.5,0.8,22,,17.9,0.1,5.1,,4,0.3,67.6,0.8,2.3,0.4,50.2,1.4,14.4,1,10,0.8,8,0.8,1.2,0.3,6.3,0.7,14.4,0.9,5.5,0.6,17.3,1.1,34.4,0.7,3.7,0.6,0.7,0.2,15.7,1.3,3.3,0.5,0.1,0.1
"24015","Cecil County, Maryland","24","015",TRUE,"missing_estimate:",92007,11.4296199400932,3833,28,1.3,13.1,1,3.9,0.6,2.3,0.6,91.3,1.3,22.2,,17.1,0.1,5.6,,7.1,0.6,62.3,1.4,3.4,0.5,41,1.9,12.8,1.2,11.2,1.3,14.7,1.1,1.3,0.4,11.2,1.4,10.4,1.2,4.3,0.8,12.4,1.4,28.5,0.9,8.5,1.1,5,0.7,24.7,1.9,4.9,0.9,0.6,0.3
"24017","Charles County, Maryland","24","017",TRUE,"missing_estimate:",122816,11.7184425793674,3121,33.5,1.1,11.2,0.8,8.5,0.7,3,0.4,93.4,0.9,23.9,,13.7,0.1,7.9,,48.4,0.9,69.6,1,3.3,0.4,47,1.5,16,1.3,8.1,0.8,9.7,0.9,0.3,0.2,2.6,0.4,14.2,1,3.5,0.5,16.4,1.4,41.4,0.9,4.6,0.8,0.8,0.3,17.9,1.3,3.9,0.7,0.6,0.3
"24019","Dorchester County, Maryland","24","019",TRUE,"missing_estimate:",61839,11.0322895123673,4414,19.4,1.8,16.7,1.6,4.5,1,2.7,0.8,85.8,2.1,21,0.1,23,0.2,6.1,,24.8,1.2,58.7,2.3,3.4,0.9,31.4,2.5,22.6,2.1,11.8,1.6,14.8,2.5,4,1.1,8.2,1.9,10.6,2.1,7.8,1.6,7.3,1.5,26.9,1.8,17.6,2.3,7.1,1.4,34.4,2.8,11.6,2,0.2,0.2
"24021","Frederick County, Maryland","24","021",TRUE,"missing_estimate:",122002,11.7117927170236,2489,45.8,1,9.9,0.4,13.8,0.5,5.6,0.4,93.2,0.7,23.3,0.1,15.3,0.1,12.9,,10.1,0.4,69.9,0.5,2.3,0.3,52.5,1,13.4,0.8,7.9,0.6,8.3,0.6,0.9,0.2,6,0.5,18.4,0.7,4.4,0.4,21.2,0.8,33.1,0.7,3.9,0.5,0.6,0.2,23,0.9,4.4,0.5,0.4,0.2
"24023","Garrett County, Maryland","24","023",TRUE,"missing_estimate:",67688,11.1226641906043,3685,25.9,2,19.8,1.9,1.4,0.4,0.4,0.2,83,2.2,17.7,,24.2,0.2,1.4,,0.6,0.4,58.2,1.9,2.5,0.6,35.8,2.8,17.8,2,11.5,1.9,14.3,2.5,2.9,1,10.1,2,9.8,1.3,7.1,1.5,12.3,2.4,23.7,1.3,32.5,1.9,8.9,1.5,20.3,2.2,7.9,1.5,0,0.1
"24025","Harford County, Maryland","24","025",TRUE,"missing_estimate:",112265,11.6286174269663,2167,40.3,1.1,11.3,0.5,5.9,0.5,2.5,0.3,92.6,0.6,22.3,0.1,17.4,0.1,5.8,,14.1,0.5,67.5,0.8,2.6,0.3,50.2,1.3,12.9,0.8,7.3,0.5,10,0.7,0.5,0.2,6.5,0.7,15,0.8,3.8,0.4,14.9,1,32.1,1,3.5,0.5,2.6,0.3,20.3,1.1,4.4,0.6,0.3,0.1
"24027","Howard County, Maryland","24","027",TRUE,"missing_estimate:",149763,11.9168093235621,3158,64.5,0.9,8.7,0.4,22.8,0.8,8.8,0.6,96.6,0.6,23.8,0.1,15.2,0.1,8.7,,19.7,0.3,69.4,0.5,2.4,0.3,66.6,0.8,10.5,0.5,4,0.4,5.4,0.5,0.4,0.1,5.7,0.5,21.8,0.9,4.9,0.4,26,1,28.5,0.6,3.4,0.5,0.7,0.2,28.5,1,3.6,0.5,0.6,0.2
"24029","Kent County, Maryland","24","029",TRUE,"missing_estimate:",80147,11.2916177275181,6687,39.6,3.1,15.3,2.1,3.7,0.9,1.4,0.8,85,3.1,15.5,0.1,27.4,0.1,5.8,,14,0.5,60.1,2,1.8,0.7,41.8,4,14.8,2.5,11.3,2.1,11.1,2.4,5,1.6,10.3,2.8,11.6,2.5,8.5,2.1,11.8,2.2,25.4,2,18,2.5,2.6,1,27.5,3.6,5.7,1.6,0.3,0.5
"24031","Montgomery County, Maryland","24","031",TRUE,"missing_estimate:",132450,11.7939604947002,2073,60.6,0.5,9.4,0.3,33.6,0.4,15.8,0.3,95.7,0.3,22.8,,17,0.1,21,,18.3,0.2,69.8,0.3,3.4,0.2,60,0.6,14,0.4,5.8,0.3,5.7,0.3,0.2,0.1,3.4,0.2,23,0.5,6.8,0.3,28.3,0.6,31.9,0.4,4.3,0.3,0.2,0.1,34.7,0.6,8.5,0.4,1.1,0.1
"24033","Prince George's County, Maryland","24","033",TRUE,"missing_estimate:",101798,11.5307457365401,1449,36.7,0.6,10.5,0.3,25.3,0.5,14.6,0.3,93.8,0.3,22.1,,14.9,0.1,22.5,,58.2,0.3,69.6,0.3,4.4,0.3,43.5,0.7,18.7,0.6,10.8,0.4,9.4,0.4,0.2,0.1,2.2,0.2,15.8,0.5,5.2,0.4,17.9,0.5,35.2,0.4,4.9,0.4,0.6,0.1,37.7,0.7,9.2,0.5,1.8,0.2
"24035","Queen Anne's County, Maryland","24","035",TRUE,"missing_estimate:",112826,11.6336020879398,6672,38,2,10.5,1,5.1,0.8,2.1,0.5,90,1.5,21.1,0.1,20.7,0.2,5.7,,5.5,0.5,67.6,1.5,2.6,0.5,41.9,2,17.1,1.6,10.8,1.5,9,1.5,1.5,0.6,6.4,1,13.1,2,7.4,1.2,15,1.8,33.2,1.5,9.7,1.4,3,0.9,17.1,1.7,3.2,0.9,0.1,0.1
"24037","St. Mary's County, Maryland","24","037",TRUE,"missing_estimate:",119446,11.6906196653787,4480,36.5,1.6,11.9,1.1,4.3,0.6,2.6,0.7,93.1,1.1,23.9,0.1,14,0.1,6.1,,14.6,0.5,68.5,1.3,2.3,0.5,52.7,2.3,13.8,1.5,9.5,1.1,8.8,1.3,1.2,0.4,5.3,0.8,17.3,1.7,4.4,0.8,17.5,1.7,29.9,1.1,8.5,1.1,3.4,0.7,26.8,1.8,3.2,0.8,0.4,0.2
"24039","Somerset County, Maryland","24","039",TRUE,"missing_estimate:",64943,11.0812652410789,8347,19.4,2.4,15.1,2,5.1,2.1,2.8,1.9,83.4,2.7,17.5,0.2,17.8,0.3,4.6,,38.5,1.3,46,2.4,3.4,1.1,27.8,3.5,19.3,3.3,11.7,2.5,16.2,3.9,5,2.3,5.7,2,6.1,1.8,9.1,2.6,9.2,2.1,24.5,2.2,23.6,3,8.3,2.2,26.9,4,7.6,2.6,0.6,0.7
"24041","Talbot County, Maryland","24","041",TRUE,"missing_estimate:",84811,11.3481805303486,6636,42,2.1,15.3,1.3,8,1.2,4.5,1,90.1,1.9,18.6,0.1,29.6,0.2,9.6,,12.2,0.4,56.4,1.4,2.4,0.7,43.9,3.4,17.4,2.4,8.4,1.7,8.8,1.8,2,1,6.5,1.7,14.9,2.1,8.8,1.8,15.1,2.3,24.7,1.4,16.7,1.6,3.1,0.9,24.9,2.5,7.3,1.9,1,0.6
"24043","Washington County, Maryland","24","043",TRUE,"missing_estimate:",77747,11.261215244088,1758,24.1,1.1,15.3,0.7,6.6,0.8,3.3,0.5,88.5,1.1,21.8,,18.1,0.1,7.9,,11.5,0.4,59.6,1,2.5,0.4,40,2,16,1.4,9.8,1,14.2,1.1,1.3,0.3,7.2,0.8,11.5,1.1,4.9,0.7,12.4,1.3,28.8,1,6.7,0.9,2.3,0.5,33.2,1.4,7.7,0.8,0.9,0.3
"24045","Wicomico County, Maryland","24","045",TRUE,"missing_estimate:",76210,11.2412479666602,3602,29.5,1.5,11.9,0.8,9.4,1,6.5,1.1,89.7,1.3,22.5,,16.6,0.3,7.1,,26.5,0.6,66.3,1.1,3.9,0.7,36.4,2.1,21.4,1.7,8.3,1.2,13.6,1.5,1.6,0.6,10.4,1.4,8.4,1.2,5.3,0.9,7.9,1.3,23,0.7,8.3,1.3,3.9,0.7,37.7,1.8,5.7,1.1,1,0.5
"24047","Worcester County, Maryland","24","047",TRUE,"missing_estimate:",81745,11.3113599248095,4130,35.3,1.9,15.4,1.4,4.7,0.8,1.7,0.5,91.2,1.6,17.1,0.1,28.6,0.2,4,,12,0.5,58.8,1.5,3.9,0.6,43.5,2.6,21,1.9,8.5,1.4,6.7,1.3,2.8,1.3,4.7,1.2,12.2,1.7,7.2,1.4,12.3,1.8,23.3,1.3,57.6,1,4.8,0.7,22,1.9,5.9,1.2,1.1,0.8
"24510","Baltimore city, Maryland","24","510",TRUE,"missing_estimate:",62177,11.0377404354241,1378,36.1,0.7,16.5,0.5,9.3,0.4,4.5,0.3,85.4,0.7,20.9,0.1,15.3,0.1,8.2,,58.5,0.2,63.2,0.5,4.1,0.3,48.1,0.9,17.4,0.7,5.2,0.3,11.4,0.6,0.2,0.1,4.5,0.4,13.9,0.7,4.1,0.3,17.8,0.7,29.1,0.5,13.3,0.5,0.2,0.1,52.5,0.8,26.7,0.7,0.6,0.1
"25001","Barnstable County, Massachusetts","25","001",TRUE,"missing_estimate:",95241,11.4641658003357,2510,48.2,1.1,14.8,0.6,9.9,0.7,3.6,0.5,94.3,0.5,14.1,,33.1,0.1,3.7,,2.8,0.3,58.3,0.8,2.9,0.4,45.7,1.3,18.2,1,9.8,0.8,7.4,0.8,0.8,0.2,4.9,0.6,15,1.1,8.9,0.7,16,0.9,24.8,1,36.4,0.8,0.8,0.2,18.9,1,5.4,0.4,0.3,0.1
"25003","Berkshire County, Massachusetts","25","003",TRUE,"missing_estimate:",76013,11.2386596572722,3051,40,1.4,16,0.9,6.2,0.7,2.8,0.5,90.3,1.1,16,,25,0.1,5.9,,2.6,0.3,60.5,1,3.2,0.5,47.1,1.6,18.7,1.3,7.8,0.8,9.6,1,1.1,0.3,7.6,0.9,10.3,0.9,8.8,0.8,14.2,1.3,21.2,0.7,17.7,0.9,1.4,0.3,30.1,1.5,9.6,1,0.2,0.2
"25005","Bristol County, Massachusetts","25","005",TRUE,"missing_estimate:",85625,11.3577325755645,1601,30.8,0.7,14.9,0.4,13.6,0.5,8.5,0.4,90.2,0.6,20.5,,17.8,,10.2,,4,0.2,65.2,0.6,3.6,0.3,40.1,0.7,17.4,0.7,10.1,0.5,12.7,0.6,0.6,0.1,10.3,0.5,10.7,0.5,4.6,0.3,11.1,0.5,28.5,0.4,4.6,0.4,1.4,0.2,37.7,0.8,9.5,0.4,0.7,0.2
"25007","Dukes County, Massachusetts","25","007",TRUE,"missing_estimate:",125786,11.7423373292972,14169,51.9,5.1,11.1,2.4,13.8,4.8,8.9,4.1,95,2.9,16.8,0.1,26.5,0.7,3.3,,2.7,1.5,67.3,3.1,4.4,1.5,46.8,6.6,19.3,4.6,11.7,3.7,7.9,2.8,3.2,2,4.1,2,22.6,4.4,17.4,4.8,21.6,5.7,16.4,2.5,57.4,3.5,0,0.2,17.9,4.7,3.2,3,0.6,1
"25009","Essex County, Massachusetts","25","009",TRUE,"missing_estimate:",101883,11.5315803750674,1515,43,0.6,12.3,0.3,19.1,0.4,12.7,0.3,92.4,0.5,20.8,0.1,18.5,0.1,24.1,,3.5,0.1,67.5,0.5,3.4,0.2,46.2,0.7,16.1,0.6,7.2,0.4,11.1,0.4,0.4,0.1,10.7,0.4,14.7,0.5,5.7,0.3,16.4,0.5,28.5,0.3,5,0.3,0.4,0.1,36.5,0.7,9.3,0.5,1.1,0.2
"25011","Franklin County, Massachusetts","25","011",TRUE,"missing_estimate:",74907,11.2240026230823,3304,40.6,1.4,17.5,0.8,5,0.6,2.7,0.4,91.3,1.1,16.6,,24.6,0.1,5.4,,1.3,0.2,62.4,0.9,3.4,0.5,45.8,1.3,16.8,1.4,9.2,1,11.5,1,2.3,0.6,10.5,0.9,8.9,0.9,11.3,1.1,15.1,1.1,23.8,0.8,8.6,1,2.2,0.3,29.9,1.4,7.9,0.9,0.2,0.2
"25013","Hampden County, Massachusetts","25","013",TRUE,"missing_estimate:",71306,11.1747357543345,1758,29.3,0.8,16.9,0.6,9.4,0.5,11,0.5,89,0.7,20.9,0.1,18.3,0.1,27,,7.6,0.2,60.1,0.7,3.6,0.3,38.4,1.1,19.4,0.9,7.4,0.5,14.8,0.7,0.5,0.2,11,0.5,8.6,0.5,5.4,0.5,10.5,0.6,22.7,0.4,6.6,0.5,1.3,0.2,37.8,0.8,12,0.6,0.7,0.2
"25015","Hampshire County, Massachusetts","25","015",TRUE,"missing_estimate:",87001,11.3736748918235,3028,51.6,1.4,12.6,0.7,8.4,0.5,3.1,0.4,92.9,0.8,14.2,0.1,19.4,0.1,7.4,,2.5,0.3,61.5,0.9,3.1,0.3,49.8,1.4,18.1,1.2,5.9,0.7,9.5,1,0.6,0.2,7.7,0.8,9.8,0.9,7.2,0.8,18.4,1.2,23.2,0.6,7,0.9,1.2,0.3,32.2,1.3,7.4,0.9,0.5,0.2
"25017","Middlesex County, Massachusetts","25","017",TRUE,"missing_estimate:",130847,11.7817839806798,1164,59.5,0.5,9.9,0.2,23.1,0.3,10.3,0.3,94.7,0.3,19.5,0.1,16.3,0.1,9.3,,4.7,0.1,69.9,0.3,3,0.1,61.1,0.5,12.6,0.4,5.3,0.2,6.3,0.2,0.3,0.1,10.3,0.3,21.1,0.4,5.4,0.2,24.7,0.4,29.9,0.2,4.5,0.2,0.4,0.1,38.7,0.4,10.3,0.3,0.8,0.1
"25019","Nantucket County, Massachusetts","25","019",TRUE,"missing_estimate:",139688,11.847166643202,16786,56.3,5.6,9.7,3.1,15.8,4.4,8.3,4,95.3,2.4,20.5,1.8,16.1,0.8,17,,9.4,1.7,71.8,3.3,3.1,2.3,44,5.7,20.2,5.4,15.5,5.2,6.9,2.8,0.3,0.3,4.4,2.9,18,3.6,14.5,4.2,13,3.7,16,2.3,58.3,2.9,0.3,0.3,28.2,6.2,3.5,2,0.6,0.7
"25021","Norfolk County, Massachusetts","25","021",TRUE,"missing_estimate:",130739,11.7809582483689,2551,58.8,0.5,9.9,0.3,19.3,0.4,8.3,0.4,94.8,0.3,20.5,,17.8,0.1,5.8,,7.1,0.2,69.2,0.4,3.4,0.2,59.7,0.7,12.3,0.5,4.9,0.3,5.9,0.3,0.3,0.1,6.9,0.4,16.8,0.5,5,0.3,22.8,0.5,32.5,0.4,4,0.3,0.4,0.1,31.3,0.7,9.2,0.4,0.7,0.1
"25023","Plymouth County, Massachusetts","25","023",TRUE,"missing_estimate:",114201,11.6457153327331,1841,41.8,0.7,11.8,0.4,11.2,0.5,6.1,0.4,92.9,0.6,20.7,0.1,19.8,0.1,4.9,,7.8,0.4,66.7,0.6,3.4,0.2,45.3,0.7,17.1,0.5,8.8,0.4,9.4,0.5,0.5,0.1,6.6,0.4,13,0.6,5.7,0.5,16.2,0.6,32.5,0.5,6.9,0.5,2.3,0.2,22.4,0.7,6,0.4,0.7,0.2
"25025","Suffolk County, Massachusetts","25","025",TRUE,"missing_estimate:",95631,11.4682523142585,1765,50.6,0.6,12.6,0.4,29.8,0.6,18.3,0.5,91.6,0.4,16,0.1,13.3,0.1,23.2,,17.1,0.3,69.8,0.4,4.4,0.2,53.6,0.7,18.2,0.6,4.4,0.3,7.2,0.4,0.2,0.1,5.4,0.3,18.7,0.5,4.2,0.3,19.9,0.5,30.9,0.4,8.4,0.4,0.2,0.1,63.5,0.7,31.6,0.7,1.9,0.3
"25027","Worcester County, Massachusetts","25","027",TRUE,"missing_estimate:",95939,11.4714678518206,1131,39.7,0.6,13.4,0.3,14.5,0.4,8.4,0.3,92.9,0.4,20.6,0.1,17,0.1,13.7,,4.8,0.1,66.5,0.4,3.5,0.2,46.4,0.7,15.7,0.5,8.2,0.4,11.1,0.4,0.5,0.1,11.3,0.4,12.7,0.4,5,0.3,15.6,0.5,29.2,0.4,5.5,0.3,0.8,0.1,34.2,0.5,8.3,0.4,0.6,0.1
"26001","Alcona County, Michigan","26","001",TRUE,"missing_estimate:",54993,10.9149611833875,1572,21.4,2,23.1,1.7,2,0.6,0.5,0.3,83.4,1.8,12.6,0.5,37,0.4,1.7,,0.7,0.4,42.7,2,1.9,0.5,33.1,3,20,3.1,11.4,1.8,17.5,2.2,4.4,1.4,15.3,2.1,6.5,1.6,7.6,1.3,10.9,2.1,27.9,2.3,48.6,1.5,9.3,1.1,10.4,1.6,3.5,1,0.3,0.2
"26003","Alger County, Michigan","26","003",TRUE,"missing_estimate:",61286,11.0233067108486,1930,21,2.3,20.5,2.4,1.1,0.4,0.3,0.2,85.4,3.2,14.7,0.5,27.2,0.5,1.8,,7.6,0.9,41.3,2.2,2.8,0.9,31.6,3.8,21.7,3.6,10.3,2.3,17.9,2.6,4.6,1.7,11.3,2.7,4.8,1.4,5,1.6,8.2,2.2,22.9,2.8,43.2,2.6,6.7,1.4,13.7,2.7,5.6,1.9,0.3,0.3
"26005","Allegan County, Michigan","26","005",TRUE,"missing_estimate:",83283,11.3299997256948,2480,27.1,1.1,11.6,0.7,3.5,0.5,2.2,0.3,91.6,0.9,23.2,,18.4,0.1,8.1,,1.2,0.2,61.8,0.9,1.8,0.3,33.6,1.5,14.5,0.9,11.4,0.8,21.3,1.1,2.2,0.5,25,1.3,8.2,0.9,6.2,0.9,9.5,1,24.2,0.7,13.5,1.1,10.7,1,12.6,1,2.5,0.4,0.3,0.1
"26007","Alpena County, Michigan","26","007",TRUE,"missing_estimate:",53950,10.8958129706863,2679,18.3,2,22.1,1.8,1.2,0.5,0.9,0.7,85.1,2,18.5,0.1,25.2,0.3,1.7,,1,0.2,53.9,1.8,3.3,0.8,33.1,2.8,21.9,2.6,10.4,1.8,16.6,1.9,2.1,0.7,13.5,2,7.8,1.3,5.5,1.3,7.8,2,17.5,1.3,17.1,1.7,4.9,0.9,20,1.9,8,1.5,0,0.1
"26009","Antrim County, Michigan","26","009",TRUE,"missing_estimate:",72054,11.1851711168887,2793,34.3,1.6,16.2,1,1.6,0.4,0.4,0.2,88.8,1.6,16.9,0.2,28.7,0.2,2.2,,0.5,0.2,54.6,1.3,2.1,0.5,33,2,15.7,1.6,13.6,1.7,16,2,2.9,0.8,15.9,1.5,7.6,1.3,7.5,1.3,12.5,1.8,25.2,1.3,37.4,1.7,5.9,1.1,13.6,1.8,3.5,0.7,1,0.6
"26011","Arenac County, Michigan","26","011",TRUE,"missing_estimate:",58811,10.9820841912203,1914,16,1.4,17.7,1,0.8,0.3,0.7,0.4,87,1.6,18.5,0.1,27.2,0.3,2.2,,0.7,0.3,52.4,1.3,3.1,0.7,29.3,2.1,16,1.7,12,1.8,23.9,2.3,3.8,0.9,19.6,2.2,9.2,1.7,8.3,1.6,8.1,1.3,26.6,1.6,31.4,1.7,12.2,1.6,13.8,1.6,6.6,1.2,0.1,0.1
"26013","Baraga County, Michigan","26","013",TRUE,"missing_estimate:",55327,10.9210163142884,6240,14.8,1.7,22.1,2.3,0.7,0.4,0.8,0.5,83.9,2.4,17,0.4,23.2,0.1,1.7,,6.3,2.1,43.5,2.1,2.2,0.7,29.5,3.6,20.6,3.3,14.2,3.5,15.6,3.5,3,1.1,11,2.3,4,1.2,5.5,1.8,5.8,1.7,18.4,1.9,32,2.3,9.2,2.1,21.5,2.5,6.8,2,0.4,0.5
"26015","Barry County, Michigan","26","015",TRUE,"missing_estimate:",77500,11.2580332153414,3772,24.9,1.6,12.9,0.9,2.7,0.7,1.3,0.4,86.8,1.8,21.7,,19.5,0.1,3.7,,0.3,0.2,59.3,1.5,2.5,0.5,34.6,2,14.2,1.4,11,1.4,21.3,1.8,2.6,0.8,24.7,1.9,6.4,1,5.2,0.8,10.5,1.2,27.7,0.9,11.9,1.3,7.1,1.2,12.7,1.6,3.4,0.8,0.6,0.4
"26017","Bay County, Michigan","26","017",TRUE,"missing_estimate:",61763,11.0310597586485,2526,22.1,1.3,16.8,1,1.3,0.2,0.6,0.2,88.2,1.2,19.6,,21.9,0.1,5.9,,1,0.2,59.3,1,2.6,0.4,33.6,1.7,18.3,1.3,9.1,0.9,16.8,1.2,1.1,0.4,16.7,1.2,7.2,0.9,5.7,1,8.6,1.1,23.1,0.8,7.3,1,4.6,0.8,23,1.4,6.6,0.9,0.3,0.2
"26019","Benzie County, Michigan","26","019",TRUE,"missing_estimate:",74834,11.2230276061426,3104,36.9,2.1,17.6,1.5,1.4,0.3,0.5,0.2,93,1.2,16.9,0.1,28.7,0.2,2.5,,0.6,0.3,54.2,1.5,1.7,0.4,39.6,2.8,18.7,2,9.6,1.2,11.2,1.6,1.5,0.5,8.7,1.6,9.9,1.6,7.5,1.4,11.1,1.5,24.6,1.3,37.5,1.9,7,1,12.2,2,2.5,0.6,0.9,0.4
"26021","Berrien County, Michigan","26","021",TRUE,"missing_estimate:",65425,11.0886597273983,1108,30.9,0.9,14.3,0.7,5.5,0.4,2,0.3,89.3,0.9,21.3,,21.3,,6.3,,13.1,0.3,59.9,0.8,3.7,0.6,38.1,1.1,18,1.1,8.2,0.8,15.4,1,1.4,0.3,19.1,1.2,8.3,0.6,5.8,0.6,11.2,0.9,21.2,0.7,17.2,0.8,4.2,0.5,27.2,1.3,8,0.9,0.5,0.2
"26023","Branch County, Michigan","26","023",TRUE,"missing_estimate:",63724,11.0623165366928,1967,17.3,1,15.9,1.1,3.9,0.9,4.8,1.1,84.7,1.6,23.5,,19.4,0.2,6.8,,1.7,0.2,58.1,1.3,3.3,0.8,27.3,2,16.7,1.7,9.1,1,27.7,2,2.8,0.8,26.5,2,5.8,1.1,7.6,1.5,6.2,1.3,22.7,1,19.4,1.3,12.4,1.5,22.3,1.8,6.7,1,0.9,0.5
"26025","Calhoun County, Michigan","26","025",TRUE,"missing_estimate:",63177,11.0536955898479,2107,22.9,1.2,14.3,0.7,4.1,0.4,2.5,0.4,89.6,0.8,22.9,,18.6,0.1,5.9,,9.6,0.5,59.6,0.8,3.8,0.5,33.5,1.4,17.8,1.2,8.4,0.7,22.1,1.1,2.2,0.5,21.5,1.4,7.3,0.8,4.5,0.5,8.1,0.9,20.5,0.5,10.5,0.9,5.7,0.6,27.3,1.3,7,0.8,0.3,0.2
"26027","Cass County, Michigan","26","027",TRUE,"missing_estimate:",70443,11.1625591511411,3549,21.8,1.4,16.1,1.4,2.7,0.5,1.5,0.5,88.6,1.6,20.2,,22.6,0.1,4.5,,4,0.4,58.8,1.6,3,0.6,33.2,2.1,15.3,1.7,12.2,1.3,20.4,1.6,2.3,0.6,23.5,1.6,8.5,1.3,5.6,1.1,7.8,1.2,24.4,0.9,17.4,1.3,7.7,1,18.4,1.9,5.1,1,0.3,0.2
"26029","Charlevoix County, Michigan","26","029",TRUE,"missing_estimate:",76531,11.2454511664898,3028,35.2,1.8,14.8,1.2,1.8,0.3,1,0.3,90.1,1.4,17.6,,27.1,0.1,2,,0.5,0.2,57.8,1.2,1.9,0.7,35.9,2.1,19.7,1.7,11.8,1,15.8,1.6,0.9,0.4,17.1,2.1,10,1.3,8.6,1.1,12.4,1.6,19.9,0.9,30.5,1.7,8.1,1,16.5,1.8,5.4,1.1,0.4,0.2
"26031","Cheboygan County, Michigan","26","031",TRUE,"missing_estimate:",62875,11.048903907402,3272,24.4,2,19.2,1.7,2.2,0.5,0.5,0.2,87,1.9,15.3,0.2,29,0.1,1.7,,0.9,0.3,51.4,1.5,3.1,0.7,29.4,2.4,20.6,1.9,14.2,1.4,15.3,2.3,1.6,0.4,8.7,1.5,6.6,0.9,7,1.1,10.1,1.5,24.8,1.2,37.3,1.5,8,1.2,14.4,1.6,4.8,1.2,0.1,0.1
"26033","Chippewa County, Michigan","26","033",TRUE,"missing_estimate:",62217,11.0383835532815,2143,23.3,1.8,17.5,1.3,2.9,0.6,1.6,0.6,87.8,1.5,17.6,0.2,19.6,0.2,2.3,,5.6,0.5,53.1,1.3,2.7,0.5,31.2,2.2,23.6,2.1,9.4,1.3,12.7,1.7,1.6,0.4,7.5,1.4,5.9,1.2,5.5,1.1,6.5,1.1,17.4,0.9,30.8,1.6,8.2,1.1,25,1.9,6.9,1.4,0.8,0.4
"26035","Clare County, Michigan","26","035",TRUE,"missing_estimate:",49384,10.8073817640737,2661,12.9,1.2,24.3,1.7,0.9,0.3,2.2,0.9,82.3,2.2,19.3,0.1,25.6,0.2,2.3,,0.9,0.2,46.2,1.6,4.4,0.7,26.9,2.2,20.4,1.8,11.3,1.7,20.6,2,2.5,0.8,14.6,1.8,6.4,1.3,7.7,1.6,10.9,2,29.9,2.6,43.1,1.9,16.2,1.4,13.1,1.6,7.8,1.3,0.8,0.4
"26037","Clinton County, Michigan","26","037",TRUE,"missing_estimate:",88210,11.3874756142528,4115,35.4,1.7,12.9,0.8,2.7,0.3,1.2,0.2,90.3,0.9,21.4,,18.8,0.1,5.2,,1.8,0.2,63.9,1,2.4,0.5,42.9,1.8,14.4,1.2,8.8,0.9,12.8,1.2,2.1,0.4,11.5,1,8.3,0.9,5.7,1,16.3,1.3,23.9,0.8,5,0.8,6.1,0.7,17.8,1.2,2.8,0.5,0.4,0.2
"26039","Crawford County, Michigan","26","039",TRUE,"missing_estimate:",60392,11.0086119248195,4587,20.3,2.2,23.9,2.2,1.6,0.5,0,0.1,89.9,1.5,17.5,0.4,27.3,0.5,2.4,,0.4,0.2,49.8,2.4,4,1.1,32.7,3.7,19.5,2.8,10.5,2.6,13.6,2.2,2.6,1.3,11.4,2.2,8.6,2.2,6.2,2.1,8.4,2.9,25.7,2.9,39.7,2.3,11.1,1.9,20.4,3.2,8.3,2.2,0.2,0.2
"26041","Delta County, Michigan","26","041",TRUE,"missing_estimate:",57809,10.9648997518816,3201,20.6,1.9,17.1,1.4,1,0.2,0.4,0.2,87.1,1.4,19.1,0.1,26.2,0.2,1.5,,0.2,0.1,51.2,1.9,2.2,0.6,30.9,2.7,18.3,2.4,11.6,1.6,17.8,2.1,2.1,0.7,16.8,2.3,3.6,0.9,6.3,1.2,5.8,1.1,18.2,1.4,19.5,1.6,7.3,1,18,1.8,7.2,1.3,0.4,0.4
"26043","Dickinson County, Michigan","26","043",TRUE,"missing_estimate:",65156,11.0845396734775,3928,25.3,2.4,17.7,2.1,1.6,0.6,1,0.6,87.6,2.3,20,0.4,24.2,0.3,2,,0.3,0.2,57.5,1.9,2.1,0.7,33.6,3.5,16.2,3,8.7,1.9,17.1,2.5,1.9,0.9,14.7,2.3,6.7,1.6,3.5,1.2,9,2.5,17,1.8,14.7,1.8,4.6,1.1,17.6,2.7,7.3,1.7,0.1,0.1
"26045","Eaton County, Michigan","26","045",TRUE,"missing_estimate:",79597,11.28473168268,2067,30.8,1.1,15.3,0.7,4.2,0.5,1.9,0.4,91.2,0.8,20.5,,20.1,0.1,6.3,,6.7,0.3,63.6,0.8,2.9,0.4,38.3,1.3,15.5,1.1,7.8,0.8,17.6,1.2,1,0.3,16.1,1.3,8.4,0.8,4.5,0.6,15.1,1.2,22.7,0.7,4.9,0.9,5.1,0.7,25.8,1.3,5.3,0.8,0.4,0.2
"26047","Emmet County, Michigan","26","047",TRUE,"missing_estimate:",78112,11.2658989731927,4802,41.6,2.1,13.4,1.2,1.5,0.4,0.7,0.3,91.1,1.7,18.1,,25,0.2,2.1,,0.4,0.2,60.6,1.2,1.9,0.5,39.3,2.2,18.8,2,11.1,1.5,10,1.4,0.9,0.4,10,1.4,7.7,1.2,9.7,1.3,10.7,1.5,19.9,1.1,30.9,1.8,5.5,0.9,23,1.7,5,1.3,0.2,0.1
"26049","Genesee County, Michigan","26","049",TRUE,"missing_estimate:",62281,11.039411682338,1425,23.3,0.7,17.8,0.6,2.9,0.2,1.4,0.2,89.6,0.7,22.2,0.1,18.8,0.1,4.3,,19.1,0.3,58.5,0.7,4.7,0.4,35.3,1.1,18.2,0.8,8.8,0.5,18,0.7,0.9,0.3,17,0.8,9.4,0.7,5.7,0.5,9.9,0.7,26.9,0.5,9,0.5,5.6,0.4,29.3,0.7,7.4,0.5,0.2,0.1
"26051","Gladwin County, Michigan","26","051",TRUE,"missing_estimate:",55349,10.9214138711262,2210,16.9,1.5,20.1,1.1,1.2,0.4,1.3,0.4,86,1.5,18.9,0.1,27.3,0.2,2.2,,0.3,0.1,47.4,1.5,3.2,0.6,30.5,2.5,18.8,2.2,13.2,1.5,18.9,1.8,2.3,0.6,17.3,2.1,7.3,1.3,5.7,1.1,9.9,1.6,29.8,1.3,33.8,1.6,11.3,1.1,13.9,1.6,7.8,1.3,0.7,0.4
"26053","Gogebic County, Michigan","26","053",TRUE,"missing_estimate:",52732,10.8729777608779,3913,22.8,2.5,19.1,1.9,1.2,0.5,0.6,0.4,85.9,2.2,16.4,0.3,29.4,0.4,2,,0.4,0.3,53.2,2.1,3.5,1,34.5,3.2,17.9,2.6,11.7,2.2,12.3,2.5,2.4,1.1,10.8,2.4,6.2,1.5,6.8,1.7,7.5,2.2,19.1,1.8,32.8,2.5,2,0.7,19,2.8,7.6,1.9,0.2,0.2
"26055","Grand Traverse County, Michigan","26","055",TRUE,"missing_estimate:",81647,11.3101603555313,3008,40.6,1.4,12.7,0.8,2,0.3,0.6,0.2,91.9,1.2,19.4,,22,0.1,3.4,,0.8,0.3,64,1.1,2.4,0.5,42.7,1.5,16.7,1.4,8.9,1,11.9,1.4,1,0.3,9.9,1,11.7,1.1,7.7,0.9,15.2,1.3,20.6,0.7,14.3,1.3,6.7,0.9,22.8,1.6,4.9,0.7,0.2,0.1
"26057","Gratiot County, Michigan","26","057",TRUE,"missing_estimate:",63556,11.0596766860083,2453,18.7,1.3,16,1.2,1.3,0.3,1.1,0.3,85.9,1.3,19.5,,17.8,0.2,7.7,,5.8,0.3,52.7,1.3,2.2,0.5,31.1,1.7,21.8,1.9,9.9,1.3,16.9,1.4,3.3,0.5,15.1,1.3,6.2,1.2,6.1,0.8,7.7,1.2,23.9,1.1,8.1,1.2,9.7,1.2,21.1,1.8,5.2,1.3,0.3,0.3
"26059","Hillsdale County, Michigan","26","059",TRUE,"missing_estimate:",64242,11.0704124813863,2663,21.2,1.4,16.3,1,1.5,0.4,0.8,0.4,85.9,1.2,21.5,,21.4,0.1,2.8,,0.7,0.2,57,1.1,2.5,0.4,31.5,1.8,16.2,1.4,10.7,0.9,22.5,1.7,3.4,0.6,20.6,1.6,5.3,1,7.1,1.2,8.1,1.1,24,1,17,1.3,9.2,1,18,1.4,5.5,1,0.8,0.4
"26061","Houghton County, Michigan","26","061",TRUE,"missing_estimate:",58899,10.9835793915669,3371,37.2,2.1,11.6,0.9,5.3,1.2,2,1.1,88.7,1.5,19.8,,18,0.2,1.8,,1.1,0.1,57.8,1.8,3.3,0.9,42.5,2.7,19.3,2.3,9.1,1.3,11.6,1.5,1.5,0.5,10.7,1.2,8.3,1.3,5.2,1.1,11,2.3,15.6,1,24.2,1.8,4.2,0.7,28.2,1.8,6.5,1.1,0.7,0.5
"26063","Huron County, Michigan","26","063",TRUE,"missing_estimate:",58870,10.9830869020223,2129,18.5,1.1,16.1,1,1.7,0.3,1,0.4,83.4,1.4,19,,27.2,0.2,2.8,,0.3,0.2,55.5,0.9,2.3,0.4,31.5,1.7,16.4,1.3,13.1,1.2,20.3,1.6,8.1,0.9,20.4,1.3,5.9,0.9,10.3,1.3,7.6,1.2,20.9,0.9,30.5,1.3,5.9,0.6,18.2,1.4,6.3,1,0.1,0.1
"26065","Ingham County, Michigan","26","065",TRUE,"missing_estimate:",65526,11.0902022894258,1674,41.2,0.9,13.9,0.6,9.4,0.6,3.9,0.4,90.3,0.7,19.6,0.1,14.9,0.1,8.7,,11,0.4,64.2,0.7,4,0.4,44.5,1,17.2,0.8,5.6,0.5,13.9,0.8,0.6,0.2,9.7,0.8,10.5,0.7,4,0.4,17.3,0.9,20.5,0.4,7.2,0.7,2.6,0.4,40.5,1.1,8.9,0.7,0.7,0.2
"26067","Ionia County, Michigan","26","067",TRUE,"missing_estimate:",75611,11.2333570542286,2186,18.5,1.2,14.4,1.2,1.4,0.3,0.7,0.3,87.6,1.5,20.9,,15.8,0.1,5.3,,3.3,0.5,59.2,1.4,2.3,0.5,32,2.4,15.4,1.7,12,1.5,22.7,1.8,4.2,1,20.9,1.8,7.5,1.3,5.6,1,9.1,1.5,27.1,1.1,6.1,1.1,11.7,1.1,22.7,1.9,6.2,1.3,0.1,0.1
"26069","Iosco County, Michigan","26","069",TRUE,"missing_estimate:",50066,10.8210974139762,2086,19.3,1.4,20.4,1,2,0.4,0.7,0.3,84.9,2,17,,31.1,0.2,2.8,,0.9,0.3,47.9,1.4,3.1,0.8,28.9,2.4,17.7,2.1,15.8,1.9,16.8,2.2,2.3,0.6,14.3,1.9,5.7,1.1,6.4,1.1,7.2,1.3,21,1.3,41.6,1.6,6.8,1.2,17.9,2.1,7.2,1.2,0.3,0.2
"26071","Iron County, Michigan","26","071",TRUE,"missing_estimate:",55940,10.932034966756,3026,22.5,2,22.9,2.2,0.9,0.3,0.4,0.2,83.1,2.2,17.5,0.4,31.4,0.3,2.3,,0.9,0.2,47.9,2.2,2.6,0.9,32.1,3.1,18,3.4,11.9,1.6,22.1,3.2,3.9,1.2,14,2.3,9.5,2,6.8,1.9,11.6,2.2,20,1.2,39.4,2.1,3.8,0.8,15.5,2,6.6,1.4,0.1,0.1
"26073","Isabella County, Michigan","26","073",TRUE,"missing_estimate:",55237,10.9193882975763,2195,31.3,1.4,14.9,1,3.3,0.5,2.2,0.6,81.7,1.9,17.8,,14,0.1,5.1,,2.4,0.3,62.4,1.2,4,0.7,35.4,2,21.6,1.9,7.9,0.8,16.1,1.4,2,0.4,11.1,1.1,5.7,0.8,5.6,0.8,7.8,1,19.6,0.7,13.1,1.5,8.7,1,38.2,1.5,7.2,1.1,0.4,0.2
"26075","Jackson County, Michigan","26","075",TRUE,"missing_estimate:",66073,11.0985154703803,1893,23.4,1,14.5,0.7,2.2,0.4,1,0.2,91.5,0.8,20.9,,19.1,0.1,4.1,,7.4,0.4,56.8,1,3.1,0.4,35.3,1.7,17.9,1.1,9.4,0.9,17.5,1.2,1.2,0.4,19.6,1.3,7.3,0.8,5.2,0.7,9.8,1,22.5,0.5,9.7,0.8,5.3,0.7,25,1.2,6.7,0.8,0.2,0.1
"26077","Kalamazoo County, Michigan","26","077",TRUE,"missing_estimate:",72532,11.1917831227739,1537,41.3,1,11.9,0.6,5.8,0.4,1.9,0.3,90.6,0.8,21.3,,16.1,,5.9,,10.8,0.5,65.7,0.8,3.6,0.4,43.1,1.2,17.3,1.1,5.9,0.5,14.5,0.9,1.1,0.2,17.8,0.8,9.9,0.7,4.7,0.5,12.5,0.7,20.7,0.4,6.8,0.6,3.4,0.4,35.5,1,7.3,0.7,0.3,0.1
"26079","Kalkaska County, Michigan","26","079",TRUE,"missing_estimate:",68578,11.1357270625704,3573,19,1.8,18.7,1.6,1.4,0.4,0.5,0.2,87.4,1.7,20.1,0.3,21.7,0.3,2.3,,0.8,0.3,55.5,1.8,2.1,0.4,26.6,2.4,17.1,1.9,13.5,1.7,18.9,1.8,3.2,1.2,16.7,2.5,6.6,1.3,6.5,1.4,7.4,1.7,29.7,1.7,33.4,1.8,14.3,1.5,11.8,1.9,5,1.2,0.5,0.4
"26081","Kent County, Michigan","26","081",TRUE,"missing_estimate:",82631,11.3221401917641,1165,40.8,0.7,11,0.3,8.9,0.3,5.7,0.3,92.2,0.5,23.5,0.1,14.9,0.1,11.7,,9.4,0.2,68.8,0.5,2.9,0.2,43.6,0.8,14.2,0.5,6.3,0.3,16.6,0.6,0.8,0.1,18,0.6,11.7,0.4,4.6,0.3,14.3,0.5,21,0.3,4.6,0.4,3.8,0.2,29.7,0.7,6.2,0.4,0.5,0.1
"26083","Keweenaw County, Michigan","26","083",TRUE,"missing_estimate:",52583,10.870148152571,5516,41.2,4.3,18,2.7,1.5,1,0.4,1.1,86.1,4.5,14.9,0.9,36.5,0.6,2,1.2,0,1.4,45.1,3.9,1,0.8,40.5,6.6,19.6,7.2,9.8,4.5,14.4,5.6,1.2,1.4,8.7,3.6,7.3,3,7,3,17.6,4.7,21.6,3.7,50.8,3.6,1.8,0.9,9.3,3.5,2.4,1.3,0.4,0.5
"26085","Lake County, Michigan","26","085",TRUE,"missing_estimate:",50805,10.83575005392,2404,12.7,1.6,24.3,2,1,0.4,1.3,1,81.2,1.9,14.8,0.1,27.2,0.5,9.3,,7.8,1.1,44.7,1.5,3.3,1.1,25.6,3.1,20.1,2.9,11.6,3,23.8,4.6,2.7,0.9,20.1,4.8,8.6,2.4,8.8,2.4,9.9,3.2,34,2.3,61.4,1.2,26.5,1.4,18,2.7,6.9,1.1,0.4,0.3
"26087","Lapeer County, Michigan","26","087",TRUE,"missing_estimate:",77306,11.2555268512269,2688,20.4,1.1,15.5,0.9,2.3,0.4,1.7,0.4,88.2,1.3,19.9,,20.2,0.1,5,,1,0.2,59.4,1,3,0.5,32.6,1.3,16.3,1.3,13,1.1,19.5,1.3,1.4,0.4,24.3,1.3,8.2,1,6,1.1,8.7,1.2,34.5,1,6.2,0.9,7.3,0.8,14,1.1,4.5,1,0.1,0.1
"26089","Leelanau County, Michigan","26","089",TRUE,"missing_estimate:",99422,11.507128696123,6699,51.8,2.1,12.7,1,1.9,0.3,0.6,0.2,93.1,1.1,15.4,0.2,33.8,0.2,4.3,,0.6,0.2,50.7,1.2,1.7,0.4,48.1,2.6,16,2.2,9.7,1.4,8.9,1.4,2.8,0.9,7.7,1.2,15.5,2.2,12.9,1.8,15.9,1.9,23.6,1.9,38.8,1.8,2.3,0.6,8.4,1.5,2.8,0.9,0.2,0.1
"26091","Lenawee County, Michigan","26","091",TRUE,"missing_estimate:",70518,11.1636232753609,1768,22.7,1.4,14.6,0.8,2.2,0.4,1.4,0.3,89.5,1,20.5,,20.3,0.1,8.9,,2.3,0.2,58.1,1,2.7,0.5,31.8,1.9,18.1,1.3,10,1,21.2,1.6,2.7,0.5,20.2,1.3,7.2,0.8,5.7,0.8,9.1,1,27.6,0.8,11.2,0.9,5.9,0.7,20.4,1.4,5.4,0.9,0.4,0.2
"26093","Livingston County, Michigan","26","093",TRUE,"missing_estimate:",103039,11.5428628363221,1720,40.2,1,11.5,0.5,3,0.2,0.8,0.1,93.3,0.7,20.3,0.1,19.7,0.1,3,,0.6,0.1,63.9,0.8,2.2,0.3,45.9,1.2,13.5,0.8,9.4,0.7,11.2,0.7,0.7,0.2,18.5,0.9,10.8,0.7,4.7,0.5,16.7,0.9,30.6,0.6,4.9,0.6,5.8,0.6,13.1,0.8,3.2,0.5,0.2,0.1
"26095","Luce County, Michigan","26","095",TRUE,"missing_estimate:",54893,10.9131411148145,2148,17.3,3,24,2.9,1.4,0.6,1.1,0.6,85.9,3,16.3,0.4,22.6,0.5,2,,8.2,1.4,41.2,2.5,4.1,1.6,33.6,5.7,25,5.3,15.4,5.8,11.3,3.3,5.7,2.4,11.4,3.8,7.8,3.1,6.7,2.5,7.6,3,18.2,3,39.6,3.3,9.6,2.6,17.4,4,5.6,2.2,0.2,0.3
"26097","Mackinac County, Michigan","26","097",TRUE,"missing_estimate:",63909,11.0652154755183,3854,25,2.2,20.2,1.9,5.9,1.4,2.3,1.1,84.4,2.2,15,0.2,29.7,0.2,2.3,,4.8,0.4,51.4,2.1,4.1,1.4,38.8,4.3,21.9,4.2,10.7,1.8,9.1,1.8,3.1,1,5.8,1.7,4.2,1.1,6.4,1.8,10.5,2.1,24,1.7,50.9,1.7,7.4,1.2,22.1,2.5,10.1,1.6,0.7,0.5
"26099","Macomb County, Michigan","26","099",TRUE,"missing_estimate:",77837,11.2623721755211,1037,27.7,0.5,14,0.3,11.7,0.4,6.2,0.3,93.2,0.3,20.6,0.1,18.3,0.1,3.2,,12.7,0.2,63.8,0.4,3.6,0.2,38.4,0.7,15.9,0.5,7.6,0.3,16.5,0.4,0.4,0.1,20.5,0.6,10.6,0.4,4.4,0.3,13.4,0.6,26.3,0.3,3.9,0.3,3.6,0.2,25,0.6,6.2,0.4,0.6,0.1
"26101","Manistee County, Michigan","26","101",TRUE,"missing_estimate:",63516,11.059047121646,2576,24.9,1.8,18.8,1.2,1.6,0.4,1.1,0.4,86.1,1.7,16.6,0.1,28,0.1,3.6,,3.2,0.4,49.8,1.3,3.2,0.6,32.9,2.7,19.3,2.1,12.9,1.8,14.5,1.8,2.5,0.6,13.3,1.7,9.2,1.6,7.9,1.6,10.8,1.7,21.7,0.9,32.8,1.8,7.5,0.9,14.2,1.6,4.8,1,0.3,0.3
"26103","Marquette County, Michigan","26","103",TRUE,"missing_estimate:",65429,11.0887208642379,2954,36.8,1.7,15.5,0.9,2.1,0.6,0.7,0.2,84.8,1.5,17.5,,20.3,0.1,2.1,,1.3,0.2,59.6,1,2.7,0.4,35.3,2.1,23,1.9,10.8,1,11.1,1.3,3.8,0.6,6.8,0.8,7.1,1,5,0.8,7.5,0.9,18,0.8,15.9,1,4.2,0.7,30.4,1.5,5.9,0.9,0.2,0.1
"26105","Mason County, Michigan","26","105",TRUE,"missing_estimate:",64748,11.0782580910539,3281,26.6,2,17,1.5,1.7,0.4,1.2,0.5,86.5,1.8,19.6,,26.3,0.2,4.9,,1,0.3,54.5,1.3,2.5,0.5,36,2.4,16.2,1.9,11.8,1.5,16.3,1.9,3.1,0.7,15.7,2.2,8.7,1.6,7.4,1.5,11,1.5,19.5,1,27.3,1.9,10.4,1.3,21.7,2.4,6.5,1.6,0.2,0.3
"26107","Mecosta County, Michigan","26","107",TRUE,"missing_estimate:",60951,11.0178255416657,2088,22.5,1.5,16,0.9,2,0.4,1.6,0.5,82,1.8,19.1,,20.4,0.1,3,,2.1,0.3,54.4,1.5,2.2,0.4,33,2.3,18.2,1.9,11.1,1.4,19.5,1.7,3.2,0.7,15,1.4,5.5,1,5.2,0.8,8.7,1.3,23.7,1,21,1.8,14.5,1.2,23.1,1.9,7.1,1,0.9,0.4
"26109","Menominee County, Michigan","26","109",TRUE,"missing_estimate:",56435,10.9408448123897,3732,18.5,1.8,16.6,1.3,1.6,0.6,0.9,0.5,85,1.9,17.4,,26.9,0.3,2.4,,0.4,0.2,54.5,1.6,2.3,0.5,29.8,2.3,15.7,2,10.8,1.7,25.4,1.8,2.9,0.9,29.2,2.2,5,1.1,5.6,1.1,7.9,1.6,22.8,1.5,21.9,1.6,7.5,1.3,19.3,2.1,6.9,1.6,0.2,0.1
"26111","Midland County, Michigan","26","111",TRUE,"missing_estimate:",77705,11.2606748843497,2331,36.6,1.1,14.7,0.9,3.2,0.4,0.9,0.3,89.5,1.1,20.9,,20.2,0.1,3.4,,1.2,0.3,59.5,1,2.6,0.4,43.7,1.9,17.5,1.2,8.2,1,12.1,1,1,0.3,19.1,1.3,10.4,1.3,5.1,0.7,12,1.2,23.7,0.9,5.8,1.1,7.6,0.9,21.9,1.5,5.4,0.8,0.1,0.1
"26113","Missaukee County, Michigan","26","113",TRUE,"missing_estimate:",66194,11.1003451033765,5534,18.8,1.6,18.3,1.5,1.6,0.5,1.5,0.5,86.5,1.4,22.2,0.2,22,0.2,3.4,,0.3,0.1,57.7,1.6,3.9,0.8,28.6,2.1,15.3,1.7,15.1,2,20.9,1.7,6,1.3,17.1,1.9,4.5,1,6,1,5.2,0.9,24.5,1.3,31.9,1.9,14.9,1.4,15.1,1.6,4.7,1.2,0.8,0.4
"26115","Monroe County, Michigan","26","115",TRUE,"missing_estimate:",77335,11.2559019134722,2293,23.3,1,14.8,0.8,2.3,0.3,1,0.2,89.2,0.9,20.9,,19.9,0.1,4.4,,2.2,0.3,59.5,1.1,3,0.4,35.9,1.3,15,0.9,11.9,1.1,19,1.2,1.2,0.3,19.9,1.1,8.7,0.9,4.3,0.6,8.8,1,26.2,0.5,5.4,0.7,8,0.8,18.3,1.1,4.7,0.7,0.3,0.2
"26117","Montcalm County, Michigan","26","117",TRUE,"missing_estimate:",67344,11.1175690910104,2180,16,1.1,16.2,1,2.3,0.8,1.9,0.6,83.9,1.4,20.8,,17.9,0.1,4.5,,3.2,0.6,56.1,1.3,2.8,0.7,26.1,2,15.6,1.5,13.9,2.2,24.8,1.8,2.6,0.5,22.6,1.6,5.7,1.1,6.8,1.1,6.9,1,30.7,1.1,12.9,1.2,13.7,1.4,16.9,1.6,5.7,1.1,0.8,0.4
"26119","Montmorency County, Michigan","26","119",TRUE,"missing_estimate:",49756,10.8148863383299,3273,15.6,2.3,24.7,2.2,1.8,0.5,1.1,0.6,82.9,2.2,14.9,0.5,33.1,0.3,1.7,,0.7,0.3,41.9,2.1,2.2,0.7,26.2,4,17.6,3.1,14.5,3.1,20.8,2.8,5.2,2.2,18.4,2.6,5.7,1.9,8.1,1.9,10.1,2.4,26.3,3.1,44.9,2.2,8.4,1.7,12.1,2.6,6.6,1.7,0,0.1
"26121","Muskegon County, Michigan","26","121",TRUE,"missing_estimate:",65024,11.0825117114981,1543,21.3,1,15.1,0.6,1.9,0.2,1,0.2,88.8,1.1,22.5,,18.5,0.1,6.3,,12,0.5,59.5,0.9,3.8,0.5,31.4,1.6,18.2,1,8.9,0.8,22.5,1.2,0.9,0.3,24.6,1.2,7.9,0.9,5.2,0.6,7.2,0.7,21.6,0.6,10,0.9,6.8,0.7,21.9,1.2,7.4,0.7,0.4,0.2
"26123","Newaygo County, Michigan","26","123",TRUE,"missing_estimate:",63304,11.055703797289,2643,18.1,1.3,17.8,1,2.1,0.3,1.3,0.4,83.8,1.4,21.9,,20.7,0.1,6.3,,0.8,0.2,55.6,1.2,2.4,0.5,27.1,1.9,14.6,1.4,14,1.2,24.7,2.3,4.2,0.9,21.6,1.8,7.8,1.2,5.5,0.8,8.2,1.3,30.6,1.2,21.2,1.4,19.1,1.4,13.5,1.3,4.7,0.8,0.4,0.2
"26125","Oakland County, Michigan","26","125",TRUE,"missing_estimate:",97760,11.4902707744054,1268,51,0.5,11.5,0.3,13.3,0.3,4.9,0.2,94.2,0.3,20.3,,18.4,0.1,5,,12.7,0.2,66.3,0.3,3.2,0.2,54.5,0.5,12.3,0.3,5.1,0.2,9.6,0.3,0.3,0.1,19.6,0.4,15,0.3,4.8,0.2,20.2,0.4,25.8,0.2,5.5,0.3,2.8,0.2,27.3,0.4,5.3,0.2,0.4,0.1
"26127","Oceana County, Michigan","26","127",TRUE,"missing_estimate:",62417,11.041592953151,3332,21.5,1.4,17.9,1,4.1,0.7,3,0.6,83.1,1.7,21.3,0.2,22.5,0.2,15.5,,1,0.3,55.9,1.4,3.6,0.7,28,2.1,15.9,1.6,15.2,1.9,23.9,2.1,8.8,1.7,21.8,2,5.9,1,7.7,1.2,7.4,1.1,23.7,1,33.7,1.2,15.9,1.3,15.5,1.5,4.3,0.8,0.6,0.3
"26129","Ogemaw County, Michigan","26","129",TRUE,"missing_estimate:",54666,10.9089972229419,2368,17.2,1.5,20.4,1.4,1.9,0.5,0.7,0.3,86.4,1.7,17.8,0.2,27.9,0.2,2.3,,0.5,0.2,47.5,1.7,3,0.7,33,2.1,18.1,2.2,11,1.6,16.1,1.6,3.5,1.1,10.2,1.4,5.9,1.1,6.3,1.2,9.6,1.9,26.9,1.7,38.9,1.8,7.5,1.1,16.3,1.7,5.7,1.1,0.6,0.4
"26131","Ontonagon County, Michigan","26","131",TRUE,"missing_estimate:",54398,10.9040826674623,5453,18.4,2.1,22,1.8,1.1,0.4,0.3,0.2,86.1,1.9,11.4,0.5,38.2,0.4,1.8,,0.5,0.6,42.9,1.6,2.3,0.8,33.2,3.8,23.5,3.7,11.8,2.4,17.6,2.8,8.7,2.3,8,2.1,6,1.7,6.5,2,11.7,2.9,25,3.3,39.9,2.1,5,1.2,12.9,2.2,4.7,1.3,0.1,0.1
"26133","Osceola County, Michigan","26","133",TRUE,"missing_estimate:",58267,10.9727911743429,1942,16.6,1.2,19.1,1.1,0.9,0.2,1.2,0.4,82,1.5,22.3,0.1,22,0.1,2.1,,1.1,0.2,53.3,1.4,3.4,0.8,28.6,2.2,15.7,1.3,13,1.6,24.7,1.5,4.8,1.1,21.1,1.5,4.7,0.9,6.8,1,6.2,0.9,25.8,1,26,1.5,17.8,1.6,16.3,1.6,7,1,0.4,0.2
"26135","Oscoda County, Michigan","26","135",TRUE,"missing_estimate:",49515,10.8100309329554,3496,15.6,2.4,22.7,2.3,0.9,0.4,1.9,0.8,81.4,2.8,19.6,,29.4,0.4,2.1,,0.4,0.4,44.2,2.5,3.6,1.2,23.2,4.7,24,3.9,12.1,2.5,21.1,4.3,1.9,1.1,21.1,3.5,6.7,2.2,10.2,3,12.1,2.9,29.1,4.4,50.9,2.1,14.9,2.1,12.8,2.5,9.5,1.9,0.2,0.2
"26137","Otsego County, Michigan","26","137",TRUE,"missing_estimate:",68183,11.1299505458972,4808,26.3,2.5,16.1,1.6,1.6,0.6,0.6,0.3,91.3,1.8,20.8,0.2,22.1,0.2,2,,0.7,0.3,63.1,1.6,2.5,0.6,33.8,2.8,19.6,2.9,10,1.5,16.4,2.2,3.1,1.2,10.9,1.9,5,1.1,7.1,1.6,10.2,2.1,20.2,1.4,24.5,2.3,6.9,1.4,22.8,2.2,4.1,1.4,0.4,0.4
"26139","Ottawa County, Michigan","26","139",TRUE,"missing_estimate:",90502,11.4131272288913,1860,38.9,1.1,10.1,0.5,5.1,0.3,2.9,0.3,93,0.6,23,,16.7,0.1,10.3,,1.5,0.1,66.9,0.7,2.4,0.3,41.9,1.1,14.8,0.7,7.2,0.5,17.5,0.9,1.1,0.2,22.2,1,8.7,0.5,5.4,0.4,10.3,0.7,20.1,0.3,5.3,0.6,5.4,0.5,20.7,0.9,3.7,0.5,0.3,0.1
"26141","Presque Isle County, Michigan","26","141",TRUE,"missing_estimate:",59321,10.9907186538306,3539,21.4,1.8,19.8,1.5,1.1,0.5,1.1,0.4,85.1,1.7,15.4,0.3,33.7,0.2,1.6,,0.2,0.2,45.9,1.5,3,0.6,32,2.8,14.9,2.2,14.5,2.2,16.9,2.4,7.8,1.6,11,1.6,5.9,1.4,8.2,1.4,10.4,2.3,26.7,1.9,32.1,1.9,5.6,0.9,11.3,1.9,6.3,1.3,0.3,0.2
"26143","Roscommon County, Michigan","26","143",TRUE,"missing_estimate:",55246,10.9195512185691,2903,20.2,1.8,24.3,1.5,1.3,0.4,0.5,0.3,87.8,1.8,14.3,0.1,34.5,0.1,2,,0.7,0.3,42.3,1.7,2,0.5,34.4,2.7,16.9,2.8,11,1.9,14,2.1,1.7,0.9,10.5,1.9,8.8,1.8,8.1,2.2,11.2,1.9,24.3,1.6,50.1,1.5,8.9,1.2,14.6,1.9,6.8,1.8,0.9,0.5
"26145","Saginaw County, Michigan","26","145",TRUE,"missing_estimate:",60622,11.0124131424793,1588,24.4,0.9,17.4,0.7,2.4,0.4,1.4,0.3,89,0.8,21.3,,20.4,0.1,9.2,,18.1,0.4,57.2,0.8,3.7,0.4,36.3,1.3,18,1,8.2,0.7,16.4,1,1.3,0.3,16.4,1,8.7,0.9,4.5,0.6,10,1,22.4,0.7,9.6,0.8,3.8,0.4,25.9,1.1,7,0.8,0.4,0.1
"26147","St. Clair County, Michigan","26","147",TRUE,"missing_estimate:",71270,11.1742307604959,1351,20.3,0.9,16.9,0.6,2,0.2,0.7,0.2,90.9,0.7,20.3,,20.4,0.1,3.7,,2.1,0.2,60.8,0.8,3.5,0.4,31.9,1.4,17.8,1,11.6,0.8,20,1.3,1.3,0.3,20.2,1.1,7.2,0.7,5.7,0.6,7.7,0.7,28.5,0.7,6.8,0.8,6.5,0.6,19.2,1.2,5.9,0.6,0.3,0.1
"26149","St. Joseph County, Michigan","26","149",TRUE,"missing_estimate:",66425,11.103828770628,2763,16.9,1.3,16.6,0.9,4.1,0.4,3.6,0.5,88.8,1.3,24.3,,18.7,0.2,9.4,,2.1,0.3,61.5,1.3,3.6,0.7,25.9,1.6,13.8,1.1,11.5,1,30.6,1.6,3.4,0.6,36.3,1.8,5.7,0.8,5.5,0.7,7.2,1,21,0.9,13.5,1.3,7.6,1,23.9,1.6,7.9,1.3,0.3,0.2
"26151","Sanilac County, Michigan","26","151",TRUE,"missing_estimate:",58863,10.9829679888882,1842,16.5,1.3,16.4,1,1.4,0.3,1.4,0.3,85.4,1.1,20.9,,23.2,0.1,4.3,,0.4,0.1,54.8,1,3.3,0.5,30.7,1.8,14.8,1.2,16,1.4,20.2,1.4,6.8,0.9,21.7,1.3,5.2,0.7,8.4,0.8,8.1,1,28.6,1.1,19.5,1.1,9.5,1,17.4,1.2,5.9,1,0.6,0.2
"26153","Schoolcraft County, Michigan","26","153",TRUE,"missing_estimate:",56782,10.9469746530769,4076,21.1,2.3,18.7,1.9,1,0.5,1.5,0.9,85.8,3.4,17.7,0.2,28.9,0.2,1.7,,0.5,0.3,50.2,2.3,3.1,0.9,29.2,3.5,21.9,3.6,13.9,2.7,16.5,3.4,6.1,1.8,12.8,2.5,2.9,0.8,5.8,1.5,4.3,1.5,18.2,1.6,34.7,2.5,5.7,1.3,13.4,2.9,5.3,2,0.3,0.2
"26155","Shiawassee County, Michigan","26","155",TRUE,"missing_estimate:",67404,11.1184596423204,2587,20,1.2,16.3,1,1.1,0.3,0.6,0.3,88.5,1.2,20.7,,19.8,0.1,3.2,,0.4,0.1,59.9,1.2,2.4,0.4,31.5,1.6,18,1.3,11.7,1.2,20.1,1.4,1.6,0.5,18.1,1.5,7.2,0.9,6.1,1,8.3,0.9,27.8,0.9,7.3,1.2,6.4,0.9,19.9,1.4,5.6,0.7,0.3,0.1
"26157","Tuscola County, Michigan","26","157",TRUE,"missing_estimate:",63811,11.0636808682644,1903,16.3,1.1,19.6,0.9,0.9,0.2,0.5,0.2,85.1,1.3,20.1,,21.9,0.1,3.8,,1,0.2,54.5,1.1,3.3,0.6,27.9,1.9,18.1,1.7,14.8,1.4,20.6,1.6,3.2,0.7,19.3,1.5,6,0.8,5,0.6,5,0.7,29.6,1.3,10.5,1.2,8.9,1.1,13.6,1.3,6.2,0.9,0.3,0.1
"26159","Van Buren County, Michigan","26","159",TRUE,"missing_estimate:",68114,11.1289380510383,2018,23,1.1,11.7,0.7,4.6,0.5,3,0.5,89.4,1.1,22.9,,19.9,0.1,12.5,,3.5,0.3,58.6,1.1,2.4,0.4,33.7,1.9,15.8,1.4,11.6,1.3,20.2,1.5,2.5,0.6,23.5,1.6,9.3,1.2,5.5,0.7,10.5,1.3,24.5,0.8,18.1,1.4,11.1,1,19.4,1.2,5.7,0.9,0.4,0.2
"26161","Washtenaw County, Michigan","26","161",TRUE,"missing_estimate:",89180,11.3984120781815,2487,58.7,0.9,10.6,0.4,13.1,0.4,4.6,0.3,94.1,0.4,18.2,0.1,15.7,0.1,5.8,,11.3,0.3,63,0.6,2.9,0.3,57.9,0.9,14.3,0.7,4.2,0.4,8.6,0.5,0.5,0.1,12.5,0.6,13.6,0.7,5.7,0.4,22.6,0.7,23.5,0.4,5.8,0.5,3.7,0.3,38.4,0.8,8.2,0.5,0.3,0.1
"26163","Wayne County, Michigan","26","163",TRUE,"missing_estimate:",60539,11.0110430644347,602,27.6,0.3,15.9,0.2,10.3,0.2,6.8,0.2,89.7,0.3,23.6,0.1,16.6,0.1,6.9,,36.6,0.2,59.2,0.4,5.1,0.2,37.2,0.4,17.6,0.4,6.9,0.2,18.6,0.4,0.3,0.1,17.8,0.4,11,0.3,5,0.2,14.1,0.4,24.7,0.2,12.5,0.2,1.8,0.1,35.2,0.4,11.6,0.3,0.6,0.1
"26165","Wexford County, Michigan","26","165",TRUE,"missing_estimate:",61085,11.0200216158382,2988,21.3,1.4,19.1,1.4,1.8,0.5,0.9,0.4,87.5,1.4,22.8,,20.7,0.1,2.7,,1.1,0.2,55.7,1.4,2.9,0.7,33.4,2.2,15.4,1.7,9.9,1.4,22.5,2.1,2.2,0.7,21.4,2.1,7.2,1.3,5.7,1.1,7.1,1.4,23.6,1.1,17.4,1.8,13.6,1.6,19.1,1.8,6,1.4,0.7,0.4
"27001","Aitkin County, Minnesota","27","001",TRUE,"missing_estimate:",60833,11.0158876838695,1982,20.3,1.2,19.8,1,0.9,0.3,0.4,0.1,85.3,1.4,15.6,0.1,34.4,0.1,1.5,,0.6,0.2,48,1.2,2.8,0.6,33.2,2,17.5,1.7,14.2,1.5,12.9,1.5,3.3,0.7,9.4,1.3,6.9,1.1,9.3,1.2,12.7,1.1,27.7,1.4,49.3,1.2,10.6,0.9,14.7,1.4,5,0.8,0.5,0.2
"27003","Anoka County, Minnesota","27","003",TRUE,"missing_estimate:",101869,11.5314429531032,2019,32.2,0.7,10.3,0.4,10.2,0.4,5.9,0.4,94.2,0.5,23.7,0.1,15.5,0.1,5.8,,8.8,0.2,69.7,0.6,3,0.3,41.2,0.8,14.2,0.6,8.5,0.5,15.4,0.6,0.6,0.1,15.9,0.8,10.5,0.5,4.6,0.4,17.2,0.8,25.6,0.3,3.1,0.4,3.3,0.4,19.8,0.7,4.6,0.4,0.6,0.2
"27005","Becker County, Minnesota","27","005",TRUE,"missing_estimate:",71388,11.1758850669759,2046,28,1.6,14.9,0.9,1.2,0.3,1,0.4,88.8,1.3,23.3,,22.8,0.1,2,,0.7,0.3,60.9,1.2,2.6,0.6,37.6,1.7,16.7,1.5,12.1,1.1,15.7,1.4,4.7,1,12.9,1.1,6.9,1,9.8,1.4,10.6,1.3,21.7,0.8,28,1.2,7.7,0.9,22.8,1.7,5.8,0.9,1,0.3
"27007","Beltrami County, Minnesota","27","007",TRUE,"missing_estimate:",68975,11.1414993990855,3678,31.8,1.5,14.7,0.9,1.4,0.3,0.7,0.3,91.8,1.1,24.7,0.1,17.6,0.1,2.6,,0.8,0.2,62.5,1.3,2.9,0.5,36.5,2,20.8,2.1,10.8,1.1,11.5,1.1,2.5,0.5,5.1,0.8,6.5,1.1,4.9,0.8,7.7,1,21,1.2,16.4,1.3,11.5,1.2,29.9,2,5.9,1.2,0.6,0.3
"27009","Benton County, Minnesota","27","009",TRUE,"missing_estimate:",74410,11.2173456203913,3144,26.2,1.9,12.9,1.2,3.5,1.1,2,0.7,91.1,1.1,25.3,0.1,14,0.1,3.5,,5.5,0.9,72.4,1.2,2.8,0.8,37.6,1.9,16.4,1.7,10,1.5,16.7,1.7,2.3,0.5,14.4,1.6,6.7,1.4,6.2,1.2,9.5,1.2,23.2,0.9,5,1.6,5.5,1.1,33.3,2.1,6.1,1.5,0.3,0.2
"27011","Big Stone County, Minnesota","27","011",TRUE,"missing_estimate:",70400,11.1619485421461,5652,25.7,3.6,15.3,1.7,1.8,0.9,1.7,0.7,90.2,2.1,22,0.8,26.9,0.4,2.7,,0.3,0.5,57.1,2.8,1,0.5,40.8,3.8,16.6,2.7,10.8,2,15.5,2.4,12.5,2.5,8.4,2.2,3.2,1.3,11.7,2.4,9.6,2.3,18.4,1.7,28.8,2.5,5.4,1.5,20.3,3.6,4.4,1.5,0,1
"27013","Blue Earth County, Minnesota","27","013",TRUE,"missing_estimate:",74477,11.2182456318701,2447,34.2,1.6,11.7,1,5.4,0.7,2.3,0.5,88.9,1.3,19.7,,15.3,0.1,4.8,,4.8,0.5,69.3,1.1,3.4,0.6,38.3,1.6,19.6,1.6,8.1,0.8,16.6,1.6,2.1,0.3,14.7,1.5,6.9,0.8,3.7,0.5,8.5,1,16.8,0.6,7.6,1.2,4.9,0.8,38.6,1.6,6.6,1.1,1.1,0.7
"27015","Brown County, Minnesota","27","015",TRUE,"missing_estimate:",69378,11.147325093357,3150,24.5,1.6,11.3,0.9,2.9,0.6,2.1,0.6,86.8,1.9,21.9,0.3,22.2,0.2,5.1,,0.9,0.1,65.6,1.4,1.9,0.7,36.9,2,17,2,10.1,1.1,18.8,1.9,7,1.2,16.9,2,8.1,1.5,8.4,1.3,7.3,1.2,14.6,0.7,6.8,1.5,3.1,1,21.1,1.7,4.9,1,0.2,0.2
"27017","Carlton County, Minnesota","27","017",TRUE,"missing_estimate:",80573,11.2969188847808,4049,26.5,1.6,15.6,1.4,1.8,0.7,1,0.4,88,1.6,21.5,0.1,18.5,0.1,1.9,,2.2,0.1,59.3,1.3,2.8,0.7,37.8,2.2,18.5,1.7,11.1,1.3,14.8,1.6,1,0.2,10.2,1.5,7.1,1.3,5.3,1.1,9.5,1.2,21.5,0.7,11.4,1.4,6,1.1,20,1.8,5.7,1.3,0.3,0.1
"27019","Carver County, Minnesota","27","019",TRUE,"missing_estimate:",125946,11.7436085226421,3700,50.4,1.4,8.9,0.6,5.6,0.5,2.3,0.4,94.7,0.7,25.2,,14.5,0.1,5.1,,1.6,0.3,73.2,1,2.2,0.4,52.7,1.3,12.5,0.9,6.3,0.7,9.6,0.9,1.8,0.5,15.8,1.2,13.4,1,4.4,0.5,23.5,1.3,25.6,1.2,2.6,0.6,2.1,0.5,18.5,1.4,3.8,0.7,0.5,0.3
"27021","Cass County, Minnesota","27","021",TRUE,"missing_estimate:",68874,11.1400340272936,2502,26,1.1,15.7,0.7,1.4,0.3,0.9,0.3,89.3,0.9,20,,27.5,0.1,1.8,,0.4,0.1,55.1,0.8,3.6,0.4,33.4,1.5,18.4,1.3,12.1,1,14.7,1.2,3,0.5,10.7,1.1,7.2,1,9.1,0.8,12.3,0.9,25.2,0.8,47.4,0.9,8.3,0.7,13.8,1.1,4.2,0.6,1,0.4
"27023","Chippewa County, Minnesota","27","023",TRUE,"missing_estimate:",71458,11.1768651435003,4226,19.3,2.3,13.3,1.5,6.7,1.6,5.8,1.7,87.7,2.4,24.4,0.2,21.5,0.3,10.6,,0.5,0.3,63.1,1.9,2.7,0.7,33.8,3,16.8,3.1,13.7,2.4,15.5,2.8,8.9,1.4,13.4,2.4,4.6,1.4,8.6,1.4,8.5,1.5,16.8,1.7,9.5,2.7,2.5,1,27.7,3.1,6.9,1.9,0.2,0.2
"27025","Chisago County, Minnesota","27","025",TRUE,"missing_estimate:",99400,11.5069073926447,4454,24.4,1.4,11.5,0.9,2.5,0.5,1.2,0.3,92.9,1.1,22.3,,17.1,0.1,2.8,,1.2,0.2,66.1,1,2.7,0.6,37,2.1,16,1.6,14.2,1.3,14.7,1.3,0.8,0.2,14.4,1.3,8.7,1,5.4,0.8,14.2,1.3,31,1.1,7.1,1.1,4.7,0.9,14.1,1.5,3.9,0.9,0.5,0.3
"27027","Clay County, Minnesota","27","027",TRUE,"missing_estimate:",81172,11.3043256390969,2856,39.3,1.8,12.8,1,4.2,0.8,1.8,0.5,89.8,1.4,24.7,,14,0.1,5,,4.6,0.5,70.3,1.1,2.9,0.6,42.8,1.7,17.6,1.6,8.7,1,11.8,1.1,2.4,0.5,8.7,0.9,9.1,1.1,4.1,0.6,11.8,1.1,19.7,0.8,4.1,1,2.2,0.5,34.1,1.9,9.1,1.3,0.6,0.4
"27029","Clearwater County, Minnesota","27","029",TRUE,"missing_estimate:",64475,11.0740328307495,2563,19.8,1.6,16.8,1.2,1.1,0.4,1.8,0.6,84.8,2.1,25,,21.2,0.1,0.9,,0.2,0.2,57.7,1.7,4.4,0.7,32.2,1.9,17,2,16.6,1.6,16.1,1.6,5.4,1.2,10.1,1.4,5.7,1.5,8.4,1.5,7.6,1.2,25.9,1.4,25.3,1.7,13,1.9,19.9,2.4,9.2,2,1.1,0.6
"27031","Cook County, Minnesota","27","031",TRUE,"missing_estimate:",72638,11.1932434798565,4412,46.6,3.6,12.3,2.1,3.5,1.2,1.3,1,92.7,2.2,14.5,0.9,31.2,0.5,3.1,,1.3,0.5,61.6,3.3,1.4,0.7,43.1,3.9,14.7,3,10.1,2.8,9.6,2.7,2.1,1.4,2.9,1.1,4.3,1.8,6.8,2.5,21.6,4.6,16.6,2.6,55.4,3.4,1.1,0.5,22.3,3.7,2.5,1.1,0.8,0.7
"27033","Cottonwood County, Minnesota","27","033",TRUE,"missing_estimate:",72941,11.1974061741672,5820,24.1,2.8,11.6,1.3,6.9,1.3,5.2,0.7,85.3,2.3,25.2,0.3,22.7,0.3,11.3,,1.7,0.4,64.3,1.9,1.8,0.7,37.2,2.7,12.7,2,13.6,2.1,19.3,2.1,11.3,1.6,14.2,2.6,2.1,0.8,9.5,1.7,10.7,1.9,15.3,1.3,10.4,2.4,0.7,0.4,25.6,3,5.9,2.1,0.7,0.6
"27035","Crow Wing County, Minnesota","27","035",TRUE,"missing_estimate:",72589,11.1925686741818,2891,29.3,1.2,15.9,1,1.3,0.3,0.7,0.2,89.9,1.2,20.5,,24.5,0.1,1.6,,0.5,0.2,59.6,1.1,3.2,0.6,37.9,1.8,17.4,1.4,11.1,1,13.4,1.3,1.6,0.4,10.1,1,8.1,0.9,7.9,1,13.2,1.2,23.1,1,31.1,1,5,0.5,23,1.3,4.9,0.9,0.5,0.3
"27037","Dakota County, Minnesota","27","037",TRUE,"missing_estimate:",106318,11.574189882074,1455,45,0.7,10.8,0.4,10.1,0.4,5,0.3,94.4,0.4,24,0.1,15.9,0.1,8.7,,7.7,0.3,71,0.5,2.5,0.2,47.7,0.7,14.1,0.5,6.3,0.4,11.5,0.5,0.7,0.1,11.1,0.6,12.6,0.5,4.4,0.4,21.3,0.6,23.6,0.4,2.5,0.3,1.6,0.2,25.1,0.6,4.9,0.5,0.8,0.2
"27039","Dodge County, Minnesota","27","039",TRUE,"missing_estimate:",95739,11.4693810179369,3210,30.2,2.5,11.2,1.3,2.9,0.6,1.5,0.6,90.7,1.6,25.1,,15.9,0.1,5.4,,1.1,0.3,70.5,1.7,2.3,0.6,39.3,2.5,13.8,1.8,13.5,1.6,14.3,1.6,4.6,1,13.5,1.6,5.4,0.9,7.1,1.3,12.9,2,25.9,1.5,4.7,1.5,5.1,1.7,13.4,2.1,3.8,1.2,0.1,0.1
"27041","Douglas County, Minnesota","27","041",TRUE,"missing_estimate:",79043,11.277747287167,3167,29.7,1.5,11.7,1,1.5,0.3,1.1,0.4,88.8,1.4,21.4,,24.4,0.2,2.3,,0.5,0.2,63,1,1.8,0.5,39.3,2.1,15,1.4,8,1,18.2,1.7,2.9,0.5,18.3,1.6,8.5,0.9,8.3,1,11.5,1.2,20.5,1.1,21.6,1.4,4,0.7,23.5,1.6,5,1.1,0.3,0.2
"27043","Faribault County, Minnesota","27","043",TRUE,"missing_estimate:",66815,11.1096828852152,4172,21.8,1.6,15.1,1.1,1.9,0.6,2.2,0.7,84.8,1.9,22.1,0.1,23.7,0.3,8.1,,0.6,0.2,63.3,1.8,2.1,0.5,35.4,2.3,14.3,2,14.5,1.6,17.8,1.9,10.9,1.4,13.7,1.6,5,1,11.5,1.4,8.2,1.4,20.2,1,11.9,2.1,1.2,0.6,20.8,2.3,4.9,1.1,0.1,0.1
"27045","Fillmore County, Minnesota","27","045",TRUE,"missing_estimate:",77512,11.2581880420648,2727,24.1,1.3,11.4,0.9,1.6,0.3,2.7,0.5,87,1.2,24.4,,22.2,0.1,2,,0.5,0.1,67,0.9,1.8,0.4,39.1,1.4,16.1,1,12.9,0.9,14.3,1,8.2,1,10.9,1,5.4,0.7,10.3,1.1,12.4,1.4,25.7,0.6,10,1.1,2.9,0.6,17.4,1.5,5.8,1,0.6,0.3
"27047","Freeborn County, Minnesota","27","047",TRUE,"missing_estimate:",71023,11.170759047227,1725,18.2,1.4,14.1,1,4.2,0.7,3.6,0.7,86.3,1.6,21.8,,23.4,0.1,10.8,,1.5,0.3,61.4,1.3,2.8,0.7,33.1,1.9,17.9,1.7,11,1.2,20,1.5,5.3,0.9,17.6,1.7,5.6,1.5,8.5,1.2,7.6,1.2,19.7,0.9,9,1.8,2.4,0.8,20.5,1.8,5.8,1.3,0.4,0.3
"27049","Goodhue County, Minnesota","27","049",TRUE,"missing_estimate:",84171,11.3406057228526,3026,27.9,1.6,11.5,0.9,2.6,0.5,1.5,0.4,91.3,1.2,21.9,,20.6,0.1,4.1,,1.5,0.4,64.5,1.2,2.3,0.5,36.2,2.1,16.6,1.4,13.2,1.2,16.9,1.5,4.7,0.7,15.5,1.4,7.2,1.1,6.1,0.6,10.7,1.2,23.8,1.5,6.8,1.3,4.9,0.9,21.2,2.1,6.8,1.3,0.1,0.1
"27051","Grant County, Minnesota","27","051",TRUE,"missing_estimate:",73917,11.2106981210764,4554,21,1.6,14.6,1.4,1.6,0.8,2.7,1.5,88.7,1.9,23.2,0.4,23.6,0.2,2.7,,0.6,0.5,61,2,1.7,0.6,35.7,2.7,15.3,1.9,14.3,2,15,2.4,12.2,2.1,10,1.5,6.4,1.6,13.3,2.2,14.6,2.5,23.2,1.1,20.6,2.3,3.9,1,20.8,2.2,4.6,1.4,0.3,0.3
"27053","Hennepin County, Minnesota","27","053",TRUE,"missing_estimate:",97653,11.4891756577991,1190,54.1,0.5,10.5,0.3,13.6,0.3,6.4,0.2,92.8,0.3,21.6,,15.6,0.1,7.8,,13.3,0.2,71.2,0.3,3.2,0.2,55.9,0.4,12.6,0.3,3.9,0.2,10.1,0.3,0.6,0.1,12.6,0.4,15.5,0.3,4.8,0.2,25.2,0.4,21.9,0.2,5.6,0.3,0.3,0.1,37.3,0.4,9.3,0.4,1.1,0.1
"27055","Houston County, Minnesota","27","055",TRUE,"missing_estimate:",79825,11.287592017583,7881,30.1,2.3,11,1,2.2,0.6,1.4,0.7,87.6,2.2,21.4,0.1,23.6,0.3,1.5,,0.3,0.1,64.8,1.5,1,0.5,41.2,3.2,13.1,2.4,12.7,1.7,15.9,2.1,3.7,0.6,14.7,2.6,5.1,1.4,7.3,1.5,13.6,2,23.8,1.2,7.3,1.8,3.1,0.9,16.6,2.3,3.2,1,0.2,0.2
"27057","Hubbard County, Minnesota","27","057",TRUE,"missing_estimate:",71995,11.1843519511424,2136,30.7,1.4,15.3,1.1,1.6,0.4,0.8,0.3,88.7,1.5,20.7,0.1,26.8,0.1,2.6,,0.5,0.2,57.3,1.1,2.5,0.6,34,1.7,16.1,1.6,13.9,1.3,15.8,1.8,2.8,0.7,11.8,1.5,6.1,0.7,9,1.4,12.9,1.3,24,1.7,39.3,1.1,9.4,0.8,16.9,1.6,4.5,1.4,0.7,0.3
"27059","Isanti County, Minnesota","27","059",TRUE,"missing_estimate:",87440,11.3787081228504,4140,20.7,2,12.6,1.1,2.4,0.5,0.6,0.2,90.7,1.2,23.2,,17.2,0.2,2.6,,0.9,0.3,67.1,1.2,2.8,0.8,36,2.1,16,2,15.2,1.4,17.2,1.6,1.3,0.4,18.5,2.3,9,1.3,6.4,1,12.2,1.8,30.7,1.2,5.6,1.3,2.5,0.6,16.3,1.8,3.9,0.9,0.3,0.2
"27061","Itasca County, Minnesota","27","061",TRUE,"missing_estimate:",68603,11.1360915445362,4097,25.9,1.3,17.5,0.9,0.9,0.2,0.4,0.1,88.5,1.1,20.2,,25.8,0.1,1.5,,0.8,0.1,55.2,1,3.3,0.5,36.3,1.9,16.7,1.6,12.1,1,15.3,1.2,3.5,0.6,9.7,1.1,6.4,0.9,4.8,0.7,9.5,1.2,24.1,0.8,27.8,1.5,7.6,0.7,17,1.4,4.7,0.9,0.6,0.2
"27063","Jackson County, Minnesota","27","063",TRUE,"missing_estimate:",75743,11.2351013098607,3304,26.1,1.9,13.3,1.4,3.1,0.6,2.1,0.6,89.1,1.7,21.8,0.3,23.4,0.2,4.9,,0.5,0.4,65.8,1.5,1.6,0.7,40.8,2.3,14.2,1.8,12.1,1.6,18.3,2.3,9.9,1.4,19.7,2.5,5.1,1.3,10.3,1.3,10.1,1.8,18.4,1.3,10.6,1.9,1.5,0.6,19.9,2.5,3.9,1.2,0.3,0.4
"27065","Kanabec County, Minnesota","27","065",TRUE,"missing_estimate:",71460,11.1768931315774,4011,15.7,1.7,15.9,1.4,1.1,0.3,0.7,0.3,84.8,2,21.3,,22.1,0.2,1.8,,0.6,0.3,60.2,1.6,2.8,0.5,27.8,2.1,18.4,2,17.7,1.8,17.6,1.9,1.9,0.4,12.3,1.6,5.3,1.2,7.1,1.1,9,1.5,34.3,1.6,16.3,1.5,12.8,1.7,15.5,2,3.4,1.1,0.4,0.2
"27067","Kandiyohi County, Minnesota","27","067",TRUE,"missing_estimate:",76592,11.2462479116323,2794,27.9,1.5,14.3,1.3,9.8,1.3,7.2,1.2,88.5,1.7,24.5,0.1,20.7,0.2,14.7,,5.1,0.6,65.8,1.4,2.4,0.5,39.4,2.2,15.5,1.6,11,1.4,16.5,1.4,5.2,1.1,12.1,1.4,7.5,1.2,7.1,1.1,9.1,1.4,17.5,0.8,13.4,1.3,3.5,0.8,27.5,2,5.5,1.1,0.9,0.5
"27069","Kittson County, Minnesota","27","069",TRUE,"missing_estimate:",76100,11.2398035438498,9695,29.1,2.9,10.2,1.6,2.4,1,1.1,0.7,89.1,2.4,21.6,1,26.2,0.6,2.6,,0.2,0.2,60.7,2.6,3.1,1.3,37.6,3.6,13.2,3.4,16.8,2.8,15.7,2.9,15.8,2.5,12.9,2.4,6.6,2.7,12.3,2.1,10.1,2.2,19.1,1.4,20.4,2.6,5.5,1.3,17.1,2.5,3.3,2,0.2,0.5
"27071","Koochiching County, Minnesota","27","071",TRUE,"missing_estimate:",66940,11.1115519747653,6329,22,2.5,19.5,1.9,3,0.7,0.3,0.2,89.3,2,17.5,0.6,28.6,0.5,1.5,,0.3,0.2,57,2,2.7,1,33.5,4,12.4,3.4,15.6,3,18.4,3.3,3.8,1.3,16,3.8,6.7,2.2,5.2,1.7,12.2,3.9,16.3,1.7,20.9,2.8,7.6,1.7,19.6,3.2,8.9,2.5,0,0.1
"27073","Lac qui Parle County, Minnesota","27","073",TRUE,"missing_estimate:",74432,11.2176412358783,4157,23.3,1.7,15.5,1.4,1.9,0.5,1.2,0.4,85.4,2,21.7,0.2,27.6,0.2,3.4,,0.3,0.3,60.1,1.7,1.2,0.5,45.1,2.3,13.6,1.8,11.3,1.8,13.6,2,16.6,2.4,10.8,2,3.9,1.1,15.9,2,13.5,2.5,16.9,1.1,15.7,2.1,1.4,0.5,17.5,2.3,3.4,1,0.9,0.5
"27075","Lake County, Minnesota","27","075",TRUE,"missing_estimate:",75541,11.2324308341984,4705,26.8,2.5,16.6,2.2,1.3,0.5,0.3,0.3,87.6,2.6,19.1,0.2,27.9,0.4,1.5,,0.2,0.2,55,2.4,1.4,0.7,35.7,3.4,20.9,3.2,12,2.6,15,3.1,5.8,1.3,8.6,2.4,7.7,2.4,6.9,1.4,13.2,2.5,24.8,2,33.7,2.3,2.7,1,16.5,2.7,3.5,1.3,0.5,0.4
"27077","Lake of the Woods County, Minnesota","27","077",TRUE,"missing_estimate:",77546,11.2586265876484,12504,25.4,5.3,13.4,2.4,1.5,1,0.2,0.5,90.8,3.4,18.4,0.7,26.9,0.9,1.6,1.2,0.3,0.5,66.8,3.6,1,0.7,30.5,6.4,14.7,3.8,15.4,4.5,21.8,5.6,4.4,3.1,27.1,5.8,3.2,1.8,9.6,3.4,5.4,2.5,16.2,2.4,48,3.9,26.4,3.7,18.2,4,2.4,1.4,0,1.2
"27079","Le Sueur County, Minnesota","27","079",TRUE,"missing_estimate:",94968,11.4612952717334,3976,26.3,1.4,12,1.2,3.3,0.7,2.4,0.8,89.2,1.3,23,0.1,18.8,0.2,6.9,,0.8,0.2,68.3,1.2,2.9,0.6,37.2,1.8,13.8,1.7,13,1.3,17.3,1.7,2.8,0.5,20.4,1.9,7.4,1,7.1,1,9.6,1.2,24.6,0.9,10.8,1.2,1.9,0.5,19,2,3.5,0.8,0.4,0.4
"27081","Lincoln County, Minnesota","27","081",TRUE,"missing_estimate:",69694,11.1518695098295,3667,25.7,2.3,14.3,1.7,1.3,0.4,0.7,0.5,88.3,1.5,22.5,0.5,24.9,0.3,2.6,,0.1,0.1,61.6,2,1.6,0.6,41.9,2.5,16.1,2.5,11.7,1.8,13.9,1.8,13.8,1.9,9.9,1.6,5.6,1.4,16.4,2,16.4,2.1,22,1.3,19.7,2.6,1.5,0.7,18.6,2.3,3.3,1.2,0,0.9
"27083","Lyon County, Minnesota","27","083",TRUE,"missing_estimate:",75303,11.2292752536318,2081,31.1,2.3,13.6,1.4,6.1,1.1,4.9,1,91.2,1.3,26,,17.6,0.4,7.9,,2.6,0.7,67.5,1.6,2.2,0.8,40.2,2.5,17.1,2.6,9.1,1.3,15.4,1.7,6.7,1.1,11.7,1.9,5.6,1.3,9,1.5,12.4,1.6,14.6,0.9,10.3,1.8,3,1.1,27.5,2.3,8.3,2,0.6,0.5
"27085","McLeod County, Minnesota","27","085",TRUE,"missing_estimate:",80084,11.2908313627916,3795,20.2,1.5,12.9,1.1,4,1,2.4,0.5,88.5,1.7,21.9,0.1,20.1,0.2,7.6,,0.6,0.1,67.4,1.2,2.2,0.5,31.1,2.2,16.1,1.9,12,1.3,22.9,1.9,3.1,0.6,24.3,1.9,7.4,1.1,5.9,1.1,8.8,1.3,23,1.3,4.7,1.4,4.8,1.4,22.6,2.1,3.4,1,0.2,0.2
"27087","Mahnomen County, Minnesota","27","087",TRUE,"missing_estimate:",59441,10.9927395029379,3445,16.2,1.9,16.5,1,1,0.3,1.2,0.3,85.5,1.5,31,0.2,17.9,0.2,4.1,,0.1,0.1,58.4,1.7,5.7,0.8,36.4,4.3,23.3,2.3,14.1,2,9.7,1.7,7.8,1.1,5.1,1.2,2.3,0.7,7.2,1.3,6.6,1.3,20.4,1.4,26,1.2,8.8,1.1,26.7,2.1,9,1.3,1.1,0.6
"27089","Marshall County, Minnesota","27","089",TRUE,"missing_estimate:",72543,11.1919347684747,2422,18.7,1.4,13.1,1.1,2,0.4,1.2,0.5,87.4,1.6,23.3,0.3,23,0.2,4.8,,0.4,0.2,62.7,1.4,2.2,0.6,37,2.2,10.7,1.6,13.7,1.7,18.8,1.8,14.1,1.8,15.7,2,2.8,0.7,12.2,2,10,1.6,23.1,1.1,14,1.6,9.6,1.2,17,1.8,4.6,1.4,0.3,0.1
"27091","Martin County, Minnesota","27","091",TRUE,"missing_estimate:",59507,10.9938492316727,3542,23.8,2.3,16.8,1.5,2.5,0.5,1.7,0.4,86.3,2,22.8,0.1,24.6,0.4,7.2,,0.9,0.2,62.9,1.5,2.6,0.8,35.7,3,14.6,2,11,1.6,17.2,1.9,10.2,1.7,16.8,1.9,5.3,1.4,8.5,1.5,7.9,1.7,16.9,0.9,9.1,2.4,2.3,1,31.1,3.3,9.9,2.4,0.1,0.1
"27093","Meeker County, Minnesota","27","093",TRUE,"missing_estimate:",75446,11.2311724475488,2499,19.9,1.6,13.5,0.8,1.1,0.3,0.8,0.3,88.1,1.6,23.5,0.2,21,0.1,4.4,,0.3,0.2,64.8,1.2,2.1,0.5,32.6,2,14.1,1.5,13.2,1.5,21.5,1.7,5.2,0.7,21.7,1.8,4.8,0.7,7.5,0.8,8,1.1,25.2,1.1,12.9,1.5,4.9,0.9,20.7,1.8,4.2,1,0.3,0.1
"27095","Mille Lacs County, Minnesota","27","095",TRUE,"missing_estimate:",72729,11.1944954835697,3403,18.2,1.6,15.7,1.2,1.4,0.3,1.1,0.3,87.4,1.7,23.1,,18.6,0.1,2.3,,0.4,0.2,64.3,1.3,2.6,0.5,29.5,2.2,20.2,2.2,14.9,1.5,19.7,1.6,2.9,0.8,15.7,1.7,7.4,1.3,6.3,1.1,10.2,1.1,32,1.6,18.3,1.6,9.9,1,22.1,2,5.5,0.9,0.5,0.3
"27097","Morrison County, Minnesota","27","097",TRUE,"missing_estimate:",69446,11.1483047511314,3808,18.9,1.6,14.1,1.1,0.9,0.2,0.5,0.2,86.9,1.5,23,0.1,21.3,0.1,1.9,,0.5,0.1,62.4,1.2,2.5,0.5,32,1.8,16.4,1.4,13.2,1.2,19.5,1.4,5.4,0.7,14,1.3,7.7,1.2,8.6,0.9,8.7,1,28.6,1,13.4,0.9,5.5,0.7,19.4,1.8,4.8,1.2,0.2,0.1
"27099","Mower County, Minnesota","27","099",TRUE,"missing_estimate:",73074,11.1992279053152,2698,23.9,1.6,12.6,1.2,12.2,1.2,9.5,1.2,87.9,1.5,25.5,0.1,18.6,0.2,13.6,,3.4,0.4,63.6,1.4,2.5,0.6,32.4,2.2,15.4,1.3,11.2,1.3,25.6,1.8,3.4,0.6,24.4,2.2,5.6,1.2,5.8,0.8,7.3,0.9,20.7,1,7.6,1.4,1.8,0.5,22.4,2,5.2,1.1,0.3,0.3
"27101","Murray County, Minnesota","27","101",TRUE,"missing_estimate:",74033,11.2122662187279,3954,23.5,2.5,13.4,1.6,3.2,0.7,2.4,0.9,85.1,2.2,21.7,0.3,26.6,0.2,5.2,,0.7,0.2,62.5,1.7,1.7,0.6,37.5,2.7,16.7,2.1,12.8,1.6,16.2,2.2,11.7,1.5,10.3,1.8,3.9,0.8,12.6,1.4,9.9,1.3,21,0.9,18,1.8,3,1.2,17.8,2.3,4.5,1.7,0,0.1
"27103","Nicollet County, Minnesota","27","103",TRUE,"missing_estimate:",79756,11.2867272529268,5251,36.1,2.5,12.1,1,4.6,0.8,2.7,0.6,88.6,1.7,21.5,0.1,17.6,0.2,5.4,,4.5,0.5,68.4,1.6,1.5,0.6,41.6,2.2,14.1,1.5,8.1,1.4,14.6,2.1,3.7,0.8,16.3,2.2,6.6,1,4.7,0.9,13.3,1.9,16.4,0.8,4.4,1.2,4.2,0.9,27.8,2.2,4.1,1.2,0.1,0.1
"27105","Nobles County, Minnesota","27","105",TRUE,"missing_estimate:",66101,11.0989391543184,4139,17.9,2,11.7,1.2,21.3,1.7,18.7,2.4,88,2.1,29,0.1,17.2,0.5,34.5,,4.6,0.1,63.1,1.7,2,0.9,29.9,2.7,15.8,2.1,12.1,2.1,26,2.9,9,1.7,21.1,3.2,4.2,1.2,7.3,1.2,6.4,1,19.6,2.5,8.6,2.2,1.8,0.9,25.8,3,5.5,1.8,0.7,0.6
"27107","Norman County, Minnesota","27","107",TRUE,"missing_estimate:",72260,11.1880260047016,3894,22.8,2.3,13.4,1.6,2.4,1,1,0.7,88.3,1.8,23.3,0.5,21.7,0.3,5.5,,0.5,0.3,63.1,1.3,3.3,0.9,39.1,2.5,11.5,1.7,18,2.3,13.1,1.6,15.5,2.3,6.9,1.2,5.2,1.2,9.9,1.6,5.8,1.1,23.2,1.2,16.2,2.2,3.8,1.1,20.6,2.7,5.1,1.6,1.2,0.7
"27109","Olmsted County, Minnesota","27","109",TRUE,"missing_estimate:",95406,11.4658967485405,3039,49.4,1.1,10.5,0.6,11,0.8,4.2,0.6,92.2,0.7,23.9,,16.7,0.1,6,,7.5,0.4,69.8,0.8,2.5,0.3,55,1.4,14.1,1,5.8,0.7,8.5,0.9,0.7,0.1,7.1,0.8,7.7,0.7,5.1,0.6,15.4,0.8,18.7,0.9,5.9,0.8,2.6,0.5,29.4,1.1,6.9,0.8,0.9,0.3
"27111","Otter Tail County, Minnesota","27","111",TRUE,"missing_estimate:",72255,11.1879568077324,2093,28.3,1.3,14.5,0.9,3,0.4,2.2,0.4,87.7,1,21.7,,25.4,0.1,4,,1.1,0.2,60.8,0.9,2.9,0.5,37.2,1.5,15.2,1.2,11.9,0.9,16.7,1.1,4.8,0.5,13,1.2,7.5,1,8.2,0.8,10.4,0.8,20.7,0.7,31.4,1,6.4,0.6,20.5,1.5,5.6,0.9,0.5,0.2
"27113","Pennington County, Minnesota","27","113",TRUE,"missing_estimate:",77325,11.2557725975533,5217,21,2.3,15.4,1.7,3.6,0.9,1.5,0.9,88.2,2.2,20.8,0.4,19.3,0.3,4.9,,0.6,0.4,69,1.8,2,0.7,29.9,2.6,13.9,2.3,6.8,1.6,26.2,2.6,4.6,1.1,16.5,2.8,2.6,0.9,5.3,1.2,9.9,1.6,12.4,0.9,8.7,2.8,8.9,1.5,27.8,2.9,5.7,1.8,0.5,0.7
"27115","Pine County, Minnesota","27","115",TRUE,"missing_estimate:",71146,11.1724893826825,2709,17.4,1.2,17.6,1.1,1.7,0.3,1.3,0.4,86.2,1.1,19.1,,22.5,0.1,2.8,,2.3,0.2,56.5,1,3.2,0.4,31.4,2,20,1.3,14.2,1.3,16.5,1.3,2.3,0.5,9.8,1,6.1,0.8,6.4,0.8,10.3,0.9,32.1,1,28.7,1.4,14.5,1.3,18.4,1.6,6.3,1.1,0.7,0.3
"27117","Pipestone County, Minnesota","27","117",TRUE,"missing_estimate:",69628,11.1509220642726,4614,21.8,2.4,14.3,1.7,5.8,1.2,2.6,1.2,87.9,2.3,26.9,0.1,20.6,0.3,8.6,,1.2,0.6,66.5,2.6,2.1,0.9,34.7,2.6,14.8,2.4,15.5,1.9,17.8,2.2,10.4,1.6,11.3,2.1,5.9,1.5,10.6,1.6,9.1,1.7,16.5,1.2,8.2,2.6,1.1,0.5,19.2,2.9,6,1.7,0.1,0.1
"27119","Polk County, Minnesota","27","119",TRUE,"missing_estimate:",73107,11.1996794003872,4402,28,1.9,11.7,0.9,2.1,0.5,1.9,0.5,90.4,1.2,24.5,,19.1,0.2,6.9,,2,0.8,66.3,1.4,2.4,0.7,37.3,2.3,16.8,1.9,12.6,1.6,13.5,1.5,6.6,1,9.3,1.3,7.2,1.3,8.1,1.2,5.8,0.8,18.6,0.8,15.9,1.5,5.4,0.9,28.7,2.1,7.4,1.7,0.8,0.6
"27121","Pope County, Minnesota","27","121",TRUE,"missing_estimate:",76220,11.2413791744279,1806,23.9,1.9,13.5,1.2,1.1,0.3,0.8,0.6,88.3,1.7,21.4,0.2,25.5,0.4,2.1,,0.6,0.2,62.7,1.5,0.8,0.3,38.2,2.3,12.3,1.5,10.9,1.6,16.7,2,8.7,1.1,16.9,2.1,7.3,1.6,9.5,1.3,11.7,1.5,22.7,1.4,22.8,1.8,2.7,0.6,16.5,2.2,6,1.8,0.3,0.3
"27123","Ramsey County, Minnesota","27","123",TRUE,"missing_estimate:",81568,11.3091923071758,1585,45.6,0.7,12.3,0.4,15.6,0.4,10.1,0.4,92.4,0.4,23.1,0.1,15.8,0.1,8.4,,12.1,0.3,68.4,0.5,3.3,0.2,48,0.8,15.7,0.6,5.5,0.4,13.2,0.5,0.5,0.1,13.1,0.4,12,0.5,4,0.3,20.5,0.6,21.4,0.3,5.4,0.4,1.2,0.2,39.4,0.7,10.2,0.4,1.5,0.2
"27125","Red Lake County, Minnesota","27","125",TRUE,"missing_estimate:",77188,11.2539992835162,6316,18.6,2.3,12.3,1.6,0.9,0.4,0.5,0.3,83.3,2.7,24.2,0.2,22.8,0.3,3.6,,0.5,0.6,66.1,2.3,0.7,0.4,31.4,2.6,13.6,2.5,12.2,2.2,20,2.6,6.7,1.7,14.5,2.4,4.8,1.8,6.6,1.3,10.1,2.2,24.8,2,11,2.8,8.4,2.1,16.6,3.6,3.4,1.2,0.8,0.7
"27127","Redwood County, Minnesota","27","127",TRUE,"missing_estimate:",67866,11.1252904517594,3182,22.2,1.8,13.7,1.1,2.4,0.4,1.7,0.3,87,1.7,24.7,0.2,22.3,0.3,4.2,,0.6,0.3,60.6,1.8,1.6,0.4,36.4,1.8,16.5,1.4,12.8,1.5,16.5,1.7,10.8,1.2,12.5,1.3,4.7,1.1,9.7,0.9,11,1.4,17.6,1,11.5,1.8,4.5,1.4,21.6,2.6,6,1.4,0.3,0.2
"27129","Renville County, Minnesota","27","129",TRUE,"missing_estimate:",70625,11.1651394684487,2917,18.1,1.4,13.1,1.1,3.3,0.6,2.6,0.7,85.8,1.5,23.3,,22.2,0.4,10.2,,0.9,0.2,63.2,1.4,1.6,0.4,34.9,1.8,17,1.9,13.9,1.4,19.4,1.7,12.7,1.4,16.1,1.6,3.6,0.6,10.3,1.2,8.2,1,20.9,1,12.4,1.5,3.6,1,19.8,1.8,5.7,1.1,0.2,0.2
"27131","Rice County, Minnesota","27","131",TRUE,"missing_estimate:",83181,11.3287742353453,2894,30.2,1.4,10.5,0.8,8.7,0.9,6.9,0.9,91.8,1.2,21.4,,16.6,0.2,10.5,,6.7,0.3,64.3,1,2.9,0.7,36.4,1.6,16.9,1.5,10.2,1,18.5,1.8,2.9,0.6,15.7,1.5,6.1,0.7,5.9,0.9,12,1.4,21.8,0.7,7.1,1.1,4.2,0.9,23.7,2,5.6,0.9,0.5,0.3
"27133","Rock County, Minnesota","27","133",TRUE,"missing_estimate:",71295,11.1745814777162,6478,26.3,2.3,10.3,1.6,1.8,0.6,1.2,0.6,90.1,2.1,24.4,0.4,20.4,0.2,4,,0.1,0.2,68.8,1.9,1.8,0.8,39.5,3.4,17.6,3,11.8,2,15.1,2.2,10.2,1.3,8.3,2,6.6,2,10,1.8,11.9,2,19.6,1.4,5.2,2.3,2.3,1.3,23.4,2.9,5.8,2.1,0.2,0.2
"27135","Roseau County, Minnesota","27","135",TRUE,"missing_estimate:",74474,11.2182053501667,6802,21.4,1.6,11.4,1.1,3.3,0.6,1.5,0.5,89.9,1.7,23.8,,19.1,0.2,2,,0.8,0.3,66.2,1.5,2.5,0.7,33.6,1.9,11.9,1.5,8.6,1.1,28.8,2.3,6.4,1.1,39.7,2.5,3.7,0.9,6.3,0.9,10.7,1.8,17.1,0.8,12.8,1.9,14.5,2,20.8,2.1,6.1,1.8,0.7,0.5
"27137","St. Louis County, Minnesota","27","137",TRUE,"missing_estimate:",70069,11.1572357498199,1494,33.6,0.8,15.6,0.6,1.9,0.2,0.8,0.1,88.6,0.6,18.6,,21.4,0.1,1.9,,1.6,0.2,61.2,0.5,2.8,0.3,39.8,1.1,19,0.9,9.8,0.6,12.4,0.6,3,0.3,7.3,0.6,7.5,0.5,4.3,0.4,11.2,0.7,19.9,0.4,16.4,0.6,3.8,0.3,28.8,1,8,0.6,0.4,0.1
"27139","Scott County, Minnesota","27","139",TRUE,"missing_estimate:",119314,11.6895139524163,3959,44.1,1.3,8.4,0.5,10.2,0.7,5,0.5,95,0.6,25.8,,12.7,0.1,6.4,,6.1,0.4,74.8,0.9,2.6,0.4,45.6,1.4,13.6,1.1,7.5,0.7,12.9,1,0.8,0.2,15.1,0.9,11,0.9,4.5,0.6,19.7,1.2,24.8,0.6,3,0.7,1.4,0.4,16.2,1.1,3.1,0.5,0.3,0.2
"27141","Sherburne County, Minnesota","27","141",TRUE,"missing_estimate:",105466,11.566143905075,3880,29.7,1.5,10.3,0.8,4.5,0.5,2.1,0.5,93.3,1,25.8,,12.3,0.1,3.4,,4,0.5,72.7,1.1,2.2,0.5,38.2,1.5,14.9,1.3,11.1,1,17.4,1.4,1,0.3,15,1.3,8.3,1.2,4.5,0.6,13.5,1.3,30.7,1,4.2,0.9,1.3,0.5,16.8,1.7,4.2,0.8,0.3,0.2
"27143","Sibley County, Minnesota","27","143",TRUE,"missing_estimate:",77634,11.259760754544,3949,19.4,1.3,14.1,1.2,4.2,0.9,3.4,0.8,88.2,1.4,22.6,,19.5,0.2,9.3,,1.2,0.3,66.6,1.3,2.5,0.5,32.7,1.7,15.8,1.8,15,1.3,20.2,1.8,8.5,1.3,19.3,1.9,6.5,1,8.4,0.9,10.9,1.1,27.1,1,9.1,1.6,2.6,0.9,19.2,1.9,4.1,1.2,0.8,0.6
"27145","Stearns County, Minnesota","27","145",TRUE,"missing_estimate:",77066,11.2524174765558,1832,28.8,1.1,11.7,0.6,7.9,0.5,4.9,0.5,90.6,0.7,23.6,,16.1,0.1,4.8,,9,0.5,69.7,0.8,2.9,0.5,36.2,1.3,17.4,1.1,9.5,0.6,17,0.8,3,0.3,12.6,0.8,6.9,0.7,5.3,0.6,10.6,0.8,21.7,0.7,7.8,0.8,2.1,0.3,32.1,1.1,6,0.8,1.6,0.4
"27147","Steele County, Minnesota","27","147",TRUE,"missing_estimate:",84196,11.3409026931637,5645,28,2.4,11.7,1.1,4.3,0.9,3,0.7,87.7,1.8,24.3,,19.2,0.2,8.9,,3.3,0.5,66.1,1.7,2.2,0.6,38.3,2.4,15.1,1.7,10,1.6,19.1,2,3.3,0.7,19.3,2.1,4.6,1,5,1,8.7,1.7,19.1,1.3,5.4,1.5,4,0.9,20.6,2,6.2,1.4,0.3,0.3
"27149","Stevens County, Minnesota","27","149",TRUE,"missing_estimate:",75733,11.2349692757429,6143,31.2,3.3,12.3,1.5,8,1,7.5,1.3,90.9,2.2,22.3,0.5,16.8,0.1,11.8,,1,0.5,65.5,2.1,1.3,0.5,38.5,3.7,19.8,2.6,12.6,2.3,15,2.3,16.7,2.7,11.8,2.6,5.9,1.5,6.7,1.5,7.6,2,14.3,1.2,7,1.6,2.4,1,36.6,3.6,5,1.8,1.2,1
"27151","Swift County, Minnesota","27","151",TRUE,"missing_estimate:",60412,11.0089430396862,3430,24.2,2.8,19,2,3,0.8,2.2,0.8,84.3,2.4,22.5,0.7,23.5,0.3,7.2,,0.7,0.5,59.7,2.3,2.6,0.8,38.7,3.5,15.5,2.3,12.7,2.2,17.5,2.3,13.4,2,13.7,2.5,6.5,1.8,10.4,1.8,7.5,1.4,19.4,1.5,12.4,2.8,1.7,0.7,27.6,2.8,7.1,2,0.2,0.2
"27153","Todd County, Minnesota","27","153",TRUE,"missing_estimate:",67662,11.1222800014603,3509,16.1,1.1,12.7,1,4.7,0.5,4.6,0.9,82.5,1.6,24.6,0.1,22.6,0.1,9.8,,0.5,0.2,60.6,1.4,2.5,0.6,31.7,1.7,14.1,1.4,14.7,1.6,24.2,2.1,9.3,1.2,21.6,1.8,4.8,0.9,11.2,1.3,13.2,1.5,25.7,1.7,21.5,1.2,8.8,0.9,17,2,6.5,1.3,1,0.5
"27155","Traverse County, Minnesota","27","155",TRUE,"missing_estimate:",62989,11.0507153869542,7635,16.6,2.5,17.2,2.6,2.4,1,3.1,0.7,83.5,3.1,21.6,0.6,25.4,0.4,6.1,,0.6,0.6,59.5,3.5,2.7,1.4,41.5,4,16.9,4.3,7.8,1.9,14.4,3,18.7,3.4,8.5,2.8,8.2,4,20.3,3.1,16.8,3.6,17.1,2.7,30.9,3.8,3.2,1.3,18.2,3.2,5.8,2.4,0,1.7
"27157","Wabasha County, Minnesota","27","157",TRUE,"missing_estimate:",82007,11.3145598884566,3223,26.5,1.7,11.1,0.9,1.8,0.5,1.3,0.7,85.9,1.7,21.8,0.1,23.3,0.1,3.4,,0.4,0.2,65.4,1.2,1.4,0.4,41,1.8,17.1,1.5,10.3,1.1,14.2,1.6,6.3,1.1,12.5,1.5,6.5,1.1,10.3,1.4,11.4,1.5,24.2,0.9,11,2,7,1.4,16.7,1.7,5.2,1.4,0.8,0.7
"27159","Wadena County, Minnesota","27","159",TRUE,"missing_estimate:",61467,11.0262557244153,4671,19.8,2.5,15.3,1.7,1.1,0.5,0.9,0.5,84.8,2.4,26.1,0.5,20.2,0.2,2.4,,1.7,0.4,62.4,2,3.4,1.1,30.4,3,16.4,2,12.1,2,24.3,2.5,5.9,1.5,16.4,3.3,5.2,1.6,10.8,2.3,8.4,2.3,21.3,1.9,13.4,1.7,6.9,1.2,26.4,2.9,7.6,2.4,1.1,0.6
"27161","Waseca County, Minnesota","27","161",TRUE,"missing_estimate:",76261,11.2419169463599,4791,21,2,11.7,1.1,2.9,0.7,2.3,0.9,88,2,22.7,0.1,19.1,0.2,7.3,,1,0.4,63.4,1.9,1.6,0.5,33.9,2.5,17.1,2.7,11,1.8,19.4,2.2,5.8,1.2,16.2,2.2,5.9,1.3,7.3,1.1,7,1.2,22.2,1.1,5.6,1.5,2.5,1.4,19.3,2.6,4.9,1.6,0.3,0.4
"27163","Washington County, Minnesota","27","163",TRUE,"missing_estimate:",115345,11.6556829163252,2183,49.1,0.9,9.9,0.6,8.5,0.5,4.2,0.4,94.9,0.5,24,0.1,16.6,0.1,5.3,,5.5,0.3,68.3,0.7,2.3,0.3,51.6,1.3,13,0.8,5.9,0.5,10.3,0.7,1,0.2,13.5,0.7,12.1,0.7,4.9,0.4,23.6,1.2,24,0.5,3.4,0.5,1.8,0.3,18.7,1,3.8,0.4,0.5,0.2
"27165","Watonwan County, Minnesota","27","165",TRUE,"missing_estimate:",71699,11.1802320794891,4196,17.2,2,11.6,1.6,13,1.8,12.4,2.2,83.5,3.1,26.3,,20.2,0.7,30.4,,0,0.1,63.1,2.3,3.3,1.2,32.2,3,15.1,2.7,17,2.6,18.8,3.1,7.5,1.7,17.9,3.4,3.1,0.8,7.5,1.4,8.1,2,23.2,2.7,13.4,2.9,2.8,0.9,22.2,3.9,7.9,3.1,0.4,0.5
"27167","Wilkin County, Minnesota","27","167",TRUE,"missing_estimate:",71410,11.1761931945432,4499,23,2.9,13.4,2.2,2.4,0.9,0.5,0.3,84.7,3.4,22.7,,19.9,0.3,4,,0.4,0.4,62.9,2.9,3,1.5,35.8,3.7,14.9,3.2,17.9,3.2,14.7,3,12.5,2.2,13.9,2.9,8.3,2.7,12.2,2.6,8.4,2.4,21.8,2.1,11,3.5,7.4,3,20.3,3.8,6.7,2.8,0.5,0.7
"27169","Winona County, Minnesota","27","169",TRUE,"missing_estimate:",70744,11.1668230062556,4222,32.7,1.8,11.7,1,3,0.5,1.5,0.4,91,1.3,17.6,,18.7,0.1,3.9,,1.9,0.4,68.4,1.2,1.6,0.4,39.5,2.1,15.1,1.5,9,1.1,18.3,1.7,3.4,0.5,20.4,1.6,4.8,0.8,6,0.9,10,1.2,17.6,0.8,7.3,1.5,4.4,0.8,30.5,1.8,5.3,1.1,0.7,0.4
"27171","Wright County, Minnesota","27","171",TRUE,"missing_estimate:",107209,11.5825354793187,3135,34.4,1.3,9.1,0.7,4.5,0.5,1.9,0.4,93.2,0.9,27.2,,13.8,0.1,3.6,,2.3,0.3,72.8,1,2,0.3,43.5,1.4,12.4,0.9,10.5,1,13.6,0.8,2.1,0.3,15.4,1,9.1,0.8,5.2,0.6,15,1.1,29.4,0.7,5.9,0.6,3.4,0.5,15.9,1.3,3,0.5,0.2,0.1
"27173","Yellow Medicine County, Minnesota","27","173",TRUE,"missing_estimate:",74000,11.2118203721863,5199,19.7,1.8,13.9,1.3,2.5,0.8,2.1,0.6,85.6,1.5,22.8,0.1,21.5,0.2,5.5,,0.8,0.2,64.6,1.6,2.3,0.9,36.2,2.9,15.8,2.3,14.8,1.8,15.4,1.8,12.2,1.6,10.6,1.7,3.8,1,10.8,1.4,9,1.6,21.1,1.3,9.3,1.5,2.1,0.7,16,2,4.6,1.2,0.4,0.3
"28001","Adams County, Mississippi","28","001",TRUE,"missing_estimate:",43644,10.683821094775,2107,20.6,2.6,14.7,1.9,5.1,0.7,4.1,0.8,85.4,2.7,20.5,0.1,22,0.1,3.5,,56,0.8,47.3,2.5,3,1.1,33.1,3.9,20.8,3.4,9.5,2.7,15.9,2.8,2.2,1,6,1.9,6.9,2,4.1,1.6,2.5,1.1,21.3,2.3,23.2,2.6,13.6,2.5,31.9,3.3,6.4,2,0.7,0.9
"28003","Alcorn County, Mississippi","28","003",TRUE,"missing_estimate:",51260,10.8446659999181,4689,18.6,1.9,22.6,2,2.9,0.6,1.4,0.3,78.8,3.4,22.3,0.1,19,0.2,3.8,,10.2,1.2,56.2,2.1,2.6,0.9,35.1,3.1,15.2,2.2,8.3,1.6,20.9,2.5,1.2,0.6,20.8,2.5,6.4,2,6.6,2,3.3,1.2,22.3,1.3,11.2,2,16.9,2,32.2,2.8,9.5,2,0.8,0.5
"28005","Amite County, Mississippi","28","005",TRUE,"missing_estimate:",37222,10.5246552633039,2862,11.2,2.5,24.2,3,0.5,0.4,0.4,0.3,69.5,5.9,20.2,0.2,26.3,0.2,0.1,0.1,40.1,0.6,40.9,3.8,2.4,1.1,23.4,5.7,16.3,5.1,15.4,5.8,25.7,6,4.8,3.2,12.9,4.7,10.9,4.4,12.5,7,6.9,4.2,34.8,4.7,20.4,3.8,38.8,4.9,17.6,4.3,5.8,2.7,0.3,0.4
"28007","Attala County, Mississippi","28","007",TRUE,"missing_estimate:",51639,10.8520324799396,5901,19.8,2.7,16.8,2.2,0.1,0.2,0,0.1,80.8,2.8,25.2,0.3,19.5,0.2,2.2,,44.2,0.7,58.9,3,3.2,1.4,30.1,4.5,15.1,3.8,10.8,2.7,23.6,4.5,3.2,1.2,20.1,4.7,4.7,1.4,4.8,1.9,3.6,1.5,34.2,5,20.6,2.8,19.4,2.9,24.7,3.6,8.1,2.3,0.6,0.7
"28009","Benton County, Mississippi","28","009",TRUE,"missing_estimate:",46016,10.7367444410807,8749,12.8,2.9,26.3,3.5,5.5,2.5,4.8,2.7,69.5,5.3,21.1,0.3,21,1.6,2.4,,34.5,1.1,54.3,3.3,1.7,0.9,23.7,5.5,16.9,3.5,16.3,7,28.3,5,2,1.1,22.5,5.3,3.4,2.4,1,0.7,1.9,1.2,34.1,3,24.9,5.3,30.2,4.4,14,3.2,6.8,3.1,0,1.5
"28011","Bolivar County, Mississippi","28","011",TRUE,"missing_estimate:",39585,10.5862055376055,4860,28,2.7,18.9,1.4,1.7,0.6,1.1,0.4,77.9,3.5,24.6,0.1,17.1,0.1,2.7,,63.2,0.4,49.2,2.4,3.5,1,35.2,3.7,14.5,2.8,10.3,2.3,16.7,3,6.1,2.2,10.8,3,6.7,2.6,6.2,1.9,2.4,0.9,20.1,2,12.9,2,8,1.5,37.4,3.2,10.1,2.4,0.2,0.2
"28013","Calhoun County, Mississippi","28","013",TRUE,"missing_estimate:",43125,10.6718581543337,4000,12.1,2.3,22.5,1.9,3,0.6,1.3,0.6,78.4,2.8,22.1,,20.8,0.2,6.3,,26.4,1.6,53.2,3,2.5,1,20.9,3.5,16.2,2.9,14.9,4,28.3,3.6,8.3,2.8,28.2,3.9,2.9,1.2,9.3,3.3,4,1.6,29.9,2.5,16.9,3.6,16.6,2.8,28,3.4,6.8,1.8,0.4,0.6
"28015","Carroll County, Mississippi","28","015",TRUE,"missing_estimate:",59327,10.9908197933358,11255,21.2,4.2,21.6,3.5,1.5,1.1,0.5,0.7,78.9,5,17.3,,25,,0,0.5,34.4,2.1,48.7,4.5,0.8,0.6,34.5,5.6,13.1,3.7,16.4,4.8,14.3,5.6,2.1,1.3,10.7,5,4.4,2.9,7.5,3.7,7.5,4,29,3.5,14.2,4.6,29.4,5.3,16.3,5.4,4.5,2.5,0.4,0.6
"28017","Chickasaw County, Mississippi","28","017",TRUE,"missing_estimate:",43586,10.6824912768558,3435,12,2.5,14.6,1.8,0.7,0.4,0.5,0.4,79.2,3.2,24.8,0.1,18.6,0.1,1.1,0.7,47.7,1.1,52.4,3,2.5,1.1,22.4,3.4,17.4,3,9.4,2.6,31,3.5,3.1,1.5,24,4.5,4.4,1.6,7.4,2.9,4.2,1.5,21.7,2.1,15,3.3,22.6,3.7,29.7,3.5,8.9,2.6,0.4,0.6
"28019","Choctaw County, Mississippi","28","019",TRUE,"missing_estimate:",50919,10.8379914138296,5054,20.1,3.2,22.8,3.2,0.7,0.8,0.4,0.8,81.5,4.7,21.4,0.7,23.2,0.5,1.9,,27.8,1.7,51.8,3,5.1,2.1,34.3,6.3,18.5,4.2,11.4,3.5,18.2,4.6,4.4,2.5,8.5,3.1,7.4,3.2,2,1.6,2.9,1.7,27.8,2.2,20.8,3.5,18.5,3.5,20.6,3.9,5.4,2.2,0,1.3
"28021","Claiborne County, Mississippi","28","021",TRUE,"missing_estimate:",31897,10.3702672404634,7278,18.1,4.2,13.4,2.6,0.7,0.5,0.3,0.3,74.1,5.3,21.8,0.8,19.4,0.8,0.3,0.3,85.9,1.5,38.6,5.5,2.7,1.7,29.2,6.6,20,4.4,8.2,4.2,18.3,6.6,5.6,3.5,14,6.4,4.2,2.7,3,2.8,1.5,1.6,29,4.3,24,4.7,37,5,23.5,5.4,12,4.4,0,1.5
"28023","Clarke County, Mississippi","28","023",TRUE,"missing_estimate:",46108,10.7387417497209,4727,17.5,3.1,24.4,2.8,0.8,0.6,0.4,0.4,82.2,3.4,21.8,0.2,22.3,0.1,1.1,,31.2,1.6,51.9,3.2,3.6,1.2,28,4.6,15.6,3.7,13.7,2.9,18.2,3.1,5.2,2.1,15.1,3,4.6,1.9,8.7,2.9,2.3,1.2,34,3.5,22.2,3.1,26.6,4.4,17.7,3.2,5.9,2.2,0.3,0.5
"28025","Clay County, Mississippi","28","025",TRUE,"missing_estimate:",43125,10.6718581543337,7209,17.3,3.1,12,2.1,0.4,0.3,0.1,0.1,84.8,3.6,22.5,0.1,19.8,0.1,0.2,0.2,60.2,0.8,55.2,2.8,4,1.2,26.5,3.8,17.8,4.2,8.3,2.5,26.6,4.8,3.8,1.9,20.8,3.9,8.6,3.4,7,2,5.6,2.3,21.8,1.8,13.8,3.1,18.3,2.9,28.7,3.7,6.8,2.5,0.1,0.1
"28027","Coahoma County, Mississippi","28","027",TRUE,"missing_estimate:",37461,10.5310556707833,3152,19.5,2.4,16.1,2,1.8,1,1.8,1,79,3.4,27,0.7,16.5,0.1,3.1,,74.4,1.4,54.1,2.6,5.4,1.2,35.1,4.5,22.3,4,11.3,2.9,13.4,2.9,4,1.9,9.3,3,7.8,2.6,6.9,2.1,8,2.3,20.1,1.8,17.5,2.6,7.4,1.7,47.9,3.1,14.9,2.9,0.9,0.7
"28029","Copiah County, Mississippi","28","029",TRUE,"missing_estimate:",49089,10.801390256097,3182,19.7,2.2,16.8,1.8,2.2,0.8,1.1,0.5,79.5,2.9,22.4,0.1,19.1,0.1,4.6,,50.5,0.6,50.5,2.5,2.9,1,31.6,3.6,18.1,3.3,8,2.2,26.1,3.1,2.2,1.1,17,3,4.7,1.7,5.3,1.9,3.7,1.6,28.5,1.6,19.4,2.3,27,3.2,25.6,3.4,8.1,2.2,0.3,0.4
"28031","Covington County, Mississippi","28","031",TRUE,"missing_estimate:",45051,10.7155504603484,7205,17.4,3,17.9,2.4,1.1,0.5,0.9,0.7,71.1,4.9,24.3,0.4,17.6,0.7,2.6,,34.8,1.7,53.2,3.4,1.8,0.9,28,5.4,14.4,4.2,13.7,3.5,21.5,4.8,5,2.1,19.1,6,3.5,2.3,4.8,2.2,5.8,2.8,23.8,1.9,12.8,3.1,32,4.3,22.5,4.8,8.8,4.3,0.1,0.1
"28033","DeSoto County, Mississippi","28","033",TRUE,"missing_estimate:",85297,11.353894562873,2588,29,1.3,12.6,0.8,4,0.4,2.4,0.3,92.1,0.9,25,,13.5,0.1,5.8,,32.6,0.5,67.2,1,2.2,0.4,38.6,1.4,13.5,1.2,9.2,1,17.9,1.3,0.8,0.4,11.7,1.1,8.5,1,5.3,0.7,8.2,0.9,26.2,0.8,5.9,0.9,3.9,0.6,22.1,1.5,3.8,0.6,0.5,0.3
"28035","Forrest County, Mississippi","28","035",TRUE,"missing_estimate:",53640,10.8900503373956,2780,30.6,1.9,19.2,1.3,3,0.5,1.5,0.4,86.4,1.8,22.7,0.1,13.7,0.2,4.4,,35.5,0.6,62.6,1.6,4.2,0.8,35.3,2.3,16.8,2,8.4,1.3,15.8,1.7,1.5,0.7,9,1.3,8.9,1.5,5.9,1.1,4,0.8,21.2,1.2,10.7,1.3,9.7,1.5,42.8,2,7.1,1.3,0.4,0.3
"28037","Franklin County, Mississippi","28","037",TRUE,"missing_estimate:",52939,10.876895586294,3890,19,3.3,20.1,3.4,0.3,0.3,0.1,0.1,86.1,3.7,23.1,,21.5,,1.1,0.8,35,1.2,47.9,3.9,1.9,1,41.2,5.9,11.9,3.7,9.7,2.8,17.1,4.6,13.7,4.7,13.4,5.9,3.4,1.8,3.7,2.1,2.8,1.7,33.4,4.2,29,4.6,21.6,4.2,18.3,5.1,3.1,1.5,0.1,0.2
"28039","George County, Mississippi","28","039",TRUE,"missing_estimate:",59758,10.9980583520445,4688,17.5,2.7,20.8,2.7,0.7,0.6,0.9,0.6,84.9,3.6,26.6,0.1,14.9,0.6,3.1,,7.2,0.8,51.5,3.2,3.8,1.1,34.1,4.7,11.2,2.5,20.9,3.6,12.9,3.7,4.9,2.2,12.5,2.5,8.1,2.5,7.3,2.6,4.6,1.9,34.4,2.3,10.3,2.4,16.6,2.8,17.9,3.5,5.9,1.7,0.2,0.3
"28041","Greene County, Mississippi","28","041",TRUE,"missing_estimate:",54276,10.9018374192658,7339,10.5,2.5,27.3,3.8,0.9,0.4,0.7,0.4,73.5,6.5,18.9,0.2,15.1,1.4,1.5,,23.8,1.4,35.5,3.4,4.2,1.9,32.3,5.6,12.8,4.4,21,5.3,18.6,4.9,4,2.6,14.5,4,4.4,2.4,7.2,3.4,3.3,2.5,43.4,5,20.8,4.2,34.9,5,17.8,5.1,6.7,3.8,0.9,1
"28043","Grenada County, Mississippi","28","043",TRUE,"missing_estimate:",48804,10.7955675556952,5032,21.8,3.6,20.8,2.4,0.9,0.8,0.3,0.3,83.4,3.5,24.2,0.1,18.8,0.2,0.5,0.5,44.7,0.9,57.1,2.7,2.8,1.1,30.9,3.9,15.5,3.8,10.8,2.4,22.5,4.2,2.4,1.4,19.5,3.7,4,1.7,5.4,2,3.5,1.9,19.7,1.6,19,3.5,13.7,2.9,33.4,4.9,7.9,2.9,1.3,1.4
"28045","Hancock County, Mississippi","28","045",TRUE,"missing_estimate:",67708,11.122959620309,4805,26.8,2,20.4,1.9,2.5,0.5,0.7,0.3,86.6,2.7,19.2,0.1,22.6,0.2,4.2,,7.1,0.9,57.5,1.8,2.9,0.9,40.6,3.1,15.4,2.7,12.1,2.3,12.7,2.5,1.8,0.8,8.2,1.8,9,1.8,5.8,1.3,11.4,3.5,32.5,2.2,14.7,1.8,10.2,2.1,20.8,2.4,3.5,1.1,0.3,0.2
"28047","Harrison County, Mississippi","28","047",TRUE,"missing_estimate:",59479,10.9933785880589,1997,27.5,1.1,19.9,0.7,4.7,0.4,3.1,0.3,89.2,0.9,23.6,0.1,16.6,0.1,6.9,,23.3,0.5,60.5,0.9,4.1,0.5,38.1,1.6,21.8,1.3,9.5,0.8,11.5,1,1.1,0.3,6.5,0.8,8.3,0.7,6.1,0.6,7.1,0.8,24.3,0.9,12.2,0.8,7.1,0.7,37.8,1.1,6.5,0.8,0.4,0.2
"28049","Hinds County, Mississippi","28","049",TRUE,"missing_estimate:",49402,10.8077461881864,1618,31.2,1.2,15.5,0.7,2,0.3,1.3,0.2,89.3,1,23.5,,16.3,0.1,2.1,,71.7,0.4,59.6,1,4.5,0.5,36.6,1.3,19.3,1.3,7.4,0.7,15.9,1,0.5,0.2,7.9,1,9.1,0.9,5.1,0.7,8.6,0.9,22.3,0.5,15.8,0.9,4,0.4,41.7,1.4,8.1,0.8,0.5,0.2
"28051","Holmes County, Mississippi","28","051",TRUE,"missing_estimate:",32538,10.3901639160691,4202,13.9,2.4,30.1,2.9,0.4,0.3,0.3,0.2,68.2,4.1,24.5,,16.8,,0.4,0.3,81,1.8,44.7,3.3,4.3,1.3,23.4,3.3,24.7,4.6,10.2,3.6,28,5.1,1.1,0.8,18,4.4,6.7,2.3,4.3,1.7,2.7,1.5,36,3.8,18.9,2.4,25.5,3.3,39,4.3,15.9,3.3,0.5,0.5
"28053","Humphreys County, Mississippi","28","053",TRUE,"missing_estimate:",33731,10.4261725748146,5616,19.6,3.5,26.2,4.3,0.4,0.4,0.2,0.3,65.3,5,25.2,,18.9,,0.4,0.6,78.2,1.1,50.4,5,6.3,2.9,31.6,7,22,5.6,11.9,3.8,15.9,5.3,5.7,2.4,15.9,5.7,5.1,2.6,4.1,1.6,0.8,0.7,22.4,3.6,17.4,3.9,9.7,3.2,38.3,5.2,13,3.7,1.7,2.2
"28055","Issaquena County, Mississippi","28","055",TRUE,"missing_estimate:",31429,10.3554863125498,18551,8.6,4,33.6,6.6,0.4,0.6,0.1,0.4,55.4,12.5,5.8,4.1,24.5,7.1,1.7,3.2,62.2,9.1,21.5,6.2,1.1,1.4,39.8,13.2,4.3,5.5,12.9,8.4,15.6,11.4,17.7,14.4,14.5,8.9,0,21.3,6.5,7.4,1.1,3.4,28.5,8.4,16.9,6.8,17.8,8.4,34,11.6,14,8.1,0,12
"28057","Itawamba County, Mississippi","28","057",TRUE,"missing_estimate:",55546,10.9249667852744,7632,16,2.8,14.6,1.9,0.8,0.6,0.2,0.3,84.8,2.9,21.3,0.5,17.5,0.3,1.9,,5.2,1.3,58.2,2.7,3,1,29.5,3.8,12.9,3,12.2,2.6,23.9,3.5,2.5,1.5,22.3,3.7,6.6,2.2,5.9,2.2,6.1,2.5,26,1.9,8.7,2.7,19.5,3.2,21,3.7,4.2,1.8,0.2,0.3
"28059","Jackson County, Mississippi","28","059",TRUE,"missing_estimate:",66201,11.1004508475512,3351,26.7,1.3,21.5,1.1,3.3,0.4,2.7,0.4,89.7,1.2,22.9,,17.3,0.1,7.6,,18.9,0.7,60.3,1,4,0.7,37.9,1.6,16.9,1.5,12.4,1.1,13.1,1.1,1.3,0.4,15.4,1.4,7.5,1,5.4,0.8,7.2,1,25.2,0.9,9.3,0.9,8.5,1.1,27.3,1.5,4.8,0.9,0.5,0.2
"28061","Jasper County, Mississippi","28","061",TRUE,"missing_estimate:",48660,10.7926126163375,6117,12.2,2,23.1,2.9,0.6,0.6,0,0.1,64.5,5.6,22.9,,21.4,,0.8,0.9,52,1.9,52.5,3.4,3.3,1.4,27.1,4.5,17.8,4.8,9.8,2.8,27.7,5,5.4,2.5,24.1,5.9,3.4,1.8,6.1,2.8,3,1.5,33.7,3.2,18.3,3.6,33.3,4.8,17.9,4.5,10.1,2.7,0.3,0.3
"28063","Jefferson County, Mississippi","28","063",TRUE,"missing_estimate:",38305,10.5533357149509,5850,13.4,3.7,13.1,3.1,0.2,0.3,0,0.7,89.9,5,20.6,0.3,20.2,1.4,2,2.1,82.9,2.8,43.2,4.9,0.8,1,17.8,5.8,34.7,7.6,20.5,6.9,17.9,4.7,2.2,1.8,7.8,3.6,3.9,3.1,8.8,4.7,4.5,3.5,29,3.6,26.4,5.9,36.7,6.7,17.1,5.1,4.1,2.5,0.5,0.7
"28065","Jefferson Davis County, Mississippi","28","065",TRUE,"missing_estimate:",38548,10.5596594969712,5802,12.7,2.6,23.2,2.8,0.1,0.2,0.1,0.2,79.2,5.1,19.8,,24.6,,0.7,0.7,59.5,1.1,53.5,3.7,5.1,1.8,29.2,6.1,12.6,3.2,9.7,2.9,29.8,5.3,3.2,1.7,14.5,3.9,5.1,2.4,5.4,2.2,4.7,2.2,34.6,3.4,21.9,3.5,29.6,4.5,15.5,3.8,6.1,2.4,1.5,0.9
"28067","Jones County, Mississippi","28","067",TRUE,"missing_estimate:",52216,10.8631442403151,4367,20.7,1.6,17.5,1.5,2.9,0.4,2.9,0.8,77.2,2.7,25.1,0.1,17.8,0.2,6.3,,28.2,0.5,55.6,1.8,2.2,0.6,31.8,2.5,15.8,1.8,12.9,1.7,20.4,2.3,4.9,1.2,15.3,2.5,7.2,1.8,7,1.5,4.4,1.1,24.2,2,13.4,2,20.7,2.2,24.9,2.5,4.4,1.1,0.5,0.3
"28069","Kemper County, Mississippi","28","069",TRUE,"missing_estimate:",46431,10.7457226185809,5352,18.6,3.9,20.1,3,0.5,0.5,0.8,0.6,75.9,6.6,18.4,0.6,22.1,0.3,1.2,0.8,59.4,1.7,52.4,4.1,5.7,2.5,32.3,6.1,14.8,5.5,7.7,3.4,22.7,5.8,4.1,3.2,12.4,4.7,7.3,3.6,8.5,5.1,0.8,1,31.2,2.9,18.4,4.5,21.9,5,21,5.4,3.4,2.3,2.1,1.9
"28071","Lafayette County, Mississippi","28","071",TRUE,"missing_estimate:",67185,11.1152052873095,3451,46.5,2.5,11.5,1.1,3.3,0.6,1.3,0.4,91.7,1.4,18.1,0.1,13.7,0.2,3.7,,22.6,0.6,55.1,2,1.2,0.4,44.5,3.3,16.4,2.2,8.2,1.6,10.9,2.4,0.7,0.5,8.2,2.5,9.1,1.9,6.5,1.4,8.6,1.3,22.7,2,33.7,2,8.4,1.5,36.2,2.6,6.7,1.9,1,0.9
"28073","Lamar County, Mississippi","28","073",TRUE,"missing_estimate:",70909,11.1691526438153,4616,34.5,2.6,15.9,1.2,2.5,0.6,1.1,0.4,88.6,2.2,24.3,,15.3,0.1,3.7,,21.7,0.6,64.2,1.4,3.1,0.9,42.9,2.9,14.8,1.9,8,1.6,15,2.1,2.4,0.9,10.4,2.1,8.2,1.3,6.1,1.3,5.4,1.1,26,1.4,8.3,1.4,10.7,1.8,30.5,2,4.4,1.6,0.7,0.4
"28075","Lauderdale County, Mississippi","28","075",TRUE,"missing_estimate:",50817,10.8359862232545,2933,23.6,1.6,18.1,1.2,1.8,0.3,1.7,0.5,85,2,23.4,,18.7,0.1,2.5,,40.8,1.1,56.3,1.8,3.2,0.7,36.8,2.3,17.7,2.3,7.9,1.4,17.1,2.1,1.8,0.8,10.5,1.6,7.1,1.2,4.5,1.2,5.2,1.5,24,1.8,14.4,1.6,15.9,1.6,34.9,2.1,9.5,1.3,0.6,0.2
"28077","Lawrence County, Mississippi","28","077",TRUE,"missing_estimate:",43531,10.681228606945,5492,13.2,2.8,29.4,3.2,0.1,0.1,0.5,0.6,75.6,5,24.4,0.1,19.6,1,2.1,,31.7,0.7,48.6,3.4,4.4,2,24.7,4.4,14.4,4,18.8,4.6,21.5,4.6,7.6,3.4,12.3,3.4,10.6,4,3.8,2.1,1,0.9,34.2,3.9,23.8,4.4,30.9,4.5,16.5,4.4,4.6,2.6,0.2,0.3
"28079","Leake County, Mississippi","28","079",TRUE,"missing_estimate:",50728,10.8342333053799,4140,15.7,2.2,17.3,2,2.7,1.3,4,1.6,74.8,4.7,23.4,,18.2,0.5,6.6,,38.9,0.8,51.9,3.7,3.2,1.4,27.7,4.3,20.3,3.5,13.7,3.2,24.2,4.2,4.9,2.1,21.2,4.6,2.9,1.8,6.5,2.4,5.9,2.3,34.3,3.3,18.3,2.9,25.1,3.8,23.3,4.2,8.7,2.6,0.9,0.8
"28081","Lee County, Mississippi","28","081",TRUE,"missing_estimate:",67863,11.1252462460259,3091,28.6,1.7,14,1.2,2.4,0.4,1.7,0.4,85.4,1.8,25,0.1,15.8,0.1,3.5,,29.9,0.7,62.3,1.5,3.1,0.7,37.6,2,10.9,1.7,7.8,1.4,21.6,1.8,1.3,0.8,21.3,1.9,8.3,1.3,6,1.2,5.4,1.2,20.8,0.8,13.4,1.5,10.9,1.3,29.2,1.7,6,1.1,1.3,0.6
"28083","Leflore County, Mississippi","28","083",TRUE,"missing_estimate:",35277,10.4709864724915,3844,21.2,2.8,20.2,2.1,1.4,0.7,0.3,0.3,69.3,3.8,27.3,0.6,15.1,0.1,3.2,,74.3,0.8,54.6,2.6,6.3,1.7,30.7,5.3,21.7,4.1,7.2,2.1,19.2,4.5,3.6,1.6,14.6,4.1,2.8,1.6,5,1.5,2.9,1.6,20.4,2.5,19.1,2.6,5.4,1.8,47.6,3.8,14.7,3.2,0.2,0.4
"28085","Lincoln County, Mississippi","28","085",TRUE,"missing_estimate:",51119,10.8419115270447,4425,19.3,2.3,16.9,1.6,0.8,0.4,0.3,0.3,86.1,2.7,23.1,0.3,17.8,0.1,1.3,,30,0.3,52.5,3,1.7,0.5,36,3.4,13.8,2.2,14.5,3,16.8,2.8,4.4,1.3,8.8,2.2,6,1.8,6.2,2,3,1.3,28.7,3.4,17.6,2.5,25.4,2.9,25.1,2.7,5.9,1.4,1.7,1.5
"28087","Lowndes County, Mississippi","28","087",TRUE,"missing_estimate:",53812,10.8932517696054,2871,28.1,2,13.2,1.1,2.4,0.6,1.1,0.4,87.2,1.8,23.8,,17.3,0.1,2.3,,43.6,0.8,57.3,1.6,3.5,0.9,32.8,3,16.5,2.4,9.5,1.4,20.9,2.2,0.9,0.4,15.8,2.1,6.4,1.4,4.9,1.1,5.1,1,21.2,1.1,15.3,1.8,12,1.5,38.7,2.3,6.1,1.3,0.3,0.2
"28089","Madison County, Mississippi","28","089",TRUE,"missing_estimate:",83441,11.3318950742625,2944,49.6,2.1,11.2,0.9,4.4,0.5,3,0.5,92.7,1.4,24.3,,15.3,0.2,3.9,,37.1,0.5,64.7,1.6,2.4,0.5,47.8,1.8,12.9,1.6,6.8,1,11.5,1.3,0.9,0.4,8.3,1,10.4,1.3,5.2,0.9,9.6,1.4,24.1,0.8,7.4,1,4.3,0.9,28.7,1.9,5.3,1,0.7,0.4
"28091","Marion County, Mississippi","28","091",TRUE,"missing_estimate:",45110,10.7168592304024,4367,13.7,2.3,23,2.7,1.4,0.9,0.2,0.2,83.5,3.2,23.4,0.4,18.8,0.2,1.9,,31.2,0.7,54.1,2.8,4,1.3,23.5,4.5,15.6,3.1,15.9,3,21.1,4.1,4.5,1.9,8,2.7,7.1,2.4,8.3,2.1,5.2,2.3,34.3,4.9,18.3,3.1,23.2,3.1,22.8,3.5,5.5,2.2,0.7,0.7
"28093","Marshall County, Mississippi","28","093",TRUE,"missing_estimate:",53458,10.8866515778446,7014,14.6,1.8,23.6,2.1,2.8,0.7,3.4,1.2,80,3.2,20.8,,19,0.2,5.1,,42.8,1.2,54.7,2.3,2.4,0.6,27,2.7,13.8,2.1,15,2.4,25.8,3.9,1.1,0.6,13.6,2.4,6.6,1.6,4.5,1.4,3.5,1.3,29.2,1.6,15,2.4,23.8,2.6,20.9,2.6,5,1.4,0.4,0.4
"28095","Monroe County, Mississippi","28","095",TRUE,"missing_estimate:",51866,10.8564187485053,4364,16.4,2.2,16.9,1.6,0.9,0.2,0.9,0.3,86.4,2,22.4,0.1,20.4,0.2,1.6,,29.7,0.8,54.8,2,3.5,1.3,29.2,3.3,15.7,2.6,12.2,2.5,24.1,2.8,1.3,0.8,24.9,2.9,5.7,1.4,7.3,1.6,5.4,2,25.5,1.9,17.5,2.5,19.2,2.4,23.7,2.8,5.2,1.5,0.7,0.6
"28097","Montgomery County, Mississippi","28","097",TRUE,"missing_estimate:",41748,10.6394068249399,3908,19.4,4.5,18.7,3.1,0.2,0.3,0.2,0.3,74.2,5.6,22.5,,22.5,,0.2,0.3,44.6,1.7,51.1,4.3,2.4,1.3,24.7,6.6,24.6,4.5,15,4.7,18.1,6.1,6,3.6,18.8,5.4,6.1,3.1,9.7,3.8,4.6,2.5,25.6,3.1,24.1,4.5,19.4,4.3,24.2,3.3,8.8,3,0,1.1
"28099","Neshoba County, Mississippi","28","099",TRUE,"missing_estimate:",57013,10.9510345909881,4697,17.7,2.3,17.6,2.2,0.9,0.4,2,0.9,81.1,3.2,27.5,0.2,16.9,0.4,0.8,0.8,21.2,1.7,57.1,2.3,4.3,1.2,35.2,3.7,18.3,2.7,13.2,2.9,15.9,2.8,3.6,1.4,11.3,2.4,7.8,2.4,5.5,1.8,2.6,1,25.8,2.3,15.1,2.3,21.4,3,21.9,3.3,6.2,1.9,1,1.1
"28101","Newton County, Mississippi","28","101",TRUE,"missing_estimate:",50540,10.8305203809422,5200,19.3,3.4,22.2,2.3,1.4,0.5,1.5,0.8,76.3,3.5,24.1,0.3,17.2,0.2,1.9,,31.6,0.4,50.7,2.8,2.4,0.9,35.4,3.8,10.5,2.7,13.7,2.7,24.9,3.8,5.2,2.1,21.8,3.8,5,2,6,1.7,3.2,1.5,27.9,2.4,15.8,2.6,24.2,3.2,20.9,3.3,5,1.8,2.1,1.8
"28103","Noxubee County, Mississippi","28","103",TRUE,"missing_estimate:",33833,10.4291919365306,11536,10.6,2.8,26.8,4,0.6,0.5,1.1,1,69.8,6.6,25.1,,18.2,,0.4,0.5,73.6,0.8,48.1,3.9,4.1,2.4,24.5,5.2,16.4,3.9,12.1,5.2,29.2,5.1,12.3,5.3,22.4,6.1,4.5,3,5.1,3,2.9,2.1,26.5,4.2,16.5,4.9,29.7,6.6,27,6.9,9.7,5.8,0.1,0.4
"28105","Oktibbeha County, Mississippi","28","105",TRUE,"missing_estimate:",46695,10.7513923715438,4149,47,2.5,12.7,1.4,4.9,1.1,1.9,0.7,84.5,2.5,17.5,,12.2,0.1,2.4,,35.4,1,57,2.6,3.3,1,41.5,3.5,15,1.8,5.7,1.4,14.3,2.6,1,0.4,13,2.5,6.7,1.8,4.9,1.3,7.4,2.1,20.7,1.3,14.7,1.6,11.7,2.1,52,2.4,5.4,1.6,0,0.1
"28107","Panola County, Mississippi","28","107",TRUE,"missing_estimate:",45945,10.735200307935,6120,17.7,2.3,17.6,2,1,0.6,0.3,0.2,78.4,3.2,24.7,0.3,17.5,0.1,2.1,,48.2,1.3,52.3,3.1,3.4,1.1,30.3,3.6,17.4,2.8,11.9,2.6,20.1,3.1,2.1,0.9,16.3,3.6,6.8,1.8,6.6,1.8,4.6,1.6,29.2,2.2,16.3,2.7,25.8,3.3,28.9,3.2,6.4,2.3,0.4,0.5
"28109","Pearl River County, Mississippi","28","109",TRUE,"missing_estimate:",58135,10.9705231711027,5163,17,1.8,21.2,1.6,1.9,0.4,1.2,0.4,85.1,2.3,22.9,0.1,19.6,0.2,4.3,,12,0.5,56.1,2.3,3.4,0.8,31.2,2.7,18.3,2.5,11.7,1.9,19.1,2.5,2,0.8,8.5,1.7,11.9,2.1,7.4,1.7,8.8,1.8,35.4,2.2,14,1.8,18.2,2.3,19.6,2.1,3.8,1.3,1.2,0.8
"28111","Perry County, Mississippi","28","111",TRUE,"missing_estimate:",49634,10.8124313617472,7736,12.9,2.6,27,2.8,2.4,1.6,0.3,0.3,76.2,4.6,21.9,0.3,19.5,0.2,1.9,,15.4,2.1,49.9,2.8,0.9,0.7,23.3,5.2,22.7,4.6,14.7,3.8,16.2,4.4,2.6,1.8,12.1,3.5,5.3,2.3,5.8,3.6,1.5,1.2,29.1,3.7,15.5,3.6,29.4,4.3,18.5,4,3.8,1.6,0.4,0.6
"28113","Pike County, Mississippi","28","113",TRUE,"missing_estimate:",43814,10.6877086799954,1941,15.3,2.2,19.4,1.7,0.6,0.2,0.4,0.2,78.8,3,25.5,0.1,17.9,0.2,1.7,,53.6,0.9,51.4,3,3,1,29.7,3.2,18.6,2.9,8.3,1.9,24.8,3.6,3.7,1.3,18,3.5,5.2,1.7,6.4,1.9,3.5,1.1,27.2,2.9,21.8,2.9,25.5,2.5,33.2,2.9,5.8,1.5,0.4,0.4
"28115","Pontotoc County, Mississippi","28","115",TRUE,"missing_estimate:",51484,10.8490263587693,2949,18.5,2.5,19,2,2.5,0.7,3.3,0.9,77.5,3.7,26.1,0.1,15.5,0.1,7.1,,14.7,1.2,58.8,2.5,1.8,0.8,24.2,2.9,15.6,3.4,9.4,2.2,29.1,4,0.7,0.6,26.7,3.7,5.6,1.9,3.4,1.3,2.5,1.1,26.2,1.6,16.9,2.7,28.8,3.3,30.2,3.7,2.2,1.1,0.8,0.6
"28117","Prentiss County, Mississippi","28","117",TRUE,"missing_estimate:",49724,10.8142429929116,4350,19.7,2.8,18.8,2.1,0.8,0.4,0.4,0.3,80.3,2.8,22.2,,17.5,0.1,1.5,,12.8,1.3,54.4,2.7,1.9,0.8,31.4,4.6,11.5,2.7,8.2,1.9,29.3,4,0.8,0.8,26.1,4.4,6.1,2.2,7.4,2.5,2.6,1.2,24.5,1.7,13.2,2.5,15.8,2.3,22.5,2.8,5.4,1.5,1.4,0.9
"28119","Quitman County, Mississippi","28","119",TRUE,"missing_estimate:",32412,10.3862840035806,5527,17.1,3.5,18.4,2.5,0.1,0.1,0,0.8,66.5,5.4,23.1,,18.4,,0.3,0.4,73.5,1.4,53.9,3.5,6.6,2.1,25.7,5.5,25.3,4.9,9.6,3.8,23.9,5.7,3.4,1.7,13.1,4.7,9.7,4.5,7.9,3.5,7.2,3.5,32.9,4.1,12.7,3.1,17.5,4.3,35.3,5.6,10.9,3.3,0.1,0.1
"28121","Rankin County, Mississippi","28","121",TRUE,"missing_estimate:",79357,11.2817119388249,3097,33.5,1.3,15.6,1.1,2.5,0.2,1.3,0.2,92.1,1.1,22.4,,16.7,0.1,3.3,,20.9,0.5,63.9,1.2,2.8,0.5,43.9,1.8,13.7,1.1,8.3,0.9,11.8,1.1,1,0.3,8.5,0.9,9,1,5.1,0.7,7.1,0.8,26.6,1,6.6,0.9,12.3,1.3,23.2,1.5,3.2,0.8,0.5,0.3
"28123","Scott County, Mississippi","28","123",TRUE,"missing_estimate:",48786,10.7951986654359,4709,13.5,2.2,18.3,2.3,5.8,1.1,7.2,1.6,77.9,3.7,28.2,,15.9,0.4,15.5,,33.8,1.3,54.7,3,3,1.2,28.5,3.8,17.7,2.9,10.6,2.3,25.8,3.9,3.7,1.7,27.9,3.8,3,1.3,6.1,2,3.9,2.2,25.3,2.4,15.6,3.4,35.8,3.8,28.7,3.9,6.4,2.1,0.5,0.6
"28125","Sharkey County, Mississippi","28","125",TRUE,"missing_estimate:",40000,10.5966347330961,10299,16.1,4.5,17,3.2,0.2,0.2,0.1,0.2,48.6,7.1,23.3,1.2,18.3,1.7,0.4,0.6,75.7,2.3,55.2,5.5,5,2.7,22.1,7.2,15.2,4.3,19.6,5.9,19.6,6.4,14.3,5.7,5.6,3.9,3,2.5,2.5,2,1.9,2.4,18.9,3.2,13.8,4.4,23.6,4.7,33.5,6.6,8,4.5,1.5,1.8
"28127","Simpson County, Mississippi","28","127",TRUE,"missing_estimate:",56381,10.9398875012969,2849,16.7,2.2,21.3,1.9,1.1,0.5,1.2,0.5,82.3,3.3,23.1,0.1,19.1,0.1,1.7,,35.6,0.6,53.9,2.6,2.3,1,28.4,3.2,18.9,3.2,13.3,2.8,15.9,3.5,4.3,1.8,11,2.8,4.4,1.3,5.6,1.8,3.2,1.2,31.9,2.8,18.4,2.8,24.6,3,18.6,3.2,4,1.4,1,0.8
"28129","Smith County, Mississippi","28","129",TRUE,"missing_estimate:",60916,11.0172511449716,4871,15.6,3.2,20.9,2.7,1.3,0.7,2,1.3,64.2,5.2,22.9,0.6,20.9,0.1,1.7,,23,1.1,50.5,2.8,2.2,1.3,31.2,3.9,11.9,3.4,10.5,2.4,26.8,5.5,6.4,2.3,19.5,5.5,5.5,2.6,5.1,2.3,3.8,1.9,30.7,2.3,16.7,3.4,24.9,4.8,12.6,3.5,4.8,2.5,1.1,0.9
"28131","Stone County, Mississippi","28","131",TRUE,"missing_estimate:",61413,11.0253768181087,6291,17.2,2.9,21.9,3,1.1,0.7,0.9,0.7,80.9,3.3,21.2,0.1,17.4,0.7,2.6,,17.1,1.2,51.4,3.5,4.7,1.8,31.5,4.5,19.3,4,12.6,3.5,19.3,4.4,1.2,0.9,13,3.4,6.1,2.5,7.5,2.9,3.3,2.1,31.8,2.9,12.6,3.2,21.3,4.5,19.3,3.7,6.1,2.5,0.8,1
"28133","Sunflower County, Mississippi","28","133",TRUE,"missing_estimate:",39956,10.595534127652,4403,16,2.1,14.7,1.9,1.8,0.5,1.8,0.5,74.5,3.5,21.4,0.3,15.4,0.2,2.8,,72.7,0.8,50.6,2.3,5.7,1.4,32.7,3.8,21.3,3.5,10.2,2,18.1,2.7,5.2,1.9,10.7,3.2,2.1,0.9,4.4,1.3,5.6,2.1,20.2,1.9,14.7,2.3,5.2,1.6,45.1,4,8.9,2.3,0,0.1
"28135","Tallahatchie County, Mississippi","28","135",TRUE,"missing_estimate:",37466,10.531189134021,5737,11.7,3.1,16.5,2.4,1.2,1.1,0.8,0.9,68.8,4.6,20.5,,18.1,,0.8,0.5,60.8,1.4,50.7,3,5.1,2.3,28.2,5.3,18.9,4.2,11.1,4,28.6,6.8,7.3,3.2,21.4,5.7,2.9,1.5,6.3,3.5,6.4,4.2,28.8,3.2,21.8,3.8,27,4,35.5,4.5,10.2,2.8,0,1
"28137","Tate County, Mississippi","28","137",TRUE,"missing_estimate:",69704,11.1520129839111,5349,23.6,3.2,16.6,2.1,1.1,0.3,1,0.3,84.6,3.8,22.3,0.1,16.8,0.1,3.2,,29.2,1.4,58.4,2.5,2.7,1,31,3.5,15.8,2.9,14.6,2.2,19.4,3.3,1.6,1,11,2.9,9.9,2,4.7,1.8,3.6,1.6,33.8,2.5,5.8,2.6,20.5,3.1,24,3,3,1.4,0.7,0.4
"28139","Tippah County, Mississippi","28","139",TRUE,"missing_estimate:",52542,10.8693681287503,6358,17.9,2.8,20.2,2.5,2.4,0.5,1.9,0.6,82.5,3.6,23.6,,17.4,0.1,5.3,,14,1.7,59.3,2.5,3.3,1.3,30.2,4,12.3,3.1,11,2.6,30,4.1,1.1,1.1,21.5,3.8,4.6,1.7,4.6,1.8,1.2,0.8,25.2,2,19.5,3.9,18.1,3.5,25.2,4.2,2.2,0.9,1.1,0.7
"28141","Tishomingo County, Mississippi","28","141",TRUE,"missing_estimate:",53040,10.8788016248597,7089,17.8,2.7,21.3,2.2,1.8,0.5,1.8,0.5,79.3,3.2,21.5,,21.2,0.3,3.2,,1.2,0.4,54.5,2.4,1.7,0.6,36.6,3.7,11,2,13.8,3.1,22.4,3.5,1.7,1,29.5,4,4.7,1.5,5.4,1.8,2.9,1.2,23.5,1.7,16.5,2.5,12.9,2.1,20.5,2.8,4.8,1.8,0.2,0.2
"28143","Tunica County, Mississippi","28","143",TRUE,"missing_estimate:",39364,10.5806069720189,4691,13.7,3.3,10.5,2.3,0.4,0.7,0.9,0.9,78.7,6.5,27.7,,14.7,0.9,1.8,1.9,79.9,1.9,60.9,5,8.1,3.8,18.8,5.9,31.7,6.4,5.3,2.9,28,7.4,4.1,2.6,8.9,4.8,5.5,3.1,3.8,2.3,1.1,1.2,29.4,4.2,21,5.6,22,6.2,60.5,5.3,10.7,5.1,4,3.1
"28145","Union County, Mississippi","28","145",TRUE,"missing_estimate:",55505,10.9242283857667,4529,19.1,2.4,20.1,2.8,1.7,0.6,1.2,0.6,83.8,2.7,25,,16.6,0.1,4.9,,13.6,1.7,55.6,2.5,2.5,0.9,30.8,3.9,13.2,2.9,11.1,2.7,24,3.6,4.1,2.6,23.5,3.8,6.3,1.8,6.4,2.1,1.4,0.8,23,1.4,19.6,3,21.2,2.5,25.3,3.2,5.4,2,1.3,0.9
"28147","Walthall County, Mississippi","28","147",TRUE,"missing_estimate:",48905,10.7976349197246,4486,12.9,2.5,23.6,2.7,1.7,0.5,1.7,0.8,81.6,4.5,22.6,0.5,22,0.8,2,,41.9,1.2,50.1,3.7,3.3,1.5,32.4,4.8,12.5,3.4,16.1,4.2,28.2,4.8,6.6,2.7,18.1,4.9,4.7,2.3,9,2.8,5.8,2.6,36.5,3.8,23.5,4.6,27.8,3.7,19.7,5,5,2.3,0.7,0.9
"28149","Warren County, Mississippi","28","149",TRUE,"missing_estimate:",59401,10.9920663402259,3053,28.8,2.6,18.3,1.7,1.3,0.4,2.2,0.7,84.2,2.2,23.5,0.1,19,0.2,2.1,,48.6,0.8,58.5,2.3,2.8,0.9,37.4,2.9,17.9,2.5,8.6,1.8,15,2.5,0.7,0.5,10.2,1.9,10.6,1.9,4.6,1.2,3.5,1.3,21.4,1.4,22.2,2.1,18.6,2,30.1,3,6,1.3,0.8,0.7
"28151","Washington County, Mississippi","28","151",TRUE,"missing_estimate:",42165,10.6493457720087,3051,22.4,2,23.4,1.9,0.7,0.2,0.9,0.4,50.2,3.1,25.6,0.1,17.8,0.1,1.6,,71.4,1.1,52.6,2.1,3.3,0.8,32.6,2.9,18.2,2.4,9.5,1.9,20.2,2.4,5.2,1.5,9.4,2.1,7.9,1.7,4.5,1.2,3.7,1.3,19.6,1.8,18,1.8,6.7,1.4,39.8,2.5,11.9,1.9,0.4,0.6
"28153","Wayne County, Mississippi","28","153",TRUE,"missing_estimate:",37619,10.5352645208962,5069,16,3.3,20.1,2.6,3.1,2.2,2.3,2.1,82.9,3.9,24.9,0.1,18,0.2,2.2,1.9,37.9,2.7,54.6,3.5,3.8,1.9,28.1,4.5,19.1,3.4,10.7,3,23.3,3.9,4.9,1.8,20.5,4.9,4.2,1.5,6.3,2.5,4,2.2,32.2,3.8,16,3.1,28.9,3.5,14.7,3.2,6,2.4,0,0.6
"28155","Webster County, Mississippi","28","155",TRUE,"missing_estimate:",58789,10.9817100415561,9345,20.9,3.2,22.4,2.8,0.7,0.5,0.5,0.5,85.9,3.5,24.5,0.5,18.2,0.1,1.9,,18.7,0.7,56.8,3.7,3.8,1.3,36.2,5.1,16.4,4,16.8,3.4,15.6,3.6,8.3,3.2,15.7,4.3,5.9,1.8,8.5,3,4.6,2.1,28.7,2.1,20.4,4.2,18.9,4.2,23.9,4.1,5.4,2,0,1.1
"28157","Wilkinson County, Mississippi","28","157",TRUE,"missing_estimate:",35311,10.4719498091105,5120,8.8,3,19.8,4.5,0.1,0.2,0.3,0.3,76,5.9,20.1,,19.7,,0.8,0.7,67.2,2.5,39.2,5.1,5.2,2.6,28.5,7.8,25.8,9.5,7.1,2.7,14.4,5.5,1.3,1.1,6.4,3.2,5.8,3.3,1.8,2,5.9,3.5,38.3,5.9,30.9,5.8,29.6,5.7,21.6,6.7,7.7,3.7,0.8,0.8
"28159","Winston County, Mississippi","28","159",TRUE,"missing_estimate:",53031,10.878631927204,6755,19.7,2.4,23.6,2.5,0.2,0.2,0.4,0.4,75.4,4.4,22.2,0.3,21.7,0.1,0.6,0.4,47.1,1.3,50.7,2.7,3.4,1.4,28,3.7,15.6,3,11.9,2.9,24.1,4,5.5,2.1,20.1,3.5,6.2,2.1,4.5,1.8,3.5,1.3,25,1.6,13.2,3.1,13,2.4,27,3.6,7.9,2.7,0.4,0.5
"28161","Yalobusha County, Mississippi","28","161",TRUE,"missing_estimate:",49151,10.8026524712483,5867,15.6,3,20.1,2.2,0.4,0.3,0.7,0.7,81,3.8,21.9,0.4,21.9,0.3,1.7,,37,1.7,52.8,3.7,3.1,1.4,28.2,4.7,22.7,4.6,11.6,4.1,20.3,4.5,1.1,1,15.6,4,8.5,3,10.9,3.7,7.9,3.1,30.5,3.7,23.2,4.1,23.8,3.8,30.7,4.9,5.8,2.2,0.6,0.7
"28163","Yazoo County, Mississippi","28","163",TRUE,"missing_estimate:",39295,10.5788525633003,6014,15.3,2,21.7,2.6,3.8,0.8,2.8,0.6,73.1,3.6,22.9,,15.2,,5.4,0.7,57.1,1.1,42.4,2.6,4.1,1.6,27.4,4.6,22.8,5.1,17.8,3.7,14.1,2.9,4.3,2.2,11.6,3.7,8,2.9,11.4,3,4.5,2.3,25.8,2.1,16.4,3.5,18,3.4,44.7,3.5,18.2,4.5,1.1,1.3
"29001","Adair County, Missouri","29","001",TRUE,"missing_estimate:",61536,11.0273776483885,4691,35.5,2.6,12.4,1.4,5.4,1.1,4.6,1,80.8,3.4,18.7,0.3,15.4,0.2,3,,4.4,0.4,54,2.5,2.2,1.2,39.6,3.2,16.6,2.1,10.2,2.1,13.3,2.1,4.2,1.3,9.7,2.1,5.7,1.4,7.5,1.5,8,1.7,15.3,1.1,19.9,2.8,6.6,1.2,39,2.7,7.3,1.8,0.6,0.6
"29003","Andrew County, Missouri","29","003",TRUE,"missing_estimate:",75625,11.2335421953331,4530,28.8,2.2,11.2,1.3,1.1,0.4,0.6,0.4,85.6,3.3,22.4,0.2,21,0.4,2.6,,1.3,0.4,63.9,1.9,2.3,0.7,40.5,3,10.7,1.8,10.3,2.3,20.5,2.6,2.9,1.2,18.3,2.6,5.4,1.4,6.5,1.6,7,1.7,21.5,1.4,7.5,2.4,6.7,1.5,23.3,3.4,2.2,1,0.1,0.2
"29005","Atchison County, Missouri","29","005",TRUE,"missing_estimate:",58750,10.9810464320064,8393,22.2,3,17.9,2.1,0.8,0.5,0.6,0.4,87.5,2.7,20.9,0.5,25.2,0.3,2.1,,0.2,0.3,62,2.7,1.4,0.8,30.9,4,16.9,2.9,12.7,2.4,21.1,3.2,12.3,2.6,11.3,2.6,7.7,2.7,11.9,2.4,6.1,2.3,20.3,1.4,16.1,3.2,3.4,1.4,23.2,3.4,3.1,1,0,1.5
"29007","Audrain County, Missouri","29","007",TRUE,"missing_estimate:",59448,10.9928572598373,5227,16.8,2.3,19.5,2,1.4,0.5,1.5,0.8,85.6,2,22.7,0.2,19,0.4,3.2,,4.4,0.6,54.8,2,2.3,0.9,31.1,2.7,16.8,2.8,7.5,1.5,22.7,2.7,5.2,1.4,14.5,2,6.4,1.9,9.5,2,3.8,1.1,21.7,1.4,12.7,2.3,7,1.7,28.2,3.6,7.4,1.7,0.8,0.5
"29009","Barry County, Missouri","29","009",TRUE,"missing_estimate:",58346,10.9741460835226,2677,14.6,2.4,16,1.4,4.8,0.8,3.8,0.9,84.5,2.2,22.8,,22,0.3,10.2,,0.2,0.1,56.1,1.8,2.6,0.8,26.7,2.9,14,2.2,15.3,2.6,27.3,3.2,4.1,1.2,25.4,3.2,7,1.7,9.7,2.1,10.5,1.8,23.7,1.7,21.8,2.7,14.5,1.9,22.7,2.6,4.4,1.3,1.9,1.1
"29011","Barton County, Missouri","29","011",TRUE,"missing_estimate:",51635,10.8519550161055,5457,17.4,3,20.6,2.3,1.1,0.7,0.3,0.3,82.7,3.4,23.4,,21.4,0.3,3.1,,0.2,0.2,54.4,3.8,1.8,0.8,35.5,4.7,17.3,3.8,13,3,15.7,3.4,10.3,2.8,15.1,3.6,5.6,1.9,12.9,3.4,7.8,2.5,23.9,2.6,15.7,4,8.3,2.3,31.9,4.5,8.8,3,0.5,0.5
"29013","Bates County, Missouri","29","013",TRUE,"missing_estimate:",60733,11.0142424866506,4639,14.8,2.1,18,2.2,1.1,0.5,0.6,0.3,85,2.4,22.8,0.4,19.3,0.2,2.6,,2.1,0.5,58.4,2.1,3.5,1.1,31.7,3.7,13.9,2.6,18,2.5,15.8,2.7,8.1,1.8,9.7,2.2,8,2,11.9,2.1,9.8,2.2,32.8,2.3,14.4,2.3,11.3,1.7,25.1,3.1,7.5,1.9,0.2,0.2
"29015","Benton County, Missouri","29","015",TRUE,"missing_estimate:",52567,10.869843825417,3278,15,2,24.8,2.6,0.9,0.4,0.3,0.2,83.3,3,17.3,0.4,31.4,0.3,2,,1,0.3,42.7,2.4,1.6,0.8,31.9,3.2,15.6,2.7,17.6,3,16.1,2.3,2.3,1,11.7,2,5.2,1.5,9.2,2.2,7.6,1.9,31.5,3.1,36.9,2.2,21,2.3,16.2,2.4,4.2,1.4,0.7,0.5
"29017","Bollinger County, Missouri","29","017",TRUE,"missing_estimate:",63814,11.0637278809971,13535,13.9,2.5,19.4,2.5,0.5,0.5,0,0.3,81.3,3.8,21.7,0.7,21.1,0.4,1.7,,0.8,0.6,59.8,2.8,2.1,1,26,4.3,15.5,3.2,19.5,4.4,17.6,3.7,2.5,1.4,16.9,3.4,4.3,1.8,8.3,3.3,11.5,4,35.5,2.2,21.9,3.6,15.7,3.4,17.7,3.9,3.6,2,0.1,0.1
"29019","Boone County, Missouri","29","019",TRUE,"missing_estimate:",72758,11.1948941446237,1612,51.5,1.2,12.6,0.7,6.4,0.5,2.8,0.3,91.3,0.9,20.1,0.1,13.5,0.1,4.5,,9.5,0.4,66.5,0.9,2.5,0.4,50.7,1.3,16.2,1.2,6.2,0.7,9.3,0.9,1.1,0.4,6.4,0.8,8.5,1,4.9,0.6,9.8,0.8,18.7,0.6,6.3,0.8,3.5,0.5,42.3,1.4,5.9,0.9,0.6,0.2
"29021","Buchanan County, Missouri","29","021",TRUE,"missing_estimate:",62158,11.0374348094917,2788,23.9,1.4,18.3,1.1,4,0.6,2.7,0.5,86,1.5,22.3,0.1,17.4,0.1,7.6,,5.6,0.5,60.7,1,2.5,0.6,30.8,1.6,17.5,1.6,7.9,1.1,22.7,1.8,1.1,0.4,20.7,1.6,6.1,0.8,4.2,0.7,7.3,1.1,17.8,1,13.1,1.2,4,0.7,33.7,1.7,8.5,1.3,0.4,0.2
"29023","Butler County, Missouri","29","023",TRUE,"missing_estimate:",49089,10.801390256097,3075,15.8,2.3,24.3,1.7,0.8,0.4,0.5,0.5,84.4,2.2,23.3,0.2,19.5,0.3,2.5,,4.7,0.7,55,1.8,2.6,0.7,28.4,3.3,20.1,2.5,9.8,1.6,20.6,2.6,1.9,0.6,13.9,2.3,6,1.5,6,1.3,5.4,1.4,21,1.7,14,2.1,11.6,1.8,35.4,2.9,8.3,1.8,0.7,0.4
"29025","Caldwell County, Missouri","29","025",TRUE,"missing_estimate:",64806,11.0791534706465,4272,19.9,2.3,14.8,1.5,1.2,0.4,1.3,0.8,81.3,2.6,23.5,,20.3,0.2,2.3,,1.2,0.5,59,2.2,1.7,0.6,30,3.5,17.5,2.9,12.7,2,19.3,2.5,6.1,1.4,13.3,2.3,5.3,1.4,9.1,2.2,10.4,2.4,32.4,2,11.8,2.4,12.2,2.6,21.8,2.7,5,1.5,0.5,0.3
"29027","Callaway County, Missouri","29","027",TRUE,"missing_estimate:",74176,11.2141959266994,2935,24.6,1.9,15.7,1.6,0.9,0.4,0.5,0.3,90.2,1.5,20.7,,17.9,0.2,2.5,,3.7,0.6,58.7,1.5,3,1,38.8,2.8,17.4,2.1,8.9,1.3,13.5,1.8,2.3,1,10.1,1.6,7.5,1.4,6.4,1.3,10,1.8,24,1.4,11.6,2.5,13.9,2.3,24.5,2.1,5.7,1.4,0.3,0.3
"29029","Camden County, Missouri","29","029",TRUE,"missing_estimate:",66387,11.103256533164,4915,26.2,1.8,18.1,1.3,2.2,0.6,1,0.3,86.6,1.9,17.2,0.1,29.7,0.2,3.5,,0.9,0.3,50.8,1.9,2.2,0.6,34.8,2.7,17.5,2.1,10.4,1.6,11.5,1.7,1.7,0.9,6,1,7.1,1.3,7.5,1.5,10.5,1.6,22.1,1,55.3,1.4,6.6,1,17.5,2.2,2.8,0.9,0.4,0.3
"29031","Cape Girardeau County, Missouri","29","031",TRUE,"missing_estimate:",68464,11.1340633386566,3198,33.1,1.8,14.6,0.9,2.4,0.4,1.2,0.3,89.5,1.5,21.3,,17.8,0.1,2.9,,7.4,0.6,64.7,1.3,1.5,0.4,39.4,2.4,18.5,1.7,7.2,0.9,13.6,1.7,1.7,0.5,9.4,1.1,8,1.2,5.6,0.9,9,1.4,19.5,0.9,10.1,1.3,5.1,0.8,33.2,1.8,5.9,1.1,0.5,0.3
"29033","Carroll County, Missouri","29","033",TRUE,"missing_estimate:",62154,11.0373704552862,4087,19.3,3.3,15,2.1,0.2,0.2,0.4,0.5,77.4,4.4,21.9,0.7,22.3,0.5,2.2,,1.5,0.8,59.1,3.5,2.5,1,36.8,4.8,14.9,3.3,11.9,2.3,18,3.9,10,2.8,9.4,2.2,3.9,1.6,9.9,2.5,8.7,2.7,25,2.2,19.6,3.5,8.7,1.9,28.1,4.4,3.4,1.2,0.3,0.4
"29035","Carter County, Missouri","29","035",TRUE,"missing_estimate:",50000,10.8197782844103,8926,10.1,3,28.6,5,1.5,1,1.1,1.2,83.1,4.7,24.3,0.9,20.6,0.4,2.3,,0.4,0.6,56,4.3,2.2,1.1,20.2,7.6,22,6.6,17,5,24.1,8.6,2.4,2.4,26.1,9.2,3.2,2.3,10.8,3.3,11.4,6,24.8,5,23.8,5.1,20.6,5.3,39.3,8,13.2,4.8,0,1.7
"29037","Cass County, Missouri","29","037",TRUE,"missing_estimate:",87535,11.379793992367,3248,29.6,1.4,14,0.9,1.8,0.3,0.8,0.2,92.5,1.2,23.5,0.1,18,0.1,5.5,,4.6,0.4,67.2,1.1,2.8,0.5,39.5,1.5,15.2,1.4,11.2,1,13.3,1.2,2,0.5,10,1.1,9.9,1.1,6.2,0.9,13.9,1.3,28,0.8,5.7,1.1,4.7,0.7,24.4,1.7,3.9,0.8,0.1,0.1
"29039","Cedar County, Missouri","29","039",TRUE,"missing_estimate:",48181,10.7827200314537,4496,19,3.2,19,2.3,0.6,0.4,0.4,0.4,82.4,3.8,24,0.4,23.1,0.4,2.2,,0.5,0.3,52.2,3.9,1.3,0.7,32.9,5,16.7,4,14.3,4.2,20.5,4,3.1,1.8,14.7,3.6,6.4,2.3,12,3.2,9.9,3.3,25.1,2.5,16.9,3.7,15.7,4,25.9,4.2,6.6,2.8,0.6,0.6
"29041","Chariton County, Missouri","29","041",TRUE,"missing_estimate:",71520,11.1777324098474,3182,22.6,3.1,14.7,1.8,0.7,0.4,0.7,0.4,86,2.5,23.2,0.3,24.9,0.3,1.5,,1.9,0.5,59.8,2.2,2.1,1,36.2,3.2,13.2,2.3,14.7,2.2,19.5,3,8.7,1.5,11.1,2.6,4.3,1.5,12.6,2.8,8.4,1.7,22.7,1.5,29.2,3.3,8.3,1.8,16.5,3,4.4,1.7,0.3,0.4
"29043","Christian County, Missouri","29","043",TRUE,"missing_estimate:",83437,11.3318471350494,2702,32.7,1.6,12.6,1,2.6,0.6,1.3,0.4,91.6,1.1,25.1,,16.7,0.1,3.8,,0.7,0.2,64.7,1.4,2.2,0.5,43.4,2.1,13.8,1.3,10.1,1.2,12.6,1.2,1.2,0.5,8.1,1,9.8,1.3,7,1.1,10.2,1.1,25.5,0.8,4.1,1.1,3.2,0.7,24.1,1.7,3,0.7,0.7,0.3
"29045","Clark County, Missouri","29","045",TRUE,"missing_estimate:",51781,10.8547785655949,3325,14.9,2.7,13.4,2.3,0.3,0.2,0,0.1,75.4,4.7,23.9,0.7,21.7,0.9,1,,1.9,0.2,52.9,3.6,2.7,1.5,29.9,4.8,13.4,2.7,13.5,4,26.1,5.4,7.6,4.3,22.1,4.6,4.4,2.1,13,5.1,8.9,4.2,25.3,2.2,25.1,3.2,15,2.8,21.7,5.1,4.9,2,0,0.1
"29047","Clay County, Missouri","29","047",TRUE,"missing_estimate:",88468,11.3903961836886,2010,36.5,0.9,13.3,0.6,5.5,0.5,2.8,0.3,91.2,0.9,23.5,,15.3,0.1,8,,6.8,0.3,69,0.7,2.6,0.4,42.8,1,14,0.8,7.2,0.6,15.7,0.8,0.8,0.2,11,0.8,12.2,0.7,4.2,0.6,15.9,0.9,22.8,0.5,5.2,0.7,1.8,0.3,30.5,1.1,4.7,0.6,0.5,0.2
"29049","Clinton County, Missouri","29","049",TRUE,"missing_estimate:",70627,11.1651677866318,2764,22.1,2.3,15.3,1.7,1.1,0.5,0.3,0.2,86,2.3,23.2,0.2,18.9,0.2,2.6,,0.8,0.2,60.5,2,1.8,0.8,32.8,3.3,14.9,2.8,10.5,1.9,21.4,3.3,3.3,1.2,15.7,2.8,7.1,1.7,5.5,1.5,10,2,28.6,2.2,8.2,2.8,3.5,1.1,24.3,3.4,4.4,1.5,1.2,1.1
"29051","Cole County, Missouri","29","051",TRUE,"missing_estimate:",74876,11.2235886909212,3475,38.9,1.5,13.1,1.1,2.9,0.4,1.3,0.3,89.5,1.5,22.1,,18,0.1,3.6,,9.7,0.7,63.2,1,1.8,0.4,44.7,2,13.4,1.3,9,1,10.9,1.2,0.7,0.3,8,1,8.9,1,5.3,0.9,9.2,1.1,17.9,0.8,7.3,1,2.3,0.6,32.1,1.9,5.5,1.1,0.3,0.2
"29053","Cooper County, Missouri","29","053",TRUE,"missing_estimate:",70625,11.1651394684487,4864,24,2.4,15.1,1.9,0.7,0.3,0.7,0.4,87.5,2.3,22.3,0.2,19.8,0.4,2.1,,5.6,0.7,58,1.8,2.5,1,38,2.4,17.3,2.2,11.2,1.6,13.2,1.8,4.2,1.1,8.4,1.6,8,1.8,8.1,1.7,6.4,1.2,27,2.2,14.4,2.5,6.4,1.4,24.3,2.9,4.6,1.2,0.4,0.3
"29055","Crawford County, Missouri","29","055",TRUE,"missing_estimate:",57629,10.9617811922066,4620,14.1,2.1,20.1,1.6,1.2,0.6,0.5,0.4,81.5,2.7,22.2,,21.3,0.3,2.4,,0.8,0.2,54.3,2.1,2.6,0.9,30.3,3.3,17.7,2.6,15.1,2.5,23,2.8,3.4,1.2,16.9,2.7,6.2,1.4,6.3,1.8,3.9,1.2,29.1,1.9,16.1,2.3,13.8,2.5,30.8,3,4.7,1.2,1,0.7
"29057","Dade County, Missouri","29","057",TRUE,"missing_estimate:",53750,10.8920989459899,4344,15.1,2.6,18.6,2.3,1.6,0.8,0.9,0.5,82.3,3.1,20.8,,24.6,0.3,2.3,,0.4,0.4,54.8,2.4,1.8,0.6,29.1,4.1,13.6,2.3,15.7,3.5,22.5,4.9,9.6,2.5,15.5,3.2,6.1,1.9,13.2,3.9,10,3.5,27.1,2,19,3.2,11.3,2.7,23,3.1,6.3,2.1,0.7,0.7
"29059","Dallas County, Missouri","29","059",TRUE,"missing_estimate:",53464,10.8867638091909,7438,16.4,3.8,22,3.1,0.8,0.6,1.7,0.9,81.9,3.5,23.6,0.4,21,0.6,2.3,,0.2,0.2,48.5,3.3,1.9,1.1,36.6,5.4,19.1,4.2,12.2,3.1,18.9,4.2,3.9,2.2,12.1,3.3,5.7,3.4,9.9,2.7,6,2.7,33.3,3.4,11.1,3.5,13.8,3.4,24.1,4.2,4.1,1.7,0.6,0.7
"29061","Daviess County, Missouri","29","061",TRUE,"missing_estimate:",63984,11.0663883310866,2702,18.4,2.5,15.7,1.9,0.7,0.4,2.5,1.1,77.6,2.5,24.8,0.5,21.7,0.2,1.8,,1,0.4,58.5,2,0.8,0.5,31.5,3.5,14.8,2.7,13.8,2.5,19.7,2.3,7.9,1.9,15.4,2.3,3.6,1.2,11.1,2.2,13.5,3.4,34.9,4.2,26.7,2.8,10.5,1.8,20.9,2.9,9.4,1.9,1.9,1
"29063","DeKalb County, Missouri","29","063",TRUE,"missing_estimate:",69826,11.1537617122289,11753,16.4,3,15.9,2.5,1.8,0.9,0.3,0.4,82.7,4.6,19.8,0.1,19.5,0.6,2.4,,6.5,1.3,47.6,2.2,1.1,0.7,35.3,4.4,15.1,3.2,15.8,3.4,15.5,3,7.2,3.1,12.6,3.3,5.7,1.8,8,2.7,9.9,2.8,31.1,4.2,12.6,3.7,8.8,3.2,28.9,8,4.1,1.8,0,0.1
"29065","Dent County, Missouri","29","065",TRUE,"missing_estimate:",56312,10.938662935288,4171,16.5,2.4,20.5,2.2,1.9,1,0.2,0.2,76.8,3.3,22.6,0.4,22.2,0.3,2.2,,0.4,0.2,53.5,2.1,2.4,0.9,30.7,3.6,22.4,3.6,8.9,1.7,19.8,3.7,4.3,1.4,10.8,3.9,7.2,2.8,6.6,2.2,7.2,1.9,21,1.7,17.6,3.7,17.8,3.1,24.1,3.8,6.1,1.9,1.4,1.3
"29067","Douglas County, Missouri","29","067",TRUE,"missing_estimate:",45985,10.7360705353368,4512,14.9,2.9,19.1,2.5,1.3,0.6,0.3,0.3,81.4,3.9,23.1,0.6,24.9,0.5,2.3,,0.9,0.4,49.1,3.3,3,1,26.7,5,12,3.4,15.7,3.7,24.1,4.8,4.9,2.7,16,4.4,5.9,3.2,8.5,2.9,11,4.7,27.2,3.3,13.7,3.1,14.2,3.6,19.4,3,4.7,2,1,0.9
"29069","Dunklin County, Missouri","29","069",TRUE,"missing_estimate:",47849,10.7758054980211,4146,13.2,1.6,22.1,1.5,2.9,0.5,2.4,0.4,88.5,1.7,26,0.1,18.7,0.2,7.7,,6.9,1.1,53.2,2,2.5,1,28,2.4,20.1,2.4,12.1,2,21.4,2.4,6.3,1.2,16.7,2.6,3.3,1.1,6,1.7,3,1,23.1,1.3,16.3,2,9.3,1.6,37.7,2.6,8.5,2,1.7,1.3
"29071","Franklin County, Missouri","29","071",TRUE,"missing_estimate:",73165,11.2004724435265,2639,23.7,1.5,14.4,0.8,1.4,0.4,0.6,0.2,90,1.1,22.4,,19.2,0.1,2.3,,0.9,0.2,62.3,1,2.7,0.5,33.5,1.7,14.5,1.3,13.6,1.4,18.1,1.3,1.1,0.3,19.1,1.3,8.7,1,5.3,0.8,10.3,1.2,28.3,1,7.1,1,9,1.1,23.5,1.6,3.8,0.7,0.5,0.3
"29073","Gasconade County, Missouri","29","073",TRUE,"missing_estimate:",64232,11.0702568078645,4524,18.1,2.7,16.4,1.5,0.5,0.3,0.4,0.3,85.2,2.6,20.2,0.4,23.4,0.2,1.6,,0.9,0.5,59.4,2.4,2,0.7,30.1,3.6,13.3,2.3,13.5,2.1,25,2.9,4.1,1.3,22.7,2.9,4.2,1.4,7.9,2,5.2,1.5,27.2,2,20,2.7,9.6,2.5,19.1,2.2,5.7,1.5,0.7,0.8
"29075","Gentry County, Missouri","29","075",TRUE,"missing_estimate:",55848,10.9303889936502,4994,21.6,3,16.6,2,1.1,0.6,1.6,1,84.8,2.9,25.8,0.7,18.7,0.4,2,,0.4,0.7,60.7,2.9,1.3,0.6,31.9,3.9,20.1,3.5,14,3,19.7,3.8,9.4,2.4,13.1,2.9,3.9,1.6,11.5,2.7,8,2.5,22.4,2.2,17,2.8,10.1,2.4,25.6,2.7,5.4,1.7,0.7,0.7
"29077","Greene County, Missouri","29","077",TRUE,"missing_estimate:",61479,11.0264509320681,1008,33.6,0.9,15.2,0.6,3.8,0.4,1.5,0.2,86.7,0.8,20.8,,17.2,0.1,5.1,,3,0.2,63.9,0.7,2.2,0.3,39.8,1.1,16,0.9,6.8,0.5,13.8,0.8,0.7,0.2,8.9,0.6,11.1,0.7,5.2,0.6,11.4,0.8,19.6,0.4,5.8,0.6,2.3,0.3,42.5,1,6.4,0.7,0.4,0.2
"29079","Grundy County, Missouri","29","079",TRUE,"missing_estimate:",51975,10.8585181127262,3908,16.7,2.4,13.6,2,1.2,0.6,2.8,1.1,77.6,3.9,25.9,0.7,22.5,0.5,2.8,,0.4,0.3,54.5,2.5,1.7,1,29.2,3.6,20.7,3.9,9.5,2.5,19.8,3.2,6.5,1.7,14.4,3.2,5.9,2.2,8.2,1.9,5.3,1.4,17.8,1.3,19.2,3.8,5.4,1.6,30.3,4,11.3,2.7,0.2,0.2
"29081","Harrison County, Missouri","29","081",TRUE,"missing_estimate:",54367,10.90351263113,4510,15.7,2.6,20.4,3.2,2.1,1.2,0.6,0.5,83.4,2.5,24.3,,22.8,0.4,0.8,0.4,0.8,0.7,54.9,3.3,1.4,0.6,31.5,4.8,20.1,4.6,10.6,2.1,19.3,3.3,8.3,2.4,6.8,2,7.4,2.6,10.6,2.6,9.7,2.9,22.9,2.6,20.3,3.5,7.8,1.7,28.6,4.2,6.5,2.4,0.9,1
"29083","Henry County, Missouri","29","083",TRUE,"missing_estimate:",57926,10.9669216128546,4524,16.3,1.9,18.5,1.9,0.5,0.2,1,0.4,84.7,2.5,22.3,0.1,22.4,0.2,3,,0.8,0.2,55.9,2.3,2.4,0.7,32.7,2.7,17.9,3,12.3,1.6,15.7,2.4,2.8,0.9,9.4,2.4,5.3,1.4,9.7,2.2,7.6,1.7,21.8,1.6,14,2.6,10,2,25,2.6,4.9,1.4,0.3,0.2
"29085","Hickory County, Missouri","29","085",TRUE,"missing_estimate:",39390,10.581267255965,3056,12.8,1.9,25,2.9,0.2,0.2,0.3,0.5,71.7,5.2,17.3,0.4,32.3,0.6,1.8,,0.1,0.1,41.3,3.6,5.7,1.9,28.3,5.6,23.1,5.8,9.5,2.6,15.3,4,3.7,1.5,6.5,3,4.5,2.4,4.4,1.7,6.1,3.5,30.7,5,34.3,3.2,26.8,3.8,17.6,3.6,5.4,1.9,0.1,0.2
"29087","Holt County, Missouri","29","087",TRUE,"missing_estimate:",61187,11.0216900276358,1572,19.6,2.3,19.2,2.1,1.2,0.5,0.3,0.3,81.9,2.7,20.8,0.5,25.7,0.5,1.9,,0.4,0.7,58.6,2.2,1.1,0.5,36.6,3.3,14,2.7,13.9,2.5,16.1,2.4,9.2,2.4,15.9,2.8,3.6,1.6,10,2.7,8,2.9,23.5,2,27.5,2.9,7.8,2.1,22.8,2.9,3.2,1.3,0.6,0.7
"29089","Howard County, Missouri","29","089",TRUE,"missing_estimate:",65938,11.0964701855622,7076,28.2,3.4,16.1,1.9,1.1,0.6,0.3,0.2,85.6,2.9,21.2,1.2,20.1,0.4,2.3,,5.5,0.6,56.1,2.9,2.1,0.7,34,4,17.7,2.9,14.1,2.7,15.3,2.9,5.2,1.9,10.4,2.3,4.9,2,7.1,1.8,9.8,2.4,26.5,2,18,2.7,13,2.6,21.3,3,3.8,1.2,0.2,0.2
"29091","Howell County, Missouri","29","091",TRUE,"missing_estimate:",50993,10.8394436473842,2030,17.8,2,19.6,1.6,1.2,0.4,0.7,0.3,85.6,1.8,24.1,,19.9,0.1,2.6,,0.5,0.1,55.6,1.9,2.8,0.8,34.5,3.2,15.2,2.3,10,1.4,19.4,2.4,2.4,0.8,11,2.1,6.8,1.9,7.9,1.7,6,1.4,23.1,2.1,12,1.3,12,1.9,29.7,2.7,6.1,1.3,0.4,0.4
"29093","Iron County, Missouri","29","093",TRUE,"missing_estimate:",48850,10.7965096574709,4711,19,2.5,22.8,2.1,1.7,0.6,0.2,0.3,82.4,2.9,21,0.2,22.3,0.4,2.2,,0.5,0.4,51.3,2.6,1.5,0.8,34.7,3.8,20.2,3.3,17.5,3,14.5,2.9,6.9,2.4,8.9,1.9,7.6,2.3,8,2.4,7,2.1,26.9,2.5,17.5,2.9,11.7,2.1,24.9,3.5,6.8,1.6,0,0.1
"29095","Jackson County, Missouri","29","095",TRUE,"missing_estimate:",68577,11.1357124805282,1129,34,0.5,13.8,0.4,6.6,0.3,3.9,0.3,91,0.4,23.3,,15.9,0.1,11.4,,22,0.2,66.9,0.5,3.1,0.2,41.3,0.8,16,0.6,7.8,0.4,13.8,0.6,0.5,0.1,9,0.5,13.5,0.6,5,0.3,15.8,0.6,23.4,0.3,8.8,0.4,0.9,0.2,40.9,0.8,8.1,0.4,0.7,0.1
"29097","Jasper County, Missouri","29","097",TRUE,"missing_estimate:",60694,11.0136001253744,2793,25.3,1.1,17.2,0.8,3.9,0.4,2.6,0.4,88.9,1.1,24.6,,16.1,0.1,9.8,,1.7,0.3,63.4,1,2.3,0.3,35.3,1.6,16.1,1.3,7.9,0.9,19.2,1.4,1.2,0.3,15.1,1.4,8.3,1,5.4,0.8,8.8,1.2,19.6,0.8,9.2,1,5,0.7,37.2,1.7,7,1,0.5,0.3
"29099","Jefferson County, Missouri","29","099",TRUE,"missing_estimate:",82851,11.3247990927879,2327,24.7,1,13.3,0.6,2.3,0.3,1.2,0.2,91.7,0.9,22.5,0.1,16.7,0.1,2.6,,1,0.2,66,0.8,2.1,0.3,36.4,1.2,14.4,0.9,13.4,0.9,13.9,1,0.7,0.3,12.4,1.1,10.2,0.9,4.8,0.5,11.5,0.9,30.6,0.6,6,0.7,9,0.8,17.8,1.1,3.7,0.5,0.2,0.1
"29101","Johnson County, Missouri","29","101",TRUE,"missing_estimate:",67272,11.1164993815127,2697,29.1,2.2,13.9,1.3,3,0.6,1.2,0.3,90.5,1.9,22.1,0.1,13.1,0.2,5.2,,4.3,0.4,66.3,1.3,2.8,0.6,36.5,2.6,15.9,1.8,11.5,1.5,15.7,2.3,1.8,0.5,10.5,1.9,6.9,1.2,5.5,1,7,1.1,23.7,1.1,7.2,1.4,7.1,1.6,36.5,2.1,4.7,1.2,0.3,0.2
"29103","Knox County, Missouri","29","103",TRUE,"missing_estimate:",57788,10.9645364206493,9515,15.8,3.8,12.6,2.6,0.4,0.4,1,0.9,70.5,5.3,24.8,1.1,21.5,0.4,0.3,0.6,0.6,0.7,59.8,3.1,0.6,0.8,30.7,6.3,12.6,3.5,20.7,5,17.1,5.5,16.6,6.2,11.2,3.3,2.7,1.8,16.7,5.4,22.4,6.7,19.4,2,33.5,4.1,9.4,2.8,14.9,3.6,1.7,1.5,0.9,1.3
"29105","Laclede County, Missouri","29","105",TRUE,"missing_estimate:",53282,10.8833538420473,2805,16.3,2.5,19.5,1.5,1.5,0.5,0.7,0.3,77.2,3.2,24.6,0.2,18.3,0.2,3,,0.6,0.4,60.5,2.1,3.2,1.3,26.5,3,15.7,2.5,10.4,1.9,29.8,3.4,1.7,0.8,26.4,3,5.3,1.9,6.3,1.5,3.9,1.1,21.4,1.5,9.1,2.1,13.8,2,31.8,2.9,6.7,1.9,1,0.6
"29107","Lafayette County, Missouri","29","107",TRUE,"missing_estimate:",80612,11.2974028007874,6979,26.2,2.8,17.3,2.1,2.3,0.7,0.9,0.4,87,1.9,23,,19.3,0.3,3.5,,1.6,0.4,62.8,2,1.9,0.6,38,3.5,14,1.8,12.6,2,16.3,2.3,2.1,0.7,12,2,8.4,2,5.8,1.7,9,2.3,24.9,1.1,11.6,2.4,5.7,2,24.3,2.7,3.3,1.2,0,0.3
"29109","Lawrence County, Missouri","29","109",TRUE,"missing_estimate:",61215,11.022147536508,4968,16.9,1.7,15.5,1.3,3.5,0.6,2.4,0.6,85.1,2.6,25.4,0.2,18.1,0.2,8.5,,0.3,0.1,60.3,2,2.6,0.7,28.7,2.7,16.8,2.3,11.4,1.6,21.3,2.4,4.8,1.3,18,2.4,5.7,1.4,8.7,1.8,10.4,2.2,25,1.6,10.4,2,9.7,1.9,26.1,2.4,6.3,1.7,1.1,0.7
"29111","Lewis County, Missouri","29","111",TRUE,"missing_estimate:",59934,11.0009992357602,3745,16.8,2.4,11.3,1.7,0.6,0.5,0.4,0.4,74.4,4,21.2,0.2,19.3,0.3,1.1,0.6,3.9,1.1,58.6,2.4,3,1,29,3.9,19.9,3.9,12,3.4,18.5,2.8,3.9,1.6,14.2,2.5,5.5,2.8,5.1,1.4,9,3.9,23.8,2.2,26.3,3.4,9.2,2.3,23.7,3.1,4.1,1.3,0.3,0.3
"29113","Lincoln County, Missouri","29","113",TRUE,"missing_estimate:",89278,11.3995103759305,1971,18.4,1.7,14.3,1.3,1,0.3,1.3,0.7,92.4,1.7,25.1,,14.8,0.2,2.9,,1.7,0.4,64.6,1.6,2.4,0.5,32.6,2.3,13.1,1.7,14.7,1.6,20.9,2.3,1.9,0.7,13.3,1.7,8.7,1.6,4.6,1,8.3,1.5,31.8,1.3,4.1,1,14,1.7,21,2.3,4.5,1.1,0.6,0.4
"29115","Linn County, Missouri","29","115",TRUE,"missing_estimate:",61635,11.0289851699856,5399,19.2,2.8,14.9,1.8,1.2,0.4,0.6,0.3,78.4,4,23.3,0.4,21.8,0.3,3,,0.8,0.6,61,2.3,1.9,0.9,32.9,3.6,15,3,11.8,2.1,20.5,3.2,5.2,1.2,15.7,2.9,2.4,0.9,10.3,2.7,9.1,2.7,20.2,1.5,19.8,2.9,6.4,1.5,21.5,2.8,7,2.1,0.2,0.1
"29117","Livingston County, Missouri","29","117",TRUE,"missing_estimate:",63627,11.0607931875435,5612,17.5,2.2,16.4,2.2,0.8,0.4,0.6,0.5,76.7,3.1,21.6,0.3,20.1,0.2,2.1,,3,0.6,55.3,2.2,1.5,0.6,34.2,3.8,15.7,2.6,12.7,3.4,16,2.9,4.6,1.4,11.6,2.4,5.8,1.8,6.9,1.7,6.1,2.1,20.3,2.3,12.4,2.9,4.8,1.7,27.7,3.5,5.9,1.9,0.2,0.2
"29119","McDonald County, Missouri","29","119",TRUE,"missing_estimate:",52375,10.8661846572244,4081,12.3,1.7,15.3,1.5,11,0.9,8.2,1.2,78.9,2.8,25.5,0.1,15.6,0.4,12.4,,2,0.5,56.2,2.2,3.8,1.1,25.6,3.3,16.8,3.4,13.1,2.6,27.7,2.8,3.1,1.1,23.4,2.6,7.1,1.3,7.4,1.9,8.1,2.3,27.1,1.5,12.9,2.2,27.8,3.7,32.7,3.4,5.8,1.5,3.4,1.3
"29121","Macon County, Missouri","29","121",TRUE,"missing_estimate:",62357,11.0406312142531,5108,19.4,2.3,16,1.5,0.7,0.4,0.7,0.4,80.6,2.6,23.1,0.2,22.3,0.3,1.9,,1.8,0.5,56.3,2.4,1.2,0.5,36.1,3.1,14.4,2.3,11.2,1.9,19.9,2.3,5,1.3,14.2,2.3,4.1,1.4,7.6,2,9.8,2.1,22.1,1.3,18.2,2.7,8.5,1.9,23.2,2.5,5.8,1.7,1.2,0.8
"29123","Madison County, Missouri","29","123",TRUE,"missing_estimate:",54434,10.9047442376129,4204,16.3,3,20.6,2.3,1.4,1,1.1,0.7,84,3.3,23.3,0.4,19.6,0.4,2.8,,0.3,0.3,56.4,3,2.7,1.1,29.2,4.5,21.2,4.3,11.4,3.4,17.9,4.2,3.8,1.8,12.8,3.2,5.7,2.3,6.1,2,11,3,23.9,3.2,20.2,4,13,2.8,26.3,3.5,8.2,3.1,0.3,0.3
"29125","Maries County, Missouri","29","125",TRUE,"missing_estimate:",59455,10.9929750028717,10375,16.3,3.1,22.4,2.8,0.6,0.5,0.1,0.2,78.2,5.3,20.6,0.6,22,0.3,2.1,,0.2,0.3,54.4,3.7,2.6,1.2,24.4,4.3,21.5,5.5,17,5.3,17,4,2.4,1.6,12,3.4,6.3,2.7,9.1,3.1,6.8,2.5,34.6,3.7,19.5,4.5,14.4,3.3,21.7,5,4.8,2,0,1
"29127","Marion County, Missouri","29","127",TRUE,"missing_estimate:",62903,11.0493491363048,2753,24.6,2.4,16.1,1.4,0.6,0.4,0.1,0.2,88.2,2.7,24,0.6,19,0.4,2,,4.2,0.6,58.3,2.4,2.2,0.7,33.4,2.5,16.9,2.8,9.8,1.9,19.1,2.4,2.2,0.8,15.7,2.3,7.1,1.9,6.9,1.4,7.3,1.8,17.6,1.2,12.3,2,4.8,1.4,30.7,3.1,7.7,1.4,0.6,0.6
"29129","Mercer County, Missouri","29","129",TRUE,"missing_estimate:",62679,11.0457817422904,14517,18.1,3.4,16.6,2.9,3.6,1.3,4.8,2.2,81,4.4,24.5,0.9,22.3,0.2,4.8,,0.2,0.6,57.3,3.6,2,1.3,34.3,4.8,15.6,3.3,12.3,4.1,18.3,3.9,13.3,4.3,20,3.9,1.5,1.1,11,4.1,13.2,4.1,22.6,2.3,31.5,4.5,6.4,2.5,19,3.9,5.6,2.5,0,2.6
"29131","Miller County, Missouri","29","131",TRUE,"missing_estimate:",56736,10.9461642088739,5476,19.2,2.2,18.1,1.8,1.5,0.6,0.9,0.5,83.6,2.5,23.2,0.3,20.1,0.3,2.2,,1.1,0.3,58.5,2.5,3.1,1,32.4,3,17.2,2.6,12.5,2,15.3,2.1,2.3,0.8,9.3,1.7,4.6,1.4,6.2,1.3,6.1,1.6,27.2,1.2,21.4,2.2,10.8,1.8,26.1,3.3,5.5,1.5,0.8,1
"29133","Mississippi County, Missouri","29","133",TRUE,"missing_estimate:",48160,10.7822840799827,7079,14.7,2.6,26.9,2.9,0.4,0.3,0.2,0.3,91.5,2.1,22.6,,18.9,0.8,0.8,0.6,19,2.5,49,2.8,1.3,1,26,4.3,17.1,5.2,9.7,3.3,19.4,4.7,9.3,3.4,8.1,2.5,5.5,2,6.4,3,4.9,2.6,21,2.2,15,2.9,9.7,2.9,37.1,4.5,14.4,3.6,0.3,0.5
"29135","Moniteau County, Missouri","29","135",TRUE,"missing_estimate:",65715,11.0930824889161,3289,15.8,2.3,15,2,2.9,0.6,3.7,0.9,81.3,2.9,25.4,0.4,16.7,0.3,5.9,,2.2,0.5,57.2,2,1.4,0.7,30.7,3.7,15.3,2.8,13.8,2.2,18.6,2.6,4.4,1.8,13.9,2.4,5.4,2,7.9,2.1,8.7,1.9,26.5,2.4,7.2,2,8.8,1.8,20.8,3.2,6.6,1.7,1.3,1.1
"29137","Monroe County, Missouri","29","137",TRUE,"missing_estimate:",54516,10.9062495155474,6305,18.9,3.5,17.8,2.3,1,0.7,1,0.6,84.5,2.9,21.9,0.1,25,0.6,1.8,,3.5,0.6,50.9,2.9,0.9,0.5,31.9,3.8,13.9,2.8,11.3,2.7,22.2,3.2,8.3,2.5,15.1,3.1,5.1,1.5,8.1,2.2,3.8,1.7,25.8,2.1,22.4,3.1,17.7,3.6,25.7,3.9,7,2.6,1.3,0.8
"29139","Montgomery County, Missouri","29","139",TRUE,"missing_estimate:",65500,11.0898054216233,5054,17.7,2.9,18.2,1.8,0.9,0.4,0.4,0.3,85,2.4,21.9,,20.5,0.3,2.3,,0.8,0.4,57.4,2.7,1.7,0.6,29.5,4,12.9,2.3,15.7,2.8,21.3,3.1,7.5,2.7,17.5,2.6,5.2,1.6,9.4,2.8,9,1.9,28.7,1.6,20.4,3.4,11.8,2.7,26.6,3.6,3.5,1.2,0.1,0.1
"29141","Morgan County, Missouri","29","141",TRUE,"missing_estimate:",53412,10.8857907188039,5051,16.6,1.9,20.7,1.9,0.9,0.4,2.7,1,79.6,2.3,22.8,0.4,24,0.3,2.6,,0.2,0.2,48.2,2.4,1.4,0.7,33.8,3.3,15.7,2.9,16.2,2.6,17.4,2.4,9.3,3.2,11.4,1.8,9.8,2.5,12.8,2.3,11.6,2.9,28.1,2.2,42.7,2.2,16,2.3,20.3,2.9,10.4,2.6,1.5,0.9
"29143","New Madrid County, Missouri","29","143",TRUE,"missing_estimate:",51881,10.8567079134952,4292,14.5,2.3,20.3,1.7,1,0.5,0.5,0.3,89.2,2.2,23.7,,19.9,0.1,1.9,,13,1.3,53,2.2,1.8,0.7,28.2,3.3,21,2.8,9.8,1.9,20.7,3,6,1.7,12.2,2.4,3.8,1.4,6.7,1.8,3.3,1.4,21.3,1.7,15,3.1,11.7,2.1,35.8,3.1,7.2,1.6,0.1,0.1
"29145","Newton County, Missouri","29","145",TRUE,"missing_estimate:",66301,11.1019602590165,3221,23.5,1.8,15,1.2,4.5,0.6,3.5,0.5,88,1.6,23.9,,18.8,0.2,6.8,,0.9,0.2,60.2,1.7,3.6,0.8,33.1,2.2,14.3,1.2,10.7,1.4,22.7,1.8,2.3,0.8,19.2,1.9,7.9,1.7,7.8,1.2,8.6,1.7,22.3,0.9,11,1.4,13.4,1.8,23.4,1.8,3.9,0.8,0.6,0.5
"29147","Nodaway County, Missouri","29","147",TRUE,"missing_estimate:",59315,10.9906175040952,3123,27.9,2.3,13.2,1.4,2.1,0.4,1.5,0.6,85.7,2.3,17,0.3,17.8,0.2,2.2,,2.1,0.2,58.7,1.5,1.4,0.5,37.7,3,17.4,2.4,10.7,1.9,17.3,2.1,6.8,1.5,15.1,2.3,4.3,1.1,8.4,1.4,6.7,1.5,15.8,1,11.3,2.1,4.5,1,37.7,2.7,6.6,1.7,0.7,0.8
"29149","Oregon County, Missouri","29","149",TRUE,"missing_estimate:",43069,10.6705587597614,6603,12.6,2.7,23.6,2.8,0.7,0.3,0.1,0.2,77.3,4.3,23.2,0.2,23,0.4,1.5,,0.1,0.1,49.5,3.1,2.6,1,26.5,4.4,14.4,3.4,13.5,3.5,21.9,3.9,5.3,2.2,11.2,3.5,3.3,1.7,12.5,3.9,9.5,3.2,23,3.1,21.8,4.1,17.3,3.2,25.1,4.6,5.7,2.7,0.7,0.6
"29151","Osage County, Missouri","29","151",TRUE,"missing_estimate:",76681,11.2474092382848,5883,24.7,2.9,13.6,1.6,0.3,0.3,0.3,0.2,84,2.8,22.7,0.2,18.3,0.2,1.1,,0.3,0.3,63.8,2.2,1.1,0.6,38.5,3.2,11.4,2.5,12.2,2.2,18.9,2.5,4.4,2,13.6,2.2,6.1,1.5,7.9,2.2,7.4,2,26.4,1.6,18.7,3,6.5,2,20.6,2.5,5.6,1.4,0.4,0.4
"29153","Ozark County, Missouri","29","153",TRUE,"missing_estimate:",44163,10.6956426134261,3934,15.3,2.8,24.3,3.6,0.8,0.5,0.2,0.2,78.7,3.9,19,0.3,29.3,0.5,2.1,,0.3,0.3,44.4,3.1,2.2,0.9,33.5,4.6,13.1,3.8,17.1,4,19.6,3.8,9.3,4.1,13.2,3.5,5.7,2.1,15.5,4.4,14.7,5.2,29.6,2.4,26.3,3.1,17.8,2.9,17.9,3,6.6,2.5,1.8,1.2
"29155","Pemiscot County, Missouri","29","155",TRUE,"missing_estimate:",40089,10.5988572614492,4225,12.6,1.9,22.8,2.4,1.2,0.8,0.5,0.4,84.8,3,26.1,,18.2,0.2,3.2,,24.4,1.8,53.7,3.3,5.2,1.9,23.9,3.1,24.4,3.6,14.2,3.4,18.3,3,8.6,2.1,16.7,3,3.7,1.4,7,2.1,4.3,2,20.6,1.8,15.6,2.7,8.2,1.6,44.4,2.7,10.5,3,0.7,0.8
"29157","Perry County, Missouri","29","157",TRUE,"missing_estimate:",62981,11.0505883725855,3485,20.9,2.4,15.4,1.7,1.7,0.6,1.3,0.5,84.8,2.2,22.5,0.4,19.7,0.2,2.5,,0.7,0.4,62.1,2,3,1,33.9,3.2,15.7,2.7,11.8,2,22,2.7,6,1.9,21.9,2.6,6.6,1.9,8.4,2,5.6,1.8,21.3,1.7,12,2.1,10.1,2.8,23.5,3.4,5.2,1.5,0.4,0.4
"29159","Pettis County, Missouri","29","159",TRUE,"missing_estimate:",60430,11.0092409493556,3404,18.4,1.8,17.4,1.4,7.2,1.1,5.8,1,88.9,1.6,25.1,0.1,17.3,0.3,9.9,,2.5,0.4,62.1,1.7,2.4,0.6,28.5,2.4,18.4,1.8,12.2,1.4,23.3,2.2,3.6,1.1,19.5,2,6.8,1.2,9.1,1.9,7,1.2,18.7,0.9,9,1.6,5.8,0.9,30.9,2.2,7.3,1.1,0.6,0.3
"29161","Phelps County, Missouri","29","161",TRUE,"missing_estimate:",58396,10.9750026733199,3528,32.4,2.2,16.3,1.4,4.2,0.5,2,0.4,89.3,1.7,21.1,,17.1,0.2,3.1,,2.4,0.4,55.1,1.6,2.1,0.7,41.6,2.5,17.7,2.2,6.1,1,16.1,2.2,2.2,0.8,11,2,5.7,1.3,4.6,1.1,7.4,1.4,19.1,1.3,14.6,2.1,8.7,1.5,38.3,2.3,6.1,1.3,0.3,0.2
"29163","Pike County, Missouri","29","163",TRUE,"missing_estimate:",54989,10.9148884442119,5518,16.6,2,17.1,2.2,1.5,0.8,2.7,1.2,85.7,2.4,22.5,0.6,19.1,0.4,2.5,,5,0.6,50.1,2.5,2,0.7,30.6,4.1,16.7,2.7,16,2.9,20.8,3.4,5.5,1.5,13.9,2.3,5.5,1.7,8.7,2,4.4,1.5,22.7,1.7,15.7,3,13.4,2.3,26.7,3.4,7.4,2.1,0.5,0.4
"29165","Platte County, Missouri","29","165",TRUE,"missing_estimate:",96227,11.4744652625553,2175,46.5,1.4,12.6,0.8,5.7,0.7,2.2,0.4,93.2,0.9,23.1,,16.1,,7.2,,7.5,0.5,69.5,1.1,1.9,0.4,50.2,1.5,13.9,1.2,5,0.7,11.3,1.3,0.6,0.2,9,0.9,14.3,1.2,4.9,0.7,19.2,1.4,24.3,0.9,5.8,1,0.5,0.2,32.6,1.5,4,0.8,0.8,0.4
"29167","Polk County, Missouri","29","167",TRUE,"missing_estimate:",59647,10.9961991328833,3036,22.5,2.5,16.3,1.6,1.3,0.4,0.7,0.3,82.4,2.6,23.4,0.3,18.3,0.2,3,,0.7,0.3,57.3,2.2,2.3,0.8,33.2,3.1,17.7,2.6,11,1.8,16.9,1.9,4.4,1.4,10.4,1.9,9.7,1.8,9.8,2,9.3,2.2,28.1,1.8,10.6,2.3,9.1,1.6,28.4,2.9,4.3,1.2,0.9,0.7
"29169","Pulaski County, Missouri","29","169",TRUE,"missing_estimate:",64466,11.0738932320181,5463,25.8,2.4,17.7,1.5,4.8,0.8,2.9,0.8,84.4,2.8,21.9,,9.7,0.3,11.5,,10.1,0.8,69.9,2.3,2.2,0.6,30.7,3.6,21.5,2.9,10.4,3.2,18.5,3.3,0.5,0.3,9.9,2.1,5.6,1.6,5,1.2,15.7,3.3,19.5,1.4,13.3,2.2,9.8,1.9,38.8,3.2,3.2,1.1,0.2,0.2
"29171","Putnam County, Missouri","29","171",TRUE,"missing_estimate:",63510,11.058952652797,7766,22.6,4.4,14.6,3.8,1.2,1.3,1.1,1.2,75.9,5.1,22.6,0.4,25,0.8,3,,0.2,0.1,57.1,3.8,2.3,1.7,35.3,6.2,14.3,5.2,11.7,5.6,20.1,5.9,9.3,3.9,16.1,4.5,5.1,4,14.6,5.4,10.3,4.9,19.4,2.8,36.8,5.2,9.7,3.7,17,4.8,5.8,3,0,1.9
"29173","Ralls County, Missouri","29","173",TRUE,"missing_estimate:",65388,11.0880940343711,6991,17,2.5,18.5,2.5,0.2,0.2,0.1,0.1,87.9,3.2,21.2,0.2,23.2,0.3,1.2,,1.8,0.5,55.2,3.6,2.7,1.2,31.6,3.4,11.7,2.2,9.8,2.2,22.6,3.2,6.4,2.2,12.6,3,5.3,3.2,10.2,2.6,7.6,2.4,22.2,2.6,21.5,3.3,16.8,3.3,14.5,3,3.3,1.5,0.2,0.2
"29175","Randolph County, Missouri","29","175",TRUE,"missing_estimate:",53033,10.8786696402829,6062,18.4,1.9,18.8,2.2,0.7,0.4,0.5,0.3,84.2,3.4,22.1,0.2,17.7,0.4,2.5,,4.9,0.4,56.1,2.2,2.5,0.9,31.6,3.5,15.5,2.7,8.7,1.7,25.5,3,2.3,0.8,12.1,1.6,5.8,1.9,7,1.8,7,1.8,21.8,1.6,14.9,2.2,12.6,2.1,28.6,2.9,6.4,1.9,0.2,0.2
"29177","Ray County, Missouri","29","177",TRUE,"missing_estimate:",74573,11.2195337903844,5326,16.2,2.1,15.2,1.6,1.4,0.6,0.6,0.5,84,2.4,22.8,0.2,19.3,0.3,2.9,,0.8,0.4,60.5,1.9,2.1,0.8,28.2,3,13.1,1.9,12.2,2.2,24.8,3,2.5,0.9,16.2,2.3,6.2,1.3,7.8,2.1,10.6,2.6,34.3,2.9,8.2,1.7,4.4,0.9,22.7,2.5,4.9,1.4,0.6,0.3
"29179","Reynolds County, Missouri","29","179",TRUE,"missing_estimate:",45028,10.7150397974747,7093,15,3.2,28.9,3.3,0.2,0.3,0.1,0.1,79.7,4.6,19,0.3,23.7,0.3,1.7,,1.5,0.7,51.7,3.2,5.6,2,33.8,5.4,18.4,4.1,15.7,3.5,18.2,3.4,12.2,2.8,13.6,3.2,6,2.3,6.9,2.4,6.7,2.7,27.4,3,32.5,4.2,19.1,3.8,20.2,3.6,7.4,2.5,0,1.5
"29181","Ripley County, Missouri","29","181",TRUE,"missing_estimate:",42037,10.6463054618357,5005,12.6,2.6,26.2,3.3,1.1,0.7,0,0.1,83.2,3.6,24.1,,19.9,0.2,1.5,,0.3,0.2,50.5,2.8,1.9,0.8,29.2,4.8,20.3,4.2,11.7,2.9,22.6,3.9,5.4,2.5,15.3,3.4,9.7,3.3,11.3,3.3,9.7,3,34.8,4.2,22.6,4,20.5,3.3,20.9,3.6,7.4,2.4,0.1,0.2
"29183","St. Charles County, Missouri","29","183",TRUE,"missing_estimate:",104692,11.5587779851523,1179,42.7,0.8,11.7,0.4,4.5,0.3,1.7,0.2,95.1,0.4,22.5,0.1,17,0.1,4.2,,5,0.2,69.4,0.5,2,0.2,48.4,0.8,12.5,0.5,7.3,0.5,10.8,0.7,0.7,0.1,12.6,0.6,11.8,0.5,4,0.4,18,0.8,24.5,0.4,3.5,0.4,2.5,0.3,19.5,0.6,3.8,0.5,0.3,0.1
"29185","St. Clair County, Missouri","29","185",TRUE,"missing_estimate:",53043,10.8788581843462,6049,14.7,2.5,20.9,2,1.2,0.6,0.5,0.4,82.4,3.1,21.3,0.4,25.6,0.5,2.2,,0.8,0.4,52.8,2.9,1.8,1,28.6,4.3,16.9,3.1,17.6,3.3,16.6,2.9,7.5,2.6,6.1,2,8.4,2.8,11.8,2.6,8.8,2.6,28.4,3.5,23,3.4,19.7,3.1,24,3.5,5.6,1.6,0.6,0.6
"29186","Ste. Genevieve County, Missouri","29","186",TRUE,"missing_estimate:",66339,11.1025332385255,7127,16.8,2.5,16.3,1.9,0.4,0.2,0.4,0.4,84.9,3.5,21.4,0.1,21.5,0.3,1.5,,1.2,0.3,59,2.4,2.5,1.3,29,2.8,18.9,2.7,19.2,3.3,17.1,3.4,4.8,1.5,18,3.7,8.1,2.2,3.2,1.4,6.5,2.4,31.9,3,14.3,2.8,11,2.9,17,3.4,4.3,1.9,0,0.1
"29187","St. Francois County, Missouri","29","187",TRUE,"missing_estimate:",57477,10.9591401467641,4527,17.2,1.5,21.4,1.3,1.5,0.6,0.3,0.1,85.9,2,20.9,,17.2,0.1,1.9,,2.7,0.3,52,1.8,2.4,0.6,30.7,2.4,21.4,2.6,11.2,1.9,17,1.8,1.8,0.7,9.8,1.3,7.1,1.1,4,0.8,7.6,1.7,25.9,1.3,14.3,1.5,10.4,1.5,31.8,2.3,6.6,1.4,0.5,0.5
"29189","St. Louis County, Missouri","29","189",TRUE,"missing_estimate:",82936,11.3258245050029,1390,47.4,0.6,12.1,0.3,8.4,0.3,3.6,0.2,93.4,0.3,22,0.1,19.1,0.1,3.9,,24,0.2,65,0.4,2.8,0.2,50.4,0.7,14.6,0.5,4.7,0.3,10.5,0.4,0.5,0.1,9.5,0.3,13.9,0.4,4.9,0.3,18.3,0.5,23.1,0.3,7.2,0.4,0.3,0.1,30.8,0.5,6.6,0.3,0.4,0.1
"29195","Saline County, Missouri","29","195",TRUE,"missing_estimate:",57931,10.9670079261547,4575,22.7,2.5,16.4,1.4,5.8,1.4,4.2,1.1,85.6,2.6,22,0.4,17.2,0.4,12.6,,4.9,0.9,58.5,2.5,1.9,0.7,27.4,2.7,22.3,3.2,8.8,1.8,22.3,2.6,5.9,1.4,19.7,2.6,5.5,1.5,6.7,1.5,3.9,0.9,17.5,1.3,17.9,2.4,8.2,1.6,30.2,3.1,6.3,1.8,0,0.1
"29197","Schuyler County, Missouri","29","197",TRUE,"missing_estimate:",61205,11.0219841645096,8487,11.8,2.8,19.4,2.9,0.9,0.8,4.1,3.3,69.1,4.8,27.5,0.6,19.2,0.1,0.7,0.8,0.2,0.2,54.5,4,2,1.3,33,4.7,15.1,4,18,3.5,17.6,4.3,8.5,3.3,12.1,3.9,5.6,2.6,10.8,3.7,6.6,3,28.5,2.8,31.2,4.2,9.8,3,20.1,4,5.9,2.4,0.2,0.3
"29199","Scotland County, Missouri","29","199",TRUE,"missing_estimate:",68913,11.1406001184493,9762,15.2,3.3,9.8,2.4,1,0.5,4.3,1.7,81.9,5.3,29.9,0.6,19.4,0.3,0.2,0.3,0.1,0.3,61.5,3.5,0.1,0.2,34.8,5.3,9.9,3.5,16.7,4.6,22.8,4.6,11.8,4.5,12.9,4.6,4.8,2.3,16,4.4,11.3,4.3,19.1,2.6,29.6,4.2,6.8,2.3,17.6,4.2,3.5,1.7,0,2.2
"29201","Scott County, Missouri","29","201",TRUE,"missing_estimate:",62782,11.0474236871679,4395,22.1,1.9,16.6,1.2,0.6,0.3,0.2,0.2,88.9,1.7,24,0.1,18.7,0.1,2.6,,9.1,0.8,61.8,1.8,1.8,0.5,31.2,2.7,19.1,2.6,11.2,1.8,19.9,2.4,2.5,0.7,13.6,1.7,6.2,1.5,5.6,1.5,4.4,1,18.6,1,9.1,1.7,10.2,1.7,28.9,2.2,4.8,1.1,0.1,0.1
"29203","Shannon County, Missouri","29","203",TRUE,"missing_estimate:",55222,10.9191167035896,9830,12.8,3.3,21.1,2.8,0.8,0.5,0.4,0.3,82.5,4.2,22.7,,22.5,0.4,0.7,0.6,0.2,0.3,43.7,2.9,0.6,0.4,22.6,4.5,14.4,5.3,24.6,5.7,21.6,6.2,7.2,2.9,16.4,4.3,6,2.9,9.8,3.4,7.9,4.7,29,4.1,18.1,4.3,14.1,3.5,20.1,3.7,5.2,2.3,0.1,0.2
"29205","Shelby County, Missouri","29","205",TRUE,"missing_estimate:",51594,10.851160665639,5271,18.5,3.4,15.4,2.3,1.3,0.8,0.9,0.6,84.2,3.2,24,0.5,22.3,0.5,2.3,,1.1,0.5,54.5,3.3,1,0.5,30.2,4,20.9,2.8,15,3.6,21.3,3.9,9.9,3.2,11.5,2.7,5.1,1.9,12.3,3.2,6.6,2.8,21.1,2.2,18.9,3.7,12.1,2.9,22.5,3.3,4.8,1.9,0.2,0.3
"29207","Stoddard County, Missouri","29","207",TRUE,"missing_estimate:",57957,10.9674566352607,3823,16.7,1.9,20.8,1.9,0.4,0.3,0.2,0.2,86.9,2.1,22.1,0.1,20.6,0.2,2.2,,1.1,0.3,56.7,2.1,2.1,0.9,30.9,2.6,17.6,2.6,13.2,2.4,20.3,2.2,6.1,1.6,14.1,2.1,6.1,1.6,7.2,1.5,3,1.2,23.1,1.1,13.5,1.8,7.4,1.5,28.2,2.9,3.6,0.9,0.1,0.1
"29209","Stone County, Missouri","29","209",TRUE,"missing_estimate:",63520,11.059110095921,2592,24.8,1.7,19.7,1.5,1.2,0.3,0.6,0.2,88.6,1.7,16.7,0.1,32,0.2,2.9,,0.3,0.1,49.5,1.9,3.5,0.9,36.5,3.1,17.9,2,9.8,1.6,11.8,2,2.5,1,7,1.4,11.3,2,7.4,1.5,11.9,1.9,27.1,1.3,33.9,2.2,11.4,1.6,16.7,1.7,3.9,1.2,1.2,0.5
"29211","Sullivan County, Missouri","29","211",TRUE,"missing_estimate:",56964,10.9501747683393,4179,15.5,3.2,13.9,2.2,10.5,1.7,8.8,1.9,79,3.7,22.3,0.1,20.8,0.6,18.1,,2.7,1.1,56.4,3.2,1.4,0.9,25.1,3.9,17,3.9,11.8,2.5,31,5.1,7.6,1.9,26.6,4.7,10.5,3,6.4,1.9,4.5,1.7,19.6,2.9,32.2,3.9,11.3,2.7,24.9,3.7,6.3,2.6,0.9,0.7
"29213","Taney County, Missouri","29","213",TRUE,"missing_estimate:",56497,10.9419428183797,3805,25,1.6,16.4,1.2,3.2,0.5,2.6,0.5,89.1,1.6,20.9,,22.8,0.2,7.6,,1.8,0.2,58.3,1.6,2.3,0.5,32.3,2.2,20.8,1.7,10.8,1.2,11.1,1.6,1,0.4,4.7,1.1,8.1,1.5,6.4,1.2,9,1.7,23.3,1.1,24.5,1.7,12.4,1.4,33,2.1,4.4,1,1,0.5
"29215","Texas County, Missouri","29","215",TRUE,"missing_estimate:",50036,10.8204980253346,4346,16.5,2.3,25,2.2,1.1,0.3,0.7,0.4,79.8,2.9,22.1,0.6,21.5,0.5,2.5,,3.5,0.5,48,1.9,2.4,0.6,28.2,3.2,18.9,2.3,13,2.6,19.9,2.9,5.1,1.8,14.7,2.8,5.2,1.8,8.7,2,6.5,1.6,25.4,1.6,13.7,2.6,12.8,2.4,22.8,2.8,8.2,1.8,0.4,0.5
"29217","Vernon County, Missouri","29","217",TRUE,"missing_estimate:",52230,10.8634123214303,3655,16.6,2.2,19.3,2.2,2.2,0.8,2.2,0.6,84.3,2.4,23.8,0.2,20.6,0.3,2.7,,0.9,0.3,56.7,2.3,2.4,0.7,33.5,3.7,16.8,3.2,11.2,2.6,19,3.4,7.5,1.6,11.7,2.9,4.6,1.7,11.2,2.6,11.8,2.4,19.4,1.4,13.1,2.5,9.8,1.7,28.7,3.2,11.4,2.5,0.6,0.7
"29219","Warren County, Missouri","29","219",TRUE,"missing_estimate:",81209,11.3047813574462,5304,20.2,1.8,14.5,1.7,1,0.4,1,0.5,91.8,1.6,23.1,0.1,18.2,0.2,4.1,,1.1,0.5,62.8,1.8,2.3,0.8,33.3,2.6,13.5,1.8,15.2,2.3,18,2.5,1.3,0.6,15,2.1,8.2,1.5,4,0.9,9,1.7,31.6,1.5,14.3,2,10,1.6,19.8,2.6,3.1,1,0.8,0.8
"29221","Washington County, Missouri","29","221",TRUE,"missing_estimate:",56043,10.9338745322087,6053,11.7,2.3,23.4,2.1,0.8,0.5,0.4,0.3,82.6,3.3,23.5,0.3,17.9,0.2,1.1,,1.7,0.2,51.8,2.4,1.9,0.8,26.2,3.5,20.3,2.9,19,2.9,18.6,3.4,5.1,2,13.4,2.9,6.9,1.9,6.6,2.1,5.8,1.9,38.4,2.6,16.9,3.3,27.5,2.8,21.6,3.5,10,1.9,0.5,0.3
"29223","Wayne County, Missouri","29","223",TRUE,"missing_estimate:",47226,10.7626998673705,4530,12.7,2.9,29.8,3.9,0.6,0.5,0.1,0.1,82,4.1,19.6,0.5,25.1,0.6,1.5,,0.4,0.3,46.6,3.5,3.4,1.4,27.9,4.2,19.2,4.4,17,4.3,18.8,3.8,5.5,3.1,11.8,3.7,3.3,1.6,7.9,4.2,5.1,2.8,29,3.2,24.4,4.8,20.6,3.4,24.9,4.6,5.5,1.9,1.3,1.1
"29225","Webster County, Missouri","29","225",TRUE,"missing_estimate:",71155,11.1726158751178,2974,18.3,1.9,13.4,1.5,1.6,0.6,4.1,1.7,82.1,2.3,27.5,0.3,15.8,0.3,2.3,,1.1,0.5,58.6,1.5,2.3,0.8,29.6,2.8,18.1,3,13,2,20.9,2.3,2,0.9,12.7,1.9,8.4,1.7,12,2.7,6.5,1.7,27.3,1.2,9.9,2.1,10.4,1.9,22.6,3.2,6.9,1.6,0.7,0.5
"29227","Worth County, Missouri","29","227",TRUE,"missing_estimate:",47847,10.7757636989909,10123,21.1,4.3,19.2,2.9,0.4,0.5,0.1,0.1,84.9,4.2,21.6,1,26.4,0.4,0.6,0.9,0.1,0.2,57.4,2.8,0.9,0.8,30.2,6.8,21.1,5.3,16.1,5.5,11.8,2.9,20.3,5.7,6.3,2.5,3.5,1.8,17,4.6,11.8,4.5,25.7,4.6,24.1,5.5,6.9,3.2,17.9,4.3,7,4.4,0,4
"29229","Wright County, Missouri","29","229",TRUE,"missing_estimate:",47909,10.7770586571901,4190,15.9,2.9,17.8,1.6,1,0.5,1.1,0.9,79.7,3.5,25.8,0.3,19.7,0.2,2.6,,0.5,0.5,53,2.6,1.9,0.8,28.6,3.7,18.6,3.4,13.2,2.9,22.6,4.1,5.6,1.9,15.6,2.8,4.7,1.6,10.6,2.5,7.4,2.3,29.5,3.3,14.1,3.1,10.3,2.7,22.9,3.6,7,2,0.4,0.4
"29510","St. Louis city, Missouri","29","510",TRUE,"missing_estimate:",56160,10.9359600386997,1305,41.1,0.7,16.8,0.8,7.1,0.4,3.4,0.4,86.8,0.9,18.3,,15.5,0.1,5.3,,42.1,0.4,66.5,0.8,3.3,0.4,49.2,1.1,18.6,0.9,4.5,0.5,10.9,0.7,0.5,0.2,8.6,0.7,13.8,0.7,5.4,0.5,17,0.8,22.1,0.4,16.8,0.7,0.5,0.1,54.7,1,18.5,1,0.8,0.2
"30001","Beaverhead County, Montana","30","001",TRUE,"missing_estimate:",61268,11.0230129627844,2995,37.7,3.8,17.4,2.9,1.6,0.8,1.8,1,90.4,2.9,17.5,0.6,23.8,0.5,5.2,,0.5,0.6,56.6,3.2,0.7,0.8,39.6,5.7,16.7,4,14.8,4,11.7,3.8,14.4,3,5,2.2,7.4,2.6,10.8,2.6,9.2,3,19.3,2.9,15.7,3.6,17.5,3.9,34.2,4.2,0.8,0.7,1.4,1.8
"30003","Big Horn County, Montana","30","003",TRUE,"missing_estimate:",58750,10.9810464320064,2019,17.8,3.1,13.2,1.8,0.8,0.6,1,0.6,82.7,4.1,31.3,0.7,14.1,0.1,4.7,,0.3,0.4,57.2,3,7.6,1.6,37,5.3,19.4,4,14.9,3.6,9.8,3.8,13.5,3.2,0.1,0.2,6.3,2.5,6.9,2.2,10.4,3.4,19.6,2.2,15.5,2.3,19,3.3,33.3,4.7,6.9,2.8,4.1,2.6
"30005","Blaine County, Montana","30","005",TRUE,"missing_estimate:",64813,11.0792614795034,5933,23.9,2.8,19.4,2.8,1.7,0.8,1.5,0.7,83.7,3.5,29,0.2,16.7,0.1,2.8,,0.4,0.4,62.1,2.8,8.5,1.9,44,4.2,15.6,3,15.9,4.2,6.7,2.3,18.4,3.6,1.3,1.1,4.6,2.1,11.6,3,16.6,3.6,15.4,1.4,19.2,3.6,7.9,2,34.3,4,7.6,3.1,1,0.8
"30007","Broadwater County, Montana","30","007",TRUE,"missing_estimate:",70374,11.1615791557496,6632,27.3,6.4,15.3,2.9,0.8,0.7,0.7,0.8,85.5,5.1,19.9,,23.2,0.4,2.8,1.7,0.2,0.3,62.5,4.1,2.2,2,39.8,7.8,19.9,5.1,11.4,4.7,11.8,4,4.2,2.2,7.3,2.8,5.3,3.1,7.9,3.5,10.5,3.9,29.3,3.7,11.2,4.2,12.5,3.8,12.2,2.9,2.6,1.7,0.4,0.7
"30009","Carbon County, Montana","30","009",TRUE,"missing_estimate:",80261,11.2930391032499,9036,34.6,2.9,17.4,2.8,0.6,0.4,0.3,0.5,86.4,2.3,17.2,0.4,28,0.4,3,,0.3,0.5,59.6,3,2.7,1,41.9,3.6,14.7,3.2,13.5,2.4,13.3,3.2,16.2,2.9,7.5,3.2,9.8,4.1,10,3.1,11,2.3,29.6,5.3,27.7,6.9,7.8,2.7,22,4.4,3.4,1.9,0.5,0.4
"30011","Carter County, Montana","30","011",TRUE,"missing_estimate:",54167,10.899827145911,12202,20.7,4.2,17.4,4.2,0.4,0.4,0.2,0.4,87.5,6.2,17.7,4.2,31.1,5.1,2.4,2.3,0.1,0.6,57.3,5,1.6,2.1,60.3,6.8,7.3,3.8,17.7,6.1,8.8,4.2,49.9,7.6,0,4.8,4.4,2.1,33,8.1,39.5,8.1,19.5,3.9,27.6,5.7,29,6.5,37.8,7.6,6.2,4.8,0,4.9
"30013","Cascade County, Montana","30","013",TRUE,"missing_estimate:",67690,11.1226937375027,2796,28.4,1.4,16.3,1.1,2.3,0.5,1.2,0.3,89.2,1.2,22.3,,19.6,0.1,5.3,,1.3,0.2,62.9,1.1,1.9,0.4,37.9,2,19.2,1.7,10.4,1.2,11.9,1.2,3.5,0.8,5.8,0.9,8.3,1,6.6,0.9,7.4,1,16.5,0.7,9.8,1,7.1,0.8,31.5,1.5,6,0.8,0.3,0.1
"30015","Chouteau County, Montana","30","015",TRUE,"missing_estimate:",58218,10.9719498642534,4666,23,3.4,13.6,2.1,1.5,0.8,0.2,0.2,77.4,4.3,22.3,0.5,23.4,0.5,3.1,,0.1,0.1,51.5,2.9,1.6,1,51.1,4.6,12.2,3.2,11.9,2.6,5.7,1.9,29.1,4,2.2,1.1,6.3,2.5,16.6,3,12.5,3.1,18.5,1.4,25.2,3.4,16.9,4.3,31.8,4,5.1,2.7,0.3,0.3
"30017","Custer County, Montana","30","017",TRUE,"missing_estimate:",70605,11.1648562425034,6843,27,2.5,21.3,2.1,1.3,0.6,0.6,0.4,88.4,2.6,19.8,,20.8,0.4,3.4,,0,0.1,65.5,2.2,2.3,1,40.2,3.5,15.6,2.3,10.3,2.2,10.7,2.3,7.1,1.7,3.1,0.9,5.3,1.4,10.7,2.3,5,1.5,13,1.4,12.9,2.6,12.3,2.8,30.1,3,5.1,1.8,0.3,0.3
"30019","Daniels County, Montana","30","019",TRUE,"missing_estimate:",55625,10.9263880194685,13820,24.2,4.8,16.2,4.4,2.3,1.2,0,2,85.1,7,17.9,4,31.7,4.4,3.3,2.6,0.3,0.4,62.5,5.3,0.3,0.5,34.2,7.8,16.2,6.2,18.9,6.4,8,4.6,21.9,6.7,4.7,3,1.1,1.1,9.2,4.1,7.6,4,13.8,2.2,35.1,6.2,6.2,3.2,16.9,5.2,2.6,1.9,0,4
"30021","Dawson County, Montana","30","021",TRUE,"missing_estimate:",71334,11.1751283510866,5860,21.8,4.3,18.7,3.9,0.4,0.3,0.1,0.2,88,4.6,21.4,1.6,21.2,0.3,3.6,,0.2,0.2,63,3.6,1.7,1.1,37.1,6.3,15.7,3.7,15.4,4.1,16.5,4.4,9.9,3.4,4.4,2.4,2.3,1.3,6.3,2.1,6.1,2.1,19.1,3.2,17.5,4.9,16.1,3.9,28.1,5.4,4.1,2.5,0.4,0.7
"30023","Deer Lodge County, Montana","30","023",TRUE,"missing_estimate:",57527,10.9600096817916,6425,24.1,3.5,25.6,3.3,0.4,0.4,0.4,0.5,81.6,4.3,12,0.6,26.3,0.3,3.5,,0.4,0.4,54.6,3.6,1.9,1,38.7,4.6,23.3,5.2,13.5,4,6.9,2.6,5,2.5,2.4,1.2,9.1,4,5.9,2.9,8.1,3.2,18.6,2.6,19.3,4,5.3,2.4,27,4.2,7.1,2.7,0.1,0.3
"30025","Fallon County, Montana","30","025",TRUE,"missing_estimate:",76250,11.2417726944697,13756,16.2,5.4,10.9,3.3,1.9,1.3,0,1.2,88.5,5.2,23.7,2.9,22.2,2.8,0.1,0.4,0,1.1,58.2,5.2,0,1.4,31.6,6.7,13.2,6.4,27.9,7.9,10.4,6.3,37.6,7.7,0.6,0.8,7.2,4.5,11.4,4.1,6.2,4.1,21,6.9,20.6,5.9,21.3,6.2,30.6,8.3,4.9,3.2,0,2.5
"30027","Fergus County, Montana","30","027",TRUE,"missing_estimate:",63706,11.0620340286473,4994,24,3.4,14.6,2.5,2.2,1.2,1.1,0.7,85.6,2.7,21,,25.1,0.5,2.4,,0.6,0.5,64.2,2.4,2.7,1.2,39,4.5,14.9,3.3,14.7,2.9,13.3,2.6,15,2.9,4.4,1.5,7.2,2.6,16.6,3.3,16.8,3.2,18.3,2.7,11.8,3,13.4,2.9,36.6,4.5,9.4,3,0.5,0.5
"30029","Flathead County, Montana","30","029",TRUE,"missing_estimate:",73925,11.2108063447207,2517,37.2,1.5,11.7,0.8,2.8,0.4,0.7,0.2,91.2,1.3,21.6,0.1,21.1,0.1,3.7,,0.2,0.1,62.4,1,1.8,0.4,40.3,1.8,17.1,1.4,12.3,1,11.4,1.1,4.1,0.7,6.2,0.9,10.4,1.1,11.2,1.3,15.8,1.5,19.6,0.7,14.4,1.1,7.9,0.8,27.6,1.7,4.2,0.7,0.9,0.3
"30031","Gallatin County, Montana","30","031",TRUE,"missing_estimate:",93528,11.4460161356867,3326,54.3,1.8,8.9,0.7,4.1,0.5,1.3,0.3,93.3,1,18.8,0.1,13.6,0.1,5.4,,0.4,0.1,71.2,1.1,1.6,0.4,45.8,1.6,16.6,1.4,10.9,0.9,9.5,1,3.3,0.6,6.1,0.8,13.6,1.2,8.2,0.9,15.5,1.2,18.3,0.6,11,0.9,5.4,0.9,38.9,1.4,2.4,0.6,0.8,0.3
"30033","Garfield County, Montana","30","033",TRUE,"missing_estimate:",69583,11.1502755636144,16791,21,4.8,15.4,4.2,0,2.7,0,2.9,89.8,4.7,24.9,3.7,26.4,5.1,0,2.7,0,2.7,58.4,6.1,0,3.4,55.6,7.3,9.6,3.9,15,4.6,8.8,5,46.4,6.1,2.4,1.8,4,2.4,25.2,6.7,43.7,8,23,4.9,40.8,5.3,19.3,4,27.8,7.2,1.6,1.8,0.7,0.7
"30035","Glacier County, Montana","30","035",TRUE,"missing_estimate:",46875,10.7552397632727,11273,16.5,2.9,17.7,2.3,0.8,0.7,3.3,2.1,84,3.3,30.3,0.3,13.2,0.1,2.9,,0.2,0.2,55.5,4.1,5.6,1.7,34.6,4.7,28,5.3,11.4,2.5,10,2.8,9.4,2.7,2,1.5,7,3.8,7.7,1.9,12.5,3.9,14.7,1.2,19.8,3.2,13.1,2.3,36.3,4.7,6,2,2.8,2
"30037","Golden Valley County, Montana","30","037",TRUE,"missing_estimate:",58333,10.9739232499355,10418,20.9,4.9,18.1,3.8,1,0.7,4.8,1.4,78.2,6.7,18.2,5.1,28.8,4.8,4.3,4.1,0.8,0.7,52.2,7.5,0.8,0.5,30.8,7,18.3,7,32.4,10,13.3,5.2,43.1,7.8,3.4,2.1,2.1,1.8,18.3,6.4,14.1,7.1,31,8,22,7.1,14.9,5.2,18.9,6.6,6.1,3.5,0,7.7
"30039","Granite County, Montana","30","039",TRUE,"missing_estimate:",59265,10.9897741915136,11108,34.2,4.6,16.4,3.5,2.2,1.5,1.1,1.3,86.9,3.7,14.7,1.2,31.3,0.2,2.6,1.7,0.1,0.5,53.6,3.5,2,1.5,36.6,6.4,23.4,7.5,14.9,5.8,9.5,3.3,15.2,4.2,3.7,2.5,11.1,5.7,10.8,4.4,9.9,4.3,27.6,3.8,41.8,5.6,10.3,3.8,22.1,6.6,3.5,2.4,0.3,0.4
"30041","Hill County, Montana","30","041",TRUE,"missing_estimate:",52798,10.8742285901891,5536,24.4,3,12,1.7,1,0.5,0.7,0.5,82.7,2.8,28.2,0.2,16.3,0.4,3.5,,0.3,0.2,61.2,2.4,2.6,1,34.4,3.7,20.6,4.1,11,2.6,14.1,2.8,7.4,1.8,1,0.7,4.9,1.9,5.6,1.8,5.1,1.4,13.1,0.9,14.2,2.8,14.1,2.5,33.9,3.4,8.6,2.2,0.7,0.6
"30043","Jefferson County, Montana","30","043",TRUE,"missing_estimate:",95490,11.4667768089442,18478,32.2,3.3,17.7,2.8,1,0.4,0.8,0.4,91.4,2.9,20,0.2,23.2,0.3,3,,0,0.1,60.8,2.5,2.5,1,46.4,3.7,15,2.5,12,2.6,8.2,2.3,6,1.8,2.9,1.3,9.9,2.3,8.3,2.6,12.7,3.6,24.4,1.8,7.6,2.5,11.3,2.7,15.8,2.7,3,1.4,0.1,0.2
"30045","Judith Basin County, Montana","30","045",TRUE,"missing_estimate:",59000,10.9852927228879,8593,31,5.1,9.9,2.5,2.3,1.7,0.4,0.4,91.5,3.1,22.5,3.2,26,3.9,7.7,2.8,0,1.4,64.8,5,0.1,0.1,56.1,7.6,13.7,4.4,10.3,3,8.2,3.2,36.7,5.2,3.4,2,5.4,2.7,28,5.6,27.9,5.3,21.4,3.4,27.2,4.4,13.7,3.7,27.3,6.2,2.4,1.6,0,3.2
"30047","Lake County, Montana","30","047",TRUE,"missing_estimate:",63360,11.0565880264883,3063,31.5,1.9,15.7,1.3,2.3,0.5,1.8,0.6,84.8,1.7,22,0.2,24.2,0.2,4.3,,0.2,0.1,55.3,1.7,3.2,0.7,39.9,3.1,18.9,2,10.4,1.5,11.1,1.9,5.7,1.3,5.4,1.3,8.9,1.5,9.3,1.5,13.2,1.7,22.9,1.6,23.6,1.5,10,1.3,25,2,4.8,1,1.1,0.5
"30049","Lewis and Clark County, Montana","30","049",TRUE,"missing_estimate:",78237,11.2674979604153,3203,43,1.7,14.8,1.3,1.9,0.4,0.4,0.2,90.3,1.5,21.2,,20.2,0.1,4,,0.5,0.1,63.9,1.2,2,0.5,50.9,2.1,15.5,1.8,8.3,1.2,8.4,1.1,2.9,0.7,2.8,0.6,9.6,1.1,7,1.2,14.5,1.5,18.3,1,8.4,1,9.6,1,29.9,1.8,5.3,1.1,0.5,0.3
"30051","Liberty County, Montana","30","051",TRUE,"missing_estimate:",57857,10.9657297278945,11761,27.8,6.6,18.2,4,2.9,1.5,2.6,1.6,74.6,7.7,27.2,2.9,21.6,3.5,0.1,0.1,0,1.5,57.9,6.3,0.3,0.4,51.9,7.6,13.8,5.5,17.4,10,5.7,8.1,28.9,7.5,3.5,7.6,2.8,2.4,11.9,4.4,26.5,8.2,16.5,5.3,13.5,4.5,8.5,3.8,36.6,6.3,10.2,5,0.3,0.5
"30053","Lincoln County, Montana","30","053",TRUE,"missing_estimate:",47143,10.7609408146858,5050,18.9,2.3,22.9,2.3,2.6,0.9,1.6,0.9,86.6,2.3,18.1,0.1,30.1,0.3,3.1,,0.1,0.1,43.7,2.5,2.2,1,35.7,4.2,20.3,3.6,15,2.5,10.7,2.5,8.5,2.4,6.1,2.2,7.3,2,10.7,2.8,15.5,3.3,18.5,2.8,17.5,2.4,15,2.5,22.4,2.8,6.4,1.9,0.9,0.7
"30055","McCone County, Montana","30","055",TRUE,"missing_estimate:",69375,11.1472818510487,16254,23.3,5.7,11.2,3.5,1.3,1.4,0,1.8,82.1,6.9,18.6,2.8,30.4,5.5,0.2,0.6,0,1.8,59.8,5.2,1.3,1.1,45,6.3,11,5.8,16.8,6.4,10.3,3.8,33.7,8.5,0,3.6,2.3,1.8,20.1,6.5,16.3,6.1,19.9,4.2,26.2,5,12.3,4.4,10.2,4.3,0.4,0.5,0.4,0.5
"30057","Madison County, Montana","30","057",TRUE,"missing_estimate:",75250,11.2285711826111,4431,32.6,3.5,14.4,2.8,2.8,1,0.9,0.5,89.4,2.7,16.3,0.5,30.8,0.4,3.7,,0,0.3,55.2,2.7,1.7,1,37.3,5,16.5,3.6,19,3,12.4,3.1,13.8,3,8.7,2.8,7.2,2.1,17.2,4.1,20.5,3.3,25.8,2.4,41.5,2.9,6.7,1.5,19,3.5,1.6,0.8,0.5,0.7
"30059","Meagher County, Montana","30","059",TRUE,"missing_estimate:",71932,11.1834765072851,21850,30,8.3,18.7,6.2,0.9,1.2,0.2,0.4,84,8.6,12.3,3.1,34.7,3.3,3.2,0.1,0.7,1,61.1,8.7,0.2,0.3,53.3,10.5,9.4,4.5,14,6.3,7.7,4.4,29,10.4,2.4,2.7,6.5,4.5,26.3,8,15.7,7.5,25.4,6.3,36.1,6,17.8,6.9,24.6,6.8,0.5,0.9,0.1,0.5
"30061","Mineral County, Montana","30","061",TRUE,"missing_estimate:",63450,11.0580074731425,6481,26.1,3.7,18.2,2.9,1.5,0.8,0,0.6,83,5.6,20.7,0.5,28.1,0.5,3.7,,0.2,0.3,53.2,3.7,1.7,0.9,35.8,5,17.3,3.7,10.3,3,18.7,3.9,5.8,3,4.7,2.8,8.3,3.3,13.2,4.9,9.9,3.1,27.6,4,16.4,3.8,16.4,3.1,18.9,3.5,2.7,1.9,1,1.2
"30063","Missoula County, Montana","30","063",TRUE,"missing_estimate:",75598,11.2331851067912,2922,47.4,1.4,12.6,0.7,2.9,0.4,1.1,0.3,93,0.9,18.2,0.1,17.1,0.1,5.1,,0.4,0.1,69.6,1,2.6,0.5,42.5,1.5,19,1.2,9,0.9,10.2,1,2.7,0.5,4,0.6,13.4,1.1,8.1,1.1,14.6,1,18.1,0.7,7.5,1.1,8,0.8,41.2,1.6,5.2,0.9,0.7,0.4
"30065","Musselshell County, Montana","30","065",TRUE,"missing_estimate:",58920,10.9839358705766,9325,22.4,4,23.1,4.1,1.7,1.1,1.5,1.6,83.4,4.9,19.4,1.1,29,1.3,4.3,0.7,0,0.6,54.8,4.8,5.1,2.3,27.1,6.7,21.9,5,16,4.5,10.1,4,12.6,3.9,2.2,2.2,12.5,3.9,8.4,2.8,22.8,5.1,25.3,3.1,19.3,4.5,18,4.9,14.9,4.7,5.9,2.5,1,1
"30067","Park County, Montana","30","067",TRUE,"missing_estimate:",70047,11.1569217242956,6130,39.8,3.4,13,1.8,2.5,0.7,0.7,0.4,90.2,1.7,16.9,0.2,24.6,0.4,3.6,,0.2,0.3,59.3,2,1.6,0.8,43.7,3.6,18.4,3,14.9,2.7,7.1,2.6,4.9,1.2,7.1,3.1,15.5,3.5,12.1,2.3,17,3.2,25.3,2.5,13.2,2.3,7.9,1.7,30.6,3.9,3.4,1.5,0.3,0.2
"30069","Petroleum County, Montana","30","069",TRUE,"missing_estimate:",60208,11.0055605128332,16682,30.8,9.7,6.7,4.3,0.9,1.7,0,6.7,84.2,8.8,14.8,6.1,28.2,8.7,0,6.5,0,6.5,61.7,8.6,0,7.6,39.1,11.4,7.2,6,28.5,8.7,7.7,6.4,35.7,13.8,2.1,2.2,3,3.8,13.2,6.9,15.3,12.3,16.2,5.6,28.9,9.8,21.2,7.9,27.1,10.7,0,12.7,0,12.7
"30071","Phillips County, Montana","30","071",TRUE,"missing_estimate:",53417,10.8858843263449,2401,25.4,5.2,17.3,3.6,2.6,1.7,0.6,1.1,91,3.5,23.4,,24,,1.1,1.1,0.2,0.6,57.1,4.6,1,1.2,38.2,8.2,18,5.4,20.6,5.3,8.4,3.9,32.1,5.8,0,1.6,10.9,5,17.2,6.8,18.7,5,15.6,2,21,4.5,16.6,4.3,26.5,6.2,0.6,0.6,0,1.7
"30073","Pondera County, Montana","30","073",TRUE,"missing_estimate:",52338,10.8654779636613,4638,20.1,3.4,19.2,2.6,1.8,0.9,1.4,0.7,81.8,3.3,23.8,0.1,21.9,0.1,2.6,,0,0.1,58.9,2.9,3.4,1.1,36.7,4.1,21.6,4.4,14.3,2.9,11.1,2.3,20.2,5.4,3.1,1.5,5.4,2.2,10.4,2.4,9.6,3.1,19.2,1.9,17.6,3.6,11,3.2,32.3,4.7,7,1.8,0.5,0.4
"30075","Powder River County, Montana","30","075",TRUE,"missing_estimate:",67045,11.1131193147137,14071,26.1,5.2,13.7,3.3,1.4,1,0.1,0.2,84,6.4,20.1,2.5,30,3.7,1.4,1.3,0,1.6,56.5,5.3,0.4,0.5,49,8,12.2,4.5,19.3,8.6,10.2,5.2,30.7,5.9,0.4,0.5,5.9,3.1,25.5,6.5,19.6,6.4,19.4,3.2,27.2,5.7,19.2,4.5,21.2,5.3,3.2,2.4,2.7,2
"30077","Powell County, Montana","30","077",TRUE,"missing_estimate:",66923,11.1112979837433,11061,19.3,3.5,21.9,3.6,2.3,1.4,0.3,0.2,83.8,5.5,13.3,0.6,20.9,0.4,2.7,0.9,0.4,0.4,41.8,2.7,1,1,43.9,6.2,20.9,5.2,9,2.5,10.3,3.9,10.3,3.9,4.6,2.6,5.7,2.7,4.9,2.1,9.4,3.2,18.1,2.7,19.1,4.2,11.9,3.6,27.5,5.4,2.4,1.7,1.7,1.8
"30079","Prairie County, Montana","30","079",TRUE,"missing_estimate:",51250,10.8444708970007,6492,26.9,8.5,14.3,4.6,4,3.8,0,2.5,78.2,7.8,17,4,42.2,7.9,0.6,1,0,2.4,52.3,7.8,0.5,0.9,48.7,11.2,10.6,4.7,16.9,7.4,10.2,5.9,41.3,11.3,2.2,1.8,5.9,6.5,32.9,11.6,36.4,14.1,17,4,20.7,6.1,11.1,6.3,16.1,5.9,9.5,6.7,0,5.4
"30081","Ravalli County, Montana","30","081",TRUE,"missing_estimate:",71283,11.1744131488011,3919,28.7,2.2,18.1,1.6,2.3,0.5,0.6,0.3,87.1,2.2,18.6,0.1,27,0.2,4.1,,0.3,0.1,55.1,1.9,1.8,0.5,33.4,3,18.4,2.3,14.3,2,12.6,2,4.5,1.1,5.5,1,9.2,1.8,13,2,14.2,1.8,24.4,1.7,11.9,2.1,8.6,1.7,20.6,2.2,4.1,1.5,0.3,0.2
"30083","Richland County, Montana","30","083",TRUE,"missing_estimate:",73084,11.1993647435316,8806,22,3.3,11.9,2.3,3.1,0.8,0.9,0.5,85.8,3,24.9,0.2,17.5,0.4,5.5,,0.3,0.3,68.7,2.6,2.2,0.7,30.3,4.4,14.3,3,17.4,3.3,15.3,2.8,15.7,2.8,4.5,1.5,7,2.1,10.6,2.4,5.4,2.4,22.7,2.1,21.2,4.8,16.7,3.3,32.9,4,5.1,2.4,0.2,0.4
"30085","Roosevelt County, Montana","30","085",TRUE,"missing_estimate:",57063,10.951911199621,3866,21.2,2.7,12.6,2.3,0.8,0.2,0.1,0.2,74.1,3.3,32.9,0.1,12.2,0.1,2.9,,0.1,0.1,58.1,3.4,6.3,1.9,38.9,3.3,20.8,3.1,9.2,2,11.6,2.8,10.4,1.9,0.9,0.5,4.6,1.4,7,1.9,3.9,1.7,19,1.5,24,2.2,10.6,2.3,33.4,3.1,10.4,3,1,1
"30087","Rosebud County, Montana","30","087",TRUE,"missing_estimate:",49914,10.8180568035119,14727,20.9,3,16.9,1.9,2.3,0.7,1.1,0.7,77.4,3.6,28.3,0.3,17.6,0.5,3.7,,0.1,0.1,58.3,3.7,6.2,2.3,32.6,4.6,22.9,3.3,18.9,3.7,10.8,3.6,14.6,3.5,1.5,1.2,5.3,2.4,8.2,2.8,7,2.5,15.5,1.7,18.8,3.6,17.5,3.8,36.4,4.5,7.9,2.9,1.6,0.7
"30089","Sanders County, Montana","30","089",TRUE,"missing_estimate:",57476,10.9591227483491,6047,21.5,3.5,23,3,1.7,0.6,1.1,0.7,87.8,2.9,17,,33,0.4,3.5,,0.2,0.2,42,2.9,2.5,1.1,32.8,3.7,19.2,3.8,15,3.1,14.5,3.5,11.2,2.8,7.6,2.2,5.5,2.3,9.8,2.1,15.2,3.3,22,2.7,19.9,3,16.1,2.8,18.7,3.1,4.5,2,0.9,0.6
"30091","Sheridan County, Montana","30","091",TRUE,"missing_estimate:",70147,11.1583483191136,15093,26.2,4.4,15.3,2.7,2.7,1.1,0.6,0.5,89,3.7,21.9,1.5,22.7,1.5,4,1,0,0.8,62.6,3.7,1.3,1,32.2,4.3,19,4.2,20,4.8,7.3,3,25.7,4.3,0.3,0.6,5.4,2.3,19.9,4.1,5.2,1.9,13.2,1.7,27.7,4.9,9.9,2.7,28.2,5.4,5.2,2.3,0.5,0.7
"30093","Silver Bow County, Montana","30","093",TRUE,"missing_estimate:",61754,11.0309140297202,3962,28,2.3,18.5,1.9,1.2,0.3,0.6,0.3,86.5,2.3,20.2,0.1,19.5,0.3,4.6,,0.1,0.1,60.8,2,2.5,0.8,35.1,2.5,18.9,2.2,13.1,2.1,10,1.8,4.5,1.2,4.7,1.4,7.3,1.3,5.6,1.6,7.6,1.5,16.9,1.4,11.9,1.7,6.1,1.4,29.2,2.6,6.5,1.8,0.3,0.4
"30095","Stillwater County, Montana","30","095",TRUE,"missing_estimate:",84732,11.3472486133043,8032,32.3,2.8,18.3,1.6,1.3,0.3,0.2,0.2,86.8,2.5,21,0.2,25.2,0.2,3.5,,0,0.1,61.9,2.4,1.9,1,31.3,3.6,18.6,3,20.7,3.3,14.6,2.4,21.6,3.4,7.7,2.1,9.4,2.1,8.1,1.8,9.8,2.7,30.5,2.8,18.2,2.8,10.4,1.9,17.1,2.7,3.2,1.5,0.8,0.9
"30097","Sweet Grass County, Montana","30","097",TRUE,"missing_estimate:",77000,11.2515607008358,10890,24.4,3.7,17.3,3.3,1.3,0.7,0.2,0.3,91.6,3.9,20.1,2.1,25.8,3.2,1.2,0.9,1,1.2,64.5,4.2,1.1,0.8,34.3,4.7,11.4,3,27.4,4.9,12.7,3.7,19.7,4.1,7.6,2.8,5.1,2.3,14.6,4.1,16,4.8,24.5,3.8,18.3,3.7,8.9,2.8,20.3,5.2,2.5,2,0.5,0.7
"30099","Teton County, Montana","30","099",TRUE,"missing_estimate:",70430,11.1623745877395,7387,26.8,2.9,11.7,1.7,0.4,0.3,1.1,0.9,85,3.1,25,0.6,23.1,0.5,2,,0.3,0.1,59.9,2.5,0.6,0.4,45.3,3.7,16.7,3.1,15.9,3.2,10.1,2.3,19.9,3.7,4.5,1.7,5.7,2,20.7,4.2,15.1,2.8,21.8,2.1,16.2,3.1,8.6,2.1,24.5,3.5,6.2,2.5,0.2,0.2
"30101","Toole County, Montana","30","101",TRUE,"missing_estimate:",57731,10.9635495699212,7284,22.5,4.4,17,4,4.2,1.2,0.8,0.6,88.1,4.8,21.1,1.2,18,1.1,4.4,,1.7,0.6,56.5,4,2.8,1.3,40.1,5.5,17.7,4.3,13.5,4.6,12.4,4.2,13.2,3.7,2.6,1.8,6.5,2.7,14.5,4.2,10.6,3.4,15.5,2.5,20.2,4.9,9.7,3.3,36.9,6.8,7.3,3.5,0.9,0.7
"30103","Treasure County, Montana","30","103",TRUE,"missing_estimate:",67917,11.1260416503984,17213,37.5,7.5,10.8,4.8,1.6,1.7,0,4.1,80,9,17.5,5.7,22.8,6.2,5.2,4.4,0,4,64.7,7.7,0.7,1.3,50,9.7,9.7,4,18.4,6.2,2,2.1,42.1,9.8,0.3,1.1,5.9,3.3,14,6.1,25.1,9.8,16.9,5.7,21.7,7.2,16.3,6.1,31.7,8.3,7.5,5.6,0,8
"30105","Valley County, Montana","30","105",TRUE,"missing_estimate:",71695,11.1801762891491,7973,25.7,4.1,16.5,2.3,1.2,0.7,0.2,0.2,84.9,3.6,22.3,,24.5,0.4,2.6,,0.4,0.4,62.3,3,1.9,0.7,35.6,4.8,17.7,3.7,16.5,2.7,9.3,3.1,14.9,3,1.2,1.2,5.2,2,12,2.4,15.9,3.9,15.4,1.7,30.6,3.7,4.5,1.5,21.5,4.2,5.8,2.8,0.3,0.3
"30107","Wheatland County, Montana","30","107",TRUE,"missing_estimate:",49489,10.8095057016395,12938,23.2,4.8,11.4,4,1.5,1.3,0,1.5,81.9,6.3,21.6,3.5,29,5.2,2.5,2.2,1,1.2,51.9,6.5,0.4,0.5,31.6,6.6,17.1,7.1,29.8,8.4,8,5.1,21.8,8.4,3.8,4.9,6.4,5,21,7.6,23.3,7.8,18.5,6.2,23.9,4.7,8,3.1,24.5,6.9,2.3,2.1,0.3,0.4
"30109","Wibaux County, Montana","30","109",TRUE,"missing_estimate:",67462,11.1193197553745,20229,22.5,7.5,15.9,5.7,5.2,4.8,2,2.2,83.3,7.4,29.8,6,20.5,5.9,7.7,3.1,0.6,0.8,62.2,7.9,1.1,1.2,35.7,8.5,12.2,5.1,27.1,8.2,7,4,19.6,9.7,1.7,2.2,3.1,2.9,18.2,10.4,18.6,11.2,20.9,4.5,22.5,8.9,19.7,6.8,27.5,9.3,3,3.5,0,6.3
"30111","Yellowstone County, Montana","30","111",TRUE,"missing_estimate:",76570,11.2459606341072,2657,34.1,1.2,14.4,0.8,1.9,0.3,0.9,0.3,91.4,1.1,23,,18.3,0.1,6.6,,0.4,0.1,66.1,1,2.2,0.3,39.4,1.4,17.1,1.2,10.8,1.1,11,1.1,2.6,0.5,4.4,0.6,9.4,0.9,6.7,0.7,8.9,0.9,18.6,0.5,5.8,0.9,9.8,0.8,30.4,1.4,4.3,0.6,0.5,0.2
"31001","Adams County, Nebraska","31","001",TRUE,"missing_estimate:",68365,11.1326162767432,3172,29.6,2.2,14.2,1.3,5.7,0.7,4.3,0.7,89.8,1.8,24.2,0.4,18.8,0.3,12.5,,1.4,0.3,67.5,1.4,1.6,0.6,33.6,2.3,20.5,2.1,11.3,2,17.3,2.2,6.3,1.2,14.2,1.8,4.2,1.1,6.4,1,4.6,1.3,15.2,0.8,6.2,1.5,4.5,1.3,30.3,1.9,4.6,1.1,0.7,0.9
"31003","Antelope County, Nebraska","31","003",TRUE,"missing_estimate:",66105,11.0989996659442,2799,20.5,2.3,14,1.7,2.3,0.7,2.5,1.4,83.3,2.9,24.8,0.4,24.7,0.4,4,,0.8,0.4,63.5,2.5,1.1,0.5,36.7,3.4,10.7,1.7,21.2,2.4,10.6,2.2,21.1,3.2,5.7,1.4,4.8,1.6,14.1,2.6,8.7,2.4,17.8,1.2,16.3,2.6,3.3,1.3,21,3.4,4.1,1.4,0.6,0.5
"31005","Arthur County, Nebraska","31","005",TRUE,"missing_estimate:",76250,11.2417726944697,23887,36.6,8.9,14.7,4.9,2.7,3.4,0.7,1.4,87,7.4,28.3,5.3,22.7,5.9,0.6,0.9,0,5,65.4,8.5,0.3,0.7,53.1,9.3,13.4,5.6,18.4,6.8,3.3,3.3,48.5,13,2.1,2.2,0.8,1.7,28.9,9.6,10.1,5.5,20,7,20.3,8.4,15.1,6.9,19.5,7.7,4.3,3.9,0,12.6
"31007","Banner County, Nebraska","31","007",TRUE,"missing_estimate:",78839,11.2751630772694,13607,33.3,7.4,10.5,3.8,10.1,6.8,8.5,6.1,83.9,9.5,20.5,5.8,27.8,7.4,10.6,7.1,0,3.3,67.5,6.3,2.5,2.4,54.9,9.1,7.2,4.6,14.6,5.1,5.1,2.6,34.4,9,0.8,0.9,7.4,3.9,16.9,5.6,9.7,5.2,26,3.6,20.4,7.7,8.6,5,32.1,10.6,1,1.5,0,7.9
"31009","Blaine County, Nebraska","31","009",TRUE,"missing_estimate:",69583,11.1502755636144,13269,25,6.8,19.7,6.1,0,5.7,0,6.2,76.1,11.2,19.4,4.7,34.6,6.7,0,5.7,0,5.7,66.9,9.4,0.9,1.2,37,10.3,8.4,5.7,31.7,7.2,10.1,5.5,35.7,10.1,1.3,1.7,4,3.9,22.9,8.5,21.7,9.3,22.3,6.6,34.6,8.7,19.9,7.1,26.4,7.8,2.5,2,1,1.3
"31011","Boone County, Nebraska","31","011",TRUE,"missing_estimate:",74947,11.2245364760452,4871,19.7,2.6,12.8,1.7,2.2,0.9,1.9,0.9,83.9,2.8,24.5,0.3,23.8,0.3,4.3,,0,0.1,62.1,2.8,0.8,0.3,35.4,4.6,13.9,2.8,16.5,3.6,15.1,2.9,20.4,3.4,9.5,2.6,4.3,1.7,14.9,3.6,10,2.5,17.8,1.9,14.2,3.6,1.6,1,18.1,3.2,2.8,1.2,0.6,0.6
"31013","Box Butte County, Nebraska","31","013",TRUE,"missing_estimate:",68892,11.1402953399556,5138,18.6,4,15.2,2.6,2,1.3,1.4,0.9,88.3,3.8,25.2,,20.8,0.5,12.6,,0.1,0.2,63.2,4.1,1,1,35.6,5.6,16,4.5,9.1,3,22.3,4.7,5.6,2,10.5,4.1,8.4,3.6,7.7,2.9,6.1,2.9,11.3,1.5,13.6,3.6,7.4,2.4,23.2,4.7,6.4,3,0.2,0.4
"31015","Boyd County, Nebraska","31","015",TRUE,"missing_estimate:",67045,11.1131193147137,9064,22.3,4.6,18,3.5,3.3,1,0.9,0.7,90.6,2.9,20.1,2.6,31.9,3.2,3.3,0.7,0.2,0.3,57.6,4.3,1.3,1.2,34.8,5.8,17.5,4.2,11.4,4,20.5,5,18,5,5.1,3,2.1,1.5,26.1,8.5,8.1,3.7,17.2,2.8,38.2,4.7,15.3,4.1,14.4,3.4,0.8,0.8,0,3.3
"31017","Brown County, Nebraska","31","017",TRUE,"missing_estimate:",54676,10.9091801352725,6999,24,4.9,15,3.2,3.3,1.6,3.1,1.7,85.5,4.1,20.1,1.4,27.5,1.3,6.2,1.5,0,0.1,60.7,3.3,1.1,1.1,38.1,6.1,18.5,5.5,13.3,4.8,12,3.4,21.2,4.7,3.7,2.3,6.9,3.5,14.8,4.1,8.6,3.7,11.9,2.9,23,4.6,4.3,2.2,25.8,5,4.7,2.9,0,1.9
"31019","Buffalo County, Nebraska","31","019",TRUE,"missing_estimate:",75911,11.237316880419,3710,34.4,2.4,12.4,1.1,4.8,0.6,2.6,0.5,91.1,1.3,22.7,0.1,16.6,0.2,10.6,,0.8,0.2,70.6,1.3,1.8,0.5,36,1.9,15.8,1.4,9.4,1.4,14.3,1.7,4.4,0.7,11.3,1.5,6.2,1.2,5.2,0.8,4.7,1.2,16,0.7,6.1,1.2,5.6,0.8,33.6,1.9,4.5,1.2,0.5,0.4
"31021","Burt County, Nebraska","31","021",TRUE,"missing_estimate:",63685,11.0617043350239,5902,24.9,2.7,16.6,2.2,1.3,0.8,0.9,0.7,86.2,2.6,22.4,0.6,24.5,0.3,3.4,,0.2,0.3,59,2.5,0.7,0.4,34.6,3.2,14.9,2.3,15.5,2.9,14.4,2.8,13.4,2.7,9.3,2.1,6.1,1.7,10,2.2,12,2.6,24.6,1.8,12.1,3.1,6.3,2.4,25,3.5,5.8,2.1,0.1,0.2
"31023","Butler County, Nebraska","31","023",TRUE,"missing_estimate:",79268,11.2805897952871,10743,24,2.8,13.7,2.3,2.3,0.6,2.7,1,86.2,2.1,24,0.4,20.9,0.7,6.3,,0.2,0.2,65.9,2.7,0.8,0.4,32.3,4.4,16.2,3.7,11.4,2.5,24.3,4.9,10.8,2.3,16.3,3.3,6.8,2.5,11.2,2.3,8.7,2.7,24.2,1.6,12.8,3.5,7.9,2.7,20.1,3.4,4,1.7,0,0.7
"31025","Cass County, Nebraska","31","025",TRUE,"missing_estimate:",91836,11.4277596565979,2950,32.2,2.2,13.3,1.2,1.3,0.4,0.8,0.3,91.6,1.4,23,,18.8,0.2,4.1,,0.3,0.1,68.2,1.3,1.2,0.4,39.7,2.7,13.3,1.5,12.2,1.6,13.9,1.7,3.9,1,7.2,1.2,6.9,1.1,4.9,1.1,12.3,1.6,28.3,1.7,8.8,1.7,3.9,1,14.6,1.7,3.4,0.8,0.4,0.3
"31027","Cedar County, Nebraska","31","027",TRUE,"missing_estimate:",73578,11.2061013469901,6868,24,2.5,11,1.3,0.9,0.4,0.6,0.3,82.1,2.9,25.5,0.2,22.3,0.2,2.5,,0.1,0.2,68.2,1.7,1.2,0.6,40.5,3.4,15.6,2.5,13.1,2,15.3,2.4,14.7,2.6,10.7,1.7,4.3,1.2,12.1,1.8,10.1,2,18.8,1,11.7,2,2.5,1.1,20.4,2.6,1.7,0.7,0.2,0.2
"31029","Chase County, Nebraska","31","029",TRUE,"missing_estimate:",68173,11.1298038710165,7887,24.1,4.4,11.3,2.2,7,2.9,5.1,2.2,87.3,4,24.5,1.9,24.7,1.9,17.9,1.3,0.4,0.6,63.4,3.6,1.2,1,36.7,5.4,9.9,3,14.6,4.8,10.6,4.2,17.2,4.7,4.2,2.1,4.3,2.2,10,3.1,9.8,3.6,14.9,2.8,21.1,5.3,6.7,3.6,20.9,6.5,1.8,1.4,0,1.7
"31031","Cherry County, Nebraska","31","031",TRUE,"missing_estimate:",66270,11.1014925850823,7312,25.3,5,13.6,1.9,4.1,1.6,1.2,0.8,85.5,4.5,23.4,0.5,22.4,0.7,3.5,,1,0.8,67.2,3.1,0.3,0.4,39.8,5.3,15.7,5.8,19.6,4.3,9.9,3.2,20.4,3.6,2.9,2.2,8.6,3.7,16.9,3.7,7.3,3,15.2,2.8,25.8,5,7.3,2.5,38.6,6.5,7.5,3.3,0.3,0.5
"31033","Cheyenne County, Nebraska","31","033",TRUE,"missing_estimate:",60348,11.00788308596,3656,23.2,3.3,14.7,2.1,1.7,1,0.5,0.4,91.9,2.1,21.8,0.2,22,0.4,8.7,,0.8,0.9,64.3,2.6,2.2,0.9,40.3,4.6,13.6,3.1,10.6,2,16.2,3,6.9,2.1,5.1,2.1,9.3,3.1,11.3,2.7,11.3,3.3,16.3,1.5,8.7,2.3,4.8,1.6,33.3,4.2,4.3,2.3,0,0.6
"31035","Clay County, Nebraska","31","035",TRUE,"missing_estimate:",78986,11.2770259005548,5366,22.3,2.3,12.6,1.4,2.6,0.8,2.1,0.9,87.9,2.2,24.6,0.2,20.3,0.3,9.7,,0.7,0.3,67.5,2.2,1.3,0.4,38.6,2.5,13.9,2.4,16,2.5,14,1.8,16.4,3.2,9.1,1.8,4.2,1.1,13.7,3.1,6.7,2.9,22.1,1.6,11.6,2.9,1.9,0.7,18.1,2.6,4.7,1.6,0.7,0.7
"31037","Colfax County, Nebraska","31","037",TRUE,"missing_estimate:",82530,11.3209171425867,6588,14.8,2.6,7.3,1.7,28.9,4.6,29.4,4.5,89,3,30.6,,13.8,1.1,47.8,,3.5,1.9,70,3.5,0.9,0.7,23,4,12.8,3.3,14.4,4.9,36,6.2,7.1,1.7,39.4,5.9,3.5,2.5,8.9,3.2,3.6,1.2,17.4,1.8,7.3,1.8,10.9,5.4,23.7,6.1,0.4,0.4,0.7,1.2
"31039","Cuming County, Nebraska","31","039",TRUE,"missing_estimate:",71104,11.1718988729993,4725,24.9,3.2,10.7,1.3,6.7,1.4,6.7,1.4,82,3,25.1,0.2,21.5,0.4,12.4,,0.4,0.2,68.5,2.5,1.5,0.9,39.9,4,14.6,3,11.8,2.8,17.3,2.6,16,3.2,12.1,2.6,5.7,1.6,10.6,2.3,7.3,2.4,18.2,1.8,8.3,2.7,2.7,1.3,31.1,4,3.5,1.6,0.2,0.3
"31041","Custer County, Nebraska","31","041",TRUE,"missing_estimate:",67906,11.1258796748858,4824,24.3,2.3,14.1,1.5,1.9,0.5,1.5,0.4,82,2.7,24.3,,22.6,0.2,4,,0.5,0.1,64.8,2.3,1.7,1.1,38.8,3.5,10.8,2,15.9,2.5,16,2.1,18.6,2.4,11.2,2.3,6.2,2.5,16.3,2.1,6.1,1.3,17.4,1.6,15.6,3,1.7,0.7,31.1,3.1,4.2,1.6,0.6,0.6
"31043","Dakota County, Nebraska","31","043",TRUE,"missing_estimate:",70329,11.1609395105176,4068,14.6,2.5,12.5,1.7,25.6,2.2,22,2.8,85.8,2.6,29.5,,12.8,0.5,41.6,,8.7,0.5,71.5,2.1,3.4,1.1,24.9,3.9,15.9,2.2,10.9,2.2,30.2,4,2.7,0.9,28.3,3.4,3.4,1.2,5,1.5,4.9,1.4,13.9,0.7,4.5,1.8,6.3,1.6,36.1,3.4,4.5,1.7,2.8,1.8
"31045","Dawes County, Nebraska","31","045",TRUE,"missing_estimate:",56280,10.9380945112283,5544,36.2,6.5,14.2,2.9,1,1.1,2,1.6,84.6,4.2,18.2,0.9,19.7,0.7,5,,0.5,0.6,63.3,3.9,1,0.7,40.2,6.1,22.4,5.8,12.6,3.8,7.6,3.8,5.7,2.2,2,1.5,4.1,2.6,10.5,4,7.7,3,15.6,2.4,14.5,5.4,7.3,2.8,38.2,5.9,4,2.8,0.1,0.1
"31047","Dawson County, Nebraska","31","047",TRUE,"missing_estimate:",69880,11.154534764248,4325,17.6,2.1,12.9,1.4,22.7,2,21.4,2.4,83.7,2.8,27.8,0.1,16.5,0.3,37.4,,6.4,0.9,70.2,2.1,1,0.5,27.6,2.7,14.5,2.2,14.4,2.8,29.5,2.9,11.2,2.4,26.2,3.4,5,1.3,5.8,1.3,2.4,0.9,17.5,1.7,8.2,1.7,8.4,1.9,33.6,3.2,5.2,1.5,2.8,1.8
"31049","Deuel County, Nebraska","31","049",TRUE,"missing_estimate:",70096,11.1576210100537,10365,25.2,4.9,17.2,2.9,1.6,1.1,1.3,1.1,86.5,3.9,18.3,2.3,28.1,3,9.9,1.9,0,1.3,56.7,4.4,0.8,0.8,40.3,6,12.3,6,15.2,4.7,17.1,5,13.1,4,4.4,2.1,5.9,3.4,9.7,2.9,5.5,2.3,28.2,4.4,17.4,4.8,3.8,1.8,18.4,4.6,3.3,2,0,2.9
"31051","Dixon County, Nebraska","31","051",TRUE,"missing_estimate:",72454,11.1907071567148,5969,23.4,3.4,13.4,2.2,7.4,1.3,6.9,1.4,86.2,2.8,25.3,,22.1,0.8,15.8,,0,0.1,66.7,2.2,1.6,0.8,30.5,3.1,21.3,3.9,13.1,2.6,17,3,9.4,2.1,19.3,3.2,4.2,1.4,8.9,2.1,9.3,2.4,24.1,1.7,13,3.4,3.8,1.4,23.5,3.5,1.6,0.9,0.4,0.5
"31053","Dodge County, Nebraska","31","053",TRUE,"missing_estimate:",74329,11.2162564641107,6008,22,1.7,13.9,1.2,7.6,1.1,6.9,1,89.8,1.4,25.2,0.2,19.1,0.4,18,,0.5,0.2,66.4,1.5,2.3,0.6,30.4,2.4,15.8,2,12.2,1.9,21.6,2.5,3,0.9,19.7,2,7.5,1.6,5.6,1.1,4.1,1.3,18.8,1.4,9.3,1.9,4.9,1.5,33.1,2.4,3.9,1.2,0,0.1
"31055","Douglas County, Nebraska","31","055",TRUE,"missing_estimate:",80391,11.2946575086028,1443,42.1,0.6,11.1,0.3,10.6,0.3,7,0.3,92.2,0.4,25.3,,14.1,0.1,14.5,,10.2,0.2,70.2,0.5,2.7,0.2,46,0.6,14.8,0.5,7.5,0.4,11.5,0.4,1,0.2,8.2,0.5,13.1,0.4,4.7,0.3,16.1,0.6,20,0.2,5.2,0.4,0.9,0.1,38.5,0.7,6.8,0.4,0.9,0.2
"31057","Dundy County, Nebraska","31","057",TRUE,"missing_estimate:",58922,10.9839698143318,6795,20.2,4.3,15.1,3.5,1,0.9,1.1,0.9,87,4.5,20.3,4.3,24.6,3.4,3.3,2.6,0.6,0.6,66.6,5,0.2,0.4,43.5,6.1,15.2,4.3,15,4.7,6.6,2.7,21.7,5.5,3,2.2,3.2,1.6,22.9,5.4,8.2,3.7,13.9,1.7,21.7,6.6,5.2,2.3,26.4,6.4,4.6,3.2,0,3.2
"31059","Fillmore County, Nebraska","31","059",TRUE,"missing_estimate:",76295,11.2423626843258,4730,22.9,2.7,16.5,2.1,1.1,0.6,0.6,0.5,84,2.6,19.7,0.2,23.8,0.6,3.8,,0.6,0.5,66.1,2.2,0.3,0.2,34.4,3.9,13.6,2.6,14.1,2.2,17.2,3.5,12,2.4,12.3,2.6,3.6,1.2,11.6,2.3,7.5,2,21.6,2.8,13.5,3.3,1.8,1,19.6,3.2,2.8,1.7,0.3,0.4
"31061","Franklin County, Nebraska","31","061",TRUE,"missing_estimate:",60195,11.0053445713691,5086,21.3,2.9,18.8,2.6,1.3,0.9,0.8,0.6,82.2,3.7,20.2,0.5,28.1,0.8,3.5,,0.1,0.2,58.3,3.3,1.6,1,35.8,4.4,17.1,4.3,16.2,2.9,15,3,21.6,3.4,6.2,2.2,3.9,1.6,11.9,2.6,4.3,1.6,19.2,1.7,15.5,3.4,4.6,1.7,16.8,3.4,2.1,1.5,0.2,0.2
"31063","Frontier County, Nebraska","31","063",TRUE,"missing_estimate:",70132,11.15813445959,5910,25.7,3.7,18.8,3,2.6,1.1,0.9,0.6,76.8,4.6,20.6,1.3,26.3,1.7,4.9,0.9,0.1,0.3,60.6,4,1.6,0.9,43.8,5.5,13.2,4.1,14.4,4.2,12.5,3.7,19.3,4.7,5.4,3.6,2.4,1.4,12.2,2.8,7.3,3.1,21.2,2.5,20.4,4.2,10.7,2.8,26,5.4,2,1.3,2.2,2.1
"31065","Furnas County, Nebraska","31","065",TRUE,"missing_estimate:",61048,11.0194157189695,2706,24.9,2.5,18.4,1.9,2.2,0.8,1.3,0.8,76.8,3.8,21.7,0.7,26,0.5,5.1,,0.4,0.4,56.6,2.5,0.6,0.4,37.3,4.1,14.1,2.7,14.2,2.9,18.9,3.1,16.9,3.5,8.8,3.2,2.9,1.1,13.2,3.1,5.5,2.3,16.4,1.8,20.1,3.5,3.9,1.3,23.7,3.1,4.2,1.6,0.4,0.4
"31067","Gage County, Nebraska","31","067",TRUE,"missing_estimate:",67247,11.1161276868036,3160,23.1,2.1,17.4,1.5,1.3,0.4,1.8,0.7,87.3,2.3,22.6,0.5,22.1,0.3,3.4,,0.5,0.8,63.3,2.3,1,0.5,31.7,2.5,20.2,2.3,11.6,1.6,18.4,2.3,5,1,14.5,2.4,6.3,1.4,7.2,1.3,5.5,1.2,21.2,1.4,10.3,1.9,1,0.5,26.5,2.5,8.3,1.9,0.2,0.2
"31069","Garden County, Nebraska","31","069",TRUE,"missing_estimate:",41882,10.6426114193361,4364,21.1,4.2,18.9,3.8,1.3,1,0.6,0.7,88.8,4,20.4,2.7,29.6,3.6,4.3,1.9,0.1,0.1,53.6,5.9,2.9,1.7,45.4,6.3,14.2,5.3,18.4,5.1,4.9,2.5,28.1,7.4,3,1.7,3.8,2.8,19.5,5.1,7.8,3.9,13.3,2.7,26.9,6.3,5.3,2.4,21.3,5.8,2.1,1.5,0.5,0.6
"31071","Garfield County, Nebraska","31","071",TRUE,"missing_estimate:",62804,11.0477740446954,5871,29.7,5.5,13.8,4.1,0,1.4,0,1.5,87.9,5.3,20.4,2.8,29.4,2.8,1.7,1.3,0.2,1.1,65.3,4.8,1.8,1.8,38.9,6.6,19.6,6.3,13.8,4.3,8.5,3.7,14.4,5.2,7.6,3.4,5.2,2.5,12.2,4,2.5,1.7,14.8,2.9,29.2,6.1,13.1,4.4,24,6.3,6.1,3.1,0,3.5
"31073","Gosper County, Nebraska","31","073",TRUE,"missing_estimate:",77500,11.2580332153414,8692,27.4,5.2,11.5,3,0.3,0.5,0.8,1,83.1,6.8,20.7,2.6,23.9,2.3,7.4,1.5,0,1.2,61.1,5.1,1.5,0.9,38.6,7.4,18,5.3,14.1,4.1,11.6,3.4,19.6,5,7.9,2.8,2.8,1.8,12.2,4.5,6.9,3.5,22.1,2.6,31,6.1,8.9,4.3,19,4.8,1,0.8,0,2.9
"31075","Grant County, Nebraska","31","075",TRUE,"missing_estimate:",70147,11.1583483191136,20883,28.6,5.7,10.4,3.7,3.5,3.3,1.2,1.1,78.5,8.9,23.6,3.9,21.7,4.9,0.2,0.5,0.2,0.4,65.1,5.9,0.2,0.6,52,7.7,7.6,4.7,18,6.7,8.9,4.2,25.7,6.2,2.8,2.4,10.4,4.4,26.9,7.3,14.9,4.9,26.9,7.7,30.2,7.6,7.1,3.4,29.2,7.1,3.9,3.8,0.7,0.9
"31077","Greeley County, Nebraska","31","077",TRUE,"missing_estimate:",63929,11.0655283715299,7973,21.3,4.1,17.5,2.6,0.8,0.9,0.5,0.6,85.4,3.9,23.1,0.8,25.9,0.9,3.1,,0.6,0.5,59.5,3.3,2.1,1.2,37.6,4.7,12.2,2.8,12.7,3.2,16.7,3.8,16.9,3.8,6.1,2.1,4.6,1.8,16.9,3.7,5.9,2.9,18.3,2.3,21.2,4.5,5.3,2.3,18.3,3.9,2.2,1.3,0.9,1
"31079","Hall County, Nebraska","31","079",TRUE,"missing_estimate:",69251,11.1454928643785,4230,21.5,1.4,12.7,1.3,16.9,1.1,14.1,1.4,89.9,1.6,27.4,0.1,15.7,0.2,32.4,,3.3,0.3,68.4,1.5,2.7,0.6,31.4,2.4,14.7,1.6,12.7,1.6,22.9,2,3.8,1.1,20,1.7,5.8,1.1,5.6,0.9,4.4,1.1,17.5,1,3.8,1,3.8,1,38,2,6.6,1.4,1.2,0.6
"31081","Hamilton County, Nebraska","31","081",TRUE,"missing_estimate:",83994,11.3385006467029,5792,31.3,3.9,9.7,1.8,1.3,0.6,0.9,0.5,93.7,2.1,24.1,0.6,20.9,0.4,4.3,,0.2,0.3,66.1,2.6,1.5,0.9,43.3,5,12.5,2.4,12.9,2.9,9.3,2,10.9,2.5,7.5,1.9,4,1.4,10,2.3,8.5,2.5,20.7,2.7,12.2,3.6,2.6,1.2,17,3.6,1.4,1,0,0.1
"31083","Harlan County, Nebraska","31","083",TRUE,"missing_estimate:",70625,11.1651394684487,9968,29.2,3,15.8,2.1,2.2,1,1.7,1,85.1,3.4,21.9,1.6,28.6,2,1.8,1,0.1,0.2,61.1,3.3,0.8,0.6,37.2,5.7,14.1,4.2,12,3.2,13.5,3.6,14.3,3.9,10.7,2.8,5.1,2.1,18.1,3.6,8.5,2.8,19.1,2.9,36.5,3.6,22,4,14.2,3,1.1,0.7,0,2.1
"31085","Hayes County, Nebraska","31","085",TRUE,"missing_estimate:",69250,11.1454784240496,15153,19.8,6,15.8,4.6,4.2,2.3,2.8,2.7,81.7,6.9,21.5,3.7,25.5,5,4.9,2.2,0,2.9,63.1,6.3,0,3.7,45.8,8.4,10.7,5.6,15.9,6.5,9.7,4.3,44.7,9,1.9,1.5,0.7,1.1,21.9,5.9,6,4.5,28.7,4.7,22.6,6,12.1,4.3,32.1,8.5,3.2,2.4,0,6.4
"31087","Hitchcock County, Nebraska","31","087",TRUE,"missing_estimate:",51567,10.8506372119963,2481,20.9,3.6,19,3.2,1.2,0.7,0,1,79.6,4.3,23.5,0.5,26.4,0.9,4.2,,0,0.1,54.8,3.2,0.9,0.6,40.5,5.2,11.5,3,12.4,3.1,19,4.5,21.7,4.4,4.4,2.3,3.7,1.7,17.3,5,7.6,3.2,21.9,3.9,28.8,4.2,12.8,3.1,21.3,4.6,4,1.9,0.1,0.2
"31089","Holt County, Nebraska","31","089",TRUE,"missing_estimate:",68513,11.1347787872661,3770,29.1,3.8,13.4,2.3,2.3,1.1,2.5,1,84.7,3.1,25.8,0.1,22.9,0.2,5.7,,0.4,0.4,64.7,2.4,0.6,0.4,41.2,3.6,13.9,2.2,13.6,2.1,15.4,2.4,17.1,2.3,6.4,1.7,4.8,1.6,14.2,2.3,7.4,2,16.4,2.2,17.3,2.6,5.8,1.8,27.7,4,3.8,1.6,0.5,0.5
"31091","Hooker County, Nebraska","31","091",TRUE,"missing_estimate:",49464,10.8090004112384,7996,24.6,7.7,12.7,5.6,0,3.8,0,3.9,76.8,11,19,4.4,21.3,5.4,0,3.8,1.5,1.8,64.5,6.4,2.5,2.3,15.5,6.7,27.1,9.2,27.1,8.7,13.1,6.8,19.2,7.3,3.5,4.1,3.5,3.8,5.5,2.9,10.6,6.4,14.4,4,23.6,6.7,6.1,4.1,44.6,8.1,6.1,4.9,0,7.4
"31093","Howard County, Nebraska","31","093",TRUE,"missing_estimate:",76767,11.2485301392936,7196,26,3.6,14.1,2,1.7,0.9,0.8,0.5,85.3,2.9,25.2,0.2,22.7,0.5,3.2,,0.6,0.8,64.9,3,2.4,1.3,36.5,3.4,13.4,3.1,17.2,3.2,13.8,2.6,10.2,2.6,9.4,2.6,5.2,2.2,7.1,2,8.6,2.6,26.7,2.8,13.5,3.5,4,1.8,21.8,4,3,1.6,0,0.1
"31095","Jefferson County, Nebraska","31","095",TRUE,"missing_estimate:",59044,10.9860382076569,3959,20.2,3.5,20.8,3,2.8,1.3,3,1.4,80.2,3.2,22.7,1.2,24.8,0.7,5.9,,0.3,0.5,59.8,3.6,0.7,0.4,30.6,4,17.1,3.3,14.4,3.3,22.4,4.4,13.7,2.7,11.6,3.4,4.2,2.2,11.6,3.4,4.7,1.9,16.5,1.9,14.8,3.7,1.3,0.7,25.1,4.8,7.6,3,0,0.8
"31097","Johnson County, Nebraska","31","097",TRUE,"missing_estimate:",57632,10.9618332479757,9368,17.7,2.3,18,2.7,3.9,2.2,3.3,1.4,86.7,3.4,19.7,1.2,18.7,0.9,11.9,,4.7,1.7,49.1,2.5,1.7,1,36,4.8,14.9,3.1,14.2,4.3,16.2,3.5,7.9,3.2,8.4,2,5.3,2,11.3,3.3,9.4,2.9,26,2.3,18.6,4.1,3.9,2.4,32.8,4.6,7.4,3.8,0.1,0.1
"31099","Kearney County, Nebraska","31","099",TRUE,"missing_estimate:",78631,11.2725213026969,10435,34.5,3.8,9.5,1.7,1.6,1,1.8,0.9,90,3,24.8,0.4,20.5,0.3,6.8,,0,0.1,69.3,2.3,1.2,0.7,37.9,5.2,13.7,3.9,12.9,3.1,17.5,3.1,12.4,3,12,3.1,3.3,1.4,13,2.8,8,2.9,21.3,2,5.8,2.7,5,2.1,22.5,3.8,0.9,0.7,0,0.9
"31101","Keith County, Nebraska","31","101",TRUE,"missing_estimate:",60645,11.012792470743,5115,22.7,3.3,16.2,2.3,3.1,1.2,2.1,1,89.1,2.9,20.6,0.6,27.9,0.6,9.1,,1.1,0.6,60.5,2.7,1.2,1,34.8,4.8,13.3,3.4,13,3.3,14.8,3.5,13.3,3.4,7.4,2.3,5.8,1.9,11.6,2.7,10,3.2,14.9,2,25.5,3,18.9,3,28.9,3.7,5.6,2.2,0.5,0.6
"31103","Keya Paha County, Nebraska","31","103",TRUE,"missing_estimate:",64000,11.0666383623418,18496,20.6,5,12.2,3,3.9,3.4,1.3,1.3,84.8,6.7,24.6,4.8,25.3,4.4,4.6,5.3,0.1,0.5,60.3,5.1,0.6,0.6,47.3,8.7,8.8,3,23.5,5.7,8.3,3.3,34.1,8,4.4,4.5,3.4,2.4,24.5,7.5,16.4,5.3,18.7,2.9,38.2,6.7,9.4,4.6,19.2,6.3,1.3,1.3,0,7.9
"31105","Kimball County, Nebraska","31","105",TRUE,"missing_estimate:",56712,10.9457411075349,5825,15,2.9,22.8,3.7,1.8,1.3,2.5,1.3,85,5.1,19.6,1.6,28.1,2,9.9,1.8,1.7,1.2,56.9,3.5,0.4,0.6,25.9,5.1,10.3,4.4,12.6,4.2,29.3,6,8.8,3.8,25.1,6.7,7.5,2.7,6.6,3,4.3,2.6,14.6,2.2,16.4,4.8,8.5,3.7,24.8,5.6,3.8,1.9,0,1.7
"31107","Knox County, Nebraska","31","107",TRUE,"missing_estimate:",64636,11.0765268100921,3786,19,2.1,16.4,1.7,0.8,0.3,0.5,0.2,83.1,2.3,24.1,0.2,25.8,0.3,2.9,,0.7,0.3,61.9,1.9,2.2,0.7,33.7,3,17.7,2,16.8,1.9,13.3,2.2,14.8,2.1,9.4,2.2,2.6,1,14.2,2,9.9,2.4,19.5,1.6,24.3,2.4,8.3,2.1,21.6,2.8,4.6,1,0.7,0.5
"31109","Lancaster County, Nebraska","31","109",TRUE,"missing_estimate:",74793,11.2224795766957,1721,41.9,0.9,12.4,0.5,8.7,0.5,4.9,0.3,92.8,0.6,22.4,0.1,15.3,0.1,8.5,,3.7,0.2,69.7,0.6,2.2,0.2,44.2,1,15.8,0.7,7.2,0.4,12.3,0.7,1.4,0.2,9.4,0.6,10,0.6,4.5,0.4,11.6,0.8,19,0.3,4.4,0.5,1.4,0.3,41.1,0.9,6.2,0.5,0.6,0.2
"31111","Lincoln County, Nebraska","31","111",TRUE,"missing_estimate:",65148,11.0844168836935,4966,22.7,1.9,17.4,1.8,2.8,0.8,1.5,0.5,89.5,2,22.9,0.1,21.1,0.3,9.3,,0.8,0.3,64.6,1.9,2.3,0.7,33.3,2.5,17,2.6,10.7,1.7,19.6,2.1,5.6,1.1,2.5,0.9,6.3,1.9,7.7,1.7,3.6,0.9,15.4,0.7,10.4,1.8,7.3,1.6,34.4,2.9,4.1,1.1,0.4,0.4
"31113","Logan County, Nebraska","31","113",TRUE,"missing_estimate:",74271,11.2154758449594,8407,24.1,6.2,9.6,2.6,1.3,1.8,1.5,1.6,86.6,5.9,27.9,4.3,23.7,5.6,1.9,1.8,1.7,2.3,68.9,5.5,0.2,0.4,49.3,7.2,6.7,3.7,8.9,3.9,17,5.5,29.1,8.2,3.7,2.6,2,1.4,22.7,6,12.3,5.3,20.1,3.8,9.4,5.5,5.8,2.9,21.1,7.1,0,8,0,8
"31115","Loup County, Nebraska","31","115",TRUE,"missing_estimate:",71667,11.1797856695937,34421,27.2,7.3,11.4,4,2.2,2.3,1.4,1.1,90.6,7.1,22.5,5.8,24.2,6.2,8.5,4.9,0,4.2,67.8,6.7,0,5.2,42.1,9.4,17,6.8,17.6,6.8,11.3,5.5,24.2,7.5,5,2.9,7.5,4.5,17.9,6.1,3.6,3.4,23,4.6,43.9,8.1,17.7,7,26.6,9.1,1.6,2,0,9.7
"31117","McPherson County, Nebraska","31","117",TRUE,"missing_estimate:",58684,10.9799223962595,15642,25.7,8.1,10.9,4.1,1.9,1.8,0.4,0.5,92.5,5,21.1,5.1,21.3,6,0.8,1,0,5.1,66.9,7.3,0,6.2,37.3,11.3,16,12.3,22.4,13.9,9.5,5.3,41.8,13.1,0,9.1,1.1,1.4,20.5,7.7,18.1,6.6,18.1,4.3,20.9,9,3.4,3.2,34.9,15.5,7.1,5.9,0,11.1
"31119","Madison County, Nebraska","31","119",TRUE,"missing_estimate:",63128,11.0529196902009,4259,23.7,2,13.2,1.4,8,0.8,6,0.8,84.4,2.3,25.3,,17.4,0.2,16.3,,0.8,0.3,67.4,1.9,2,0.6,31.9,2.6,18,1.9,11.3,1.6,20.3,1.9,4.3,1,14.5,1.7,6.1,1.2,8.4,1.2,5.6,1.1,14.3,0.8,6.8,1.4,3.4,0.9,34.6,2,6.9,1.7,0.5,0.4
"31121","Merrick County, Nebraska","31","121",TRUE,"missing_estimate:",68354,11.1324553627514,7261,18.3,2.7,15.5,2,2.2,0.8,1.1,0.5,88.5,2.7,22.6,0.5,21.8,0.4,5.6,,0,0.3,66.1,3,0.2,0.2,40.8,4.1,13.5,2.7,16.1,3.1,13.8,2.6,8.1,2,10.8,2.5,6.9,1.8,12.6,2.8,5.9,1.5,21.4,2.2,10.9,3.4,3.6,1.6,17.8,3,1.9,1.3,0.2,0.2
"31123","Morrill County, Nebraska","31","123",TRUE,"missing_estimate:",58500,10.9767820332199,8716,19.4,3.7,15.1,2.5,3.9,2.2,2.3,1.2,80.9,4.1,22.4,0.4,22.1,0.7,14.7,,0.1,0.1,62.7,3.7,2.3,1.2,30.4,5,16.8,4,18.9,3.6,10.5,3.3,12.1,3.3,4.9,2.2,5.7,2.3,11.7,3.5,8.8,2.9,21.6,3.3,15.5,4,7.1,2.5,22.7,4.3,4.6,2.1,0.6,0.6
"31125","Nance County, Nebraska","31","125",TRUE,"missing_estimate:",65179,11.0848926101444,5058,20.1,3.4,16.2,2.4,0.5,0.3,0.3,0.2,85.7,3.9,23.8,0.6,21.4,0.6,2.6,,0.2,0.2,65.5,3.2,2.4,1.3,39.9,4.9,16.1,3.5,16.8,3.6,10.3,3.1,17.7,3.5,7.9,2.4,2,1.5,13.4,3.5,6,2.3,22.5,2.2,16.4,3.5,1.1,0.6,27.1,3.8,2.2,1.4,0.2,0.3
"31127","Nemaha County, Nebraska","31","127",TRUE,"missing_estimate:",60924,11.0173824647354,4585,29.4,3.7,17.1,3.1,0.8,0.6,2.3,1.8,87.4,3.8,22.3,0.4,20.2,0.5,3.3,,1.1,0.5,64.9,3.1,3.9,1.6,33.9,5.1,21.6,4.8,11.5,3.2,15.8,3.5,8.1,2.1,13.3,4.1,3.6,1.8,10.1,2.8,7.5,2.8,20.6,4.1,14.1,4.2,4.1,2.4,34.1,4.8,4.8,2.8,0.1,0.2
"31129","Nuckolls County, Nebraska","31","129",TRUE,"missing_estimate:",73976,11.2114959952575,4975,23.1,3.1,13.6,2.7,1.2,0.8,0.5,0.6,84.6,3.9,18.4,0.3,29.3,1.1,3.6,,0.1,0.4,63.2,3.5,0.4,0.4,41.1,5.5,16,3.8,13.8,3.4,11.6,3,16.8,4.9,5.9,1.6,8.8,2.9,16.2,3.8,10.9,4.1,20.3,2.4,13.6,4,1.8,1.4,16.5,4,2.9,2.3,0,1.3
"31131","Otoe County, Nebraska","31","131",TRUE,"missing_estimate:",82188,11.3167645849859,6560,27.2,2.7,13.5,1.6,5.3,2,3,1.4,93.4,1.4,24,0.1,20.6,0.3,9,,1,0.4,66.2,1.7,1.8,0.8,34.9,3.1,17.1,2.6,11.1,1.9,17.7,3.6,6.5,1.8,12.7,3.1,6.6,1.5,6.9,1.7,5.2,1.4,21.9,1.4,8.8,2.6,4.8,2.1,17.7,3,3,1.2,0.2,0.3
"31133","Pawnee County, Nebraska","31","133",TRUE,"missing_estimate:",62188,11.0379173340696,7222,21.2,3.7,16.8,3.2,0.9,0.6,0.5,0.5,79.9,5.1,24.5,0.8,28.4,0.4,1.9,,0.1,0.2,54.7,3.4,1.2,1.3,40,4.5,12.9,3.6,13.7,3.9,19.6,4.7,16.8,4.8,16.2,4.6,2.4,1.4,14.9,3.8,13.1,3.8,22.4,3.9,22.6,4.5,5.3,2.1,19.8,3.9,5.8,3.9,0.5,0.6
"31135","Perkins County, Nebraska","31","135",TRUE,"missing_estimate:",72778,11.1951689907116,6496,25.8,4,12.8,2.3,2.9,0.8,2,0.7,90.4,3.1,24.3,0.7,23.9,0.8,5.6,,0,0.9,68.3,4,1,0.9,38.4,5.5,16.9,4.7,17,3.8,10.2,3.2,23.3,4.8,3.2,2,3.6,1.5,20.2,5,6.6,2.9,14.2,2.1,12.3,4.5,5.3,2.6,21.3,4.2,2.6,1.5,0,2.1
"31137","Phelps County, Nebraska","31","137",TRUE,"missing_estimate:",68919,11.1406871809603,9751,29.9,3.4,13.1,2.3,1.9,0.9,1.1,0.6,87.2,3.3,24.3,0.4,21.2,0.6,6.9,,0.9,0.2,66.2,1.9,0.8,0.6,33.1,3.2,16,3,20.3,3.2,13.6,2.3,11.9,2.8,11.9,2.3,5.4,2.1,9,2.6,5.6,1.7,14.7,2,6.1,2.5,5.2,1.8,31.7,3.7,6.2,2.4,0.1,0.2
"31139","Pierce County, Nebraska","31","139",TRUE,"missing_estimate:",72357,11.18936747928,10049,23.7,2.4,11.1,1.9,1.7,0.9,1.7,1,86.6,3.2,25.2,0.4,19.9,0.3,2.7,,0.4,0.4,65.9,2.2,1.4,0.9,37.7,3.4,15.1,3.2,12.9,2.4,15.5,2.6,12.2,3.2,11.8,2.3,5.3,1.9,13.3,2.6,8,2.1,19.9,1.5,9.4,2.5,3.7,1.7,21.9,3.6,3.2,1.7,0.1,0.2
"31141","Platte County, Nebraska","31","141",TRUE,"missing_estimate:",71552,11.1781797370747,4214,23,2,11.6,1.1,12.3,1.5,10.1,1.1,88.7,1.9,26.6,0.2,18.3,0.5,23.7,,0.7,0.3,69.1,1.5,1.4,0.5,34.5,2.5,12.7,1.7,12.4,1.7,25.6,2.8,7.5,1.6,27.4,2.7,3.5,0.8,7.4,1.2,5.3,1.2,16.1,1.5,4.7,1.5,5.3,1.5,28.4,2.6,5.1,1.5,0.4,0.4
"31143","Polk County, Nebraska","31","143",TRUE,"missing_estimate:",69768,11.1529307309068,3459,20,2.5,11.7,1.7,2.6,0.7,1.4,0.5,84.7,3.1,22.3,,23.2,0.2,6.3,,0.2,0.3,67.3,2.3,0.9,0.5,33.5,3.1,12.4,2.7,15.8,2.3,15.5,3,17.1,3.5,12.7,2.4,4.8,1.2,11.7,2.5,11.7,3.7,20.8,1.6,16.5,3.6,6,2.2,21.1,2.9,2.1,1.3,0,1.2
"31145","Red Willow County, Nebraska","31","145",TRUE,"missing_estimate:",63697,11.0618927446898,9655,24.8,3.1,17.2,2.9,2,0.9,1.8,1.3,83.8,4.2,22.4,1,21,0.1,6.3,,1,0.6,62.9,2.7,0.9,0.6,37.7,5.3,17.5,4,9.6,2.8,14.9,3.8,7.6,2.5,9.4,3.7,5.5,2,8.3,2.5,4.7,2.4,11.3,1.3,12.5,4.2,4.2,2.2,27,5.1,9.3,3.4,0.4,0.4
"31147","Richardson County, Nebraska","31","147",TRUE,"missing_estimate:",60108,11.0038982231456,8218,23.8,3.6,17.1,2,0.4,0.3,0.1,0.1,83.8,3.7,21.7,,24.4,0.3,2.4,,0.2,0.3,61.3,2.7,2.3,1,38,4.1,13.6,3.2,16.9,2.8,15.4,2.4,11.9,2,11,2.6,8.4,3.8,13,2.5,6.5,2,19.8,2.1,12.7,3.1,1.4,0.7,22.7,3.3,8,2.7,0,0.7
"31149","Rock County, Nebraska","31","149",TRUE,"missing_estimate:",58125,10.9703511428897,12942,27.1,4.6,11.5,2.4,1,1,0.6,0.6,79,6.2,19.9,2.5,28.9,3.9,0.8,0.8,0.1,0.1,61.9,5.2,0.7,0.8,46.6,6.5,8.1,3,26,5.2,5.8,2.4,33,7.1,0.6,0.7,0,3.6,23.5,5.2,9.4,3.5,11.7,1.9,25.8,6.3,6.7,2.6,30.7,6.3,5.8,3.6,0,4.1
"31151","Saline County, Nebraska","31","151",TRUE,"missing_estimate:",79910,11.2886562803685,4360,21.8,2.4,12.4,2.5,17.1,2.1,11.1,2.2,84.6,3,26.1,0.7,15.4,0.6,29.5,,0.4,0.5,68.4,2.9,2,0.9,35.3,3.8,12.5,2.4,14.6,3,21.2,3.3,4.5,1.1,23.5,3.9,7.9,2.1,6.4,1.9,4.5,1.4,21.5,2.3,11.3,3.4,4.4,2.4,24.1,3.6,3.2,2,1.7,1.3
"31153","Sarpy County, Nebraska","31","153",TRUE,"missing_estimate:",103321,11.5455959258312,2772,42.6,1.1,10,0.5,7.1,0.6,3.6,0.5,95.4,0.5,26.3,0.1,12.8,0.1,11.6,,4,0.2,72.9,0.7,1.8,0.3,45.9,1.2,14.6,0.9,8.5,0.7,10,0.8,1,0.3,6.2,0.7,13,0.9,4,0.5,13.5,0.9,21.2,0.5,3.5,0.6,0.9,0.3,29.6,1.1,3,0.5,0.4,0.2
"31155","Saunders County, Nebraska","31","155",TRUE,"missing_estimate:",94066,11.4517519425354,7432,32.6,2.3,10.5,1.3,1.5,0.5,1,0.5,92.4,1.5,24.8,0.2,18.5,0.2,2.8,,0.2,0.2,69.9,1.6,1.7,0.7,40.6,2.7,15.2,1.9,12,1.7,12.2,1.6,4.5,1,9.6,1.5,9.5,1.3,8.6,1.6,9.9,1.3,26,1.2,13.4,2.4,3,1.3,17.9,2.5,4.4,1.5,0.1,0.1
"31157","Scotts Bluff County, Nebraska","31","157",TRUE,"missing_estimate:",63614,11.0605888508903,4176,27,2,15.1,1.3,4.4,0.7,3.7,0.8,85.7,2.1,24.2,0.1,20.9,0.2,23.9,,0.6,0.2,63.9,1.7,1.7,0.6,36.7,2.1,17.6,1.9,10.4,1.6,14,1.7,4.5,1.1,6.9,1.4,8,1.4,6.2,1.3,5.9,1.3,15.6,1.1,8.5,1.6,5.2,1.1,30.7,2.6,7,1.9,0.3,0.2
"31159","Seward County, Nebraska","31","159",TRUE,"missing_estimate:",82444,11.3198745539632,4539,33.2,2.7,11,1.4,1.2,0.5,1.1,0.5,88.6,1.9,23.3,0.1,18.2,0.3,3,,0.8,0.2,67.1,1.9,1.4,0.6,39.6,3.4,16.3,2.3,11.9,1.9,14.5,2.1,5.6,1.3,14.7,2,6.6,1.4,8.7,1.7,6.9,1.3,22.1,1.1,5.8,1.9,1.8,0.7,28,2.5,4.3,1.4,0.4,0.4
"31161","Sheridan County, Nebraska","31","161",TRUE,"missing_estimate:",60121,11.0041144771284,4576,24.2,3.6,16.5,2.1,2.5,0.8,1.5,0.6,84,3.4,21.3,0.3,27.7,0.7,5.4,,0.6,0.6,58.9,3.1,1.2,0.8,44.3,4.8,13,2.9,12.5,3.2,12,2.8,17.6,4.4,7.3,2.9,3.8,1.5,14.6,2.9,14.3,4.5,18.7,2.4,22,3.6,7.5,2.8,25.9,3.6,3.7,1.9,0.7,0.6
"31163","Sherman County, Nebraska","31","163",TRUE,"missing_estimate:",63578,11.0600227775372,5496,20.5,3.4,13.1,2.1,0.6,0.5,0,0.1,79.7,3.8,21.2,1.3,27.9,0.8,2.8,,0.3,0.4,60.8,3.7,1.9,0.8,35,5.5,20.6,4.9,14.5,3.4,11.3,2.8,18.6,4.4,8.7,2.6,8,3.6,18.2,4.9,7,2.9,21.8,2.2,26.2,4.7,14.3,4.4,24.6,4.7,6.9,2.4,0.6,0.9
"31165","Sioux County, Nebraska","31","165",TRUE,"missing_estimate:",53929,10.8954236456042,5195,22.4,5.9,16.5,4,1.2,1.1,1.3,1.2,77.1,8.1,20.9,4.1,27.5,5.1,2.1,1.5,0.1,0.2,59.7,6.8,1,1,37.1,8.7,10.2,4.4,18,5.1,22.3,10.1,35.5,6.1,1.6,1.8,6.8,3.1,30.9,10.6,4.4,3.1,19.7,2.7,28.7,6.5,7.9,3.7,40.4,7.2,5.9,3.1,0.4,0.6
"31167","Stanton County, Nebraska","31","167",TRUE,"missing_estimate:",80687,11.2983327508231,8351,24.1,3.7,11,2.1,1.4,0.5,0.2,0.3,82.2,4,25,0.4,20.6,0.1,7,,0.1,0.2,66.2,2.9,0.5,0.4,41.9,5.1,8.9,2.7,13.1,2.7,20.8,3.6,6.9,2.6,17.6,4.1,5.5,2.1,8.9,2.7,7.7,3,22.3,2,6.8,2.7,2.9,2.1,21.7,4.9,1.6,1.1,0.5,0.5
"31169","Thayer County, Nebraska","31","169",TRUE,"missing_estimate:",66213,11.1006320972685,5166,23.8,2.5,13.7,1.4,1,0.6,0.5,0.6,87.1,2.6,22.7,0.4,25.3,0.3,3.2,,0.1,0.2,63.3,2.4,1.3,0.6,37.5,3.2,12.9,2.2,16.9,2.2,15,2.4,20.7,2.8,12.7,2.7,5.3,1.4,13.4,2.2,5.2,1.4,16.4,1.4,16.4,2.7,1,0.5,22.5,3.4,3.4,1.4,0,0.1
"31171","Thomas County, Nebraska","31","171",TRUE,"missing_estimate:",65000,11.0821425488778,10463,28.7,5.5,12.8,4.2,3,2.7,5,5.8,88.5,5.8,11.2,3.8,39,7.9,5,5.7,2,2.4,65.9,8,1.4,1.8,42.9,7.2,19.9,7.8,19.6,6.2,6.1,3.7,29.4,6.6,1.8,2,4.6,3.3,11.7,4.7,11.7,5.2,18.5,4.6,14.8,5.5,7,5,31.9,8.4,4.6,3.6,0,7.9
"31173","Thurston County, Nebraska","31","173",TRUE,"missing_estimate:",69177,11.1444237164164,2235,22.2,2.3,8.7,1.2,1.8,0.4,1.1,0.5,87.2,2.7,34.3,0.3,12.6,0.2,4.9,,0.3,0.3,65.5,2.3,6.5,1.3,37.8,3.5,18.5,2.8,9.9,2.1,14.3,2.2,8.7,1.9,8.2,1.7,3.3,1.3,8.9,1.7,3.2,1,21.3,2.8,13.1,1.6,3.8,1.2,39,3.5,5.4,1.7,3.5,1.3
"31175","Valley County, Nebraska","31","175",TRUE,"missing_estimate:",61852,11.0324997135953,5664,25.3,4.4,19.6,2.5,1.9,1.4,0.5,0.5,83.2,4.1,22,0.8,25.8,0.9,2.9,0.7,0,0.1,64.5,3.7,0.2,0.3,37.4,5.6,12.3,3.7,14.8,2.8,15.6,3.6,18.2,3.5,8.3,2.4,6.8,2.7,12.8,3.3,5,2,18,2.8,14.8,4.5,4.2,1.8,26.2,4.5,3.5,2,0.3,0.5
"31177","Washington County, Nebraska","31","177",TRUE,"missing_estimate:",94396,11.4552539783545,8682,36.8,2.9,10.7,1.5,2.5,0.8,0.4,0.3,92,1.8,24,0.4,19.2,0.2,3.3,,0.3,0.4,66.8,1.6,1.2,0.6,46.3,3,13.8,2.2,11.9,2.1,12,2.2,3.1,1.1,9.6,2,10.8,2,6,1.5,14.3,2.1,22.7,1.4,3.2,2,2.8,1.8,16.8,2.6,3,1.4,0,0.3
"31179","Wayne County, Nebraska","31","179",TRUE,"missing_estimate:",66215,11.1006623023611,5612,30.4,4.3,16,2.5,6.1,2,2.6,1.1,90,4,20.3,0.2,16.8,0.7,10.3,,1,0.5,67.3,2.9,2.9,1.4,35.5,4.9,22.7,4.1,6.5,1.9,18.4,3.9,10.3,2.9,11.4,2.9,3.6,1.7,10.6,2.8,14,3.5,13.4,1.3,6,2.5,2.3,1.4,38.7,4.7,5.5,2.7,0,0.7
"31181","Webster County, Nebraska","31","181",TRUE,"missing_estimate:",64347,11.0720455918909,4723,21.2,3.1,13.9,2.1,1.7,1,0.4,0.4,92.1,2.4,22.1,0.2,22.9,0.7,5.8,,0.2,0.3,64.7,2.2,0.4,0.4,35.7,4.7,16,3.9,12,2.9,19.8,4.1,15.7,2.9,8.3,2.3,6.2,3.1,18.6,3.6,4.6,1.5,22.9,2.1,15.4,3.6,2.2,1,19.4,4.1,3.3,1.7,0.8,1
"31183","Wheeler County, Nebraska","31","183",TRUE,"missing_estimate:",70250,11.159815587196,12189,30.3,5,13.6,3.7,3.1,2.3,3,2.3,76.6,8.2,19,5.5,29.3,5.5,3.8,2.5,0,2.9,67.6,4.8,1.6,1.2,43.4,6.9,12.7,4.5,18.9,4.7,10.3,3.9,36.3,7.3,6.9,3.8,1.3,1.2,26,6.4,11.8,4.2,18.4,3.1,38.9,4.7,18.4,5.5,22.3,6,3.6,2.3,1.9,2.8
"31185","York County, Nebraska","31","185",TRUE,"missing_estimate:",77757,11.2613438581432,6543,25.7,2.7,15.1,1.8,2.7,0.8,1.5,0.6,90.3,2.1,23.3,0.1,20.2,0.3,6.2,,1.3,0.6,64,2.4,1,0.5,37.3,3.4,14.9,2.6,13.2,2.5,15.3,2.9,10.1,2,13.4,2.7,6.3,2.1,7.8,1.7,6.7,1.9,13,0.9,10.3,2.8,3.5,1.4,24.5,3,6.4,2.1,0.8,0.8
"32001","Churchill County, Nevada","32","001",TRUE,"missing_estimate:",79163,11.2792642969266,4413,17.7,3.2,20.5,2.3,5.3,1.2,2,0.7,89.7,2.6,22.7,,20.2,0.6,15.2,,2.1,0.6,59.9,2.4,2.9,1,34.2,4.4,16.6,3.1,18.7,3.1,16.6,3.1,4.6,2.5,12.3,3.1,7.2,2.3,6.6,2.1,6.1,2.2,24.1,2.7,13.6,2.8,16.9,3.4,30.1,3.6,3.9,1.3,0.7,0.6
"32003","Clark County, Nevada","32","003",TRUE,"missing_estimate:",76472,11.2446799397436,643,27.8,0.3,13.5,0.2,21.9,0.2,13.1,0.2,92.5,0.2,22.2,,15.9,,31.9,,11.5,0.1,63.9,0.3,4.8,0.2,33.6,0.4,24.2,0.4,8.2,0.2,12.2,0.3,0.4,0.1,3.9,0.2,13,0.3,5.6,0.2,12.2,0.3,25.1,0.2,9.1,0.3,2.7,0.1,42.2,0.4,7.6,0.2,1.6,0.1
"32005","Douglas County, Nevada","32","005",TRUE,"missing_estimate:",90754,11.4159078282907,5718,31.6,2,16.7,1.5,6.2,0.8,3,0.6,94,1.3,14.9,0.3,32.7,0.4,13,,0.3,0.2,50.1,1.7,1.5,0.4,41.1,2.3,18.5,2,9.8,1.4,10.1,1.4,1.7,0.7,7.1,1.6,14.1,1.7,8.7,1.5,12.7,1.7,26.2,1.5,14.1,1.5,6.5,1.1,21.2,2.2,3.3,1,0.6,0.4
"32007","Elko County, Nevada","32","007",TRUE,"missing_estimate:",86487,11.3677493926081,5461,17.8,1.9,14.1,1.5,8.5,1.1,5,0.8,89.3,2.1,26.4,0.1,13.1,0.2,26,,0.8,0.2,67.3,2,3,0.7,30.9,2.6,18.9,2.2,20.6,2.2,12.1,1.8,20.4,2.1,3.9,1.2,5.2,1.2,5.1,1.2,5.3,1.5,29.4,1.8,11.5,1.6,25.4,2.6,28.6,2.5,5.6,1.9,1,0.5
"32009","Esmeralda County, Nevada","32","009",TRUE,"missing_estimate:",41715,10.6386160553362,32479,21.1,10.4,31.5,11.6,18.3,10.6,22.1,17.4,95.8,4.3,12.8,7.4,24.8,10.8,31.5,17.6,0.3,0.4,38.9,13.1,0.2,0.6,36.8,18.2,32.2,18.6,19.9,21.7,8.8,11,37.3,20.2,8.8,11,8,5.5,15.7,15.2,16.8,14,13.9,8,27.1,8.8,27.8,10.5,39.2,18.2,22.9,19,0,8.6
"32011","Eureka County, Nevada","32","011",TRUE,"missing_estimate:",70473,11.1629849367219,13010,17.1,10.4,21.3,9.4,4,3.8,2,2.7,90.2,9.2,19.6,11.2,21.9,11.4,5.4,4.8,0.1,0.2,36.8,9.5,0,3.3,22.9,12.3,13.3,11.5,35.1,20.5,18.4,16.5,42.4,17.8,0,8.8,4.5,6.1,5.5,7.8,7.6,7,18.4,4.6,36.3,9.6,51,12.2,17,10.8,10.6,9.5,1.3,1.9
"32013","Humboldt County, Nevada","32","013",TRUE,"missing_estimate:",81073,11.3031052623544,5960,19.3,3.6,14.5,1.9,9.4,1.9,6.8,1.7,89.2,2.8,26.4,0.5,16.5,0.5,27.3,,0.8,0.5,63.1,2.8,3.6,1.1,34.5,4.5,17.9,3.9,22.2,3.2,11.8,2.4,24.7,3.6,3.2,1.4,6.3,2.4,8.4,3.2,6.3,2.5,28.4,2.7,11,2.7,34.1,3.9,26,4.3,3.2,1.6,1.4,0.8
"32015","Lander County, Nevada","32","015",TRUE,"missing_estimate:",89014,11.3965489397142,19278,19.3,6.6,14.7,4.2,3.5,3,0.9,0.9,95.2,3.3,27.6,4.7,14.7,5.2,16.8,5.2,0.2,0.3,61.9,5.8,5.8,3.4,35.6,8.4,14.9,8.4,13.9,6.1,15.7,6.3,23.9,7.2,3.7,2.7,12.7,7,4.4,4.3,0.4,0.6,24.2,5.5,22.3,6.5,50,8.6,22.6,6.5,2.8,2.5,0.9,1.1
"32017","Lincoln County, Nevada","32","017",TRUE,"missing_estimate:",72307,11.1886762222707,17284,20.4,6.4,28.3,7.3,1.5,2.5,0.1,0.3,85.8,7.9,20,4.5,25.7,5.1,6.6,3.7,2.8,1.1,45.7,10.3,0.9,0.7,41,14.8,11.4,7.5,15.2,9.3,12.9,7.6,7.6,6.8,4.3,5.4,12.8,8,0,2.7,16.1,11,15,4.7,30.5,4.9,14.8,6.2,25,9.1,1.9,2.1,0,2.6
"32019","Lyon County, Nevada","32","019",TRUE,"missing_estimate:",80812,11.2998807483334,5156,17,1.6,17.7,1.3,7.2,0.8,4.4,0.7,93.5,1.2,20.1,0.2,22.2,0.1,19.5,,1.3,0.3,57.8,1.7,3.7,0.8,28,2,20,2,13,1.4,17.7,1.8,3.7,1.2,14.7,1.9,9.6,1.3,5.3,1.1,8.2,1.3,29.4,1.5,6.6,1.5,17.8,1.7,23.3,2.2,2.3,0.9,0.6,0.5
"32021","Mineral County, Nevada","32","021",TRUE,"missing_estimate:",54855,10.9124486192516,7897,13.2,4.9,23,7.2,2.3,2.2,3.3,2.5,85.7,6.2,20.7,5.5,26.1,7,17.4,5.7,3.2,1.8,51.3,6.7,5,2.6,25.8,9.1,20.7,8.6,16.3,7.9,15.7,6.6,5.8,4.7,7.1,5.3,8.8,5,3.7,3.3,2.9,2.8,15.9,4.7,19.8,5.4,23.5,5.9,27.5,8.8,5.1,5,0,2.4
"32023","Nye County, Nevada","32","023",TRUE,"missing_estimate:",60714,11.0139295929578,7415,13.3,1.5,25.8,1.6,8.1,0.9,4.5,0.9,84,2.7,16.6,0.2,30.9,0.3,17.1,,2.9,0.4,42.1,1.6,3.4,0.8,28.4,3.6,21.6,2.9,15.4,1.9,12.6,2.4,7.6,1.9,5,1.8,10.5,2.4,7.2,1.5,11,2.5,29,1.8,12.3,1.7,32.1,2.5,22.2,2.3,5.6,1.2,1.1,0.8
"32027","Pershing County, Nevada","32","027",TRUE,"missing_estimate:",66902,11.1109841410357,14290,6.1,2.4,18.9,5,8.4,3.1,5.1,1.4,90,4.1,15.8,0.9,17.3,0.8,23.6,,4.8,1.4,41.8,4.2,1.6,1.4,24,6.5,20.7,6.9,20.6,7.2,13.4,5.3,23.5,6.9,1.5,1.8,3.9,3.6,5.1,3.7,8.2,3.7,26.1,6.1,24.4,7.7,53.2,8.5,27,7.3,3.4,3,0,2.6
"32029","Storey County, Nevada","32","029",TRUE,"missing_estimate:",93409,11.4447429793177,21200,31.2,6.7,19.5,4.5,5.7,3.5,2.5,2,94.1,4.2,13.4,3.2,33.2,5.7,12.8,6.2,2.2,1.3,52,6,3.3,2.2,38.7,8.2,12.2,6.1,13.2,7.6,20.5,9.2,0,2.5,23.1,9.8,9.7,3.8,2.2,1.9,17.5,7.7,38.7,5.6,7.2,5.4,19,6.7,3.9,3,1.6,1.6,0,2.3
"32031","Washoe County, Nevada","32","031",TRUE,"missing_estimate:",88096,11.3861824079423,1556,34.2,0.6,12.8,0.5,14.3,0.4,7.1,0.3,91.1,0.6,20.7,,17.7,0.1,26.1,,2.3,0.1,65.7,0.6,3.4,0.3,38.9,0.8,17.9,0.6,9.1,0.5,14.2,0.6,0.9,0.1,9.3,0.5,13.3,0.6,5.2,0.3,12.6,0.6,22.5,0.4,8.6,0.5,5.1,0.4,40.1,0.8,6.4,0.4,2,0.3
"32033","White Pine County, Nevada","32","033",TRUE,"missing_estimate:",72865,11.1963636929678,11752,12.4,2.5,23.2,3.5,3.2,1.1,2.2,0.8,90.1,4.1,19.5,0.5,20.4,1,16.5,,5.9,1.4,49.4,3.8,2,1.1,27.4,6.3,18.9,4.7,19.9,4.7,8.7,3.7,20.3,5.1,1.7,1.9,1.2,0.9,4.3,2.7,7.7,3.6,17.6,2.5,19.3,4.8,20.7,5.7,24.6,5.3,1.9,1.4,0.4,0.7
"32510","Carson City, Nevada","32","510",TRUE,"missing_estimate:",72355,11.1893398381721,3090,23.7,1.5,15.9,1.1,12.5,1,7.6,1,91.5,1.3,19.9,,21.2,0.2,26.4,,1.7,0.2,59.1,1.3,3.2,0.8,35.9,2.1,20.9,2,7.4,1.6,14.3,1.8,0.5,0.3,10,1.7,12.3,1.7,4.9,1.1,9.8,1.5,20.5,0.9,5.8,1.4,9.8,1.5,37.7,2,6.8,1.2,1.4,0.5
"33001","Belknap County, New Hampshire","33","001",TRUE,"missing_estimate:",92783,11.4380187123378,4217,33.6,1.6,15,1.3,2.8,0.5,0.8,0.3,91.9,1.4,17.3,0.1,24,0.1,2.3,,0.5,0.1,62.7,1.5,1.9,0.5,41.5,2.5,16.6,1.8,9.6,1.2,11.7,1.7,0.5,0.3,11.9,1.6,10.3,1.6,7.6,1.3,13.5,1.7,25,1.3,32.5,1.9,7.2,1.1,19.9,1.9,4,1.1,0.5,0.6
"33003","Carroll County, New Hampshire","33","003",TRUE,"missing_estimate:",86463,11.367471855746,3914,38.6,2.2,18,1.6,2.3,0.6,0.6,0.3,91.5,1.4,14.7,,30.9,0.3,1.8,,0.6,0.1,58.5,1.5,3,0.9,38.1,2.6,17,2.1,13.2,1.6,12.1,1.8,1.9,0.8,8.5,1.5,13,1.5,10.5,1.5,16.2,2.4,26.6,1.2,46,1.6,6.2,1.1,16.6,1.7,3.1,0.9,1.4,0.7
"33005","Cheshire County, New Hampshire","33","005",TRUE,"missing_estimate:",83329,11.3305519068242,3984,35.5,1.6,14.5,0.8,2.9,0.5,0.8,0.2,91.8,1.2,17.8,0.1,22.4,0.1,2.6,,0.7,0.2,62.5,1.1,2.1,0.5,38.9,2,15.2,1.5,9.7,1.3,14.5,1.3,1.1,0.3,14.4,1.5,7.7,0.9,7.3,1,13.1,1.4,23.7,0.9,14.7,1.5,6.2,0.9,27.3,1.7,4.7,0.8,0.4,0.3
"33007","Coos County, New Hampshire","33","007",TRUE,"missing_estimate:",57677,10.9626137595105,2622,20.1,1.5,21.9,1.7,2.8,0.4,1.6,0.5,86.4,1.8,16,0.1,26.1,0.3,2.4,,2,0.6,52.9,1.7,2.3,0.7,31.7,2.2,22,1.9,13.3,1.7,13.2,1.9,2,0.6,8.1,1.4,7.5,1.3,9.5,1.3,8,1.3,23.1,1.4,32.2,1.6,10.1,1,25.8,2.2,9,1.8,0.4,0.3
"33009","Grafton County, New Hampshire","33","009",TRUE,"missing_estimate:",88261,11.3880536129202,2868,46.7,1.6,14,0.8,5.6,0.5,1.3,0.2,90.3,1.1,15.6,,23,0.1,2.9,,1.1,0.2,60.5,1.3,1.9,0.3,50,1.8,16.1,1.3,7.7,0.7,9.4,1.1,1.6,0.5,8.2,1,11.8,1.2,7.5,0.9,17.2,1.5,22.2,0.8,28.5,1.2,7.2,0.7,28.7,1.5,6.3,1.1,0.4,0.2
"33011","Hillsborough County, New Hampshire","33","011",TRUE,"missing_estimate:",103545,11.5477615798057,1737,41.5,0.8,11.8,0.5,10.3,0.4,5,0.3,93.4,0.5,19.6,0.1,17.3,0.1,8.5,,2.2,0.2,70.4,0.6,2.2,0.3,46.8,1,12.9,0.7,8.2,0.5,12.2,0.6,0.4,0.1,14.8,0.7,13.7,0.6,5,0.3,18.1,0.6,27.3,0.4,5.1,0.6,1.9,0.2,32.6,0.7,5.2,0.5,0.4,0.1
"33013","Merrimack County, New Hampshire","33","013",TRUE,"missing_estimate:",97004,11.4825074937487,2796,38.9,1.2,14.7,0.7,4.4,0.5,1.3,0.3,92.8,0.8,18.4,,19.9,0.1,2.7,,1.6,0.2,64.5,0.9,2,0.3,44.4,1.3,15.2,0.8,8.9,0.7,11,0.9,1,0.3,9.4,0.9,11.4,0.9,6.3,0.7,14.4,1,26.6,0.7,8.4,0.7,6.8,0.7,26.5,1.1,4.2,0.6,0.7,0.3
"33015","Rockingham County, New Hampshire","33","015",TRUE,"missing_estimate:",118331,11.6812410612852,2820,45.7,0.9,11.5,0.5,5.2,0.4,1.3,0.2,95,0.5,18.5,,20.4,0.1,3.7,,0.7,0.1,67.9,0.8,2.4,0.2,49.4,1.1,13.3,0.7,8.3,0.6,9.3,0.6,0.4,0.1,12.3,0.6,14,0.7,6.1,0.4,19.4,1,28.9,0.5,7.4,0.6,4.4,0.5,21.6,0.9,3.1,0.4,0.3,0.1
"33017","Strafford County, New Hampshire","33","017",TRUE,"missing_estimate:",88570,11.3915484788036,4424,39.3,1.4,13.7,0.8,4.4,0.5,1.6,0.3,93.5,1,17.6,0.1,17.1,0.1,3.2,,1.1,0.2,67.9,1.1,2.4,0.4,43.6,1.5,16.9,1.2,7.2,0.9,12,1,1,0.4,14.4,1.1,11.4,1,5.7,0.7,16.2,1.2,26,1,8,0.8,8.2,0.9,32.9,1.5,4.9,0.8,0.4,0.2
"33019","Sullivan County, New Hampshire","33","019",TRUE,"missing_estimate:",80858,11.3004498087805,3824,30.3,2.3,16.5,1.5,2.1,0.6,0.1,0.1,87.1,2,17.7,0.1,23.5,0.3,2.1,,0.7,0.2,59.9,2,1.8,0.6,37.7,3,15.9,2.3,7.9,1.4,18.9,2.3,1.2,0.6,14.7,2.2,8.8,1.5,7.3,1.4,10.2,1.4,26.1,1.3,24.3,2.1,7.7,1.3,24.6,2.5,5.3,1.2,0.5,0.5
"34001","Atlantic County, New Jersey","34","001",TRUE,"missing_estimate:",78050,11.2651049259436,1834,31.8,0.9,14.6,0.7,15.9,0.8,11.1,0.5,91.2,0.8,20.8,,19.9,,20.4,,12.6,0.4,63.6,0.7,5.5,0.6,36.9,1.2,25.5,1.2,7.5,0.6,10,0.7,0.5,0.2,4.1,0.5,10.3,0.8,5.2,0.5,9.1,0.8,25.2,0.6,17.1,0.7,2.9,0.4,31.3,1.1,11,0.8,0.9,0.3
"34003","Bergen County, New Jersey","34","003",TRUE,"missing_estimate:",124884,11.7351405854259,1735,53.1,0.5,8.9,0.3,31.8,0.4,16,0.4,94.8,0.3,20.9,0.1,18.2,0.1,22.7,,5.4,0.1,67.2,0.4,3.9,0.2,53.9,0.7,12.5,0.4,5.2,0.3,8.3,0.4,0.1,0.1,7.5,0.4,15.8,0.4,5.5,0.3,18.5,0.6,31.2,0.4,3.9,0.3,0.4,0.1,34.7,0.7,7.5,0.4,1.4,0.2
"34005","Burlington County, New Jersey","34","005",TRUE,"missing_estimate:",108111,11.5909137560822,1600,42.5,0.7,11.8,0.4,11,0.4,5,0.4,94.8,0.4,20.5,0.1,18.3,0.1,9.6,,15.8,0.3,66.7,0.5,3.4,0.3,49.6,0.9,12.6,0.6,6.3,0.4,10.3,0.5,0.3,0.1,7.3,0.4,12.6,0.5,4.2,0.3,16.7,0.7,29.1,0.5,4.9,0.4,1.1,0.2,23.9,0.8,4.3,0.5,0.5,0.1
"34007","Camden County, New Jersey","34","007",TRUE,"missing_estimate:",88755,11.3936350437789,1883,36.3,0.8,14.4,0.5,12.3,0.5,9.6,0.4,92.2,0.5,22.7,0.1,16.5,0.1,19.2,,17.8,0.3,66.7,0.5,4.6,0.3,43.5,0.8,15.8,0.5,6.4,0.4,13.3,0.6,0.3,0.1,7.4,0.5,13.2,0.6,4.8,0.4,15.5,0.7,27.4,0.4,5.3,0.4,0.7,0.1,35.3,0.9,10.6,0.7,0.9,0.2
"34009","Cape May County, New Jersey","34","009",TRUE,"missing_estimate:",91128,11.4200203905797,3274,39,1.4,15,1,4.6,0.6,2.6,0.4,93.1,1.1,17.1,0.1,29.5,0.1,8.3,,3.4,0.4,57.5,1.2,3,0.5,41.7,2.2,18.8,1.6,9.5,1.3,7.2,1.2,0.9,0.4,5.2,1,10.5,1.3,6.9,1.2,12.1,1,22,0.9,54.9,0.7,3.3,0.5,19.7,1.5,5.7,1.1,0.4,0.2
"34011","Cumberland County, New Jersey","34","011",TRUE,"missing_estimate:",67436,11.1189342789357,1985,18.9,1.2,14.8,0.8,12.7,1,13.3,0.9,89.5,1.2,24.4,,15.8,,35.7,,16.4,0.7,57.5,1,3.9,0.7,29.8,1.5,21.4,1.6,10.8,1.3,19.3,1.4,1.9,0.5,10.4,1.2,8.3,1,5,0.8,5.4,0.8,25.5,0.9,6.1,0.8,5.3,0.7,33.5,1.8,10.1,1.4,1.3,0.5
"34013","Essex County, New Jersey","34","013",TRUE,"missing_estimate:",80789,11.2995960966276,1638,39.1,0.5,12.2,0.4,30.1,0.7,16.4,0.5,90.4,0.6,23.6,0.1,14.2,0.1,25.2,,35.4,0.3,66.4,0.5,5.8,0.3,43.5,0.7,17.6,0.6,7.7,0.4,12.8,0.5,0.1,0.1,6.5,0.4,14.6,0.5,5.5,0.3,16.1,0.6,33.6,0.4,5.1,0.3,0.2,0.1,55.1,0.7,21,0.8,3.4,0.3
"34015","Gloucester County, New Jersey","34","015",TRUE,"missing_estimate:",105115,11.5628102678992,2579,36.8,0.8,13.3,0.6,6.1,0.4,3.5,0.4,93,0.7,21.3,0.1,16.9,0.1,8.3,,10.2,0.3,66.3,0.7,3.5,0.3,46.4,1.1,13.7,0.7,7.6,0.5,10.6,0.7,0.3,0.1,7.3,0.5,11,0.6,4.1,0.4,14.9,0.9,28.2,0.6,4.6,0.5,2.3,0.3,19.9,0.8,5.2,0.5,0.4,0.2
"34017","Hudson County, New Jersey","34","017",TRUE,"missing_estimate:",91795,11.4273131088943,1657,48.9,0.6,8.8,0.3,42.8,0.6,22,0.6,91.5,0.5,19.8,0.1,12.6,0.1,40.7,,10.7,0.2,70.3,0.4,4.2,0.3,49.9,0.8,14.3,0.4,5.8,0.4,11.9,0.5,0.1,0.1,6.5,0.3,17.7,0.6,4.9,0.3,20.6,0.7,35.4,0.4,6.6,0.4,0.1,0.1,69.3,0.6,33.4,0.7,3.2,0.3
"34019","Hunterdon County, New Jersey","34","019",TRUE,"missing_estimate:",141715,11.8615732775216,3618,57.4,1.3,9.3,0.7,10.6,0.8,3.6,0.4,94.6,0.9,19.1,,20.8,0.1,9.3,,2.4,0.2,64.6,1.1,3,0.4,59.6,1.6,9,0.8,6.5,0.8,5.9,0.7,1.1,0.3,12.1,1,15.7,1.1,6.3,0.7,21.8,1.2,33,0.9,2.4,0.5,0.3,0.1,14.9,1,3.3,0.7,0.4,0.2
"34021","Mercer County, New Jersey","34","021",TRUE,"missing_estimate:",100645,11.5193547527351,2565,45.4,0.8,10.7,0.5,27,0.9,14.4,0.7,91.4,0.8,22,,16,0.1,23.1,,17.9,0.3,65.3,0.8,4.1,0.4,49.1,1,15.8,0.7,6,0.6,11.8,0.8,0.3,0.1,7.8,0.6,14.5,0.7,5,0.5,19.5,0.9,27.1,0.5,4.6,0.5,0.5,0.2,37.8,1.2,11.2,0.8,1.1,0.3
"34023","Middlesex County, New Jersey","34","023",TRUE,"missing_estimate:",111549,11.6222192352306,1881,45.6,0.5,10,0.3,35.4,0.4,17.5,0.4,94.3,0.4,21.5,0.1,16.1,0.1,23.6,,9.7,0.1,67.2,0.4,4.5,0.2,49.5,0.6,12.6,0.5,5.4,0.3,13.5,0.4,0.2,0.1,9.5,0.4,15.9,0.4,4.3,0.3,18.1,0.6,31.2,0.4,3.2,0.3,0.8,0.1,36.4,0.6,8,0.5,1.8,0.2
"34025","Monmouth County, New Jersey","34","025",TRUE,"missing_estimate:",124845,11.7348282468483,2115,51.3,0.7,10.3,0.3,13.6,0.4,6.4,0.3,93.7,0.4,20.9,0.1,19.1,0.1,12.9,,5.8,0.1,66,0.5,3.6,0.2,51.9,0.8,13.7,0.5,6.6,0.4,7.2,0.4,0.3,0.1,6.2,0.4,15.8,0.6,5.2,0.3,18.9,0.7,32.1,0.4,6.9,0.4,1.1,0.2,24.4,0.6,6.4,0.5,0.7,0.2
"34027","Morris County, New Jersey","34","027",TRUE,"missing_estimate:",137326,11.8301129401796,2991,57.8,0.7,9,0.4,19.8,0.5,8.8,0.4,95.2,0.4,20.6,,18.2,0.1,16,,3,0.1,68.5,0.5,3.6,0.3,56.3,0.8,11.3,0.6,5.2,0.4,7.6,0.4,0.2,0.1,11.2,0.5,17.4,0.7,5.1,0.4,21.8,0.7,29.8,0.4,3.1,0.4,0.3,0.1,25.7,0.8,5.1,0.4,0.7,0.2
"34029","Ocean County, New Jersey","34","029",TRUE,"missing_estimate:",89863,11.4060415673328,1555,34.4,0.6,12.3,0.4,8,0.3,4.1,0.3,88.7,0.5,25,0.1,22.6,0.1,10.9,,2.9,0.1,59.1,0.5,3.2,0.2,42.5,0.9,15.9,0.6,8.5,0.4,8.9,0.5,0.3,0.1,4.9,0.4,11.4,0.5,5.7,0.4,12.5,0.6,30,0.5,17.7,0.5,2.1,0.2,19.3,0.7,6,0.5,0.5,0.1
"34031","Passaic County, New Jersey","34","031",TRUE,"missing_estimate:",87522,11.3796454693143,2333,30.9,0.7,9.6,0.4,33.1,0.6,23.3,0.6,92.5,0.6,23.6,,15.9,0.1,44.3,,9.7,0.1,66.2,0.5,5.3,0.3,36.3,0.8,17.8,0.7,7.9,0.4,16.8,0.6,0.2,0.1,10.9,0.6,12.2,0.6,5.2,0.4,11.5,0.5,26.5,0.4,3.7,0.4,0.2,0.1,46.9,0.8,13.9,0.7,2.6,0.3
"34033","Salem County, New Jersey","34","033",TRUE,"missing_estimate:",79960,11.2892817886143,3982,25,1.3,15.7,1.1,3,0.6,3.2,0.5,89.9,1.5,21.9,,19.1,0.2,11.3,,13.2,0.5,60.5,1.4,4.5,0.7,37.8,2.1,13.9,1.3,9.4,1.1,16.2,1.3,2,0.6,10,1.3,9,1,4.1,0.7,9.5,1.1,26.5,1,10.4,1.4,3.3,0.7,29,1.9,9.6,1.3,0.7,0.3
"34035","Somerset County, New Jersey","34","035",TRUE,"missing_estimate:",140374,11.8520655682398,3294,57.8,0.9,8.6,0.4,27.9,0.7,11.5,0.5,95.8,0.5,21.2,,17,0.1,17.6,,9.3,0.2,70,0.6,3.3,0.3,57.2,0.9,11.3,0.6,4.9,0.4,9,0.7,0.2,0.1,12.7,0.6,18.2,0.8,4.6,0.4,22.7,0.9,31.4,0.7,2.1,0.3,0.2,0.1,25.7,0.9,4,0.4,0.9,0.2
"34037","Sussex County, New Jersey","34","037",TRUE,"missing_estimate:",116186,11.6629476342137,2466,40.3,1.1,11.7,0.7,8.7,0.6,3.1,0.4,94.5,0.7,19.5,,19,,11.9,,1.7,0.2,68.3,0.8,3.5,0.4,46.2,1.3,12.9,0.9,9.7,0.7,10,0.6,1,0.3,9.9,0.9,13.3,0.9,5.2,0.7,14.9,1.1,36.3,0.8,8.1,0.9,1.7,0.4,16.3,1,3.3,0.5,0.6,0.2
"34039","Union County, New Jersey","34","039",TRUE,"missing_estimate:",103202,11.5444435116868,2659,38.9,0.8,9.1,0.4,33.6,0.6,22.1,0.5,93.3,0.6,23.5,,15.1,0.1,35.2,,19.1,0.2,69.3,0.5,4.5,0.3,41.1,0.8,16,0.6,8.3,0.5,15.3,0.6,0.2,0.1,8.8,0.5,12.9,0.5,4.9,0.4,14.2,0.5,30.2,0.4,4.3,0.4,0.2,0.1,42.6,0.8,10.2,0.7,2.1,0.3
"34041","Warren County, New Jersey","34","041",TRUE,"missing_estimate:",100869,11.5215779242494,3607,36.5,1.5,11.5,0.8,10.6,0.8,5.1,0.5,92.5,1,19.3,,19.6,0.1,13,,5.6,0.4,67.1,0.8,3.4,0.5,41.8,1.6,16.9,1.5,8.5,0.8,12.7,1.1,1,0.2,11,0.9,12.9,1.2,4.7,0.6,12.5,1.1,34,1.1,3,0.7,0.9,0.3,24.9,1.4,5.6,0.9,0.4,0.3
"35001","Bernalillo County, New Mexico","35","001",TRUE,"missing_estimate:",69473,11.1486934668628,1449,38.2,0.7,15.8,0.4,10.5,0.4,7.5,0.4,90,0.6,20.3,0.1,18.3,0.1,49.1,,2.6,0.1,62.4,0.6,3.3,0.2,46.7,0.7,16.6,0.6,8.1,0.4,8.8,0.5,1,0.1,4.6,0.4,15.9,0.6,6.2,0.4,14.9,0.6,22.9,0.4,5.7,0.4,5.2,0.4,35.5,0.6,6.4,0.5,1.1,0.2
"35003","Catron County, New Mexico","35","003",TRUE,"missing_estimate:",49864,10.8170545784887,16681,31.2,8,37.4,7.5,5.1,3.5,1.5,1.6,71.6,9,6.1,3.2,47.6,6,15.7,6.1,1.8,2.3,31.7,7.1,1.3,1.1,28,11.6,9.5,5.8,14.1,10.1,19.3,14.9,7.1,6.6,10.1,6.7,10.3,8.2,29.3,14.9,22.7,11.8,25.3,9.8,47.5,4.3,38.1,6.6,6.2,4.7,5.9,5.2,0,2.3
"35005","Chaves County, New Mexico","35","005",TRUE,"missing_estimate:",52938,10.8768766964502,2795,17.9,1.6,19.6,1.7,11.3,1.1,10.1,1.2,83,2.2,24.6,0.2,16.5,0.1,58.4,,1.5,0.3,55.8,1.7,2.8,0.6,31.2,2.4,19.8,2.1,13.4,1.7,16.1,2.1,6.4,1.5,5.6,1.4,8,1.2,4.9,1.1,5.4,1.1,19.3,1.1,11.7,1.9,13.2,1.6,28.7,2.3,5.5,1.2,0.7,0.4
"35006","Cibola County, New Mexico","35","006",TRUE,"missing_estimate:",50759,10.8348442210826,9447,17,3,21.8,2.6,2.2,0.7,6.4,2.3,78.1,4.4,23.2,0.2,18.2,0.2,32.9,,1.9,1.1,43.7,3,4.6,1.6,27.5,5,31.3,5,12.7,3.8,7.4,2.9,8.4,3.6,3.7,2,4.8,2.4,9.7,4,13.4,3,24,2.8,24.3,2.8,23.8,3.6,23.9,3.1,9.1,3,0.9,0.8
"35007","Colfax County, New Mexico","35","007",TRUE,"missing_estimate:",53554,10.8884457696315,3097,25.4,3.1,26.3,3.2,4.3,1.7,2.9,1.7,81.3,3.1,17.5,0.4,28.8,0.3,47.6,,0.5,0.3,48,3.1,1.8,1,30.2,4.4,27.9,3.8,10.1,2.4,11,3.2,4.8,2,4.2,1.8,9.5,3.2,9.4,3.5,12,3.1,19.9,3,44.1,2.5,14.4,2.5,28.2,4,6.6,2.9,0.4,0.4
"35009","Curry County, New Mexico","35","009",TRUE,"missing_estimate:",57309,10.9562129584318,5684,23.3,2.3,17.8,1.2,10,1.4,6.7,1.2,89.2,1.9,26.5,0.1,13,0.2,45.9,,5,0.6,63.3,1.8,4.4,1.2,31.5,2.9,19.9,2.6,11.5,2.3,15,2.2,5.6,1.4,5.9,1.6,8.3,2,6.4,1.6,3.7,1.1,16.5,1.1,13.2,2.3,7.8,1.4,37.3,3.1,6.1,1.4,0.8,0.5
"35011","De Baca County, New Mexico","35","011",FALSE,"missing_estimate:log_median_household_income_2024",,,,9.3,5.1,21.4,8.6,0.6,0.6,1.2,1.6,79.5,10.8,19.2,6.4,26.6,10.6,63.6,10.9,0.1,0.1,62.8,12.9,5.3,3.7,21.5,9.4,16.7,11.2,44.9,13.5,5.8,5.8,27.1,26.3,4.7,5.5,1.9,2.2,7.3,5.1,3.6,3,11.4,5,34.9,7.1,20.4,7.2,28.5,21,5.6,6.5,0,5
"35013","Doña Ana County, New Mexico","35","013",TRUE,"missing_estimate:",56848,10.9481363182608,2642,31.7,1.4,14.5,0.8,14.7,0.9,16,0.9,90.6,1,23.1,,17,0.1,67.9,,1.4,0.2,58.3,1,3.9,0.4,38.1,1.6,21.6,1.3,11.4,1.2,10,1.1,3.8,0.7,4.6,0.8,9.8,0.9,5.9,0.8,9.5,0.9,22.8,1.2,8.2,0.9,19,1.1,34.5,1.5,6.1,0.9,1.2,0.3
"35015","Eddy County, New Mexico","35","015",TRUE,"missing_estimate:",78426,11.2699107840136,5993,19.3,2.3,16.8,1.8,7.7,1.4,8,1.6,87.1,2.3,25.8,0.3,14.8,0.2,51.6,,1.2,0.4,62.1,2.5,3.4,1,38.2,3.4,12.2,1.9,17.4,2.7,13.4,2.3,15.6,2.2,4.6,1.2,10.7,1.9,6,1.4,6.5,1.7,21.4,1.6,12,2.2,14.6,2,26.7,3,4.7,1.7,0.9,0.7
"35017","Grant County, New Mexico","35","017",TRUE,"missing_estimate:",44958,10.7134839995924,4212,30.7,2.9,22.9,2.2,4.6,1.3,3.6,1.1,86.8,2.3,17.9,0.4,30.3,0.3,47.8,,0.8,0.3,45.1,2.8,3.8,1.1,41.1,4.8,18.9,3.6,15.7,4,9.7,3.5,7.2,2.4,3,1.6,8.5,2.8,11.1,2.7,12.1,3.3,17.9,1.6,23.4,2.7,25.1,2.9,24.2,2.9,3.2,1.3,0.7,0.4
"35019","Guadalupe County, New Mexico","35","019",TRUE,"missing_estimate:",42750,10.6631244743649,8581,16.4,4.1,23.6,5.2,10.1,5,13.3,4.1,81.8,6.3,22.3,3.6,17.2,3.5,76.6,4,1.9,1,52,5.9,1.4,1.5,22.4,6.5,15.9,7.4,30.1,8.3,16.2,6.3,4.6,3.3,4.5,4.5,3.4,3.8,4.7,3.8,2.9,2.4,19.7,5,26.6,6.2,31,7.3,25.4,7.2,4.8,3.3,0.9,1.3
"35021","Harding County, New Mexico","35","021",TRUE,"missing_estimate:",48553,10.7904112637775,8018,33.3,10.5,20.9,6.4,0.4,0.6,2.5,2.3,71.7,10.9,25.4,9.4,26.6,9.2,36.4,13,1.8,2.8,50.5,9.6,7.7,5.8,52.2,16.4,19.3,10.9,12.4,14.3,7.2,5.7,8,5,0.8,1.1,4.8,3.4,16.5,9.8,2.8,3.2,20.6,5.9,42.3,6.9,26.4,7.1,23.1,9.6,7.7,7.3,0,13.8
"35023","Hidalgo County, New Mexico","35","023",TRUE,"missing_estimate:",48882,10.7971645095387,8524,18.3,4.1,19,3.2,7.7,2.6,8.7,2.5,78.4,5.3,21.3,0.8,23.3,0.8,57,,0,1,53.5,4.8,1.9,1,29.8,6.2,21.4,6,10.7,3.6,12.5,6.4,13.7,5.2,0,2.5,0.8,1.1,4,2.6,3.6,2.3,22.2,3.5,33.8,4.6,30.7,5.3,19.2,4.8,9.9,4,0.3,0.5
"35025","Lea County, New Mexico","35","025",TRUE,"missing_estimate:",68015,11.1274835480675,5605,15.5,1.7,13.7,1.2,18.3,1.6,16.9,1.6,86.3,1.8,29.5,0.1,11.4,0.1,62.7,,3.1,0.4,61.4,1.6,4.2,0.9,29.6,2.8,13.2,2,19.4,2.2,18.3,2.3,15.9,2.2,4.1,1.4,7.4,1.7,6.9,1.5,3.7,1.1,24.4,2.2,13.1,1.8,17.3,1.9,28.8,2.4,4.3,1.1,1.5,0.8
"35027","Lincoln County, New Mexico","35","027",TRUE,"missing_estimate:",53303,10.8837478937482,2293,32.2,3.4,22.5,2.4,3.8,1.2,3.2,1.1,84.7,2.9,16.7,0.3,31.3,0.2,33,,0.8,0.2,51.8,2.6,2.6,1.2,38.6,4.9,23.8,3.7,13.6,2.9,6.9,2.3,4.8,1.9,3.2,1.9,10.9,3.1,19,3.4,11.1,3.2,20,2.3,44,2.9,24.4,3,23.2,3.9,3.9,1.6,0.3,0.3
"35028","Los Alamos County, New Mexico","35","028",TRUE,"missing_estimate:",147139,11.8991329972147,10556,69.7,3.3,10.6,1.7,9.4,1.5,2.9,1.1,93.4,2.1,22,0.3,18.4,0.4,18,,0.9,0.5,67.8,2.4,0.4,0.3,74.6,4,7.1,2,3.5,1.4,4.2,1.4,0,0.4,1.5,0.9,56.6,3.9,3.1,1.1,15.6,3,14.7,1.2,5.3,1.9,5.1,2.3,25.2,3.5,2.2,1.3,0.2,0.3
"35029","Luna County, New Mexico","35","029",TRUE,"missing_estimate:",36419,10.5028458954637,4439,14.6,2.9,20.3,2.2,16.2,2.6,17.7,3.4,79.4,3.9,25.8,0.4,20.8,0.4,67.1,,1.1,0.7,44.9,3.2,2.4,0.9,30.1,6.6,23.6,4.5,11.6,3.2,18.5,4.5,9.9,3.7,7.8,3,2.9,1.2,3.4,1.5,6.2,2.6,19.1,2.3,20.6,2.9,29.7,3.4,29.1,4.1,5.2,2.1,1.3,1
"35031","McKinley County, New Mexico","35","031",TRUE,"missing_estimate:",47668,10.7720155922107,2757,13.3,1,16.5,0.8,2.4,0.3,14,1.1,64.8,1.7,27.1,0.1,13.8,0.1,12.2,,0.4,0.1,48.5,1.3,4.4,0.6,31.8,2.2,26.3,1.9,9.9,1.2,11.8,1.2,1.8,0.5,3.7,1,4.6,0.9,3.8,1,8.9,1.1,27,1.3,15.6,1,25,1.6,30.2,1.8,10.7,1.3,3.7,0.6
"35033","Mora County, New Mexico","35","033",TRUE,"missing_estimate:",53663,10.890479029983,3996,34.3,8.6,30.7,6,1.3,1.3,4.7,2.6,63.3,10.6,17.1,4.6,34,6,73.5,5.6,0,1,46,7.1,1.7,1.9,55.9,15.5,9.5,5,10.1,7.8,7.8,13.9,6.7,7.1,0,2.6,10.7,8.5,12.6,7.3,8.6,6.2,30.7,6.9,32.7,5.5,24.4,6.9,13.3,7.1,2.5,3,0,2.1
"35035","Otero County, New Mexico","35","035",TRUE,"missing_estimate:",55876,10.9308902288474,2502,22.7,1.6,19.9,1.3,9.7,1.1,8.9,1.2,90,1.7,21.9,,17.5,0.2,39.6,,3.5,0.3,56,1.4,4.1,0.8,34,2.8,21.1,2.4,15.2,2.1,8.6,1.5,3,1.1,1.6,0.7,7.8,1.8,7.3,1.6,6.7,1.5,22.1,1.3,25,1.9,29,1.9,33,2.4,5,1,1.3,0.5
"35037","Quay County, New Mexico","35","037",TRUE,"missing_estimate:",41946,10.64413835574,14822,19.6,4.1,24.1,3.5,0.6,0.5,1.2,0.9,76.4,4.6,19.6,0.3,26.4,0.4,44.9,,0.1,0.3,55.5,4.7,4.1,2.6,36.7,5.3,15.8,4.6,10,4.2,9.4,4,8.4,3.6,1.3,1.5,5,2.8,9.1,3.6,6.4,2.9,11.4,1.8,20.7,4.5,22.1,3.7,28.4,6.3,11.7,5.5,0,1
"35039","Rio Arriba County, New Mexico","35","039",TRUE,"missing_estimate:",57155,10.9535221544599,4325,19,1.9,15.8,1.5,6.3,1.3,7,1.6,75.3,3.2,22.5,0.1,21.8,0.1,67.2,,0.6,0.2,53.1,2.2,2.6,0.8,34.9,3.2,25.1,2.9,11.8,2.3,10.5,2.8,1.9,0.7,1.1,0.4,20.6,3.2,4.9,1.1,10.2,2.4,30.1,2,21.2,2.3,35.9,2.7,20,2.1,3.8,0.9,1.1,0.9
"35041","Roosevelt County, New Mexico","35","041",TRUE,"missing_estimate:",52685,10.8720860640336,5040,21.2,3.5,19.8,2.5,8.3,2.1,4.3,1.2,87.6,3.2,25.1,0.7,15,0.4,44.8,,0.6,0.3,63.5,3.2,3.3,1,32.2,5,23.4,4.6,13.3,3.6,16.9,4.4,6.2,2.2,7,2.7,4.4,1.6,4.4,1.4,4.6,2,15.7,1.3,13.2,3.1,18.2,3.6,39.3,4.2,7.4,2.3,1.3,1.3
"35043","Sandoval County, New Mexico","35","043",TRUE,"missing_estimate:",86636,11.3694707125574,3118,33.8,1.2,16.2,0.9,5.6,0.6,4.7,0.6,90.1,0.9,21.7,,20.1,0.1,40,,2.1,0.2,59,0.9,3,0.4,43.4,1.8,16.2,1.4,9.3,1,10,0.9,0.8,0.3,6.1,0.7,13.9,1.3,5.7,0.8,16.8,1.3,30.3,0.8,6.6,0.9,7,0.6,16.5,1.3,3.2,0.5,0.8,0.2
"35045","San Juan County, New Mexico","35","045",TRUE,"missing_estimate:",55872,10.9308186391993,1667,18.3,1.1,16.2,0.9,3.1,0.4,12.8,1,72.4,1.7,24.9,,16.9,0.1,19.8,,0.6,0.1,53.1,1.2,3.9,0.5,32.3,1.7,21.3,1.6,14,1.4,12.6,1.4,8.7,1.3,3.1,0.6,6.1,0.8,5.9,1.2,6.3,0.8,24.2,0.9,13.5,1.2,30.1,1.5,28.8,2,6.7,0.9,2.1,0.5
"35047","San Miguel County, New Mexico","35","047",TRUE,"missing_estimate:",49431,10.8083330367255,3657,26.5,2.9,23.5,2.3,2.4,0.8,6.4,1.2,78.6,3,16.9,0.4,25.6,0.1,75.2,,1.3,0.5,50.6,2.7,2.4,0.9,37.1,4,23.9,3.8,9.4,2.8,11.8,3.4,1.9,1.6,2.3,1.6,8.9,3,7.6,2.3,11.2,2.4,22.7,2.2,19.7,2.5,29.9,3.4,26.9,2.5,8.7,2.6,0.7,0.5
"35049","Santa Fe County, New Mexico","35","049",TRUE,"missing_estimate:",79071,11.2781014620066,2820,46.1,1.3,15.3,0.8,12.1,0.8,7.5,0.7,90.1,1.1,16.1,,28,,47.9,,0.8,0.1,57.3,0.9,3,0.4,48.4,1.6,18.2,1.2,9.3,1,5.9,0.7,1,0.3,2.9,0.6,17.3,1.2,11,0.8,18.4,1.2,23.8,0.6,10.2,0.7,13.2,0.9,28.5,1.1,4.2,0.7,0.7,0.3
"35051","Sierra County, New Mexico","35","051",TRUE,"missing_estimate:",41600,10.6358554462494,5700,17,3.6,31.6,4.2,7.5,4,4.4,1.6,83.5,4.7,15.6,0.6,38.8,1.3,29.8,,0.1,0.3,37.4,3.1,1.6,1,44.7,9.2,25.8,9.9,6.6,4.1,7.7,4.2,9.2,3.4,0.2,0.3,8.2,3.5,16.9,5.7,8.2,4.2,14.8,2.5,33.7,4.2,41.4,4.7,28.2,5.2,7.3,3,0.8,0.9
"35053","Socorro County, New Mexico","35","053",TRUE,"missing_estimate:",36570,10.5069835111434,11077,19,4,27.8,4.2,4.2,1,6.3,2.6,63,7.5,24,3.4,21,2,50.3,,0.4,0.4,40.7,4.1,0.5,0.6,52.9,8.5,8.1,3.8,11.5,4.5,12.7,6.2,8.6,4.7,2.8,1.7,13.4,4.2,13,6.1,18,5.5,16.2,3.1,31.5,3.8,39,4.8,24.9,5.9,6.7,4,2.2,2.3
"35055","Taos County, New Mexico","35","055",TRUE,"missing_estimate:",58950,10.9844449059655,7027,38.5,3.1,21.1,2.4,5.7,1.8,5.9,1.7,86.3,2.7,15.6,0.1,30.5,0.2,50.6,,0.3,0.1,55.4,2.4,4.2,1.1,40,4.6,21.6,3.2,14.5,3.5,7.7,2.6,2.5,1.7,3.4,1.8,12.3,3.1,12.8,3,19.7,3.8,25.5,2.4,26.8,2.3,13.7,2.1,22.4,2.5,3,1.2,0.5,0.4
"35057","Torrance County, New Mexico","35","057",TRUE,"missing_estimate:",57842,10.9654704343814,6305,16.6,3.1,24.4,2.6,3.9,1.4,3.7,1.5,82.6,3.6,20.2,0.6,22.5,0.5,43.2,,1.7,0.3,53.7,2.9,4.8,2.2,24.5,4.8,29.4,5.1,12.1,4.3,15.2,3.8,4.5,2.6,4,1.8,9.4,3,8.2,3.3,8.6,3.4,37.3,3.1,17,3,45.6,5.2,18.3,3.8,4.3,2.3,0.8,0.8
"35059","Union County, New Mexico","35","059",TRUE,"missing_estimate:",46694,10.7513709557454,17202,18.4,4.7,26.9,5.6,3.8,2.2,6.5,2.8,84.1,5.5,21.3,1.6,22.8,1.7,40.1,,1.1,1.1,44.1,9.1,2.7,1.6,39.7,9,19.9,6.7,15.1,7.2,17,6.1,20.5,6.2,5.4,3.8,2.5,1.9,9.7,5.1,6.2,3.5,16.7,4.1,31.6,6.8,17.5,4.7,27.6,7,4.7,4.1,1,1.4
"35061","Valencia County, New Mexico","35","061",TRUE,"missing_estimate:",58933,10.984156484393,4230,20.9,1.7,20.2,1.8,8.7,1.1,9.1,1.3,83.8,2,22.7,0.2,18.7,0.1,60.8,,1,0.3,52.4,1.6,3.6,0.8,32.1,2.7,20.4,2.2,14.1,2,12.8,1.7,2.9,1.1,4.9,1.1,10.6,1.4,7.3,1.4,11.1,2,30.2,1.3,10.3,1.5,30.2,2.1,16.8,2.1,3,1,0.5,0.3
"36001","Albany County, New York","36","001",TRUE,"missing_estimate:",85333,11.354316528536,2280,46.4,0.8,12.9,0.5,12,0.6,4.8,0.4,90.5,0.6,18,0.1,18.2,0.1,7.3,,11.5,0.3,63.7,0.7,3.2,0.4,51.1,1.1,15.5,0.9,4.2,0.4,8.8,0.7,0.4,0.2,6.4,0.6,12.8,0.8,4.2,0.6,15.2,0.8,21.4,0.5,8.8,0.7,1.2,0.2,43.4,1,12.6,0.9,0.7,0.2
"36003","Allegany County, New York","36","003",TRUE,"missing_estimate:",62869,11.0488084754132,2132,24.9,1.4,16.7,0.9,1.8,0.3,2,0.4,86.7,1.1,19.6,0.1,20.1,0.1,2.2,,1.5,0.2,53.8,1.1,3.8,0.6,38,1.5,18.8,1.4,11,1.1,15.1,1.2,2.6,0.6,11.4,0.9,5.5,0.8,6.2,0.8,8.8,0.9,22.8,0.7,24.8,1.3,16.1,1,20.7,1.4,7.7,0.9,0.6,0.3
"36005","Bronx County, New York","36","005",TRUE,"missing_estimate:",48676,10.7929413744567,895,22.4,0.4,17.7,0.4,34.6,0.5,25.7,0.5,86.8,0.4,24.3,0.1,14.5,0.1,55.1,,28.7,0.2,58.1,0.4,6.6,0.2,29.3,0.6,33.6,0.5,6.2,0.3,12,0.5,0.2,0.1,2.9,0.2,10.1,0.4,5.1,0.4,8.9,0.4,43.3,0.4,4.5,0.2,0.2,0.1,79.9,0.6,61.1,0.7,5.3,0.4
"36007","Broome County, New York","36","007",TRUE,"missing_estimate:",62616,11.0447761154847,1920,31,1.1,16.1,0.7,6.9,0.4,2.9,0.3,89.8,0.9,19.1,,20.3,,5.6,,5.1,0.4,56.8,0.8,4,0.4,42.5,1.5,20,1,6.1,0.6,11.6,0.8,0.8,0.2,9.4,0.6,8.6,0.7,4.9,0.6,9.6,0.8,19.6,0.6,12,0.9,4.4,0.4,35.5,1.2,13.5,0.9,0.6,0.2
"36009","Cattaraugus County, New York","36","009",TRUE,"missing_estimate:",59540,10.9944036345698,2028,21.1,1.1,16.9,0.8,1.7,0.3,1.8,0.4,83.9,1.2,21.9,,20.8,0.1,2.4,,1.4,0.3,55.3,0.9,2.7,0.4,33.5,1.5,19.4,1.1,11.9,1.1,16.8,1.2,2.5,0.5,13.2,1,6.4,0.8,7.6,0.9,8,1,22.6,0.7,21,0.9,11,0.8,24.8,1.3,10.7,1,0.5,0.2
"36011","Cayuga County, New York","36","011",TRUE,"missing_estimate:",67904,11.1258502219737,2566,24.6,1.3,14.3,0.9,2.6,0.4,1.7,0.4,89.1,1.3,19.3,,21.3,0.1,3.6,,3.3,0.4,58.1,1.2,2.2,0.4,37.6,1.7,18.1,1.1,10,1,15.9,1.2,3.4,0.6,13,1.2,6.4,0.7,5.6,0.7,7.7,0.9,22.8,1.1,14.4,1.1,9.2,0.7,28.6,1.6,9.1,1.3,0.9,0.4
"36013","Chautauqua County, New York","36","013",TRUE,"missing_estimate:",58351,10.9742317755284,1736,25.1,1.1,17.8,0.9,2.6,0.5,3.6,0.5,88.5,1,20.6,,21.4,0.1,9.6,,2.1,0.2,55.7,1.1,3.3,0.4,36.2,1.5,18.9,1.2,8.3,0.8,17.7,1.2,2,0.4,15.5,1.1,6.5,0.8,6.1,0.6,7.9,0.9,19.6,0.6,19.7,1.2,6.4,0.6,31.1,1.2,11.1,1.1,0.3,0.1
"36015","Chemung County, New York","36","015",TRUE,"missing_estimate:",63716,11.0621909874145,2911,27.2,1.2,16.5,1.1,3.5,0.5,1.5,0.3,88,1.3,20.9,0.1,20.3,0.1,3.8,,6.4,0.5,57.5,1.1,3.5,0.5,38.4,2,18.4,1.7,7,0.9,15.3,1.5,1,0.4,15,1.5,7.6,1,5.1,0.8,8.2,1.2,20.2,0.8,10.2,1.1,4.4,0.6,31.6,1.5,9.8,1.2,0.2,0.2
"36017","Chenango County, New York","36","017",TRUE,"missing_estimate:",62948,11.0500642677208,2655,19.6,1.5,17.1,1,2.5,0.4,1.3,0.3,88.8,1.4,20.7,0.1,22.3,0.1,2.5,,0.7,0.2,58.2,1.5,3.7,0.7,34.5,2.2,15.4,1.4,12.3,1.3,19.2,1.7,3,0.7,18.6,1.7,5.9,1,6.1,0.9,9.1,1.4,22.8,1,19.1,1.5,18.5,1.6,24.6,1.8,7.8,1.2,0.7,0.4
"36019","Clinton County, New York","36","019",TRUE,"missing_estimate:",71224,11.1735851192535,2611,27.6,1.4,17.7,1.1,4.8,0.5,1.5,0.3,88,1.4,18,0.1,19,0.2,3.5,,2.9,0.3,57.7,1.1,2.3,0.5,36.3,1.6,21.1,1.8,8,1.1,15.6,1.9,1.4,0.4,12.3,1.6,6,0.9,4.5,0.8,7.6,1.2,20.4,0.9,10.9,1.2,12.3,1.2,30.6,1.6,10.4,1.2,0.8,0.4
"36021","Columbia County, New York","36","021",TRUE,"missing_estimate:",81528,11.3087017985085,5033,39.4,1.7,15.9,1,7.4,0.7,2.9,0.6,89.7,1.3,15.9,,26.2,0.1,6.3,,3.5,0.4,57.7,1.2,3.1,0.7,47.3,2.2,16,1.5,9.5,1.1,10.3,1.2,2.7,0.7,7,1.4,12.9,1.6,10.1,1.1,17.4,1.5,25.7,1.1,20.3,1.7,7.7,1.2,23.7,1.5,6.1,1.3,0.4,0.2
"36023","Cortland County, New York","36","023",TRUE,"missing_estimate:",70418,11.1622041912833,2912,29.1,1.8,14.2,1.2,2.8,0.5,1.3,0.4,88.3,1.7,18.5,0.1,17.1,0.2,3.6,,1.7,0.2,62.4,1.3,2.9,0.5,38.4,2.4,19.5,1.8,9.5,1,13.3,1.4,2.1,0.6,9.9,1.2,7.9,1.3,6.2,1,7.8,1.2,22.3,0.8,8.8,1.8,7.6,0.9,33.7,2.3,11.7,1.9,0.1,0.1
"36025","Delaware County, New York","36","025",TRUE,"missing_estimate:",63337,11.0562249555355,3063,27.6,1.4,17.6,1.1,4.4,0.6,1.7,0.5,87.8,1.5,15.9,,26.4,0.1,4.9,,0.8,0.2,53.6,1.6,3.5,0.7,37.6,2.1,17.7,2,11.5,1.6,14.4,1.5,3.2,0.7,10.4,1.4,8.5,1.2,8.6,1.1,12.5,1.6,25.7,1.7,36.1,1.6,12.6,1.3,22.7,1.9,8.6,1.4,0.5,0.3
"36027","Dutchess County, New York","36","027",TRUE,"missing_estimate:",99478,11.5076917931716,2151,41.6,0.9,13.3,0.5,11.7,0.6,5.3,0.4,93.5,0.5,18.4,,19.1,0.1,15.4,,9.2,0.3,62.8,0.6,3.3,0.3,47.2,1.1,16.7,1.1,8.1,0.5,8.3,0.6,1.1,0.2,6.6,0.6,11.1,0.6,5.2,0.4,15.3,0.9,31.2,0.7,5.6,0.4,3.1,0.4,30.8,0.8,7.2,0.6,0.7,0.2
"36029","Erie County, New York","36","029",TRUE,"missing_estimate:",72839,11.1960068050268,1077,38,0.5,13.8,0.3,7.5,0.2,4.1,0.2,90.2,0.4,20.1,0.1,19.3,0.1,6.4,,12.1,0.2,62.4,0.4,3,0.2,44.8,0.6,16.7,0.4,5.8,0.3,11.4,0.4,0.5,0.1,10.4,0.4,10.4,0.4,4.1,0.3,12.9,0.4,21.3,0.3,7.2,0.3,1.5,0.2,34.2,0.6,11.5,0.5,0.5,0.1
"36031","Essex County, New York","36","031",TRUE,"missing_estimate:",71661,11.1797019455481,4292,32.8,2,17.7,1.3,4.1,0.6,1.4,0.3,91.9,1.3,15.4,0.1,26.4,0.2,2.9,,1.9,0.2,55.2,1.2,2.2,0.5,41.6,2.7,19.5,2.3,11.5,1.6,10.1,1.6,1.8,0.6,9.5,1.7,9.1,1.2,10.2,1.4,13.2,2,22.7,1.3,35.9,1.6,5.9,0.8,22.7,1.9,7.4,1.2,0.5,0.4
"36033","Franklin County, New York","36","033",TRUE,"missing_estimate:",65151,11.0844629316294,3697,23.8,1.9,18.2,1.2,3.5,0.8,2.2,0.6,86.4,1.6,19.9,0.1,19.5,0.1,2.9,,3.4,0.2,52.5,1.4,2.1,0.5,35.6,2.5,23,2.1,9.6,1.2,10.7,1.4,2.9,0.6,4.4,1.1,5.8,1.2,7,1.4,6.1,1.3,20.7,1.2,23.5,1.5,11.5,1.1,27.5,2.1,10.6,1.5,0.5,0.3
"36035","Fulton County, New York","36","035",TRUE,"missing_estimate:",66533,11.1054533441588,2501,20.9,1.6,16.5,1.2,2.3,0.5,1.2,0.4,89.1,1.4,20,,20.8,0.1,4.4,,1.4,0.2,59.5,1.4,2.1,0.5,33.5,2.1,19,2.5,10.4,1.4,17.2,1.7,1.4,0.6,9.8,1.3,7.9,1.3,5.1,1.1,6.9,1.2,25.4,1.3,18.9,1.7,8.6,1,28.6,2.3,10.2,1.6,0.2,0.1
"36037","Genesee County, New York","36","037",TRUE,"missing_estimate:",73314,11.2025068655446,2536,23.8,1.4,15.6,1.2,2.7,0.4,1.6,0.5,90,1.4,20.4,,20.3,0.1,4.8,,2.1,0.4,62.3,1.3,2.9,0.5,33.9,1.8,16.9,1.4,13,1.2,16.2,1.6,2.2,0.6,15.1,1.4,5.7,0.9,5.2,1,6.7,0.9,23.5,1.3,5,1.1,5.5,1,26.2,1.8,8.8,1.3,0.2,0.2
"36039","Greene County, New York","36","039",TRUE,"missing_estimate:",77945,11.2637587287468,5126,29.9,1.9,15,1.3,5.2,0.7,2.1,0.5,85.8,2,16.2,0.1,24.1,0.2,6.8,,4.5,0.4,56.1,1.3,2.2,0.5,38.8,2.6,19.6,2,10.8,1.4,12.5,1.8,1.8,0.7,7.2,1.2,11.6,1.4,8.2,1.3,12.8,1.9,28.9,1.4,35.8,1.7,6.8,1,22.8,1.9,7.3,1.6,0.5,0.3
"36041","Hamilton County, New York","36","041",TRUE,"missing_estimate:",68835,11.139467615497,5478,33.2,3.3,15.7,1.4,1.2,0.5,0.1,0.1,90.2,2.3,12.1,0.3,33.8,0.8,2.1,,1.5,1.1,49.3,2.8,2.2,0.9,38.1,4.1,15.4,3.2,14.1,3.6,10.1,2.2,3.3,2.5,3.1,1.1,4.7,1.7,12,4.1,13.8,5.3,22.6,2.5,69.4,1.9,12,1.4,17.6,2.5,3.5,1.5,0.2,0.2
"36043","Herkimer County, New York","36","043",TRUE,"missing_estimate:",68515,11.1348079783803,3647,22.7,1.6,15.8,1,2.9,0.6,1.7,0.5,88.3,1.3,20.4,,22.3,0.3,2.8,,1.2,0.2,58.8,1.5,2.5,0.5,36.3,1.7,18.3,1.7,10.2,1.2,14.6,1.6,2.3,0.5,10.1,1.2,7.1,1.2,7.3,1.4,10.1,1.4,25.7,1.1,20.7,1.1,8.7,0.9,23.4,1.8,9.6,1.3,0.6,0.4
"36045","Jefferson County, New York","36","045",TRUE,"missing_estimate:",66301,11.1019602590165,2730,26.5,1.4,14.9,0.9,4.6,0.6,2.8,0.5,90.8,1.2,24,0.1,15.1,0.1,7.5,,4.3,0.4,64.6,0.9,3.2,0.5,35.4,1.9,20.7,1.7,9.4,0.9,12,1.1,1.7,0.3,6.9,1,7.1,0.8,5.8,1,7.7,0.8,19.5,0.6,23,1,10.1,0.8,45.3,1.6,9.7,1.4,0.5,0.3
"36047","Kings County, New York","36","047",TRUE,"missing_estimate:",80263,11.2930640216422,946,42.1,0.3,11.5,0.2,35.3,0.3,22.9,0.3,89.5,0.3,22.2,,15.5,0.1,19,,26.6,0.2,64.3,0.3,5.1,0.2,48.3,0.4,20.9,0.4,5.2,0.2,8.1,0.2,0.1,0.1,2.8,0.1,16.4,0.3,6.3,0.2,19.1,0.4,41.7,0.2,8.3,0.2,0.2,0.1,70.5,0.4,56.4,0.4,4.9,0.2
"36049","Lewis County, New York","36","049",TRUE,"missing_estimate:",68182,11.1299358793772,3903,18.6,1.6,15.1,1.2,1.4,0.5,1,0.4,86.5,1.6,22.6,0.1,20.5,0.2,1.8,,0.7,0.3,58.8,1.5,3,0.7,34.5,2.7,17.7,2,16.2,1.8,15.1,1.7,6.2,1.3,12.9,1.9,5.1,1,10.3,1.4,7.5,1.5,24.2,1.5,29,1.7,11,1.1,19.8,1.7,5.4,1,0.8,0.5
"36051","Livingston County, New York","36","051",TRUE,"missing_estimate:",74001,11.2118338856085,2171,30.6,1.6,14.7,1,3.1,0.5,2.1,0.5,88.4,1.5,17.8,,20.1,0.1,4.6,,1.9,0.2,56.9,1.5,2.9,0.5,37.2,1.8,17.7,1.6,13.4,1.6,12.9,1.3,3.5,1,11.6,1.1,8.7,1.1,5.1,1,8.6,1.1,25.1,0.8,10.4,1.5,9.9,1.4,23.7,1.6,5.8,1.1,0.2,0.2
"36053","Madison County, New York","36","053",TRUE,"missing_estimate:",75499,11.2318746901163,3230,29.6,1.2,13.3,0.8,2.6,0.3,1.3,0.4,89.3,1.3,18.2,0.1,20.3,0.1,2.6,,1.8,0.2,57.2,1.1,2.4,0.4,42.5,1.5,16.5,1.2,8.9,0.8,12.4,1.2,3,0.5,9.7,0.9,9,0.9,5.9,0.7,10.4,1,23.6,0.7,14.6,1.3,8,0.9,21.7,1.4,6,0.8,0.3,0.1
"36055","Monroe County, New York","36","055",TRUE,"missing_estimate:",76382,11.2435023453018,1188,41.5,0.7,14.6,0.4,7.9,0.3,4.8,0.2,90.4,0.4,20.3,0.1,18.8,0.1,9.9,,13.5,0.2,63.2,0.5,3.1,0.2,48.5,0.6,16.4,0.4,5.5,0.3,10.1,0.4,0.5,0.1,10.3,0.4,13.3,0.4,4.9,0.3,15.6,0.5,19.9,0.3,6.2,0.4,0.9,0.2,36.3,0.6,10.8,0.4,0.6,0.1
"36057","Montgomery County, New York","36","057",TRUE,"missing_estimate:",64943,11.0812652410789,3486,22.9,1.6,16,1.1,2.9,0.6,4.3,0.7,84.6,1.6,23.1,,19.4,0.1,15.4,,2.5,0.3,61.4,1.6,2.9,0.7,35.1,2,16,1.7,10.5,1.2,19.2,1.6,2.9,0.8,11.1,1.3,6.8,1.1,5.5,0.8,9.4,1.4,24,0.9,14.7,1.5,6.6,1,29.6,2,11.4,1.7,0.7,0.5
"36059","Nassau County, New York","36","059",TRUE,"missing_estimate:",146202,11.8927445060948,1472,49.7,0.5,9.4,0.2,23.3,0.3,11.7,0.3,94.8,0.3,21.5,,18.7,0.1,18.7,,10.8,0.2,64.8,0.3,3.1,0.1,51.2,0.5,15,0.3,6.3,0.3,7.4,0.3,0.2,0.1,4.1,0.2,13.7,0.3,4.9,0.2,15.6,0.4,36,0.3,4.4,0.3,0.2,0.1,18.1,0.5,6.8,0.3,1.1,0.2
"36061","New York County, New York","36","061",TRUE,"missing_estimate:",103931,11.551482496397,1490,64.2,0.4,11.9,0.3,28.2,0.4,13.2,0.3,92.4,0.4,13.9,0.1,18.1,0.1,24.4,,12.5,0.2,66.5,0.4,5,0.2,65.6,0.6,12.8,0.5,1.7,0.2,4.2,0.2,0.1,0.1,2.5,0.2,22,0.6,6.7,0.3,25.5,0.6,31.2,0.3,15.7,0.5,0.1,0.1,74.9,0.5,78,0.5,2.6,0.2
"36063","Niagara County, New York","36","063",TRUE,"missing_estimate:",69633,11.1509938718857,2124,28,0.9,15.7,0.8,4.4,0.5,2.1,0.3,89.8,0.7,19.9,,20.7,,4,,6.3,0.4,60.9,0.8,3.6,0.4,37.1,1.1,16.7,0.9,8.9,0.8,15.6,0.9,0.7,0.3,13.6,0.9,9.8,0.7,4.3,0.5,10.6,0.8,22.5,0.5,8.5,0.7,4,0.4,28.8,1,9.9,0.8,0.3,0.1
"36065","Oneida County, New York","36","065",TRUE,"missing_estimate:",70154,11.158448104575,2335,27.8,0.8,15.6,0.6,8.6,0.6,5.3,0.4,88.8,0.7,21.4,0.1,19.8,0.1,7.1,,5.7,0.3,57.9,0.7,2.7,0.4,40.9,1.1,18.6,0.8,6.7,0.6,12.4,0.8,0.9,0.2,9.2,0.8,9.2,0.7,5.1,0.5,10.8,0.7,20.6,0.6,9.7,0.7,5.5,0.5,32.3,1,12,0.7,0.4,0.1
"36067","Onondaga County, New York","36","067",TRUE,"missing_estimate:",76945,11.250846159898,1228,39.2,0.7,14,0.4,7.9,0.4,4.4,0.3,91.6,0.5,20.9,0.1,18.7,0.1,5.9,,10.2,0.3,62.4,0.5,3.2,0.2,48.1,0.8,15.9,0.7,5.6,0.3,10.9,0.5,0.6,0.1,8.3,0.5,11.3,0.5,4.6,0.3,13.1,0.5,20.2,0.4,6.7,0.4,1.1,0.2,34.1,0.8,12,0.5,0.5,0.1
"36069","Ontario County, New York","36","069",TRUE,"missing_estimate:",82324,11.3184179601924,3039,38,1.2,14.8,0.8,4.4,0.5,2.1,0.5,91.3,1,19.2,,22.2,0.1,5.7,,2.1,0.3,60.8,0.8,2.3,0.3,45.3,1.6,15.6,1,9.3,0.9,10.4,0.9,2,0.5,10.8,0.9,10.1,0.9,6.3,0.7,13.6,1.1,22.3,0.7,9.5,1,6.9,0.7,26.3,1.4,6.1,0.6,0.5,0.2
"36071","Orange County, New York","36","071",TRUE,"missing_estimate:",97178,11.4842996273818,2147,32.5,0.9,11.6,0.4,13.7,0.6,13.2,0.6,89.3,0.7,25.6,,14.6,,23.9,,10.5,0.3,63.1,0.7,3.4,0.3,40.3,1.1,17.8,0.8,8.8,0.6,10.8,0.7,0.7,0.2,6.4,0.5,10.1,0.6,4.7,0.4,12.8,0.7,34.1,0.9,7.4,0.6,2,0.3,32.2,1,9.4,0.8,0.8,0.2
"36073","Orleans County, New York","36","073",TRUE,"missing_estimate:",65969,11.0969402136967,3199,17.9,1.6,16,1.2,3.5,0.6,2.9,0.7,87.2,2.1,18.8,0.1,19.9,0.2,5.5,,4.9,0.4,57.1,1.4,2.9,0.7,29.4,2.3,18.4,1.9,14,1.7,18,1.5,4,1.2,15.9,1.8,6.7,1.3,5.8,1.2,10.5,2,26.1,1.3,11.5,1.5,8.7,1.4,22.8,2.2,7.9,1.8,0.2,0.2
"36075","Oswego County, New York","36","075",TRUE,"missing_estimate:",69183,11.1445104466854,2355,21.6,1,16,0.8,2,0.3,0.8,0.2,90.5,0.9,20.6,,18,0.1,3.3,,0.9,0.1,59.6,1,4.2,0.5,34.7,1.4,16.4,1.1,12.3,1.1,16,1.1,1.6,0.5,10.6,0.9,7.6,0.9,7,1,8.3,0.9,25.1,0.7,13.9,1.1,12.8,0.9,26.6,1.4,8.4,0.8,0.6,0.2
"36077","Otsego County, New York","36","077",TRUE,"missing_estimate:",68885,11.1401937264787,3568,34.4,1.6,13.7,0.9,4.1,0.5,1.8,0.4,87.2,1.4,14.9,0.1,21.5,0.1,4.5,,2.2,0.3,55.2,1.5,3.5,0.7,38,1.7,21.5,1.7,9.8,1,11.3,1.2,3.5,0.8,7,0.8,4.8,0.7,7.5,0.9,11.7,1.5,22.9,1.1,22.8,1.6,10.9,1,26.1,2,7.3,1.2,0.6,0.3
"36079","Putnam County, New York","36","079",TRUE,"missing_estimate:",126257,11.7460747911451,5160,45.5,1.6,10.1,0.8,13.9,1,7,0.9,94.8,0.9,19.4,0.1,19.3,0.1,20,,2.8,0.3,64.3,1.1,2.8,0.5,49,1.8,15.8,1.3,9.1,1,7.2,1.1,0.3,0.2,5.1,0.8,13.4,1.2,7,0.9,14.4,1.7,39.3,1,7.6,1.2,0.7,0.2,16.2,1.4,4.6,0.7,0.5,0.4
"36081","Queens County, New York","36","081",TRUE,"missing_estimate:",86136,11.3636827214956,875,36.1,0.4,10.9,0.2,47.6,0.3,28.3,0.3,92.3,0.3,19.5,,17.8,0.1,28.1,,16.3,0.1,63.2,0.3,4.6,0.2,40,0.4,23.1,0.4,7.7,0.2,10.8,0.3,0.1,0.1,3.1,0.2,12.6,0.3,6.4,0.2,12.9,0.3,42.9,0.3,7.6,0.2,0.2,0.1,55.1,0.5,37.4,0.5,4.2,0.2
"36083","Rensselaer County, New York","36","083",TRUE,"missing_estimate:",87915,11.3841257175786,2391,37.6,1.6,14.6,0.9,5.6,0.6,2.8,0.4,91.6,0.9,19.1,0.1,18.3,0.1,6.2,,6.5,0.5,63.6,0.9,3.4,0.4,47.9,1.6,16,0.9,7.2,0.8,10.7,1,0.6,0.3,10.1,0.9,12.6,1,4.5,0.7,14,1,24,0.7,10.5,0.8,2.5,0.4,35.2,1.2,9.8,0.9,0.5,0.2
"36085","Richmond County, New York","36","085",TRUE,"missing_estimate:",98333,11.4961149568176,2070,35.7,0.8,11.1,0.4,25.8,0.7,15,0.4,91.1,0.7,21.6,0.1,17.2,0.1,19.6,,8.8,0.2,59.8,0.6,3.3,0.2,43.3,0.8,20.3,0.9,7.6,0.6,10.2,0.6,0.1,0.1,2.6,0.3,11.6,0.6,4.3,0.4,10.7,0.6,43.1,0.6,7.5,0.5,0.2,0.1,32.3,1.1,15.9,0.8,1.8,0.3
"36087","Rockland County, New York","36","087",TRUE,"missing_estimate:",109959,11.6078628480218,2755,42.7,0.8,9,0.4,22.1,0.8,20.7,0.7,87.8,0.8,29.7,,15.7,0.1,20.6,,10.2,0.2,62.9,0.7,3.5,0.3,48.9,1,16.8,0.9,7,0.5,8.3,0.7,0.3,0.1,5.6,0.5,11.7,0.7,6.5,0.6,13.4,0.8,29.7,0.7,4.7,0.5,0.9,0.2,32.1,1,9.8,0.8,1.4,0.3
"36089","St. Lawrence County, New York","36","089",TRUE,"missing_estimate:",62850,11.0485062140184,2870,25.3,1.2,17.7,0.8,3.7,0.4,2.2,0.5,86.8,1.2,19.9,,18.8,0.1,2.5,,1.9,0.1,53.3,1,2.8,0.4,37.3,1.6,23.2,1.4,9.9,1.1,12.2,1.2,3.1,0.7,8,1,5.7,0.7,7.1,0.9,7.3,0.8,21,0.8,19.8,1,10,0.9,28.1,1.9,10.1,1.1,0.7,0.3
"36091","Saratoga County, New York","36","091",TRUE,"missing_estimate:",100787,11.5207646580483,3028,45.4,1,11.5,0.6,5.5,0.4,1.9,0.3,92.8,0.6,19.1,,20,0.1,3.9,,1.6,0.2,65.2,0.7,2.1,0.3,52.3,1.3,13.4,0.9,6.4,0.5,8.7,0.6,0.5,0.2,10,0.8,12.5,0.7,5.3,0.6,17.3,1,25.5,0.7,9.1,0.7,6.7,0.5,27.7,0.9,4.7,0.5,0.4,0.2
"36093","Schenectady County, New York","36","093",TRUE,"missing_estimate:",79623,11.2850582748196,2743,36.1,1.2,13.1,0.8,10,0.7,3,0.4,89.6,0.9,21.5,0.1,17.9,0.1,8.3,,9.6,0.7,62.9,1,3.6,0.5,46.4,1.6,16.3,1,7,0.8,10.3,0.8,0.6,0.4,7.4,0.7,13.1,1,3.9,0.6,14.3,1,22.8,0.6,6.1,0.7,0.9,0.4,36,1.2,12.4,1.1,0.4,0.2
"36095","Schoharie County, New York","36","095",TRUE,"missing_estimate:",70133,11.1581487183146,3990,26.2,1.9,16.6,1.4,3.1,0.5,1.6,0.6,87.8,1.9,17.2,,23.9,0.2,4,,1.3,0.2,55.4,1.6,2.8,0.6,37.6,2.5,15.4,1.5,12.8,1.6,14,1.5,2.6,0.8,7.6,1.3,9.8,1.5,9,1.6,11.1,1.6,30.6,1.5,22.3,1.5,11.9,1.4,23.6,2,6.6,1.6,0.8,0.3
"36097","Schuyler County, New York","36","097",TRUE,"missing_estimate:",67663,11.1222947806955,4782,26.4,2.3,15.1,1.3,2,0.5,1.4,0.6,88.6,2,18.8,0.3,23,0.2,2.1,,1.1,0.4,57.7,2.2,3.7,0.9,36.3,3.2,20.6,3.1,9.3,1.9,14.4,2.8,2.3,0.7,12.2,1.9,6.2,1.2,9.3,2,9.4,1.8,24.1,1.6,24.6,2.7,17.5,2.4,20.8,2.4,6.8,1.7,0.4,0.4
"36099","Seneca County, New York","36","099",TRUE,"missing_estimate:",68089,11.1285709519248,2709,25.2,1.8,17.1,1.3,3,0.8,2.7,0.7,86.4,2.1,20.3,0.1,21.6,0.2,4.4,,3.5,0.3,56.2,1.4,2.5,0.6,35.9,2.5,18.3,1.9,13.7,1.8,14.1,1.6,4.5,1.1,12.3,1.6,6.1,1.3,6.9,1,8.6,1.6,21.3,1.2,16,1.6,9.9,1.2,29,2.5,8.8,1.8,0.2,0.2
"36101","Steuben County, New York","36","101",TRUE,"missing_estimate:",65887,11.0956964324418,2505,26.3,1,15.6,0.6,3.1,0.4,1.9,0.4,86.9,1.2,21.5,,20.8,0.1,2,,1.6,0.2,58.5,0.9,3.5,0.5,40.5,1.5,15.9,1,10.3,0.8,15.7,1.1,2.3,0.4,17.7,1.3,7.8,1,6.8,0.6,8.7,1,22.2,0.5,17.7,1,12.8,0.9,26.7,1.3,10.1,1,0.5,0.3
"36103","Suffolk County, New York","36","103",TRUE,"missing_estimate:",130686,11.7805527783433,1707,40.2,0.4,10.5,0.2,16.8,0.3,9.7,0.2,93.2,0.3,20.8,0.1,17.9,0.1,22.8,,6.9,0.2,65.5,0.4,3.1,0.2,44.4,0.5,16.4,0.4,8.5,0.3,9.7,0.3,0.4,0.1,6.4,0.2,13.2,0.4,4.4,0.2,12,0.4,31.1,0.3,11.7,0.3,1.3,0.1,17.8,0.5,5.1,0.2,0.9,0.1
"36105","Sullivan County, New York","36","105",TRUE,"missing_estimate:",72382,11.1897129286785,5140,30.1,1.7,15.9,0.9,13,1.1,8.4,0.8,89.4,1.4,21.4,,19.3,0.1,19,,8.4,0.5,58.9,1.4,3.4,0.7,36.7,2,23.2,2,9.7,1.3,11.6,1.2,1.4,0.7,7.2,0.9,9.1,1.1,7.7,1.1,13.2,1.4,28,1.4,37.1,1.6,8.8,0.9,32.6,2.2,8.6,1.4,1.1,0.5
"36107","Tioga County, New York","36","107",TRUE,"missing_estimate:",72739,11.1946329708523,3285,25.3,1.8,16,1.5,2.1,0.4,1.2,0.4,90.3,1.6,20.3,0.1,21.8,0.1,2.4,,1.3,0.2,58.7,1.3,3.2,0.8,38.1,2.2,15.7,1.9,9.6,1.3,16.6,1.9,1.6,0.6,13,1.7,10.5,1.5,6,1.2,10.1,1.3,23,1,7.9,1.4,14.9,1.6,20.9,2.1,7.2,1.5,0.1,0.2
"36109","Tompkins County, New York","36","109",TRUE,"missing_estimate:",74024,11.2121446439289,4332,58.8,1.7,12,0.7,12.9,0.8,4.2,0.5,90.6,1.2,14.1,0.1,16.3,0.1,6.6,,3.6,0.3,58.4,1.3,3.2,0.5,58.1,2.4,14.8,1.4,4.9,0.8,6.8,1.1,1.6,0.5,5.9,1,12.1,1.3,6.4,0.8,20,1.9,20.1,1,9.5,1.2,7.6,0.9,45.9,1.5,14.1,1.7,0.9,0.5
"36111","Ulster County, New York","36","111",TRUE,"missing_estimate:",86271,11.3652487835185,2871,38.2,1.2,14.3,0.7,8.1,0.7,3.3,0.5,92.4,0.8,17.1,,21.3,,12.2,,5.7,0.3,58.1,0.9,3.1,0.5,46,1.2,17.3,1.1,9.5,1,9.6,0.9,1.2,0.4,5.6,0.6,12,0.9,8.4,0.9,17.6,1.1,27.5,0.8,14.1,0.9,5.8,0.7,30.1,1.5,7.3,0.9,0.7,0.2
"36113","Warren County, New York","36","113",TRUE,"missing_estimate:",78442,11.2701147771805,3623,36.4,1.7,16.8,1.2,3.3,0.4,0.8,0.3,90.7,1.2,17.5,,24.3,0.2,3,,1.2,0.2,59.8,1.2,2.6,0.6,43.6,2,17,1.9,8,0.9,11,1.5,1.2,0.4,9.2,1.2,9.8,1.1,6.7,1,9.4,1.1,21.5,0.8,25.3,1.1,4.9,0.6,27.9,1.9,7.8,1.2,0.5,0.3
"36115","Washington County, New York","36","115",TRUE,"missing_estimate:",73495,11.2049726556761,2497,22.4,1.5,15,1.1,3.2,0.8,1.9,0.6,86.2,1.8,18.4,,21.7,0.1,3,,2.2,0.2,58.2,1.2,2.9,0.7,32.8,1.8,18.5,1.8,11.9,1.2,16.4,1.6,2.9,0.9,14.1,1.5,10.3,1.8,6.9,1,8,1.2,26.9,1.1,16.2,1.4,5.2,0.7,23.4,1.9,8.2,1.5,0.3,0.2
"36117","Wayne County, New York","36","117",TRUE,"missing_estimate:",74506,11.2186349380375,2240,25.6,1.4,14.7,0.9,2.9,0.4,2.8,0.8,89.6,1.2,21,,20.8,0.1,5.3,,2.2,0.2,60.6,1.1,2,0.4,38.3,2,16.6,1.3,11.1,1.1,15.4,1.1,4.6,0.9,15.6,1.4,8.7,1.1,5.7,0.9,10.1,1.5,23.8,0.7,9.8,0.9,7.5,0.8,20.1,1.2,7.2,0.9,0.7,0.5
"36119","Westchester County, New York","36","119",TRUE,"missing_estimate:",118976,11.6866770710811,2567,53.1,0.5,10.7,0.2,26.1,0.5,13,0.4,93.7,0.4,21.3,0.1,18.2,0.1,27.4,,12.7,0.2,65.1,0.3,3.9,0.2,53.7,0.8,16.2,0.6,6.5,0.4,6,0.3,0.2,0.1,4.1,0.3,16.1,0.5,6,0.4,19.1,0.5,34.6,0.4,5.4,0.4,0.2,0.1,38.2,0.7,14.3,0.5,2.3,0.2
"36121","Wyoming County, New York","36","121",TRUE,"missing_estimate:",69110,11.1434547170854,3387,18.2,1.3,13.8,1.1,2.7,0.4,1.2,0.3,84.8,1.6,18.5,0.1,20.4,0.3,3.8,,3.7,0.4,55.2,1.3,2,0.5,32.8,2.5,18.3,1.7,15.1,1.7,14.5,1.5,7.4,1.3,12.7,1.3,7.5,1.2,7.1,1.2,7.2,1,25.2,1.2,9.9,1.5,8.9,1.3,24.1,1.8,7.3,1.2,0.4,0.3
"36123","Yates County, New York","36","123",TRUE,"missing_estimate:",69701,11.151969943848,3930,25.5,1.8,11.5,1,1.7,0.5,5.9,1,79.1,2.6,22.2,0.3,22.6,0.3,2.6,,0.8,0.3,54.6,1.7,1.7,0.5,32.5,2.7,16.9,2.4,12.4,1.8,17.4,2.3,7.2,1.4,14.2,2.3,6.2,1.2,16.2,2.7,13.4,2.2,22.3,1.2,28.2,2.1,11.3,1.7,22.8,2.6,14,2.4,0.2,0.2
"37001","Alamance County, North Carolina","37","001",TRUE,"missing_estimate:",65651,11.0921081119074,1854,28.7,1.2,12.3,0.6,9.5,0.5,5.9,0.4,90.2,1,22.2,0.1,17.2,0.1,15.3,,19.6,0.6,63.3,0.9,3.2,0.4,36.8,1.4,16.8,1.2,9.6,0.9,16.3,1.3,0.5,0.2,14.3,1.2,9.1,0.8,4.9,0.6,11.3,0.9,25.9,0.7,9.1,0.8,11.5,0.8,35,1.5,4.7,0.6,0.5,0.2
"37003","Alexander County, North Carolina","37","003",TRUE,"missing_estimate:",65354,11.0875739260545,4962,16.7,2.4,18.8,2.2,3,0.8,1.6,0.7,85.1,2.3,19.6,0.2,21.2,0.5,5.6,,5,0.7,56.3,2.4,2.8,1.3,28.5,3.3,13.1,2.2,11.6,2.4,27,3.2,1.9,1,23.6,3.1,8.3,1.9,7.2,1.9,6.1,1.5,25.6,1.7,12.9,2.2,23.5,2.8,19.3,2.5,3.1,1,0.9,0.6
"37005","Alleghany County, North Carolina","37","005",TRUE,"missing_estimate:",47172,10.7615557752099,4894,23.6,3.6,16.7,2.2,5.1,1.4,3.6,1.7,80.5,3.9,16.4,0.5,30.7,1.1,11.4,,1.6,1.1,47.5,3.3,1.8,1.2,33.3,5,19.5,5.1,14.1,2.9,14,4.3,7.1,2.6,12.6,4.3,11.2,3.7,10.6,3.7,10.6,3.6,26.5,3.7,33.7,3.6,16.5,2.9,25.6,3.5,6,2.5,0.6,0.6
"37007","Anson County, North Carolina","37","007",TRUE,"missing_estimate:",47302,10.7643078568842,5753,9.9,1.8,21.7,1.9,3.3,0.7,2,0.5,85.4,2.8,19.9,0.6,19.7,0.1,4.2,,44.6,2.3,51.5,3.8,2.8,1.1,19.4,3.2,16.7,2.9,12.2,2.5,35,4.3,3.2,1.3,29.6,3.7,5.5,1.9,8,2.3,8.9,2.7,29.4,2,14.1,2.7,26.2,3.6,31.5,4.1,9.4,1.9,0.4,0.4
"37009","Ashe County, North Carolina","37","009",TRUE,"missing_estimate:",56866,10.9484529019735,4577,25.9,3.1,20,1.8,2.8,0.7,2,0.6,85.2,2.2,16.9,0.2,27.2,0.3,6,,0.9,0.3,52.7,2,2.5,1,36.3,3.2,16.2,2.6,12.6,2.2,15.3,2.9,2.3,1,15,2.6,7.7,2,7.9,1.8,9,1.9,25.3,1.7,29.1,2.7,16.3,2.1,20.6,2.9,4.4,1.3,0.1,0.1
"37011","Avery County, North Carolina","37","011",TRUE,"missing_estimate:",61428,11.0256210362456,7429,25,3.1,17.7,2,4.2,0.9,2.1,1,85.2,2.8,14.4,0.4,23.6,0.5,6.1,,3.8,0.7,47.3,2.3,2.3,1,34.2,5.9,18.7,4.1,12,2.7,12.4,3.6,4.1,2,8.5,3.3,8,2.3,8.7,2.7,9.2,2.3,23.7,2.4,52.2,2.6,10.9,2.1,17,3,5.1,1.5,0.7,0.9
"37013","Beaufort County, North Carolina","37","013",TRUE,"missing_estimate:",58357,10.9743345962435,3205,21.2,1.8,17.1,1.2,3.6,0.6,2.7,0.7,87.5,1.9,19.1,0.1,25.6,0.2,7.9,,22.8,0.7,55.2,1.6,2.2,0.6,32.9,3.1,16.8,2.3,13.9,2.3,14.8,2.3,3.3,0.9,14.3,1.9,4.9,1.1,4.1,1.2,8.9,1.8,24.8,1.4,21,1.9,21.7,2.1,30.5,2.2,6.2,1.2,0.4,0.3
"37015","Bertie County, North Carolina","37","015",TRUE,"missing_estimate:",48750,10.794460476426,8791,19,3.2,24.3,3.1,2,0.6,1.9,0.6,71.6,4.6,16.2,0.4,25.3,0.3,2.5,,59.6,0.7,45.7,2.9,2.3,0.9,33.6,3.9,20.8,3.8,10.2,3.9,20,3.8,6.7,3.3,15.2,4.2,11,3,9.5,3.4,4.3,1.9,24.7,2.8,20.5,3.4,31.3,4.6,27.3,4.7,8.7,3.1,0,0.6
"37017","Bladen County, North Carolina","37","017",TRUE,"missing_estimate:",42422,10.6554223745792,6049,19.5,2.1,15.9,1.7,3.8,0.9,3.1,0.9,85.1,3,20.6,,23.5,0.4,9.3,,32.1,0.7,49.5,2.5,2.7,0.9,28.8,3.4,16.2,2.8,15.4,2.2,19.8,2.9,7.8,2.5,11.8,2.4,4.3,1.5,6.6,1.7,8.1,1.8,28.3,2,22.6,2.4,31.6,3.1,30.8,3.1,7.8,2.4,0.9,0.7
"37019","Brunswick County, North Carolina","37","019",TRUE,"missing_estimate:",77024,11.2518723405828,2734,34.7,1.2,15.6,0.9,3.6,0.4,2.1,0.4,93.3,1,14,,33.8,0.1,5.6,,8.3,0.4,49.1,0.9,2.3,0.4,38.4,1.8,17.6,1.3,10.7,1.1,11.3,1.2,0.9,0.4,7.1,0.9,11.9,1,7.2,0.8,14.7,1.3,25.7,0.8,30.2,1.1,17.2,1,15.4,1.2,2.4,0.5,0.3,0.2
"37021","Buncombe County, North Carolina","37","021",TRUE,"missing_estimate:",74436,11.2176949747611,2206,45.9,1.3,14.4,0.7,6.7,0.5,4,0.5,90.3,1,17.8,,21.2,0.1,8.6,,4.8,0.3,59.1,1,2.5,0.4,44.5,1.5,17.4,1.1,8.2,0.8,10,0.7,0.8,0.2,9.5,0.7,12.7,0.8,7.7,0.6,17.6,1.1,21.1,0.5,24.3,1.5,11.9,0.9,33.8,1.4,4.7,0.7,1.1,0.4
"37023","Burke County, North Carolina","37","023",TRUE,"missing_estimate:",58592,10.9783534474742,3527,21,1.4,18.9,1.2,5.3,0.6,3.9,0.5,84.7,1.6,18.4,,21.7,0.2,8.5,,6.1,0.3,57.7,1.3,2.5,0.5,31.5,2,17.6,1.7,9.6,1.4,23.2,2.1,1,0.5,22.8,2,6.6,1,4.7,0.8,5.4,0.8,23.4,1,10,1.2,19,1.6,25.5,1.9,4.8,1,0.4,0.3
"37025","Cabarrus County, North Carolina","37","025",TRUE,"missing_estimate:",89005,11.3964478269115,3534,37.9,1.4,11.2,0.6,10.8,0.7,5.1,0.6,93,0.9,25.2,0.1,13.6,0.1,12.7,,18.7,0.6,68.4,0.8,3.2,0.4,43.1,1.5,13.3,1,8.8,0.8,13.9,1,0.7,0.3,9.5,0.8,12.3,0.9,4.9,0.6,17.2,1.2,27.3,0.6,10.1,1,5.8,0.8,28.8,1.3,4,0.7,1.3,0.4
"37027","Caldwell County, North Carolina","37","027",TRUE,"missing_estimate:",56425,10.9406676016857,2209,18.8,1.5,18.4,1.4,3,0.6,2.1,0.6,86.4,1.7,19.7,0.1,21.4,0.2,6.7,,4.1,0.6,58.4,1.5,2.9,0.8,30.9,2.1,17,1.9,10.3,1.3,21.2,2,0.4,0.2,20.1,2,7.9,1.1,5.8,1.2,7.1,1.4,25.9,1.4,12,1.4,15,1.6,26.5,2.1,4.7,1.2,0.2,0.2
"37029","Camden County, North Carolina","37","029",TRUE,"missing_estimate:",91078,11.419471561219,14321,28.6,5.3,12.9,3.2,1.6,0.8,0.6,0.6,93.1,3.2,23.1,1.1,16.5,0.6,4.2,,9.4,1.3,67.4,3.1,3.6,1.9,48.5,6.7,14,4.5,7.8,3,8.9,3.4,2.8,1.9,6.1,2.3,12.2,4.2,2.2,1.4,11.2,3,28.2,3.1,6.7,3.2,13,4.9,17.9,5.4,1.4,1.6,0,1.1
"37031","Carteret County, North Carolina","37","031",TRUE,"missing_estimate:",72322,11.1888836495509,2766,34.5,1.4,17.5,0.9,2.9,0.4,1.3,0.3,93.4,1,16.8,0.1,27,0.1,4.9,,4.1,0.4,55,1.1,2.2,0.4,41.1,1.6,17.6,1.5,9.7,1,10.9,1.3,1.9,0.5,6.4,1,10.9,1.3,8.8,1.3,12.6,1.3,23.2,1,38.7,1.1,16.5,1.1,25.3,1.6,3.7,0.7,0.3,0.2
"37033","Caswell County, North Carolina","37","033",TRUE,"missing_estimate:",59755,10.998008148301,4753,17.9,2.4,19,2.6,3.2,0.8,2.6,0.9,83.3,3,18.3,0.3,23.1,0.2,5.1,,30.5,0.8,51.2,2.1,2.6,0.9,32.3,3.9,15.6,3.6,14,3.3,20,3.3,2.6,1.6,17.3,3,9,2.5,7.4,2.2,8.5,2,30.6,1.7,16.1,2.9,22.6,3.2,24.8,3.4,6,2,0.1,0.2
"37035","Catawba County, North Carolina","37","035",TRUE,"missing_estimate:",67864,11.1252609814876,2779,26.1,1.1,13.6,0.7,6.9,0.6,4.3,0.5,88.5,1.3,21.6,,18.7,0.1,11.5,,7.7,0.4,60.3,1.1,2.2,0.5,36.1,1.5,13.4,1.3,7.9,1,23.4,1.4,0.4,0.2,26.3,1.5,7.3,0.8,5,0.8,8.2,0.9,23.4,0.9,9.4,1,11.6,1,27.8,1.6,5.2,0.8,0.6,0.3
"37037","Chatham County, North Carolina","37","037",TRUE,"missing_estimate:",94317,11.4544167280896,4141,48.9,1.7,11.3,1.1,10.4,0.7,5.8,0.7,89.1,1.6,19.4,0.1,25.2,0.1,13.6,,10,0.6,58.6,1.3,1.7,0.5,51.4,2.4,13.9,1.9,9.5,1.3,9.2,1.3,1.6,0.6,11.6,1.7,16.9,1.9,7.4,1.2,22.5,2,28.4,1.1,8.1,1.3,11.9,1.7,19.4,2.3,2.6,0.6,0.4,0.3
"37039","Cherokee County, North Carolina","37","039",TRUE,"missing_estimate:",53628,10.8898265987215,3764,24.2,1.8,18,1.5,1.9,0.6,0.7,0.3,83.6,2.7,16,0.1,31.5,0.3,3.7,,1.8,0.2,49.3,2.3,2,0.6,30.2,2.6,18.1,2.1,11,2.7,14.9,2.8,1.7,0.7,10.5,1.8,6.9,1.8,7.2,1.5,10.8,2.8,25.2,1.6,28.1,2.2,19,2.1,16.3,2.7,5.8,1.5,0.5,0.4
"37041","Chowan County, North Carolina","37","041",TRUE,"missing_estimate:",53864,10.8942176302251,6862,25,4,16.2,2.3,2.3,1,1.7,1.2,88.9,3.2,19.2,0.7,26.1,0.3,4,,32.4,1.8,55.9,4.2,2.3,1.1,31,5,22.1,5.5,10.8,4.2,14.8,4.3,2.9,2.8,9.6,3.2,7.8,3.1,7.3,3,8,3.2,27.8,3.6,14.7,3.7,17.5,4.1,29.5,5.1,9.8,3.1,0,0.7
"37043","Clay County, North Carolina","37","043",TRUE,"missing_estimate:",56971,10.9502976454185,8915,31.8,4.5,17.2,2.7,3.4,1.9,1.2,0.8,83.3,5.2,16.1,0.7,32.8,0.4,4.1,,2.2,0.6,45.4,4,1.2,0.8,33.5,6.2,18.9,6.2,14.6,4.5,7.4,3.7,2.5,2.2,5.8,2.9,9.9,3.2,11.7,6.4,8.1,3.6,23.2,3.9,32.2,4.3,15.5,4.1,18.8,4.9,6.4,3.8,0,0.8
"37045","Cleveland County, North Carolina","37","045",TRUE,"missing_estimate:",58534,10.9773630609718,2730,22,1.5,16.8,1,3.1,0.4,1.9,0.3,85,1.6,22.3,,18.8,0.1,4.7,,17.9,1,58.7,1.4,3,0.5,33.2,1.9,15.2,1.4,9.1,1.1,21.6,1.5,1.3,0.6,18.4,1.5,7.8,1.1,4.9,0.8,6.8,1.1,25.3,0.9,12.3,1.3,18.2,1.6,29.1,1.7,5,0.8,0.5,0.3
"37047","Columbus County, North Carolina","37","047",TRUE,"missing_estimate:",49442,10.8085555443878,4924,14.6,1.6,17.5,1.2,3.3,0.5,3.1,0.8,83.1,1.7,20.6,0.1,20.7,0.2,5.6,,28,0.7,50.6,1.6,2.2,0.6,32.8,2.4,19.9,2.5,11.4,2.3,16.9,2.1,2.9,0.9,10.4,2,9.1,1.5,6.4,1.7,5.4,1.2,29.3,1.4,14.9,1.7,30,2.3,28.9,2.3,5.5,1.2,0.6,0.4
"37049","Craven County, North Carolina","37","049",TRUE,"missing_estimate:",65873,11.0954839248515,3115,27.5,1.4,16,0.9,4.1,0.5,2.8,0.5,85.6,1.6,21.3,0.1,20.9,0.1,7.8,,19.5,0.5,58.7,1.2,2.2,0.5,37.6,2.2,20.7,1.8,8.2,1,13.5,1.5,1.1,0.4,10.8,1.5,9.8,1.3,5.4,0.8,7.5,1.1,21.7,0.8,11.7,1.2,12.6,1.4,31.6,1.8,6.3,0.8,0.4,0.2
"37051","Cumberland County, North Carolina","37","051",TRUE,"missing_estimate:",61291,11.023388292222,990,27.8,0.8,16.8,0.5,6.8,0.4,3.4,0.2,91.1,0.6,25.1,,13,0.1,12.7,,36.7,0.4,64.6,0.6,4,0.3,36.8,1,18.9,1,7.2,0.5,15.4,0.8,0.7,0.2,8.6,0.6,10,0.7,5.2,0.4,7.7,0.5,21.6,0.4,9.8,0.4,7.8,0.4,45,0.8,6.8,0.6,1,0.3
"37053","Currituck County, North Carolina","37","053",TRUE,"missing_estimate:",93511,11.4458343554157,8425,30.9,3,12.5,1.4,3.4,0.8,2.4,0.8,91.4,2.2,21.9,0.2,17.9,0.4,5.2,,5,0.5,66.6,1.7,1.9,0.7,38.9,3.9,16,2.5,14.1,2.5,10.3,2.1,0.3,0.2,7.3,1.8,14.1,2,7.2,1.8,9,1.7,35.5,1.7,30.6,1.7,9.3,1.6,12.7,2.5,2.1,0.9,0,0.4
"37055","Dare County, North Carolina","37","055",TRUE,"missing_estimate:",88994,11.3963242307114,5211,43.2,2.6,10.8,1.1,4.7,0.9,2.6,0.8,91.7,2,17.9,,25.2,0.2,7.4,,2.5,0.6,64,1.7,3.8,1,42,2.9,15.2,1.8,12.9,2.6,7.9,1.8,2.2,0.9,5.3,1.3,13.1,2.4,12,2.3,14.2,2,22.4,1.7,52.3,1.9,4.3,1,21.6,2.4,2.7,0.9,0.1,0.2
"37057","Davidson County, North Carolina","37","057",TRUE,"missing_estimate:",64172,11.069322257471,1806,21.7,1.1,15.4,1,5.6,0.5,3.2,0.3,88.4,1.1,21.7,,19,0.1,8.9,,9.1,0.3,59.9,1.2,2.4,0.4,32.2,1.5,14.8,1.3,11.4,1.1,18.7,1.3,0.6,0.2,18.2,1.3,7.8,0.8,6.5,0.8,9.7,0.9,24.3,0.7,8.6,0.8,13.2,1.1,25.6,1.3,3.9,0.6,0.6,0.3
"37059","Davie County, North Carolina","37","059",TRUE,"missing_estimate:",75057,11.2260031038647,2836,27.3,2,17.5,1.6,4.9,0.9,2.5,0.5,91.7,1.5,20.9,0.1,22.2,0.2,8.3,,4.4,0.5,59.4,1.5,2.8,0.8,38.2,3.4,16.4,2.5,9.2,1.6,15.5,2.2,1.6,1.1,18.5,2.4,7.3,1.5,7.1,1.6,8.8,1.7,27.3,1.6,10.6,1.9,16.2,2.1,17.8,1.9,6.1,1.7,0.5,0.4
"37061","Duplin County, North Carolina","37","061",TRUE,"missing_estimate:",55148,10.9177757592915,3396,17.6,1.7,17.2,1.3,12.2,1.2,11.5,1.2,82.8,1.7,23.7,0.1,19.9,0.1,23.3,,22.1,0.9,59.3,1.8,3.1,0.6,28.9,2.6,17.8,1.9,15.4,2,22.7,2.7,6.1,1.4,16.7,2.2,8.8,1.6,6.5,1.4,6.7,1.4,29.3,1.4,12.9,1.8,31.3,2.4,29.7,2.3,5.8,1.2,0.8,0.4
"37063","Durham County, North Carolina","37","063",TRUE,"missing_estimate:",82316,11.3183207784624,1930,55.2,1.2,10.5,0.6,15.4,0.7,8.4,0.6,93.5,0.7,20,,14.5,0.1,15.8,,31.8,0.4,67.7,0.7,2.6,0.3,57.5,1.3,13.6,0.8,6.4,0.6,7.5,0.7,0.4,0.1,7.4,0.5,17.3,0.8,4.6,0.4,22.9,1,22.6,0.6,7.3,0.6,1.2,0.3,44.5,0.9,6.7,0.6,0.8,0.3
"37065","Edgecombe County, North Carolina","37","065",TRUE,"missing_estimate:",51265,10.8447635371042,3893,17.5,1.7,17.8,1.5,3.3,0.5,1.5,0.7,80,2.4,22.9,0.1,20.9,0.1,6.2,,55.5,0.6,58.3,1.8,5.1,1.5,26.2,2.6,20.6,2.4,8.4,1.5,24.7,2.5,2.3,1.2,18.1,2.5,8.7,1.8,4.1,1.1,8.3,1.8,22.5,1.4,15.6,2,20.5,1.7,39.2,2.4,10,1.7,0.8,0.5
"37067","Forsyth County, North Carolina","37","067",TRUE,"missing_estimate:",67165,11.1149075574971,1465,38.5,0.9,12.7,0.4,9.7,0.4,5.9,0.5,90.2,0.7,22.7,0.1,17,0.1,15.1,,24.6,0.3,62.2,0.6,3.1,0.3,44,1.1,15.1,0.9,7.6,0.6,14,0.8,0.4,0.1,12.6,0.8,10.9,0.8,5,0.4,14.5,0.7,22.7,0.6,8.9,0.7,3.3,0.4,36.4,0.8,6.2,0.5,0.8,0.2
"37069","Franklin County, North Carolina","37","069",TRUE,"missing_estimate:",74240,11.2150583674601,3647,27,1.8,16,1,6,0.7,4,0.7,89,1.7,21.8,,17.5,0.2,11.2,,22.5,0.8,61.8,1.4,2.8,0.6,40.3,2.3,13,1.8,12.7,1.5,14,1.7,1.5,0.6,10.6,1.5,11.6,1.5,5.5,1.1,12.5,1.7,33.3,1.3,10.2,1.7,23.5,2,21.4,2.1,3.8,1,0.3,0.3
"37071","Gaston County, North Carolina","37","071",TRUE,"missing_estimate:",67478,11.1195568978093,1710,26.5,0.7,14.5,0.5,6.4,0.4,4.1,0.4,89,0.9,22.4,0.1,16.5,0.1,9.9,,17.1,0.4,62.6,0.8,3,0.4,36.5,1.1,15.1,1,9.8,0.7,17.9,1.1,0.4,0.2,13.5,0.8,10.8,0.7,4.7,0.6,12.4,0.8,27,0.5,8,0.7,8.6,0.6,33.2,1.1,5.1,0.6,0.7,0.2
"37073","Gates County, North Carolina","37","073",TRUE,"missing_estimate:",66333,11.1024427899003,9431,10.9,2.6,17.7,3.1,1.4,0.8,0.3,0.4,76.8,4.1,19.2,0.3,22.7,0.3,2.2,,31,1.1,55.8,3.8,3.2,1.8,24.1,4.4,17.6,4,20.3,3.4,13.7,4.3,2.5,1.9,14.5,4.6,9.3,3.4,6.8,2.8,4.5,1.8,41.7,4.1,13.2,3.8,37.7,5,19.1,4.5,2.3,1.8,0,1
"37075","Graham County, North Carolina","37","075",TRUE,"missing_estimate:",49684,10.8134382286641,4545,17.6,3.6,18.5,3.6,1.9,0.8,1.6,0.6,83.4,4,19.1,0.2,25.5,0.9,3,,0.4,1,50.9,4.4,3.6,1.8,31.3,7.3,31.1,6.6,19.9,4.7,7.2,3.9,2.3,2,3.9,2.8,9.1,4.6,15,6.1,2.2,1.5,24.8,4.2,32.7,3.8,25.7,4.5,19.3,4.5,10.6,3.6,0.5,0.7
"37077","Granville County, North Carolina","37","077",TRUE,"missing_estimate:",71111,11.1719973154984,4675,25.2,1.9,16.9,1.4,5.7,0.6,3.8,0.6,88.1,1.7,20.7,,17.7,0.2,11.1,,28.8,0.6,54.2,2.2,2.5,0.6,39.8,2.8,14.8,1.9,10.5,1.4,13.9,1.6,0.7,0.3,12.1,1.5,11.3,1.5,4.9,1.1,13.9,1.8,30.8,1.2,9.3,1.8,19,2.1,22.9,2.2,3.6,0.9,0.2,0.2
"37079","Greene County, North Carolina","37","079",TRUE,"missing_estimate:",53244,10.8826404011669,3063,12.2,2,20.9,2.3,6.6,0.7,5.9,0.8,82.3,3,18.9,,17.3,0.3,15.5,,31.5,1.9,51.4,2.8,2.9,1,27.4,3.8,18.5,3.4,15.8,2.9,22.9,3.5,7.1,1.9,15.3,2.9,6.6,2.3,7.2,2.2,4.9,2.3,25.9,2.1,12.9,2.5,36.9,3.6,33.5,4.5,5.8,2,0.7,0.7
"37081","Guilford County, North Carolina","37","081",TRUE,"missing_estimate:",68642,11.1366598712665,1579,39,0.7,12.3,0.4,11.8,0.5,6.7,0.4,91.2,0.7,22,0.1,15.9,0.1,10.1,,33.5,0.4,64.1,0.6,2.9,0.3,40.3,1,16.6,0.7,6.5,0.5,15.1,0.6,0.4,0.1,13,0.7,10.6,0.6,4.8,0.4,13.9,0.7,22,0.4,7.7,0.5,2.9,0.3,40.1,0.8,6.7,0.6,0.8,0.2
"37083","Halifax County, North Carolina","37","083",TRUE,"missing_estimate:",45590,10.7274436732075,2970,16.1,1.5,21.6,1.6,2.7,0.6,1.4,0.3,75.4,2.2,21.2,0.1,22.1,0.2,3.4,,51.5,0.8,51.9,1.8,4.8,0.8,28.4,2.9,19.1,2.6,8.1,1.5,24.3,2.8,1.3,0.6,18.9,2.8,9.2,1.9,7.1,1.6,8.4,1.8,25.6,1.7,18,1.7,25.9,1.8,37.1,2.1,9.1,1.5,0.5,0.4
"37085","Harnett County, North Carolina","37","085",TRUE,"missing_estimate:",71287,11.1744692615878,2853,24.5,1.1,16,0.8,6.5,0.6,4,0.5,85.2,1.4,25.4,0.1,13.7,0.1,15.1,,19.8,0.6,59.8,0.9,2.6,0.4,36,1.6,16.3,1.3,11.9,1.2,16,1.3,1.1,0.4,11.8,1.2,10.5,1.1,5.9,0.7,8.8,0.9,32.8,0.8,9.2,0.9,18,1.5,29,1.6,3.9,0.8,0.5,0.3
"37087","Haywood County, North Carolina","37","087",TRUE,"missing_estimate:",61912,11.0334693009503,2423,29.5,2,17.3,1.2,2.8,0.5,1.2,0.3,84.4,2.1,17.6,,25.7,0.2,5,,0.9,0.3,56,1.7,1.7,0.5,37.9,2.9,19.8,2.4,8.6,1.4,14.8,1.8,1.2,0.6,12.2,1.7,11.4,1.9,6.8,1.4,9.2,1.5,23.8,1.2,23.7,1.8,17.1,1.6,25.1,2.1,4,0.9,0.3,0.2
"37089","Henderson County, North Carolina","37","089",TRUE,"missing_estimate:",68187,11.1300092098263,3678,36.5,1.5,15.1,0.9,8.3,0.6,5.9,0.7,90,1.2,18.7,,26.5,0.1,13.1,,2.6,0.2,57.2,1.1,2,0.4,38.1,1.9,19,1.7,10.1,1.4,13.5,1.6,1.3,0.4,11.8,1.5,9.8,1.3,8.1,1.1,10.4,1.2,22.5,0.7,12,1.2,15.2,1.4,25,1.5,3.5,0.7,0.3,0.2
"37091","Hertford County, North Carolina","37","091",TRUE,"missing_estimate:",45537,10.726280461295,2991,16.6,1.9,20,1.7,4,1,3,0.8,82.8,2.7,19.3,0.1,22.8,0.4,6.4,,55.6,0.8,51.3,1.7,3,0.7,29,2.8,20,3,8.7,2.3,23.9,3.1,3.6,1.1,16.2,2.8,6.7,2.2,4.1,1.6,4.3,1.4,26.5,1.8,15.6,2.2,22.7,2.8,32.6,3,7.9,1.6,0.2,0.2
"37093","Hoke County, North Carolina","37","093",TRUE,"missing_estimate:",64912,11.0807877854462,2386,23.5,1.4,17.4,1.2,6.5,0.8,4.8,0.7,90,1.4,26.9,,11.7,0.2,15.6,,32.1,1.1,60,1.6,3.5,0.7,35.7,2.8,17.9,2.2,8.2,1.6,17.7,1.9,1.3,0.6,11.9,1.4,10.9,1.6,4.4,1,7.7,1.4,28.8,1.2,7.9,1,20.6,2,27,2.2,4.8,1.1,0.8,0.4
"37095","Hyde County, North Carolina","37","095",TRUE,"missing_estimate:",53713,10.89141033686,12155,14.7,4.9,19.3,5.6,3.9,3,4.7,3.3,72,9.1,18,2.6,19.6,4.3,10.1,3.7,24.2,4.5,45.1,8.5,1.1,0.9,36.6,10.8,15.5,6.5,10.4,5.1,9.9,5.2,15.8,8,4.1,2.7,2,2.2,10.7,7.6,0.8,1.4,30.5,7.2,34.3,6.1,22.3,7,28.1,9.7,11.1,6.5,0,2.2
"37097","Iredell County, North Carolina","37","097",TRUE,"missing_estimate:",81419,11.307363939987,2620,34.1,1.3,12.3,0.7,7.2,0.5,4.2,0.6,93.6,0.8,22.3,,16.8,0.1,9.3,,11.1,0.4,64.8,1.1,2.7,0.4,38.4,1.4,14.3,0.9,8.9,0.7,16,1.1,1,0.4,15.7,0.9,10.9,0.9,5.9,0.8,14.6,1.1,25.1,0.6,9.3,0.8,12,0.9,28.1,1.1,3.7,0.6,0.3,0.2
"37099","Jackson County, North Carolina","37","099",TRUE,"missing_estimate:",55815,10.9297979294488,5024,31.1,2.4,14,1.6,4.5,0.8,3.1,0.9,78.9,2.5,16.4,0.3,20.2,0.3,8,,2.1,0.4,55.8,2.2,2.7,0.8,31,3.3,29.9,3.1,10.8,2.2,9.3,1.8,1.2,0.7,3.9,1.4,10.4,2,6.3,1.5,7.8,2.1,20.2,1.3,33.7,2.2,15.2,1.9,39.2,3,3.1,1,0.8,0.9
"37101","Johnston County, North Carolina","37","101",TRUE,"missing_estimate:",83384,11.3312117234192,2239,28.9,1.2,13,0.9,8.3,0.5,5.6,0.5,89.4,1.1,24.9,0.1,13.7,0.1,16.8,,16.7,0.3,66.2,0.9,2.5,0.4,40.1,1.3,15.2,0.8,12.8,0.8,12.2,1,0.9,0.2,10.5,1,11.7,0.9,5.5,0.8,14.7,1.2,32.2,0.7,6.2,0.8,12.9,1,23.9,1.4,3.7,0.6,0.6,0.3
"37103","Jones County, North Carolina","37","103",TRUE,"missing_estimate:",59641,10.9960985360084,6422,19.8,3.3,20.7,2.6,3,1.3,1,0.6,79.7,3.9,18.5,0.3,24.2,0.2,5.1,,26.6,1.8,54.8,2.6,2.4,0.9,31.6,4.3,19.1,3.8,12.6,3.5,15.9,3.6,2.1,1.2,13.7,3.6,5.2,2.2,6.5,2.6,4,2,28.1,1.7,12.2,3.1,30.5,4.2,20.6,4.1,6.6,2.3,0.3,0.4
"37105","Lee County, North Carolina","37","105",TRUE,"missing_estimate:",65387,11.0880787409282,3096,21.3,1.8,16.4,1.3,9.9,1.1,8.3,1,78.1,2.5,23.7,,17.1,0.1,21.7,,17.2,0.7,60.8,1.6,2.3,0.6,32.9,2.5,16.6,2,11.2,1.6,20.7,2.3,0.8,0.3,18.6,2.2,10,1.4,5.9,1.1,6.7,1.2,25.8,1.3,7.4,1.5,14.7,1.7,32.7,2.7,3.9,1,1,0.5
"37107","Lenoir County, North Carolina","37","107",TRUE,"missing_estimate:",45143,10.7175905080657,2547,16.3,1.4,23.5,1.7,4.4,0.7,3.1,0.5,81.3,2.2,22.6,0.1,21.5,0.2,8.8,,39.2,0.9,56.3,1.7,5.1,0.9,31.1,2.6,19.7,2.5,12.9,1.8,19.5,2.5,2.8,1.1,16.8,2,5.3,1,5,1.1,3.4,1,24.3,1.5,13.1,1.8,21.3,1.8,40.8,2.8,9.1,1.3,1,0.7
"37109","Lincoln County, North Carolina","37","109",TRUE,"missing_estimate:",80016,11.2899818936587,4599,28.3,2.3,14.9,1,5.5,0.7,3.4,0.5,91.1,1.4,20.6,,19.5,0.1,8.1,,5.9,0.3,60.9,1.3,2,0.4,40.3,2.3,13.4,1.3,10.2,1.2,15.7,1.6,1.2,0.6,16.1,1.6,11,1.3,6.7,1.4,14.3,1.8,29.3,1.2,6.8,1.3,14.9,1.7,21.1,1.9,3.3,0.7,1,0.8
"37111","McDowell County, North Carolina","37","111",TRUE,"missing_estimate:",57168,10.9537495802632,4181,18.1,1.5,17.8,1.5,3.2,0.5,2.2,0.6,83.6,2.6,19.4,,21,0.2,7.1,,3.8,0.3,54.5,1.8,2.2,0.7,31.6,3.1,16.1,2.2,11.9,1.9,25.3,3.1,2.4,1,23,2.6,6.1,1.5,5.7,1.5,6,1.6,24.7,1,13.6,2.1,24.5,2.3,24.4,2.6,6.2,1.5,0.8,0.5
"37113","Macon County, North Carolina","37","113",TRUE,"missing_estimate:",59061,10.9863260870882,6098,27.9,2.9,15.4,1.5,5.9,1,3.3,0.7,83.3,2.4,17.7,0.2,29.2,0.4,10,,1.4,0.5,53.3,2.2,1.5,0.7,34.8,3.4,19.7,2.9,13.6,2.5,9.2,2.5,1,0.5,4.5,1.4,10.4,2.1,9.5,2.2,9.4,2.4,22.6,1.7,32.4,2.5,14.8,1.9,22.4,3.4,6.1,1.7,0.5,0.4
"37115","Madison County, North Carolina","37","115",TRUE,"missing_estimate:",58531,10.9773118073947,4714,32.2,3.2,18.1,1.9,1.3,0.5,0.5,0.3,83.3,3,17.3,0.3,23.2,0.3,3.6,,1.1,0.3,55.5,2.5,1.7,1,34.7,3.5,21.2,3.4,13.8,3.2,14.7,2.7,2,1.4,6.6,2.5,8.4,2,7.5,2,10.7,2,32.7,3.6,26.5,2.6,21.4,2.9,22.5,2.8,4.5,1.7,1.1,0.8
"37117","Martin County, North Carolina","37","117",TRUE,"missing_estimate:",48578,10.7909260325033,4615,16.7,2.2,19.7,2.2,1.7,0.7,1.3,0.4,83.5,2.8,20.3,0.2,25.6,0.4,4.4,,40.1,1,56.7,2.5,3.5,1.1,32.8,3.7,18.8,3.2,8.7,2.3,19.2,3.1,3.8,1.5,17.5,3.5,3.5,1.6,4.7,1.8,5.5,2.2,26.2,2,14.1,2.3,22.4,2.8,33.2,3.4,8.6,2.3,0,0.4
"37119","Mecklenburg County, North Carolina","37","119",TRUE,"missing_estimate:",87005,11.3737208672497,1162,49.2,0.5,8.9,0.3,17.3,0.4,10.3,0.3,94.1,0.3,22.8,,11.9,0.1,16,,29.7,0.3,72,0.3,3.1,0.2,48.8,0.6,13,0.5,6.8,0.3,11.4,0.4,0.3,0.1,7.7,0.3,16.1,0.4,5.3,0.3,28.5,0.6,25.1,0.3,7.3,0.3,1.4,0.2,44.9,0.6,5.8,0.3,0.8,0.1
"37121","Mitchell County, North Carolina","37","121",TRUE,"missing_estimate:",57602,10.9613125683034,5146,24.2,3.3,18.9,2.2,2.4,0.9,1.8,0.8,82.4,3.2,17.6,0.3,26,0.4,5.6,,0.9,0.4,56.2,2.9,3.6,1.4,37.8,4.5,16.3,4.4,13.6,3.1,17.8,4.4,6.9,3,13.5,3.6,7.8,2.8,7.6,2.8,7.2,2.5,24.4,2.2,24.3,3.3,15.4,2.9,23.7,3.7,8.1,2.5,0,0.1
"37123","Montgomery County, North Carolina","37","123",TRUE,"missing_estimate:",57766,10.9641556462881,3070,19.2,2.4,19.7,1.5,7.9,1.2,5.9,1.1,82.7,2.9,20.4,0.2,22.3,0.3,15.8,,16,0.9,53.2,2,1.5,0.6,29.4,3.2,18.1,3,13.3,2.4,19.9,3.1,4.6,1.7,19.1,3.3,4,1.1,8,2,5.9,1.7,27.1,1.9,29,3.1,29.4,3,25,3,4.8,1.5,0.4,0.4
"37125","Moore County, North Carolina","37","125",TRUE,"missing_estimate:",86080,11.3630323753956,3381,41,1.2,15,0.9,5.1,0.6,2.9,0.5,90.9,1.1,21.7,,24.1,0.2,7.8,,8.9,0.7,57.2,1.1,2.6,0.4,41.9,2,19.5,1.7,8.5,1,11,1.3,1.9,0.6,9,1.2,9.5,1.1,8.1,1.1,12.2,1.2,26.6,1,12.5,1.3,10.9,1.1,23.6,1.6,4.2,0.7,0.7,0.4
"37127","Nash County, North Carolina","37","127",TRUE,"missing_estimate:",62426,11.0417371342427,2990,22.1,1.4,14.4,1.1,4,0.4,2,0.4,84.7,1.8,22,,19.4,0.2,8.2,,40.1,0.7,59.5,1.2,2.9,0.6,32.6,1.9,16.4,1.5,8.7,1,21.5,1.7,1.3,0.4,18.5,1.7,7.8,1,4.9,0.9,10.6,1.3,23.7,0.9,11.4,1.2,15.4,1.5,36.4,1.8,6.9,1.3,1.5,1.2
"37129","New Hanover County, North Carolina","37","129",TRUE,"missing_estimate:",75166,11.2274542800378,2054,45.4,1.2,12.1,0.6,5.9,0.4,3.3,0.4,93.3,0.8,17.9,0.1,19,0.1,7.9,,10.7,0.4,65.7,0.9,2.9,0.4,46,1.6,17.4,1.2,7.6,0.8,8,0.8,0.4,0.2,6.8,0.7,15.6,0.9,8.5,1,19.4,1.1,20.6,0.6,12.7,0.9,2.7,0.4,38.6,1.2,5.6,0.8,0.3,0.1
"37131","Northampton County, North Carolina","37","131",TRUE,"missing_estimate:",50086,10.8214968069042,3007,17.9,1.9,23.1,2.2,1.3,0.6,0.7,0.4,74.3,2.7,17.7,0.1,29.6,0.2,2.4,,54.4,0.7,52.3,2.2,4.2,1.3,31.2,3.5,17.4,3.2,7.5,1.9,22.2,3.1,3.5,1,19.8,3.5,5.8,1.8,7.4,2.3,5.9,1.8,29.9,2.3,26.2,2.3,29.6,2.9,25.4,2.5,7,1.6,0.2,0.2
"37133","Onslow County, North Carolina","37","133",TRUE,"missing_estimate:",68148,11.1294370896654,2456,26,1.3,17.1,0.9,4.2,0.4,2.5,0.4,92.8,1.1,24.8,0.1,10.2,0.1,14,,11.5,0.6,70,1,2.5,0.4,34.9,1.8,17.9,1.6,11.4,1.2,11.9,1.3,0.6,0.2,5.1,0.8,11,1.1,6.4,1,12.8,1,22.4,0.7,13.8,0.9,11.5,1.2,36.3,1.4,4.3,0.7,0.6,0.3
"37135","Orange County, North Carolina","37","135",TRUE,"missing_estimate:",90089,11.4085533495728,2394,61.8,1.3,9.1,0.5,12.9,0.7,5.7,0.6,94,0.8,18.9,,16.1,0.1,10.6,,10.1,0.4,61.8,0.9,2.2,0.4,60.7,1.3,14.2,1.1,6,0.7,5.7,0.8,0.6,0.2,5.5,0.7,16.1,1.3,6.7,0.7,26.8,1.4,23.6,0.8,8.8,1.1,5.2,0.7,36.2,1.3,4.9,0.6,0.4,0.2
"37137","Pamlico County, North Carolina","37","137",TRUE,"missing_estimate:",59717,10.997372015964,4799,25.4,3.1,21.2,2.8,2.9,0.8,1.1,0.5,87.4,2.6,14.2,0.2,30.6,0.4,4.8,,16.1,1.4,43,2.3,2.2,0.7,31.3,4.5,17.7,3.4,14.8,3.4,16.8,4.4,6.5,2.5,9.8,2.7,10.4,3.1,7.4,2.5,11.1,2.8,26.5,2.7,25.5,3.1,25,3.1,17.1,3,3.5,1.2,0.1,0.1
"37139","Pasquotank County, North Carolina","37","139",TRUE,"missing_estimate:",66589,11.106294677722,7087,27.6,2.5,14.9,1.6,2.6,0.9,1.2,0.7,91.7,1.7,21.4,0.3,18.6,0.1,6,,34.2,1,59,1.7,3.4,1,35.4,3.3,18.3,2.9,10.2,2.1,12.9,2.1,1.8,0.7,8.4,1.7,10,2.3,7.1,1.9,9.9,3.3,28,1.9,10.9,2.1,12.2,2.1,32.5,2.7,5.7,1.3,0.4,0.5
"37141","Pender County, North Carolina","37","141",TRUE,"missing_estimate:",80396,11.2947197026856,3889,30.6,2.3,15.3,1.3,4.2,0.8,2.7,0.6,88.6,1.7,22.4,,18.2,0.2,8.8,,12.1,0.6,60.9,1.2,2.9,0.7,39.1,2.5,14.8,1.7,13.4,1.9,12.5,1.5,1.8,0.6,7.7,1,11.5,1.6,7.3,1.3,13.2,1.7,30.1,1.4,20.6,1.6,21.1,2,17.3,2.3,3.2,0.9,0.3,0.2
"37143","Perquimans County, North Carolina","37","143",TRUE,"missing_estimate:",67917,11.1260416503984,7998,21.7,3.6,20.6,2.7,2.2,0.7,0.6,0.4,85.1,3.5,18.4,0.3,28.9,0.7,3.2,,21.3,0.7,51.5,3.1,1.8,0.7,34.8,5,18.2,4,15.6,3.3,11.6,3.8,1.8,0.9,8.9,3.4,5.7,2.2,9.5,3,7.2,3,32,2.4,19.4,3.2,22.9,3.6,23.5,4.4,5.8,1.9,0.4,0.5
"37145","Person County, North Carolina","37","145",TRUE,"missing_estimate:",63300,11.0556406081323,6412,19.3,2.4,18.9,2.2,3.1,0.6,2.1,0.7,88.6,2,20.6,0.1,21.3,0.2,6.3,,25.8,0.8,60.2,2.3,3.4,1.2,38.9,3.1,17,2.6,10,1.9,15.4,2.8,1.7,0.9,14.1,2.4,9.4,2.2,4,1.3,12.9,2.8,30.9,1.8,13.6,2.5,18.4,3,22.7,2.6,4.9,1.8,0.2,0.2
"37147","Pitt County, North Carolina","37","147",TRUE,"missing_estimate:",58188,10.9714344268934,2075,33.8,1.3,14.9,0.9,5.8,0.5,3.2,0.4,88.5,1.1,21,,14.5,0.1,7.9,,34.7,0.5,62.8,1.1,4.9,0.6,42.4,1.7,17.5,1.3,6.9,0.8,14.1,1.5,0.7,0.2,10.1,1,7.7,0.8,4.7,0.8,11.9,1.4,22.1,0.8,9.8,1,10.2,1,48.6,1.6,9,1,0.4,0.2
"37149","Polk County, North Carolina","37","149",TRUE,"missing_estimate:",67758,11.1236978129517,6109,36.2,2.8,17.1,2.2,4.5,0.9,1.7,0.5,84.8,2.4,15.3,0.2,32.6,0.3,5.6,,4.4,0.5,53.8,2.2,2.7,0.8,35.4,4.1,21.5,2.8,12.9,2.3,8.3,1.9,4.3,1.6,8.9,2.2,11.1,2.4,10.2,2.5,15.8,3.3,28.4,2.1,18.7,2.5,10.6,1.9,23.1,3.3,4,1.3,0.6,0.6
"37151","Randolph County, North Carolina","37","151",TRUE,"missing_estimate:",61022,11.0189897338725,2939,17.9,1.2,15.8,1,6.6,0.5,5.1,0.5,87.1,1.2,22.2,,18.4,0.1,14,,6,0.3,60.5,1.2,2.1,0.3,31.8,1.6,14.5,1.2,11.1,0.9,22.5,1.7,1.5,0.5,21.7,1.4,7.3,0.9,6,0.9,7.2,0.9,25.3,0.9,8.2,0.9,18.2,1.4,27.5,1.6,3.7,0.6,0.7,0.3
"37153","Richmond County, North Carolina","37","153",TRUE,"missing_estimate:",44883,10.7118143828823,5326,16,2,17.1,1.5,4.1,0.6,3.6,0.8,87.4,2.2,23.5,0.2,18.1,0.3,7.8,,31.2,0.7,57.3,2.7,5.6,1.4,31.4,3.6,16.5,2.7,11.2,2.4,20.8,3.3,4.3,1.8,15.1,3,5.6,1.4,3.8,1.2,4.4,1.4,24.1,1.6,14.4,2.4,19.7,2.3,34.1,3.6,10.7,2.3,1.7,0.9
"37155","Robeson County, North Carolina","37","155",TRUE,"missing_estimate:",41978,10.6449009505056,1323,14.7,0.8,18.4,0.6,5.5,0.5,4.3,0.4,77.6,1.2,25.8,,16,0.1,10.9,,23.2,0.2,50.9,1,3,0.4,27.4,1.3,18.1,1.2,13.8,1,21.4,1.1,2.1,0.4,16.3,1.1,7.1,0.9,4.9,0.6,4.2,0.7,25.3,0.7,12.2,0.7,37.5,1.2,34.2,1.3,7.9,0.7,1.6,0.3
"37157","Rockingham County, North Carolina","37","157",TRUE,"missing_estimate:",57053,10.951735939359,2844,17,1.2,18,1.1,3.3,0.5,2.4,0.4,85,1.6,20.3,0.1,21.1,0.1,7.2,,17.3,0.7,56.6,1.5,3.3,0.7,31.1,2.6,16.1,1.9,13.5,1.3,21.8,1.7,0.6,0.3,21,1.8,8.8,1.5,5.6,1,7,1.2,27,1.1,9.7,1.2,16.4,1.5,27.9,1.7,6.7,1.2,1.3,0.6
"37159","Rowan County, North Carolina","37","159",TRUE,"missing_estimate:",65725,11.0932346495981,2025,23.3,1.5,15.4,1.1,6.3,0.6,4.5,0.5,90.2,1,22.2,0.1,17.7,0.1,11.9,,15.5,0.4,60,1.1,3.2,0.6,34,1.9,15.4,1.5,11.7,1.1,19.2,1.7,1.1,0.5,14.8,1.4,10.3,1.2,4.8,0.7,8.4,0.9,26.2,0.9,9.4,1.1,15.4,1.4,27.7,1.8,6.5,1.1,0.4,0.4
"37161","Rutherford County, North Carolina","37","161",TRUE,"missing_estimate:",51410,10.8475879850496,2731,21.5,1.8,21.2,1.9,3.1,0.4,1.9,0.6,82.9,2.2,20.1,,22.3,0.1,5.7,,7.7,0.7,54.9,1.9,3.5,0.7,32.2,2.3,22.3,2.3,11.3,1.3,16.9,1.8,1.3,0.6,15.6,1.8,11.1,1.9,7.3,1.5,8.6,1.4,26.1,0.9,18.7,1.2,17.5,1.9,26.1,2.1,5.1,1.1,0.8,0.5
"37163","Sampson County, North Carolina","37","163",TRUE,"missing_estimate:",52432,10.8672723709386,4188,16.2,1.3,15.7,1.3,10.6,1,9.3,1.3,84.7,1.5,24.5,,18.1,0.1,22,,24,0.5,56.4,1.8,2.9,0.8,31.6,2.9,15.9,1.8,14.8,1.9,19.7,2,8.5,1.5,13.2,1.8,5.4,1.4,4.2,0.8,4.9,1.1,26.5,1.1,16.4,1.7,32.4,2,26.2,2.4,4.8,0.9,1.3,0.5
"37165","Scotland County, North Carolina","37","165",TRUE,"missing_estimate:",45730,10.7305098166521,3850,16.6,1.6,18.4,1.4,3.5,0.6,2.1,0.7,87.3,1.8,23.2,0.2,18.4,0.1,4,,37,1,52.9,1.6,5.8,0.8,28,2.2,19.6,2,8.8,1.3,23,2.3,2.6,0.7,18,2.3,6,1.3,5.8,1.6,5.6,1.5,25.1,2.1,12.9,1.3,27.2,1.9,38.2,2.1,10.8,1.7,4.5,1
"37167","Stanly County, North Carolina","37","167",TRUE,"missing_estimate:",60704,11.0137648727347,3835,19.9,2,17.5,1.3,4.4,0.6,2.6,0.6,88.4,1.7,21.7,,19.1,0.2,5.7,,11.2,0.5,58.4,1.3,2.4,0.5,32.6,2.2,16.3,1.6,12.6,1.6,19.1,1.9,1.5,0.6,16.2,1.6,8.8,1.3,5.6,1,9.8,1.5,28.1,1.1,11.8,1.3,11.5,1.3,25.5,1.9,5.5,1.2,0.5,0.3
"37169","Stokes County, North Carolina","37","169",TRUE,"missing_estimate:",62969,11.0503978207786,2276,18.2,2,20.1,1.9,1.5,0.5,0.9,0.4,86.7,2.5,18.6,0.1,23.1,0.5,3.8,,3.7,0.5,54.9,2,1.7,0.6,32.6,2.8,15.2,2.2,13.1,2.1,21.1,3.3,0.8,0.4,18.4,2.8,8.6,1.9,6.5,1.6,7.7,1.7,31.6,2.1,9.1,1.5,24.7,2.4,20.8,2.6,4.5,1.2,0.3,0.3
"37171","Surry County, North Carolina","37","171",TRUE,"missing_estimate:",55656,10.9269451676035,3280,20.4,1.2,19.1,1.3,6.1,0.9,4.8,0.8,86,1.4,21.1,0.1,20.6,0.1,12.5,,3.6,0.3,57.1,1.5,2.5,0.6,32.1,1.6,15.2,1.4,11.1,1.3,19.8,1.7,3.1,0.8,18.6,1.6,8.6,1.2,7.3,1.1,6.7,0.9,24.3,1,11.5,1.2,23,1.9,26.6,2.1,4.8,0.8,0.5,0.2
"37173","Swain County, North Carolina","37","173",TRUE,"missing_estimate:",52349,10.8656881139195,5811,21.4,2.6,15.7,2.2,2.8,1,1.6,1,77.3,3.4,20.8,0.2,19.9,0.4,5.5,,2.6,0.5,57,2.9,4.3,1.6,31.4,4.4,29.9,5.4,14.7,3.6,5.3,2.7,2.3,1.5,1.5,1.2,8.1,3.1,7.8,2.7,6,3,20.5,2.5,30.3,2.9,25.5,3.5,27.3,3.4,6.6,2.4,2.6,1.5
"37175","Transylvania County, North Carolina","37","175",TRUE,"missing_estimate:",66184,11.10019402087,5016,40,2.9,16.1,1.8,4.3,1.1,1.4,0.6,86.9,2.4,15.7,,30.9,0.3,5.2,,3.6,0.5,49,2,1.4,0.5,37.7,4,18.2,2.6,10.9,2,9.3,2.1,1.6,1,10.5,2.9,9.5,1.8,7.1,1.8,12.5,2.1,21.9,1.3,24.3,2.2,13,1.6,25.3,2.2,4.6,1.3,1.3,0.9
"37177","Tyrrell County, North Carolina","37","177",TRUE,"missing_estimate:",41685,10.6378966308447,12236,13,4.8,23.2,5.8,5.7,3.3,2.8,2.2,80.9,6.6,16.2,3.5,30.8,5.4,7.7,5,32.6,6.3,43.1,7.2,1.2,1.2,31.2,10.5,25.8,9.8,24.1,8.4,5.9,4.6,5.8,3.6,2.8,2.6,3.9,4.6,1.7,1.9,8.5,8.7,34.2,5.6,30.6,5.1,28.8,7.3,22.2,8.6,10.7,5.4,0,2.7
"37179","Union County, North Carolina","37","179",TRUE,"missing_estimate:",102900,11.5415129218221,1953,40.5,1.1,9.6,0.5,12.2,0.5,6.1,0.4,94.1,0.7,25.6,0.1,13.5,0.1,13.4,,10.9,0.4,67.7,0.8,2.8,0.4,47,1.2,12.8,0.9,9.3,0.6,11.2,0.7,0.8,0.2,11,0.7,12.2,0.7,5.8,0.6,19.5,1.1,29.8,0.6,5.2,0.7,4.5,0.6,18.4,1.1,2.4,0.5,0.6,0.2
"37181","Vance County, North Carolina","37","181",TRUE,"missing_estimate:",50465,10.829035305673,4966,17.2,2,18.7,1.9,5.7,0.9,3.1,0.6,85.3,2.7,24,,19.3,0.2,9.5,,47.3,1.4,58.5,2.1,4.8,0.9,31.3,2.7,20.8,2.7,9.7,2,18.5,2.4,1.5,0.8,16.8,3,9.8,1.8,4.4,1.1,8.8,2.1,25.9,1.6,17.1,2.2,25.4,2.7,39.9,3,8,1.9,0.7,0.5
"37183","Wake County, North Carolina","37","183",TRUE,"missing_estimate:",105768,11.5690032951899,1626,57.2,0.6,9.1,0.2,15.3,0.4,6.3,0.3,95.3,0.4,23,0.1,12.9,0.1,11.6,,18.5,0.2,69.8,0.4,2.8,0.2,58,0.6,11.6,0.4,5,0.3,7.5,0.3,0.5,0.1,9,0.4,22.3,0.6,4.5,0.2,29.1,0.6,25.1,0.3,7.2,0.4,2.7,0.2,35.9,0.7,4.4,0.3,0.7,0.1
"37185","Warren County, North Carolina","37","185",TRUE,"missing_estimate:",50638,10.8324575615674,4322,18.9,2,22.2,1.9,3.1,0.9,1.2,0.7,82.5,2.5,17.7,0.3,27.7,0.5,4.7,,47.3,1.3,49.7,2.1,3.6,1.1,29.8,3.2,18,2.9,9.6,2.7,21.4,3.6,2.4,1.4,16.3,2.8,7.1,1.9,7.4,2.4,11,2.6,29.5,2.6,30.5,2.3,40.8,3,30.6,3.5,7.6,1.9,0.1,0.2
"37187","Washington County, North Carolina","37","187",TRUE,"missing_estimate:",41813,10.6409625749456,7001,14.8,3.1,26.5,3.2,1.1,0.6,0.1,0.1,78.2,4.1,19.1,0.3,28,0.2,4,,47.7,2.5,45,3.7,5.8,2.8,23.6,4.4,27.3,5.1,12.5,5.2,15.9,5.9,5.4,2.5,9.6,3.8,8.2,3.3,5.8,3,8.1,4.1,32.4,6.1,21.5,3.9,23.6,4.7,32,5,14.1,5,0.6,0.6
"37189","Watauga County, North Carolina","37","189",TRUE,"missing_estimate:",51693,10.8530776548112,3285,48.1,3.2,12.2,1.3,3.5,0.7,2,0.6,90.7,1.7,12.1,,17.1,0.2,6.2,,1.6,0.4,59,1.7,4.6,1,40.4,2.8,22.4,2.3,7.1,1.4,9.5,1.7,0.4,0.2,4.5,1.1,10.3,1.5,7.4,1.6,10.4,1.9,21.2,1.1,36.4,1.8,7.8,1.2,37.9,2.4,4.4,1.2,0.4,0.3
"37191","Wayne County, North Carolina","37","191",TRUE,"missing_estimate:",59733,10.9976399104821,2739,21.7,1.2,15.5,0.8,7.9,0.6,6.3,0.5,90,1.2,23.6,0.1,17.1,0.1,13.7,,29.6,0.7,61.2,1.3,3,0.5,32,1.8,17.7,1.6,12.2,1.3,18.5,1.7,2.8,0.7,13.7,1.5,8.8,1.5,4.5,0.8,5.4,0.9,22.9,0.8,11.2,1.2,23,1.5,38.5,1.8,6.8,0.9,0.8,0.4
"37193","Wilkes County, North Carolina","37","193",TRUE,"missing_estimate:",51721,10.853619167579,2459,16.9,1.9,19.1,1.5,3.7,0.5,3,0.9,88.1,1.6,20,0.1,22.9,0.2,7.5,,3.6,0.5,55.7,1.5,2.8,0.5,29.5,2.3,19.1,2.1,10.2,1.6,23.6,2.3,2.3,0.9,16.6,1.9,7,1.3,6.7,1.3,9.1,1.6,25.9,1.5,14.9,1.8,24.5,1.8,26.5,2.1,5.8,1.2,0.3,0.2
"37195","Wilson County, North Carolina","37","195",TRUE,"missing_estimate:",56423,10.9406321557762,3380,21.7,1.5,15,0.9,6.1,0.6,3.8,0.6,85.7,1.7,22.8,0.1,19.3,0.2,12.4,,38.6,0.5,57.5,1.4,3.2,0.6,35.1,2.3,15.8,1.7,9.7,1.2,20,1.9,1.4,0.5,16.8,1.7,8.8,1.2,5.9,1,7.7,1.1,22.5,0.8,10.8,1.2,13.9,1.2,40,1.8,7,1.3,1,0.6
"37197","Yadkin County, North Carolina","37","197",TRUE,"missing_estimate:",62932,11.0498100573603,2830,17.5,1.7,17.3,1.6,6,1,4.6,1,87.9,1.6,20.7,0.2,21,0.3,12.4,,1.6,0.4,58.6,1.8,3.1,0.9,36,3.2,16.4,2.4,11.9,2.1,20.3,2.9,2.3,1,18.4,2.6,9,1.7,6.7,1.7,5.6,1.2,29.6,1.9,13,2.1,20.8,2.3,23.1,2.7,5.2,1.2,0.5,0.5
"37199","Yancey County, North Carolina","37","199",TRUE,"missing_estimate:",58709,10.9803483160397,5720,25.1,2.7,18.9,2.1,3.2,0.8,1.9,0.5,81.4,3.1,18,0.4,27.1,0.6,5.8,,0.8,0.5,54.4,2.9,4,1.5,31.2,3.8,21.7,3.6,14.2,2.7,19.7,3,2.5,1.6,18.8,3.4,6.9,2.2,10.2,2.5,11.7,2.9,27.1,1.6,28.5,3.1,17.3,2.8,20.6,3.4,4.6,1.6,0.6,0.5
"38001","Adams County, North Dakota","38","001",TRUE,"missing_estimate:",62500,11.0429218357245,8960,24.4,4.7,15.2,3.5,5.4,2.4,2.7,1.6,84.7,4.4,22.6,2.9,26.8,2.8,4.6,1.4,0.7,0.6,57.8,5,1.3,1.1,46.4,7.2,16.4,3.8,17.1,5.4,8.5,3.6,16.7,4.8,3.6,2.3,8.3,4.5,15.9,4.5,10.9,4.5,15.2,2.2,22.3,4.5,5.1,2.7,28.2,5.6,9.4,4.7,0,2.4
"38003","Barnes County, North Dakota","38","003",TRUE,"missing_estimate:",68038,11.1278216516039,5568,30.7,3.6,14.8,2.4,2.3,1,1.3,0.7,83,4.4,19.7,0.3,23.4,0.4,2.1,,0.2,0.3,62.1,2.7,2.3,1,38,4.9,19.9,3.7,11.5,2.7,9.8,2.1,10.1,2.4,10.1,3,5.7,2,9.3,2.3,6.9,2.2,19.5,2.1,13.9,3,4.6,1.2,29.2,4.1,6.4,2.2,0,0.5
"38005","Benson County, North Dakota","38","005",TRUE,"missing_estimate:",64033,11.0671538544529,5343,21.9,2.8,13.1,1.6,1.6,0.7,4.1,1.4,80.9,3.2,33.5,0.3,15.9,0.1,1.9,,0.6,0.5,53,3.5,1.8,0.9,45.8,4.4,19.4,3.8,9.2,2.6,11.5,2.9,9.4,2,5.4,2.3,3.9,1.7,10.1,1.9,4.7,1.4,16.1,1.5,20.1,3.2,14.9,3.2,26.9,3.5,8.8,2.1,1.7,1.3
"38007","Billings County, North Dakota","38","007",TRUE,"missing_estimate:",86806,11.3714310226834,20555,32.6,6.1,8.3,5.1,1.3,2.2,0.5,0.8,80.8,9.1,18.4,3.1,26.9,4.6,3.9,3.3,0,2.4,67.8,6.2,1.4,1.5,44.8,8.2,22.8,7.8,14.2,4.9,5.5,2.8,26.9,7.4,0.9,1.4,7.7,4.1,20.5,6,7.6,4.5,24.4,5.1,25.5,7.1,9.3,5.1,22.1,7.4,2,2.3,0,6
"38009","Bottineau County, North Dakota","38","009",TRUE,"missing_estimate:",85000,11.3504065354725,14018,30.4,3.6,11.9,2.2,3.1,1,0.7,0.4,91.6,1.9,22.1,,25.7,0.4,2.6,,0,0.4,57.3,2.5,0.9,0.5,38.8,4.1,14.1,3,17.7,3.8,12.9,2.9,15.4,3.6,3.4,1.3,5.6,2.4,15.6,2.9,5,1.8,21.7,2.8,32.4,3.4,8.4,2.7,20.8,3.7,1.7,0.8,1.2,1
"38011","Bowman County, North Dakota","38","011",TRUE,"missing_estimate:",72109,11.1859341421125,13626,27,4.4,11.1,2.3,0.9,0.6,0.7,0.6,89,3.4,24.7,,24.5,0.4,2.7,1.3,0,0.9,66.1,3.6,2,1.4,44.1,5,12.4,3.1,18.1,3.3,12.6,3.6,25.7,5.1,4.5,2.8,8.3,4.3,16.9,4.8,9,3.3,17.7,2.9,21,4.7,11.7,3.5,16.7,4.4,3.3,2.1,0.2,0.2
"38013","Burke County, North Dakota","38","013",TRUE,"missing_estimate:",91591,11.4250882925599,10106,22.8,3.8,15.3,3.1,3.4,1.5,1.2,0.7,93,2.6,27,3.1,21,3.1,2.5,1.5,1.7,1.4,62.1,4.1,2.3,2.1,43.4,5.8,20.7,4.3,10.8,3.3,11.3,3,21,4.1,0.8,0.6,3.5,1.7,14,4.5,10.3,3.6,24.3,2.6,33.6,4.2,7.9,2.4,24.9,5.4,4.8,3.5,0,2.7
"38015","Burleigh County, North Dakota","38","015",TRUE,"missing_estimate:",86851,11.3719492857077,3728,39.1,1.8,12,1,3.3,0.4,1.3,0.4,89,1.5,23.2,0.1,17.9,0.1,3.4,,1.9,0.3,66.5,1.2,1.5,0.4,43.4,2.2,15.7,1.5,9.7,1.2,10.7,1.2,3,0.6,5.5,0.9,8.7,1.1,5.3,0.9,8.8,1.1,17.5,0.9,5.7,1,7,1.1,28.8,1.7,6.1,0.9,0.6,0.3
"38017","Cass County, North Dakota","38","017",TRUE,"missing_estimate:",75555,11.2326161468479,2103,42.6,1.3,11.2,0.6,7.7,0.5,2.8,0.5,89.6,1,22.2,,13,0.1,3.6,,7,0.3,75.3,0.7,2.2,0.4,45.1,1.4,17,1,7.2,0.6,11.2,0.8,2.1,0.3,8.5,0.9,10.9,0.8,4.5,0.5,10,0.8,17.1,0.6,5.7,0.8,1.9,0.4,48,1.2,6.8,0.8,0.8,0.3
"38019","Cavalier County, North Dakota","38","019",TRUE,"missing_estimate:",69531,11.1495279752707,8867,22.1,3.5,13.4,2.6,2.3,1.3,0.7,1.1,88,3.9,21.9,1.3,27.9,0.9,2.3,2.4,0,0.7,59.8,3.5,0.6,0.6,46.4,5.9,11,3.5,12,3.7,10.6,3.5,23,5,3.3,1.9,3.3,1.8,21.8,4.2,8.6,3.1,18.8,3.1,26,5,5.4,2.1,18.7,4.5,3.8,2.6,0,1.6
"38021","Dickey County, North Dakota","38","021",TRUE,"missing_estimate:",68654,11.1368346760682,12388,28.9,3.9,12.8,2.5,3.5,1.6,3.1,1.7,87,3.6,22.8,0.6,19.9,0.6,4.1,,0,0.5,67.4,2.9,2.7,2.5,36.3,5,16.9,3.7,16.4,3.7,13.8,3.7,14,4.8,15,4.2,4.9,2.3,14.4,3.6,10.5,3,15.8,2.2,18,3.5,6.9,2.4,20.3,3.9,1.3,0.7,0.2,0.4
"38023","Divide County, North Dakota","38","023",TRUE,"missing_estimate:",91852,11.4279338650388,14907,26.7,5.9,13.3,3.9,3,1.4,0.5,0.6,92,4.6,19.3,3.4,25.7,3.1,4.3,1.4,0.1,0.2,60.7,5,1.4,1.2,48.5,7.3,15.3,4.5,11.8,4.6,6.1,4,26.2,6.7,0,2.3,4.3,2.8,18.1,5.6,4.7,3,21.6,5.1,28.1,5.1,8,3,22.7,6.7,3.6,2.6,1.7,2.4
"38025","Dunn County, North Dakota","38","025",TRUE,"missing_estimate:",97689,11.4895442421323,5164,25.2,4,12.2,2.5,3,1.2,5.3,1.7,89.5,2.7,26.1,1.5,19.5,1.7,4.5,0.4,0.1,0.1,64.6,3.3,2.2,1,35.5,4.2,9.3,2.8,18.7,4.2,19,4.2,22.6,4.4,9.5,3,4.7,2.4,17.9,3.5,17,3.9,27.6,3.3,24.8,3.1,23.2,3.7,25.7,4.9,2,1.1,0.7,0.8
"38027","Eddy County, North Dakota","38","027",TRUE,"missing_estimate:",50850,10.8366354014767,8517,30.5,4.1,17,3.5,0.5,0.5,0.1,0.2,88.1,4.1,20.9,3.2,25.5,3,5.4,1.2,0,1.1,62.1,3.7,1.6,1.1,49.3,5.8,10.8,3.6,8.2,3.2,13.2,4.3,18.2,3.7,7.5,4.7,5.6,2.3,24.2,5.6,5.5,2.8,21.8,3.7,13.6,3.7,6.1,2.7,28,6.1,3.8,2.3,0,2.1
"38029","Emmons County, North Dakota","38","029",TRUE,"missing_estimate:",66538,11.1055284920122,6437,22.2,3.2,12.7,2.1,0.7,0.5,0.3,0.3,80.4,3.7,20.2,1.8,29.7,2.2,1.2,0.6,0.1,0.3,56.5,2.6,1.3,0.7,44.7,4.1,10.5,2.7,12.7,3.5,16,4,22.6,4.1,5.7,2.6,5.4,2,21.2,4.3,15.1,3.6,19.3,2,25.5,3.6,9.4,2.5,20.2,3.9,6,2.1,0,1.6
"38031","Foster County, North Dakota","38","031",TRUE,"missing_estimate:",87831,11.3831697924777,10924,28.5,5,10.9,2.3,2,1.5,1.2,1.5,92.6,3.3,21.8,1.3,24.1,0.8,1.7,1.7,0.3,0.4,67.6,2.9,0.7,0.7,38.6,7,13.1,4.9,11.4,3.2,11.6,3.4,7.5,3,13.4,4.1,4.6,3.1,15.2,4.1,7.7,3.5,12.9,1.8,13.7,4.7,5,2.3,20.3,4.6,8,3.8,0,1.6
"38033","Golden Valley County, North Dakota","38","033",TRUE,"missing_estimate:",68021,11.1275717600115,13794,22.6,4.9,19.6,4.4,0.7,0.9,0.2,0.3,89.8,4.7,22.4,2.5,29,3.4,0.6,0.5,0.2,0.7,61,5.5,2.1,1.8,35.5,6.7,20.1,5.9,9.6,3.3,16,5.9,19,5.1,4.9,3.9,3.2,2,17,4.8,0.5,0.6,20.6,3.1,22.5,5.6,1.8,1.1,20.5,6,3.7,2.5,0.1,0.4
"38035","Grand Forks County, North Dakota","38","035",TRUE,"missing_estimate:",68075,11.128365317542,4321,38,1.7,9.9,0.8,6.7,0.9,2.4,0.5,88,1.5,21.2,,14.2,0.2,5.4,,3.7,0.3,71.1,1.2,1.6,0.4,39.6,1.8,18.4,1.5,8.2,1,14.5,1.4,3.2,0.6,8.9,1.3,6.3,0.9,4.6,0.7,6.5,1,15.8,0.9,7.7,1.4,3.4,0.8,48.2,1.6,7.1,1.1,1,0.5
"38037","Grant County, North Dakota","38","037",TRUE,"missing_estimate:",57875,10.9660407913885,12632,20.7,3.1,14.2,2.8,3.6,1.8,1.2,0.9,80.5,3.8,22.5,2,29.7,2.2,1.2,1.4,0.1,0.3,59,3.6,2.1,1.6,47.9,4.7,10.6,2.4,12.1,3.2,9.3,2.5,26.5,5,1.2,0.8,6.2,2.6,32.2,5.3,16.4,5.3,20.5,2.5,35.2,3.2,18.6,3.8,16.6,4.1,4.4,2.6,1.5,1.2
"38039","Griggs County, North Dakota","38","039",TRUE,"missing_estimate:",61711,11.0302174760129,5791,26,4.6,15.2,2.6,1.4,0.9,0.2,0.2,85.5,3.7,20.6,2.1,29.7,2.3,1.8,0.9,0.8,0.8,61.2,3.6,0.9,0.8,48,7.3,15.6,4.4,15,3.6,7.2,3,23.9,4.4,8.5,3.4,10.6,6,24.5,5,6.9,3.8,16.3,1.8,27.1,4.9,4.3,2.4,23.4,4.6,5.9,2.5,0,2.5
"38041","Hettinger County, North Dakota","38","041",TRUE,"missing_estimate:",73026,11.1985708211026,8453,22,4,17.8,3.4,0.9,0.7,0.4,0.3,85.8,4.1,18.5,2.4,26.9,2.6,0,1,0.2,0.4,60.5,3.7,3.2,1.8,41.7,5.2,12.2,3.6,11.8,3.2,17.9,6.3,23,4.2,4.2,2.1,4.7,2.1,29.7,8,9.9,4.2,16.1,2,21.7,3.5,7.8,2.6,23.2,4.2,3.8,2.6,0.3,0.3
"38043","Kidder County, North Dakota","38","043",TRUE,"missing_estimate:",65610,11.0914834023389,7266,26.2,3.9,15.2,3.4,1.6,0.7,0.6,0.5,74.6,6.1,22,2.5,27.6,3.3,3,0.8,0.2,0.3,57.4,4.8,0.8,0.7,43.9,6.6,12.4,4.7,17,5.2,13.2,5.3,24.7,6.8,3.1,2,6.6,3.6,24.3,7,22.1,6.9,19.8,2.8,29.5,5.1,15.7,4.2,23.9,5.8,1.1,1,0,2.1
"38045","LaMoure County, North Dakota","38","045",TRUE,"missing_estimate:",80664,11.298047658073,8147,25.3,2.7,11.7,1.6,1,0.4,2,0.9,89.9,2,22.9,1,26.8,1.3,1.9,0.5,0.1,0.2,65.5,2.8,1.6,1.9,42.1,3.6,15.7,2.7,13.5,2,10.9,2.3,19.9,3,6.9,2,4.3,1.6,18.6,2.6,11.9,3.2,18.8,2.1,15.5,2.9,2.9,1.2,16.4,3.2,3.2,1.2,0,1.4
"38047","Logan County, North Dakota","38","047",TRUE,"missing_estimate:",62750,11.046913856994,13131,25.8,4.9,12.1,2.6,1.5,0.7,2.7,1.1,82.5,4.5,20.9,2.6,29,2.9,3.9,1.2,0.2,0.3,58.3,4,1,0.6,43.2,6.3,13.5,3.6,20.4,4.6,5.4,2.4,26.9,6.1,1.5,1.2,1.7,1.2,20.4,5.5,14.4,5,14.9,2,27.4,3.7,5.6,2.7,17,5,3.1,2.1,1.8,1.7
"38049","McHenry County, North Dakota","38","049",TRUE,"missing_estimate:",80733,11.2989026926053,9698,20.3,2.6,12.2,1.7,1.1,0.7,0.6,0.4,82.3,3.8,24.2,0.7,22.1,0.4,2.2,,0.8,0.4,63.1,2.5,2.6,1.1,43.7,4.1,15.5,3,12.3,2,12.5,2.6,23,3.9,4.1,1.9,3.5,1.3,20.3,4.2,16.4,4.2,29.7,2.3,20.8,3.2,9.8,2.4,18.6,3.5,3.2,1.4,0,1.1
"38051","McIntosh County, North Dakota","38","051",TRUE,"missing_estimate:",64419,11.0731638996352,3536,20.9,4.2,13.5,2.1,4,0.9,3,1,82.2,3.7,18.6,1.7,31.3,0.8,3.3,,0.1,0.1,59.4,3.6,1.8,1.4,40.5,6.4,16.6,3.6,20.8,3.8,9.4,3.2,22,5.3,1.6,1.1,2,1.6,17.6,4.2,11.6,3.5,11.3,1.6,28.7,3.7,5.6,2,20.8,5,5.6,2,0,2.1
"38053","McKenzie County, North Dakota","38","053",TRUE,"missing_estimate:",93404,11.4446894498524,14393,19.1,3.4,8.9,1.8,5,1.8,4.2,1.7,89.1,3.6,31.1,0.9,9.3,0.3,12.1,,1.9,0.6,69.8,3.2,0.9,0.6,37.4,4.9,9.1,2.3,22.1,4.2,15.6,3.5,27.7,5,2.9,1.9,4.7,1.9,11.5,3.9,8.8,2.8,22.9,2.8,22.6,3.7,18.8,3.8,46.6,4.6,5,2.5,2.1,1.5
"38055","McLean County, North Dakota","38","055",TRUE,"missing_estimate:",83583,11.3335954291122,6887,26.1,2.3,12.2,1.8,2.7,0.8,0.8,0.6,84.7,2.3,21.1,0.5,26.3,0.2,2,,0.1,0.1,58.2,1.9,0.8,0.4,37.1,2.9,12.8,1.8,19.5,2.3,12.9,2.5,17.1,3.1,5.5,1.5,2.9,0.9,10.4,1.8,8.2,1.8,24.4,1.8,24.6,2.4,6.7,1.2,15.8,2.6,3.3,1.1,0.5,0.4
"38057","Mercer County, North Dakota","38","057",TRUE,"missing_estimate:",80946,11.3015375446669,6419,23.3,3.5,11.6,2,2.1,1.1,1.3,0.7,89.6,3.3,23.4,0.9,22.5,0.3,2.8,,0,0.1,56,2.8,1.4,0.8,25.3,4.3,16.4,3.9,18.6,3.8,14.9,3.4,11.4,3.4,3.5,1.5,3,1.4,4.9,2.3,5.2,2.4,18.6,2.5,23,3.8,11.4,2.8,18.9,4.8,2.5,2,0.5,0.5
"38059","Morton County, North Dakota","38","059",TRUE,"missing_estimate:",79382,11.282026921283,6495,28.8,3.3,9.8,1.3,1.1,0.6,1.3,0.7,91.4,1.9,22.9,0.3,17.3,0.3,4.4,,1.6,0.5,69.6,1.6,1.1,0.5,38.7,2.8,20.8,2.8,11.4,1.9,10.8,2,5,1.1,6,1.9,7.4,1.8,9.1,2.2,10.6,2.6,19.8,1.4,9.8,2.3,12.8,2.3,25.8,3.1,2.5,1.2,0.3,0.3
"38061","Mountrail County, North Dakota","38","061",TRUE,"missing_estimate:",80717,11.2987044888264,8110,22.7,3.4,11.7,1.9,4.4,1.6,3.9,1.6,88.5,2.9,29,0.5,13.5,0.3,8.6,,1.8,0.3,63.6,3.4,0.7,0.5,32.1,3.9,20.3,3.6,12.8,2.9,13.4,2.9,13.3,2.9,4.6,2.2,8.6,3.1,7.4,2.2,4.6,1.6,19.1,1.9,23.5,3.2,19.3,3.4,38.5,4,4.3,2.2,2.5,1.5
"38063","Nelson County, North Dakota","38","063",TRUE,"missing_estimate:",67193,11.1153243544189,7502,29.4,3.4,17.4,2.9,3,1,2,1.5,83.5,4.5,20.7,1.3,28.3,1.3,3,,0.5,0.4,58.7,3.6,0.7,0.6,46.3,5.3,16,3.5,12.5,3.1,10,3,21.1,3.7,5,1.6,4.2,2.3,18.4,3.8,8.1,3.1,19.6,2.6,25,3.9,3.8,1.6,24.9,4.1,3.1,1.3,0.1,0.1
"38065","Oliver County, North Dakota","38","065",TRUE,"missing_estimate:",77240,11.2546727365425,8173,23,4.5,9.5,2.5,0.2,0.3,0.3,0.3,89.7,4.1,25.9,1.7,27.2,2.4,1,1,0,1.3,57.1,4.6,0.6,0.6,44.3,7.1,17.5,5.8,14.8,5.2,7.2,3,14.1,5,2.5,2.3,6.8,3.5,9.7,4.7,9,4.1,25.9,3.1,18.8,5.3,13.5,4,4.8,3.1,2.3,2.4,1.1,1.3
"38067","Pembina County, North Dakota","38","067",TRUE,"missing_estimate:",68393,11.1330257591923,6769,24.6,2.4,13.1,1.6,4.5,1.2,0.7,0.4,89.5,2.2,21.1,0.4,25.9,0.4,4.3,,1,0.3,60.8,2.3,2,0.9,36.4,3.4,14.4,2.6,14.9,2.3,17.4,2.2,15.1,2.3,12.1,1.9,5.3,1.4,10.5,2.3,7.9,2,17,1.5,15.1,2.8,5.5,1.9,25.4,3.7,3.2,1.1,0,0.8
"38069","Pierce County, North Dakota","38","069",TRUE,"missing_estimate:",59365,10.9914601060999,8413,28.2,4.2,9,2.2,0.5,0.6,0.7,0.7,89.1,2.8,20.9,2.8,26.4,2.1,0.8,0.9,0.3,0.3,60.5,3.6,0.7,0.6,41,6.4,14.7,5,18.4,4.7,8.1,3.2,12.2,3.9,6.9,3.5,2,1.4,14.4,4.3,10.2,4,11.3,2.1,9.2,4.1,3.2,1.6,18.4,4.8,2.4,1.6,0.1,0.2
"38071","Ramsey County, North Dakota","38","071",TRUE,"missing_estimate:",61006,11.0187274989741,4507,25.7,3.7,16.7,2.7,3.2,0.9,1.6,1,82.2,4.4,23.2,0.8,22.4,0.5,2.8,,0.7,0.6,68.7,3,0.8,0.9,32.3,4.3,20,4.5,13.3,3.4,14.4,3.4,7.3,2.3,4.7,2.3,4.8,2.1,8.7,2.5,4.9,2.6,13.9,1.5,7.9,2.9,5.8,2.7,45.5,4.6,10.7,3.6,1.6,1.6
"38073","Ransom County, North Dakota","38","073",TRUE,"missing_estimate:",75736,11.2350088878087,5220,22.9,2.9,11,1.8,2.3,1.1,4.3,1.3,86.2,3.1,21.6,0.8,22.1,0.4,2.7,,1.1,0.5,62,3.1,1.8,0.9,36.4,4.1,10.6,2.8,12.6,2.7,23.6,4.1,17.2,3.1,23.7,3.4,2.7,1.1,15,4.1,10.2,4.2,19.4,2.2,8.2,2.8,6.9,2.4,25.3,3.7,4,1.8,0,1.1
"38075","Renville County, North Dakota","38","075",TRUE,"missing_estimate:",74301,11.2158796895655,5541,19.7,4.5,10.8,2.1,3.4,2.3,0,1.1,93.7,2.6,21.2,2.5,21.1,2.6,0.8,0.6,0.2,0.4,64.4,3.7,0.6,0.4,29.1,5.7,11.8,3.2,16,3.4,18.1,5.7,19.1,5.1,5.4,3.1,4.3,2.2,21.5,5.1,5.8,2.8,29.5,3.8,27.6,3.8,10.9,2.9,21.3,4.6,2.7,1.9,0,2.5
"38077","Richland County, North Dakota","38","077",TRUE,"missing_estimate:",75432,11.2309868671455,4512,24.9,2.4,12.7,1.4,1.9,0.5,1,0.4,91.4,1.7,21.7,0.2,20.2,0.3,3.8,,0.8,0.2,66.3,1.7,1.1,0.5,36.1,3.3,19.1,2.5,11.3,1.8,18,2.5,11.4,1.8,16,2.3,7.1,1.6,9.3,1.5,8.2,1.8,21.1,2.6,9,2,3.7,1,31.9,2.7,6.3,2,0.2,0.2
"38079","Rolette County, North Dakota","38","079",TRUE,"missing_estimate:",59517,10.9940172650109,9283,18,2.5,17.8,2,0.6,0.3,0.7,0.3,89.8,2.1,32.2,0.3,13.2,0.1,1.3,,0.1,0.2,52,3.5,2.1,1,41.3,3.9,22.2,3.4,8.2,2.1,14,2.7,5.4,1.3,4.1,1.7,6.6,2.4,7.7,1.9,4.7,1.5,16.8,1.7,17.9,2.4,19.7,3.2,37.2,4,10.8,2.4,1,0.8
"38081","Sargent County, North Dakota","38","081",TRUE,"missing_estimate:",77946,11.2637715582238,7685,18.2,2.6,12.5,1.6,4.1,0.9,1.8,0.8,88.2,2,20.4,0.5,23.9,0.4,2.9,,3.2,0.7,66.6,2.1,0.5,0.4,33.7,3.7,13.1,2.6,13.3,2.3,27.4,3.1,12.5,2.1,32,3.9,1.8,1.1,9.7,2.3,5.8,2,16.2,1.4,12.3,2.4,8.3,2.4,27.5,2.8,3,1,0.1,0.2
"38083","Sheridan County, North Dakota","38","083",TRUE,"missing_estimate:",62639,11.0451433662972,8186,18.9,3.7,10.6,2.1,0.5,0.8,0.2,0.4,87.1,3.9,16.8,2.4,32,3.4,0.4,0.4,0,1.9,59.5,4.6,0.6,0.4,39.8,6.8,10.2,3.6,16.5,3.8,12,4.7,23.5,4.7,2.6,1.6,6.6,3.4,22.4,4.3,9.2,3.5,21.8,3.3,19.5,5.2,7,3,16,5.4,3,2,0.3,0.4
"38085","Sioux County, North Dakota","38","085",TRUE,"missing_estimate:",42083,10.647399137646,7116,16.3,3.1,13.8,2.4,0.7,0.9,1.6,1.3,80.6,5.3,34,,9.6,,1.5,0.9,0.4,0.3,52.9,4.1,9,2.8,39.4,5.6,23.9,4.8,11,3.8,8.9,3.5,7.6,2.3,1.5,1,2.7,1.4,9.1,2.9,7.9,2.5,17.8,2.3,13.1,2.2,12,2.7,53.4,5.1,12.7,4,2.8,1.7
"38087","Slope County, North Dakota","38","087",TRUE,"missing_estimate:",71250,11.1739500981309,16084,29.3,6.9,15.3,3.7,0.5,0.6,0,3.3,78.1,8.3,15.9,4.8,28.7,5.7,0.1,0.3,0,3.2,61.8,7,1.7,1.4,53,10,6.3,4.8,23.5,9.3,13.5,4.6,51.3,12.6,5.8,3.6,6.5,3.8,33,13.1,9.3,5,21,5.7,18,6,9.6,4.3,19.3,8.5,0.8,1.1,0,6.5
"38089","Stark County, North Dakota","38","089",TRUE,"missing_estimate:",84449,11.3439030808396,3980,30,2.7,11.5,1.4,4,0.8,2.3,0.7,89,2.1,27.6,0.1,14,0.3,7.3,,2.4,0.7,69.1,2,2.1,0.6,36.5,2.9,11.9,1.8,16.2,2.4,16.3,2.4,13.6,2.3,7.8,1.8,5.9,1.3,6.9,1.5,7.1,1.8,17.5,1.8,12.7,2.3,7.6,1.6,33.2,3.1,7.9,1.9,0.9,0.6
"38091","Steele County, North Dakota","38","091",TRUE,"missing_estimate:",77500,11.2580332153414,18242,28.9,4.5,11.2,2.3,0.2,0.4,0.2,0.5,77.7,6,21.8,2,30,2.9,1.9,1.1,0.2,0.2,57.8,3.6,1.9,1,48.3,7.3,5.8,2.1,11.9,4.3,16.1,4.9,29.8,5,8,3,4.4,2.4,22.3,5.2,12.3,4.6,18.2,3,28,5.2,9.3,4.7,22.2,6.6,0.7,0.7,3.7,3.9
"38093","Stutsman County, North Dakota","38","093",TRUE,"missing_estimate:",61856,11.0325643820081,4203,25.9,2.7,17.1,2,2.6,0.6,0.8,0.3,87.2,3.1,20.1,0.7,20.4,0.2,3.2,,2.3,0.1,61.1,2.2,2.4,1,38.4,3.6,19.3,2.3,7.7,1.7,12.9,2.4,7.4,1.4,11.6,2.2,4.3,1.4,6.5,1.2,6.7,1.8,14.1,0.9,9.4,2.2,8,2.4,36.9,3.1,6.6,2.1,0,0.3
"38095","Towner County, North Dakota","38","095",TRUE,"missing_estimate:",67350,11.1176581818385,10236,23.5,5.6,15.3,3.9,2.7,2,1.4,1.8,86.5,5.6,24.9,5.2,23,4.3,5.1,1.7,0,1.2,66.1,5.1,0.4,0.6,44,7,15.3,5.8,12.2,5.3,4.8,2.5,28.2,6.8,2.8,2.1,3,1.9,21.6,5.7,6.4,3.6,16.5,3.4,21.2,4.3,2.6,1.4,21.2,6.4,2.6,2.5,0,2.5
"38097","Traill County, North Dakota","38","097",TRUE,"missing_estimate:",87004,11.3737093735913,5785,30.9,2.5,10,1.3,2.8,1.1,0.8,0.5,84.2,3.1,22.8,0.6,20.3,0.2,4,,1,0.3,65.5,2.2,1.5,0.7,40.5,2.6,13.9,2.4,11.6,1.9,14.2,2,11.3,2.1,12.3,1.9,3.5,1.5,8,1.8,5.5,1.4,19.9,1.2,9,2.6,2.8,1.1,25.7,3.1,4.6,1.4,0.1,0.1
"38099","Walsh County, North Dakota","38","099",TRUE,"missing_estimate:",71944,11.1836433175944,6020,19.2,2,14.1,1.8,3.7,0.9,2.5,0.9,85.5,3.1,23.4,0.7,21.9,0.3,13.1,,0.8,0.2,64.6,2,1.3,0.7,34.3,3.4,14.5,3.3,17.4,2.1,14.8,2.5,16.3,2.5,7.4,1.6,4.7,1.8,13.2,2.5,4.2,1,18,1.4,15.1,2.5,6.7,1.6,24,3,3.2,1.3,0,0.6
"38101","Ward County, North Dakota","38","101",TRUE,"missing_estimate:",78238,11.2675107420098,3810,29.6,2.1,14.3,1.3,3.8,0.6,1.3,0.4,90.6,1.4,24.1,,14,0.1,7.2,,3.9,0.4,70,1.3,2.2,0.5,37,2.4,15.7,1.4,14.6,1.7,13.9,1.8,8.1,1.4,4.9,1.1,5.8,1.2,6,1.2,5.7,1,19.3,1.2,12.1,1.7,8.2,1.3,39.2,2.3,4.8,1.1,0.6,0.5
"38103","Wells County, North Dakota","38","103",TRUE,"missing_estimate:",66114,11.0991358037158,8439,21.7,3.2,11.9,2.2,1,0.7,0.5,0.5,82.3,3.4,23.4,1.8,26.7,1.6,0.6,0.7,0,0.6,59.5,3.7,1.2,0.9,43.4,4.5,17.2,3.7,14.4,3.9,11.6,3.8,17.8,5,3.6,1.6,5.2,2.8,17,4.8,10.4,4.5,14.6,2.1,19.1,3.8,5.6,2.3,22.9,4.3,4.8,2.1,0,1.4
"38105","Williams County, North Dakota","38","105",TRUE,"missing_estimate:",85595,11.3573821492089,6424,24.4,2.8,11.1,2.2,8.5,1.7,3.8,1.2,92.3,2.1,30.2,0.1,9.9,0.8,10.2,,4.7,0.7,73.4,2.5,3.2,1.1,35.4,3.8,15.5,3.3,12.9,3.2,15.4,2.9,18.4,3.4,4.2,1.4,5.9,2.1,8.3,2.8,4,1.6,18.7,1.6,25.6,3.8,8.6,2,47,4,6.6,3.1,2,1.3
"39001","Adams County, Ohio","39","001",TRUE,"missing_estimate:",50264,10.8250443940828,4725,14.9,2.3,21.8,1.7,1.3,0.5,0.1,0.1,84.5,2.3,23.9,0.3,19,0.3,0.9,,0.4,0.2,50.7,2.7,3.3,1.2,34.7,4.2,18.8,2.8,10.8,2,19,3.1,1.6,1,15.3,3,4.5,1.5,5.7,1.5,5.3,1.6,36.4,3.1,18.2,2.5,19.8,2.6,28.3,2.9,7.4,2,0.3,0.3
"39003","Allen County, Ohio","39","003",TRUE,"missing_estimate:",64038,11.067231936142,1778,20.1,1.3,16.2,0.8,2.4,0.4,1.2,0.4,88.8,1.3,23.5,,19.1,0.1,3.6,,9.6,0.7,60.8,1.1,3.5,0.6,31,1.7,16.3,1.2,8.8,0.9,24.1,1.6,1.1,0.3,21.8,1.6,6.9,0.8,3.6,0.6,4.8,0.7,18.7,0.6,7.8,0.9,4.3,0.8,32.3,1.6,7.5,0.9,0.5,0.3
"39005","Ashland County, Ohio","39","005",TRUE,"missing_estimate:",69860,11.1542485183608,4887,22.6,1.8,14.4,1.2,1.2,0.4,1,0.5,88,1.7,22.5,0.1,20.3,0.2,1.8,,1,0.3,60.6,1.6,2.2,0.6,31.3,2.2,15.7,2,9.7,1.4,24.4,1.9,2.3,0.7,23.1,1.9,8.1,1.4,5.1,0.9,6.5,1.2,23.9,2.1,8.2,1.6,4.6,1.1,22.1,1.8,6.5,1.2,0.3,0.2
"39007","Ashtabula County, Ohio","39","007",TRUE,"missing_estimate:",57728,10.9634976034223,2343,16.1,0.9,17.2,1,1.9,0.4,2.8,0.5,88.1,1.1,21.8,,20.3,0.1,5,,3.7,0.4,57.1,1.2,3.8,0.5,28.5,1.4,17.6,1.5,12.1,1.5,25.1,1.9,1.5,0.5,22.9,1.8,5.6,0.8,5.8,0.9,5.8,1,27,1.1,15.6,1.3,8.1,0.8,24.3,1.4,7.8,1,0.4,0.2
"39009","Athens County, Ohio","39","009",TRUE,"missing_estimate:",56001,10.9331248267007,2207,34.9,2.1,17.9,1.3,3.7,0.5,1.8,0.4,86.9,2.3,14.8,0.1,15.1,0.2,2.3,,2.2,0.3,57.4,1.7,3.7,0.7,41.1,2.5,22.3,2,6.6,1.1,13.4,1.6,0.9,0.4,8.9,1.2,6.2,1.2,5,1,13.1,1.7,24.1,2.7,13.1,1.6,12.4,1.6,39.6,2.3,6.8,1.4,0.4,0.3
"39011","Auglaize County, Ohio","39","011",TRUE,"missing_estimate:",78660,11.2728900459858,4179,21.6,1.8,13.9,1.2,0.6,0.2,0.3,0.2,87.8,1.6,23.9,0.1,19.7,0.2,1.9,,1,0.2,66.3,1.3,1.8,0.6,34.4,2.2,17.1,1.8,8.6,1.5,24.3,2,2,0.6,33.5,1.9,6.5,1.2,5.2,1.1,5.9,1.2,18.8,0.8,5.6,1.5,3.1,0.9,21.9,2.3,4,1,1.1,0.8
"39013","Belmont County, Ohio","39","013",TRUE,"missing_estimate:",57017,10.9511047479643,3202,18.9,1.2,16.7,1.1,1.2,0.3,0.6,0.2,86,1.5,18.7,,22,0.1,1.4,,3,0.3,54.3,1.1,2.9,0.6,30.9,2,18.5,1.8,11.9,1.5,17.7,2,5.2,1,8.4,1.4,6.9,0.9,3.8,0.7,6.9,0.9,25.1,1.2,13.7,1.5,6.3,1.2,26.4,1.9,7.1,1.1,0.1,0.1
"39015","Brown County, Ohio","39","015",TRUE,"missing_estimate:",71270,11.1742307604959,2689,15.7,1.7,17.9,1.5,0.6,0.3,0.5,0.2,84.3,2.2,22.8,0.1,19.1,0.1,1.3,,0.6,0.2,57.1,2,2.8,0.6,32,2.5,18.4,2.1,11.8,1.8,20,2.2,2.6,1.1,14.5,2,9.1,1.8,6.3,1.3,6.5,1.6,33.9,1.7,12.4,1.9,14.9,1.6,22.8,2.6,5.9,1.4,0.4,0.5
"39017","Butler County, Ohio","39","017",TRUE,"missing_estimate:",81590,11.3094619844228,1701,32.8,0.9,12.5,0.5,8,0.5,5.1,0.5,92.2,0.6,23.4,,15.9,0.1,7,,8.3,0.3,63.9,0.7,3.2,0.4,40,1,16,0.7,7.1,0.5,16.2,0.8,0.5,0.1,16.1,0.7,9.7,0.6,4.4,0.4,13.3,0.7,24.3,0.5,5.5,0.5,2.3,0.3,30.1,1,4.7,0.5,0.5,0.2
"39019","Carroll County, Ohio","39","019",TRUE,"missing_estimate:",64835,11.079600859983,5358,16.1,2.4,18.7,1.9,0.2,0.2,1,0.6,78.7,2.9,20.4,0.2,22.3,0.2,1.3,,0.7,0.3,55,1.9,3.1,0.9,34.5,3.7,14.9,2.7,12.7,2.1,22.1,2.5,5.6,1.5,20.8,2.7,8.5,2,7.1,2,7.9,1.8,31.5,3.2,16.3,2.7,12.9,2.6,21.3,2.4,6.8,1.8,0.1,0.2
"39021","Champaign County, Ohio","39","021",TRUE,"missing_estimate:",75556,11.2326293821517,3880,19,1.8,14.1,1.3,1.2,0.3,0.6,0.3,88.8,1.8,22.1,0.1,19.3,0.2,1.8,,1.6,0.4,63.2,1.7,3,0.7,35.9,2.2,13,1.7,9.2,1.4,26.1,1.9,3.9,1.1,25.7,2.3,6.9,1.5,6.7,1.5,8.4,1.7,27.1,1.4,7.7,1.9,4.8,1.1,23.2,2.1,5.6,1.5,0.2,0.2
"39023","Clark County, Ohio","39","023",TRUE,"missing_estimate:",63132,11.0529830515188,2105,20.2,0.9,17,0.8,2.6,0.4,1.9,0.4,90.4,0.9,22.6,0.1,20.3,0.1,4.2,,8,0.5,58.8,0.9,3.9,0.5,33.5,1.1,17.3,1.1,9.6,1,21.1,1.2,1.2,0.3,17.3,1.3,9,1,5.8,0.8,9.6,1,23.1,0.7,8.4,1,3.6,0.5,30.6,1.3,7.2,0.9,0.5,0.2
"39025","Clermont County, Ohio","39","025",TRUE,"missing_estimate:",85510,11.35638860715,1983,31.6,1.1,14.6,0.7,2.3,0.4,0.9,0.2,92.6,0.7,22.1,,18.4,0.1,2.6,,1.5,0.2,64.3,0.8,2.7,0.4,41,1.4,14.3,0.9,8.8,0.8,14.2,0.8,0.5,0.2,14.6,0.7,11.3,0.8,6,0.6,13.6,0.9,28.1,1,4,0.5,5.9,0.6,26.4,1.3,4.6,0.6,0.6,0.2
"39027","Clinton County, Ohio","39","027",TRUE,"missing_estimate:",70407,11.1620479690213,5534,19.3,2.1,16.1,1.4,2.2,0.7,0.8,0.3,87.2,2,22.7,0.1,18.6,0.2,2.3,,1.8,0.3,62.2,1.4,2.8,1,32.4,2.3,17.1,2.2,10.7,1.6,20.8,2.4,2.6,0.8,17.7,2.1,8.4,1.5,6.8,1.3,7.8,1.2,24.6,1.2,7.1,1.6,6.5,1.5,28.2,2.5,4.8,1.2,0.1,0.1
"39029","Columbiana County, Ohio","39","029",TRUE,"missing_estimate:",58180,10.9712969320492,1778,17.1,1.3,18.4,1.2,1,0.3,0.5,0.2,86.7,1.4,20.2,0.1,22,0.1,1.9,,1.9,0.3,57.2,1.1,2.6,0.5,30.3,1.8,19.2,1.7,10.4,1.1,22.7,1.8,2.1,0.5,18.3,1.6,6.4,1,4.9,0.8,6.2,1.2,24.6,0.9,10.1,1.3,8.7,1.1,27.3,1.9,7.6,1.2,0.2,0.1
"39031","Coshocton County, Ohio","39","031",TRUE,"missing_estimate:",55577,10.9255247255893,3620,16.7,1.6,16.1,1.4,0.5,0.2,4,1.1,82.8,1.9,23.8,0.2,20.1,0.1,1.3,,0.5,0.2,56.9,1.7,3.1,1,28.3,2.5,15.3,2.1,12.4,1.8,25.1,2.8,2,0.8,23.7,3.1,5.1,1.2,6.3,1.3,6.9,1.4,24.8,1.3,9.3,2,12.5,1.9,27.1,2.8,11.8,1.5,0.6,0.4
"39033","Crawford County, Ohio","39","033",TRUE,"missing_estimate:",58044,10.968956622611,2663,17.2,1.8,16,1.2,1.2,0.2,1,0.3,89.7,1.6,21.7,0.1,21.2,0.2,1.8,,0.7,0.2,61,1.4,2.9,0.7,30.2,2.2,16.2,1.7,10.3,1.6,25.2,2.1,2.3,0.7,24.3,2.1,8.8,1.3,5.3,1.1,6.7,1.1,23.9,1.3,8.8,1.7,2.9,0.7,26.9,2.1,5.3,1,0.6,0.4
"39035","Cuyahoga County, Ohio","39","035",TRUE,"missing_estimate:",64468,11.0739242556426,702,36.5,0.5,15.6,0.3,7.7,0.2,4.4,0.2,89.5,0.4,20.5,0.1,19.5,0.1,7,,28.5,0.2,63.8,0.3,4.2,0.2,44.4,0.5,15.8,0.5,5.3,0.2,13.9,0.4,0.2,0.1,11.8,0.4,12,0.3,4.6,0.2,15.5,0.4,23.3,0.3,9.9,0.3,0.5,0.1,40.6,0.5,12.2,0.4,0.3,0.1
"39037","Darke County, Ohio","39","037",TRUE,"missing_estimate:",64486,11.0742034249606,3989,16.5,1.3,14.3,1.1,1,0.2,0.4,0.2,86.8,1.7,23.6,0.1,20.5,0.1,1.9,,0.6,0.2,60.2,1.4,1.7,0.4,31.1,1.7,14.3,1.4,12.3,1.5,25.7,1.7,4.3,0.7,25.3,1.5,6.8,1.1,5.8,0.9,5.6,0.9,23,1,6,1.2,4,0.9,27.6,2.1,5.2,1.1,0.3,0.2
"39039","Defiance County, Ohio","39","039",TRUE,"missing_estimate:",73064,11.1990910483715,4002,19,1.7,14.5,1.3,0.9,0.5,1.4,0.6,88,1.8,22.5,0.1,20.2,0.3,11.1,,1.6,0.5,63.3,1.6,3.3,0.7,28.9,2.4,11.2,1.6,12.1,1.9,26.7,2.6,1.7,0.7,24.4,2.2,6.4,1.3,4.5,1.1,6,1.2,19.8,1,7.5,1.3,4.6,1.1,20.7,2,5,1.2,0.9,0.6
"39041","Delaware County, Ohio","39","041",TRUE,"missing_estimate:",133540,11.8021563374119,2345,59.4,1.1,8.4,0.6,9.7,0.5,2.8,0.3,96,0.5,24.8,0.1,15.1,0.1,3.5,,4.3,0.2,69.9,0.9,2.1,0.3,58.5,1.1,12.3,0.8,3.5,0.5,7.3,0.7,0.5,0.2,9.2,0.8,15,0.9,5.3,0.5,25.9,1.1,25.4,0.7,4.6,0.6,2,0.5,21.5,1.4,3.2,0.7,0.2,0.1
"39043","Erie County, Ohio","39","043",TRUE,"missing_estimate:",71993,11.1843241710496,3166,29,1.9,15.8,1.2,2.1,0.6,1.5,0.4,88.3,1.6,19.4,0.3,23.7,0.1,4.6,,8.2,0.5,61.7,1.4,3.3,0.7,35.8,2.2,18.1,1.7,7.5,1,18.2,1.5,1.8,0.6,18.4,1.7,6.3,1.1,5.1,0.9,6,1,21.5,1,15.7,1.5,3.1,0.6,28.1,1.9,6.9,1.3,0.3,0.3
"39045","Fairfield County, Ohio","39","045",TRUE,"missing_estimate:",90966,11.4182410893096,2392,32.3,1.2,13.8,0.8,4.3,0.4,2.1,0.3,92.5,0.8,23.8,,16.6,0.1,2.8,,9.2,0.4,64.1,0.8,2.4,0.4,41.9,1.5,15.4,1.2,8.8,0.9,14.5,1,0.6,0.2,8.8,0.8,9.6,0.8,5.1,0.7,14.5,1,28,0.8,5.7,0.8,2.1,0.3,25.1,1.3,4.1,0.6,0.4,0.3
"39047","Fayette County, Ohio","39","047",TRUE,"missing_estimate:",63275,11.0552455854133,4317,14.4,2.3,16.6,1.7,1.9,0.5,1.3,0.5,85.1,2.2,23.4,0.2,17.9,0.3,2.5,,2,0.5,58.5,2.2,2.2,0.8,29.5,3.2,16.6,2.5,12.9,2.5,25.3,3.3,3.6,0.9,19.3,2.6,5.8,1.7,6.3,1.6,5.5,1.5,27,1.6,9,2,3.3,1,35.3,2.9,4.8,1.4,0.3,0.3
"39049","Franklin County, Ohio","39","049",TRUE,"missing_estimate:",75176,11.2275873100629,980,42.1,0.5,11.9,0.3,13,0.3,6.7,0.3,94.1,0.3,23.3,,13,0.1,7.5,,23.1,0.2,69.5,0.3,3.2,0.2,47,0.6,14.8,0.4,5.1,0.3,13.8,0.4,0.3,0.1,7.4,0.3,13,0.3,4.6,0.2,19.3,0.4,21.5,0.2,7.1,0.3,1,0.1,47.2,0.5,7.4,0.3,0.7,0.1
"39051","Fulton County, Ohio","39","051",TRUE,"missing_estimate:",72864,11.1963499688635,2855,20.2,2,14.8,1.6,1.7,0.4,1.5,0.5,89.8,1.6,23.1,0.1,19.4,0.1,9.3,,0.3,0.2,63.8,1.4,2.5,0.6,33.3,2.4,13.9,1.7,11,1.7,21.7,2.1,2.3,0.9,21.3,2.1,6.7,1.3,4.8,1,5.3,0.9,24.1,1.4,4.2,1.1,6.2,1.3,19.8,2.5,2.8,1,0.3,0.3
"39053","Gallia County, Ohio","39","053",TRUE,"missing_estimate:",56830,10.9478196342912,4410,20.5,2.3,20.2,2,1.2,0.3,0.4,0.3,78.9,2.6,23.6,0.3,19.9,0.3,1.1,,2,0.7,52.7,2.2,1.9,0.7,33.7,3.1,21,2.4,9.1,1.6,19.6,2.8,1.4,0.7,13.6,2.4,3.9,1.3,4.8,1.5,8,2,25.4,2.2,13.7,1.9,21.4,2.4,25.3,2.3,8.2,1.8,0.3,0.4
"39055","Geauga County, Ohio","39","055",TRUE,"missing_estimate:",107860,11.5885893688912,4878,40.9,1.5,9.8,0.6,2.7,0.4,3.4,0.5,88.9,1.1,22.2,,22.3,0.1,2,,1,0.1,63.7,1.2,1.9,0.5,43.3,2.1,14.2,1.4,10.9,1,11.6,1.3,0.8,0.3,16,1.2,12.3,1.3,7.3,1,16.7,1.6,27,0.9,5.1,1.1,3.6,0.6,12.8,1.4,8.1,0.8,0.2,0.2
"39057","Greene County, Ohio","39","057",TRUE,"missing_estimate:",87309,11.3772088292975,2511,41.7,1.1,13.8,0.7,4.7,0.4,1.6,0.2,92.8,0.7,20.6,,18.6,,3.3,,5.8,0.4,63.1,0.8,2.6,0.4,48.6,1.4,15.6,1.1,5.6,0.6,11.6,1,0.7,0.2,10.8,0.9,12.8,1,5.2,0.7,12.9,1,22,0.6,5.8,0.7,0.8,0.2,32,1.1,4.4,0.6,0.4,0.2
"39059","Guernsey County, Ohio","39","059",TRUE,"missing_estimate:",58478,10.9764058941124,3866,15.6,1.7,17,1.2,0.9,0.3,1.2,0.5,86.4,2,22.1,0.4,20.1,0.1,1.4,,1.9,0.4,57,1.7,3,0.9,28.9,2.7,19.9,2.5,10.4,1.8,23.2,2.5,5.6,1.3,15.9,2.3,5.8,1.4,5.7,1.4,4,1.1,22.9,1.4,14.3,1.6,11.9,1.7,27.9,2.4,8.8,1.7,0.7,0.6
"39061","Hamilton County, Ohio","39","061",TRUE,"missing_estimate:",72470,11.1909279621033,1214,41.8,0.6,13.1,0.3,6.3,0.3,3.2,0.3,91.3,0.5,23,,16.6,0.1,4.8,,23.9,0.3,66.2,0.4,3.3,0.2,47.3,0.7,15.4,0.5,5.2,0.3,12.2,0.5,0.2,0.1,11.7,0.4,14.1,0.5,4.7,0.3,15.3,0.6,22.8,0.3,7,0.4,0.9,0.1,40.7,0.8,10.3,0.5,0.7,0.2
"39063","Hancock County, Ohio","39","063",TRUE,"missing_estimate:",73141,11.200144364019,3050,30.3,1.7,12.5,0.9,3.3,0.7,1.6,0.4,91.2,1.4,21.8,0.1,18.6,0.2,6.1,,1.8,0.3,64.1,1.3,2,0.5,37.2,2.1,15.4,1.5,6.8,1,22.9,1.5,1.1,0.4,23.2,2,8,1.4,5.5,1,9.7,1.4,18,0.9,6.8,1.2,5.6,1.1,29.2,1.8,5.1,1.1,0.1,0.1
"39065","Hardin County, Ohio","39","065",TRUE,"missing_estimate:",62484,11.0426658029509,3305,19.5,2.1,12.4,1.2,1,0.4,0.9,0.4,85.7,1.8,22.9,0.3,16.1,0.2,2.4,,1.3,0.4,61.6,1.6,2.8,1,31.3,2.5,14.5,1.9,10.9,2,24.5,2.2,2.9,0.9,26.4,2.4,7.1,1.4,5.7,1.2,4.8,1.2,23.6,1.4,9.2,1.9,11,2,25.3,2.9,6.6,1.8,1,0.9
"39067","Harrison County, Ohio","39","067",TRUE,"missing_estimate:",54414,10.9043767526756,3944,11.5,2,17.3,1.8,0.2,0.2,0.4,0.3,83.1,2.5,21,0.2,22.8,0.4,1.2,,2.7,0.6,51.8,2.9,2.3,1.2,25.3,3.2,17.5,2.9,14.1,2.3,24.3,3.1,4.7,1.6,13.9,2.7,7.1,2.4,6.5,2,6.6,2.1,29.4,2,19.4,2.5,13.1,2.7,23.7,3.8,6.1,1.8,0,0.6
"39069","Henry County, Ohio","39","069",TRUE,"missing_estimate:",80099,11.291018648584,5385,19.5,1.7,13,1.1,1.1,0.6,1.2,0.6,87.7,2,23.3,0.2,19.9,0.3,8.3,,0.5,0.3,64.2,1.6,2.5,0.8,35.5,2.8,12.1,1.9,11.1,2,24.6,2.4,2.3,0.6,25.1,2.5,5.2,1.3,6.5,1.4,5.8,1.3,23.7,1.5,5.3,1.5,6.1,1.4,17.5,2.2,3.7,1.2,0.2,0.2
"39071","Highland County, Ohio","39","071",TRUE,"missing_estimate:",65785,11.0941471277999,1628,16.3,1.6,18.2,1.6,0.5,0.3,1.1,0.4,83.4,2.1,23.9,0.2,19.1,0.2,1.2,,1.2,0.5,60.4,1.8,1.9,0.6,31.2,2.6,15.3,2.1,12.4,1.8,23.3,3,3.1,1.1,18.7,2.7,5.9,1.6,7.9,1.6,6.5,1.4,29.1,1.5,11,1.7,13.5,1.9,25.7,2.5,6.8,1.4,0.3,0.4
"39073","Hocking County, Ohio","39","073",TRUE,"missing_estimate:",62960,11.0502548830913,4180,13.5,1.8,17.6,1.9,0.9,0.5,0.7,0.4,85.8,2.6,21.4,0.2,20.2,0.3,1,,0.3,0.2,57.6,2.5,3.1,0.9,29.6,3.7,18.9,2.7,12.5,2.1,18.9,2.6,1.2,0.8,12.8,2.6,7.6,1.5,7.2,1.7,6.9,1.9,30.3,1.6,11.1,2,16.7,2.6,21.2,2.2,5.7,1.8,1.1,0.9
"39075","Holmes County, Ohio","39","075",TRUE,"missing_estimate:",76140,11.2403290299365,3960,11.1,1.2,8,0.9,0.4,0.3,18.1,2.2,63.5,2.7,30.3,0.1,14.5,0.1,1.1,,0.1,0.1,64,1.4,1.4,0.7,24.5,2.2,11.4,1.5,14.8,1.5,29,2,5.7,1,30.5,2.5,4.8,1.2,12.5,1.6,8,1.5,20.9,1.1,8,2.1,6.8,1.9,21,2.6,30.9,2.5,0.8,0.4
"39077","Huron County, Ohio","39","077",TRUE,"missing_estimate:",67878,11.1254672551545,3144,16.7,1.7,16.1,1.2,1.7,0.4,2.4,0.7,88.4,1.4,23.6,0.1,18.5,0.2,7.4,,0.8,0.2,61.6,1.3,2.8,0.7,31.3,2.7,14.5,1.7,11.3,1.5,25.5,2,2.6,0.7,23.1,2,6.6,1.1,4.9,1.1,5.4,1.2,22.4,1,8.2,1.4,7.5,1.2,26,2,4.3,0.9,0.5,0.4
"39079","Jackson County, Ohio","39","079",TRUE,"missing_estimate:",57106,10.9526644689328,5476,15.9,1.9,23.1,2.5,0.8,0.6,0.7,0.6,84.3,2.3,23.8,0.3,17.9,0.3,1,,0.8,0.4,56.5,3.2,2.1,0.8,31.6,2.9,16.3,2.9,11.8,2.3,20.6,2.8,1.2,0.6,18.8,2.7,5.8,1.7,6,2.1,6,1.8,29.4,2.6,11.1,2.5,19,2.9,26.1,2.9,7.6,2.3,0,0.3
"39081","Jefferson County, Ohio","39","081",TRUE,"missing_estimate:",59055,10.9862244920459,1641,20.3,1.4,17.4,1.1,1.2,0.3,0.6,0.2,86.6,1.4,19.4,0.1,22.5,0.1,1.9,,5.1,0.5,55.5,1.3,2.8,0.5,32.5,2,18.6,1.6,9.1,1,17.8,1.6,2.2,0.7,10.2,1.2,9.5,1.4,4.4,0.9,8.7,1.4,23.8,1.1,12.5,1.2,5.9,1,29.5,1.8,8.5,1.1,0.4,0.3
"39083","Knox County, Ohio","39","083",TRUE,"missing_estimate:",73878,11.2101703630209,3321,24.7,1.9,13,1.1,1.4,0.4,2,0.7,89.3,1.6,22.8,0.1,19.2,0.2,2,,0.9,0.2,60,1.6,1.5,0.4,34.4,2.1,18.8,1.9,9.4,1.4,16,1.6,2.1,0.7,14.3,1.6,8.4,1.8,6.3,1.3,13.7,1.9,25.7,1.3,9.9,1.6,4,1.1,24.5,2.1,6.3,1.4,0.3,0.3
"39085","Lake County, Ohio","39","085",TRUE,"missing_estimate:",80925,11.3012780787944,2084,31.6,1,14,0.6,5.4,0.5,3,0.4,92.8,0.7,19.3,0.1,21.7,0.1,5.3,,4.7,0.2,65.8,0.6,2.6,0.3,40.4,1.2,14.8,0.9,7.1,0.5,16,0.9,0.4,0.1,19.7,1,9.3,0.7,4.4,0.5,13.6,0.9,23.1,0.5,4.9,0.6,1.9,0.3,24.2,0.9,5.1,0.6,0.4,0.2
"39087","Lawrence County, Ohio","39","087",TRUE,"missing_estimate:",58325,10.9737860968896,2853,18.5,1.6,23.1,1.5,0.8,0.2,0.3,0.2,84.7,1.9,21.6,0.1,19.1,0.1,1.1,,1.7,0.4,53.4,1.4,1.4,0.4,34.9,2.6,18.3,2.1,7.9,1.4,17.1,2,0.9,0.5,11.5,1.5,8.5,1.3,5.2,1,5.2,1.1,23.2,1,14.6,1.8,15.7,1.9,27.7,2.5,6.8,1.3,0.2,0.2
"39089","Licking County, Ohio","39","089",TRUE,"missing_estimate:",84426,11.3436306900163,2405,29.3,1,15.3,0.8,4.6,0.3,2.4,0.3,92.4,0.8,22.8,0.1,17.5,0.1,2.5,,4.2,0.3,63.1,1.1,2,0.3,39.7,1.4,15.7,1.1,9,0.7,14.4,0.9,0.8,0.2,10.9,0.8,8.5,0.7,4.9,0.5,15.8,1.1,26.6,0.7,6.4,0.8,4.8,0.6,26.3,1.3,5.2,0.6,0.4,0.2
"39091","Logan County, Ohio","39","091",TRUE,"missing_estimate:",71551,11.1781657611273,3564,18.7,1.9,15.5,1.2,1.6,0.5,1.1,0.6,89,1.7,22.7,0.1,19.4,0.2,2.4,,1.7,0.5,60.2,1.7,2.5,0.7,32.3,2.5,14.8,1.9,8.5,1.2,28.6,2.5,2.3,0.8,26.3,2.6,9.5,2.1,6.3,1.4,8.9,2,21.8,0.9,18,1.7,9.7,1.3,22.4,2.3,6.1,1.7,0.3,0.4
"39093","Lorain County, Ohio","39","093",TRUE,"missing_estimate:",73347,11.2029568829392,1501,28.5,0.8,15.3,0.6,3.1,0.3,2.5,0.3,88.9,0.7,21.5,,19.8,0.1,11,,7.1,0.4,61.1,0.7,2.6,0.3,38.9,1,16.2,0.7,8.3,0.5,15.6,0.8,0.4,0.1,15.8,0.7,10.2,0.7,4.1,0.4,11.7,0.7,25.4,0.6,6.6,0.6,1.9,0.2,26,0.9,5.7,0.5,0.2,0.1
"39095","Lucas County, Ohio","39","095",TRUE,"missing_estimate:",62224,11.0384960563955,1016,29.4,0.7,15.4,0.5,4,0.3,1.7,0.2,89.4,0.6,22.8,0.1,17.6,0.1,7.8,,18.9,0.3,63,0.6,4,0.3,37,0.9,17.1,0.7,6.6,0.4,19.6,0.8,0.4,0.1,15.3,0.8,9.5,0.6,4.8,0.4,8.9,0.5,20.5,0.4,8.8,0.4,2.1,0.2,38,0.8,8.6,0.5,0.5,0.2
"39097","Madison County, Ohio","39","097",TRUE,"missing_estimate:",87045,11.3741805052928,4302,24.2,1.9,14.1,1.3,2.2,0.4,1.4,0.6,90.7,1.7,19.9,,16.5,0.3,3.1,,4.3,0.6,59.1,1.6,2.1,0.6,37.9,3.1,15.3,2,10.6,1.7,18.9,2.1,2.3,0.7,14.4,2.2,10.1,1.6,7.4,1.6,15.2,1.8,24.9,1,5,1.4,4.2,1,22.5,2.3,3.3,0.9,0.1,0.1
"39099","Mahoning County, Ohio","39","099",TRUE,"missing_estimate:",56942,10.9497884849078,1365,27,0.8,17,0.7,2.4,0.3,1.7,0.2,87.3,0.7,20.3,0.1,22.5,0.1,6.8,,13.6,0.3,57.8,0.8,3.7,0.4,35.6,1.2,19.1,0.9,7.2,0.6,15.6,1.1,0.4,0.1,12.1,0.9,7.9,0.7,4.3,0.5,9.8,0.8,22.5,0.5,9.2,0.7,1.6,0.3,29.7,0.9,8.4,0.7,0.4,0.2
"39101","Marion County, Ohio","39","101",TRUE,"missing_estimate:",59371,10.9915611706465,4308,14.7,1.2,17.2,1.3,1.5,0.4,0.9,0.3,86.8,1.8,21.3,0.1,18.7,0.2,3.2,,4.7,0.5,53.2,1.4,3.4,0.7,28.9,1.9,20.4,2,8.1,1.4,24.7,2,1.9,0.8,21.5,1.8,6.6,1.1,6.4,1.2,6.2,1.1,24.5,1.9,9.8,1.3,4.6,1.1,32.5,2.1,6.9,1.7,0.2,0.2
"39103","Medina County, Ohio","39","103",TRUE,"missing_estimate:",94968,11.4612952717334,2399,36.2,1,13.1,0.7,3.3,0.4,1.5,0.2,92.9,0.7,21.4,,19.8,0.1,2.7,,1.1,0.2,66.7,0.7,1.9,0.3,44,1.4,14.7,1,8.4,0.7,12.4,0.9,0.8,0.2,13.5,0.7,10.2,0.8,5,0.5,15.3,0.9,26.5,0.5,4.1,0.6,1,0.3,19.7,1,4,0.5,0.3,0.2
"39105","Meigs County, Ohio","39","105",TRUE,"missing_estimate:",46873,10.7551970956958,3283,12.2,1.7,22.1,1.8,0.5,0.3,0,0.1,78.2,3.1,20.6,0.1,21.2,0.3,0.5,0.4,0.9,0.5,48.1,2.1,2.6,1,29.5,3.1,18.3,3.2,12.8,2.7,20.5,3.3,1.6,0.8,11.9,3,5.3,1.4,6.6,1.9,5.1,2.1,31.4,2.2,14.7,2.4,25.5,3.4,24.6,3,6.4,1.7,0.1,0.2
"39107","Mercer County, Ohio","39","107",TRUE,"missing_estimate:",76782,11.2487255166657,4484,21.9,2.1,10.9,1,1.7,0.7,0.3,0.2,91.5,1.2,25.4,0.3,19.2,0.2,2.2,,1.1,0.5,67,1.8,1.1,0.4,33.1,2.4,14,1.6,9.2,1.3,24.5,2.1,5.2,1.2,28.6,2,5.3,1.1,5.7,1.3,4.4,0.9,18.5,0.9,9.4,1.4,6.2,1.1,20.4,2.2,4,1,0.5,0.5
"39109","Miami County, Ohio","39","109",TRUE,"missing_estimate:",76817,11.2491812488072,2939,26.8,1.5,12.6,0.8,2.8,0.4,1.1,0.4,92.3,0.8,22.9,,19.4,0.2,2.1,,1.8,0.4,64.1,1,2,0.5,38.8,2,14.9,1.4,7.4,1.1,20.6,1.6,1.3,0.5,23.1,1.7,9.1,0.9,4.9,0.7,10.2,1.1,22,0.8,4.9,0.8,1.1,0.6,26.6,1.5,5.7,0.9,0.1,0.1
"39111","Monroe County, Ohio","39","111",TRUE,"missing_estimate:",60134,11.0043306843556,5387,12.1,1.9,17.2,1.8,0.6,0.5,0.6,0.7,80.4,3.3,20.3,0.1,23.7,0.2,0.1,0.1,0.4,0.5,53.9,2.3,2.9,1,28.3,3.3,13.9,2.3,16.8,2.8,21.7,3.8,9.1,2.6,12.9,2.5,7.6,2.3,8,2.4,5,2.1,33.3,2.5,20.8,2.8,17.5,3,20.1,3.1,9.4,2.7,0.7,0.5
"39113","Montgomery County, Ohio","39","113",TRUE,"missing_estimate:",66139,11.0995138669779,1144,31.3,0.7,15.2,0.4,5.3,0.3,2.7,0.3,90.6,0.5,22.2,0.1,18.6,0.1,4.2,,20.4,0.3,63.4,0.6,3.6,0.3,40.7,0.8,16.9,0.8,6.7,0.4,16.8,0.6,0.3,0.1,13,0.5,11.3,0.6,4.5,0.4,12,0.6,21.9,0.3,8.5,0.4,1.3,0.2,37.5,0.8,8.5,0.6,0.3,0.1
"39115","Morgan County, Ohio","39","115",TRUE,"missing_estimate:",59351,10.9912242490955,3770,14.4,2.5,18.4,1.8,0.7,0.3,0.4,0.3,81.7,2.4,20.9,0.4,22.5,0.4,1.2,,2.9,0.6,51.1,2.5,1.8,0.7,31.1,4.1,15.4,2.8,12.9,2.8,22.4,3,1.1,0.6,16.8,3.7,6.3,2.2,7,2.4,6.8,2.3,37.5,3,22,3.1,18.6,3.2,21.1,2.7,6.7,1.6,1,1.2
"39117","Morrow County, Ohio","39","117",TRUE,"missing_estimate:",75283,11.2290096246873,4487,19.4,1.9,15.5,1.3,1,0.4,1.5,0.6,88.3,1.7,21.7,0.1,19.3,0.2,1.9,,0.4,0.3,61.1,2,1.8,0.6,35.9,3.2,12.8,1.7,12.9,1.9,20.5,2.8,2.8,0.9,16.1,2.6,6.5,1.6,7.2,1.6,12.4,2.2,32.8,1.5,8.4,1.7,9.9,1.9,18.8,2.8,5.3,1.7,0.3,0.4
"39119","Muskingum County, Ohio","39","119",TRUE,"missing_estimate:",60780,11.0150160664708,3160,20.6,1.4,15.9,1,0.7,0.2,0.9,0.3,89.3,1.4,22.7,0.1,18.6,0.1,1.3,,3.1,0.4,59.4,1.1,2.5,0.5,32.8,1.9,16.5,1.4,11,1.4,19.6,1.7,1.4,0.4,10.8,1.4,6.7,0.9,6,0.9,6.3,0.9,25.4,1.1,10.4,1.3,8.8,1,31.8,1.8,7.7,1.2,0.5,0.3
"39121","Noble County, Ohio","39","121",TRUE,"missing_estimate:",56098,10.9348554402514,8300,15.7,2.6,21,3,0.6,0.5,1.8,0.9,78.2,3.9,19,,29.7,,1.7,0.8,4.2,0.7,37.4,3.2,0.5,0.3,34.4,5.6,14.7,3.3,7.3,2.6,22.7,4.9,2,1.2,18.2,4.8,6.4,3.1,7,3.5,4.8,2.9,23,2.2,20.3,3.1,15.8,3.3,16.5,3.4,7.7,3.3,0,0.1
"39123","Ottawa County, Ohio","39","123",TRUE,"missing_estimate:",76101,11.2398166843679,3220,29.5,1.6,15.6,1.1,0.8,0.2,0.5,0.2,87.8,1.9,17.5,0.1,27.7,0.4,5.3,,1,0.3,57.3,1.8,1.8,0.4,36.3,2.4,15,1.6,10.9,1.6,18.6,1.7,1.4,0.5,17.3,1.7,7.5,1.2,5.2,1,7.8,1.4,24.8,1.9,36,1.4,11.4,1.4,16.4,1.9,3.5,0.9,0.4,0.3
"39125","Paulding County, Ohio","39","125",TRUE,"missing_estimate:",67731,11.1232992566061,5368,16.9,2,15.9,1.8,2,0.8,1.2,0.5,82.2,2.1,23.6,0.2,19.3,0.3,5.8,,0.2,0.2,62.6,2.1,2.3,0.7,28.3,2.8,13.8,2.1,10.6,2.1,29.8,3.3,5.5,1.3,28.7,3.2,4.3,1,6,1.5,4.1,1.2,24,1.3,10.8,2.1,7.1,1.8,19.9,2.3,3.2,1.1,0.7,0.7
"39127","Perry County, Ohio","39","127",TRUE,"missing_estimate:",67460,11.1192901086156,5445,16.2,1.7,16.3,1.5,0.5,0.3,0.5,0.3,86.5,1.9,23.4,0.1,18.3,0.2,0.9,,0.2,0.2,57.1,1.8,2.1,0.7,31.2,2.8,17.5,2.2,11.9,1.6,22,2.2,1.3,0.5,14,2,7.3,1.5,4.3,1.1,5.1,1.1,33.2,1.8,10.6,1.6,16.3,2.2,23.6,2.4,7.2,1.6,0.6,0.5
"39129","Pickaway County, Ohio","39","129",TRUE,"missing_estimate:",74040,11.2123607666874,3061,21.7,1.6,14.3,0.9,0.7,0.3,0.4,0.2,89.8,1.7,21.6,,16.4,0.1,1.9,,3,0.4,58.6,1.4,2.1,1.1,37,2.3,15.9,1.8,11.6,1.7,16.6,1.8,2,0.7,9.8,1.4,9.1,1.2,5.7,1.1,13.5,1.7,27.9,1.1,4.7,0.9,7.2,0.9,26,2.2,6.7,1.6,0.6,0.4
"39131","Pike County, Ohio","39","131",TRUE,"missing_estimate:",52736,10.8730536132691,4871,16.3,2.4,22.1,2.1,0.5,0.2,0.6,0.3,82.3,3.1,23.5,0.1,19.1,0.6,0.6,0.5,1,0.6,50.8,2.9,2.7,0.9,37.3,4,18,3.1,7.1,2,20.7,3.4,1.1,0.7,12.4,2.7,5.7,1.9,4.1,1.5,5.2,1.9,29.7,2.3,10.3,2.3,19.3,2.7,31.5,3.2,5.4,1.7,0.1,0.2
"39133","Portage County, Ohio","39","133",TRUE,"missing_estimate:",75766,11.2354049221897,3140,32.5,1.1,13.5,0.8,3.7,0.4,1,0.3,89.8,1,18.2,,18.3,0.1,2.3,,5,0.3,64.6,0.9,3.4,0.5,38.2,1.5,17.7,1.1,8.5,0.9,16.5,1.2,1.6,0.4,15.9,1.2,9.9,0.9,5.3,0.7,14.9,1.2,24.8,0.6,8.5,0.8,6.1,0.7,29.9,1.4,6.6,1,0.3,0.2
"39135","Preble County, Ohio","39","135",TRUE,"missing_estimate:",69223,11.1450884563253,3243,18.5,1.9,15.8,1.4,0.6,0.2,0.2,0.1,88,1.9,22.2,0.1,20.4,0.2,1.1,,0.7,0.3,61.9,1.4,1.9,0.4,31.8,2.5,13.9,1.6,12.1,1.5,24.2,2.6,2.7,0.6,23.1,2.4,5.9,1,5.2,1,7.3,1.4,26.4,1.2,7.8,1.4,3.2,0.8,20.3,2,4,1.2,0.1,0.1
"39137","Putnam County, Ohio","39","137",TRUE,"missing_estimate:",84928,11.3495591176919,3549,26.4,1.9,10.5,0.9,1.6,0.7,1.5,0.7,88,1.7,25.5,0.1,18.9,0.2,6.7,,0.5,0.2,64.9,1.5,1.2,0.4,39.9,2.1,13.3,1.4,9.9,1.2,22,1.9,3,0.7,25.4,1.9,6.8,1,6.5,1.3,6.1,1.1,22.3,1.1,5.3,1.5,3.6,0.8,12.9,1.9,2.1,0.5,0.4,0.3
"39139","Richland County, Ohio","39","139",TRUE,"missing_estimate:",59509,10.9938828405992,1463,17.9,1.1,16.5,1,1.6,0.3,1.7,0.6,87.9,1,21.8,,20.1,0.1,2.3,,7.1,0.5,56.5,1.1,3,0.7,31.9,1.9,17.5,1.4,8.3,1.1,22.7,1.6,1.4,0.4,20.6,1.7,6.2,0.8,5,0.7,5.6,0.8,21.8,0.8,8.3,1,4,0.8,32.1,1.7,7.2,0.8,0.3,0.2
"39141","Ross County, Ohio","39","141",TRUE,"missing_estimate:",61303,11.0235840603679,2761,17.4,1.4,18.9,1.3,1,0.3,0.6,0.3,88,1.6,21,,17.9,0.1,1.4,,5.5,0.4,53.6,1.4,2,0.4,31.5,2.2,19.9,2.3,11.2,1.5,20.4,1.7,1.1,0.4,18.2,2.1,6.4,1.2,4.6,0.9,5.2,1.1,26.4,1.2,7.1,1.4,13.5,1.8,30.4,2.2,6.3,1.4,0.3,0.2
"39143","Sandusky County, Ohio","39","143",TRUE,"missing_estimate:",62295,11.039636444733,3763,18.4,1.9,16.8,1.3,1.9,0.5,1.2,0.3,86.9,1.5,21.6,0.1,20.3,0.1,10.9,,2.8,0.4,58.8,1.6,2.5,0.6,29.9,2.4,17.3,1.7,9.9,1.3,25.2,2.1,2,0.7,26.5,2.3,5.9,0.9,4.5,0.8,4.2,0.8,20.7,1.4,6.8,1.2,6.4,1.7,26.6,2.4,3.5,0.8,0,0.2
"39145","Scioto County, Ohio","39","145",TRUE,"missing_estimate:",50609,10.831884705072,2908,18.2,1.5,22.1,1.4,1,0.3,0.5,0.1,86.3,1.7,21.7,,18.8,0.1,1.6,,2.3,0.2,49.5,1.6,2.9,0.5,32.7,2.3,18.7,1.8,9.1,1.2,16.5,1.6,0.9,0.4,10.6,1.5,6.8,1.1,5.9,1.2,5.6,1,27.9,1.9,12.7,1.4,14.7,1.5,31.6,1.8,7.9,1.1,0.5,0.3
"39147","Seneca County, Ohio","39","147",TRUE,"missing_estimate:",66025,11.0977887371653,3286,20.6,1.7,15.2,1,1.2,0.3,0.8,0.3,88.1,1.3,21.4,0.1,19.2,0.2,5.7,,2.4,0.4,61.5,1.3,2.2,0.5,32.3,1.8,16.4,1.7,9.7,1.2,25.7,1.7,2.2,0.5,26.4,1.5,5.5,1,5,0.9,5.9,1.1,20.7,0.7,7.1,1.3,4.2,0.9,26.6,1.9,6.1,1.4,0.8,0.5
"39149","Shelby County, Ohio","39","149",TRUE,"missing_estimate:",73978,11.2115230306874,3615,21.4,1.9,14.7,1.3,1.3,0.4,0.8,0.4,92.5,1.5,24.5,0.1,18.1,0.3,1.7,,2.2,0.4,65.5,1.4,2.7,0.7,32.6,2.4,13.6,1.7,9.5,1.1,28.7,2.3,2.6,1,35.9,2.3,4.8,1,4,0.9,5,1.2,19,1,6.2,1.5,3.9,0.9,26.3,2.4,4.1,1.2,0.5,0.5
"39151","Stark County, Ohio","39","151",TRUE,"missing_estimate:",67934,11.1262919245972,1289,25.9,0.8,14.2,0.5,2.2,0.2,1,0.2,87.4,0.7,21.5,0.1,20.5,0.1,3,,7.1,0.3,61.7,0.7,2.4,0.2,36.4,0.9,16.7,0.8,8.2,0.5,18.6,0.9,0.9,0.2,16.7,0.7,8.4,0.6,4.6,0.5,11.8,0.7,21.7,0.4,7.1,0.5,2.2,0.3,30.8,0.9,6.7,0.5,0.3,0.1
"39153","Summit County, Ohio","39","153",TRUE,"missing_estimate:",71622,11.1791575683231,1137,35.8,0.6,14.2,0.4,6,0.3,3,0.3,91.6,0.5,20.7,0.1,19.4,0.1,2.7,,13.7,0.3,64.4,0.5,3.3,0.3,42.5,0.8,15.8,0.6,6.7,0.4,14.6,0.6,0.3,0.1,14.4,0.5,10.8,0.5,4.9,0.3,14.8,0.6,23.2,0.4,6.7,0.5,0.9,0.1,32.5,0.7,7.9,0.5,0.4,0.1
"39155","Trumbull County, Ohio","39","155",TRUE,"missing_estimate:",56435,10.9408448123897,1731,20.9,0.9,17.6,0.7,1.2,0.2,1.4,0.2,85.2,0.9,20.6,,22.4,0.1,2.3,,8,0.3,55.4,0.8,2.6,0.3,31.4,1.4,18.1,1.1,9.3,0.7,21.1,1.1,0.8,0.2,18.1,1.2,7.4,0.6,5.5,0.7,6.6,0.8,23.4,0.6,8.4,0.7,4.1,0.5,28.7,1.1,8.2,0.8,0.2,0.1
"39157","Tuscarawas County, Ohio","39","157",TRUE,"missing_estimate:",65044,11.0828192429456,2463,19.8,1.4,15.5,1.1,2.3,0.4,2.9,0.5,85.3,1.4,23.2,,20.2,0.1,4.7,,0.6,0.2,61.1,1.2,2.7,0.6,31.1,1.6,16.6,1.3,10.3,1,23.7,1.5,2.5,0.6,22.6,1.5,8.4,1,6.4,0.8,8.3,1.1,23.2,1,5.9,0.9,8.5,1.2,31.1,1.6,7.4,1.1,0.2,0.1
"39159","Union County, Ohio","39","159",TRUE,"missing_estimate:",112322,11.6291250253689,3644,39.2,2.1,10.5,1,6.2,0.7,1.9,0.5,95.2,1,24.1,,13.2,0.1,3.4,,2.3,0.5,68.4,1.2,1.8,0.4,47.9,2,11.9,1.4,6.5,0.9,15.2,1.5,1.5,0.5,17.6,1.7,12.8,1.6,4.7,0.8,21.6,2.1,26,1.2,3.7,1,3.8,0.9,20.8,1.8,2.4,0.7,0.2,0.2
"39161","Van Wert County, Ohio","39","161",TRUE,"missing_estimate:",67917,11.1260416503984,3470,17.1,1.9,14.3,1.2,1.3,0.4,0.7,0.4,88.6,1.7,23,0.1,20,0.2,4.2,,0.5,0.2,64,1.7,2.2,0.8,33.6,2.7,15,1.8,8.3,1.2,28.1,2.2,3.3,0.9,29.3,2.2,4.6,1.1,6,1.2,4.5,1.3,19.7,1.3,8.1,1.6,4.4,1.1,17.9,2,3.6,1,0.5,0.6
"39163","Vinton County, Ohio","39","163",TRUE,"missing_estimate:",55336,10.9211789702804,4819,13.4,2.2,22.2,3.1,1.1,0.9,1.2,1,80.1,3.5,20.8,0.4,19.6,0.9,0.2,0.4,1,1.4,52.1,3.2,2.9,1.2,35.8,4.6,13.1,3.2,14.7,3,21.3,4.5,2.8,1.7,17.4,4,4.6,2.2,4.5,2.1,10,3.2,35.8,2.7,10.2,3.1,28.4,4,24.5,4.6,5.4,1.8,0.4,0.6
"39165","Warren County, Ohio","39","165",TRUE,"missing_estimate:",110132,11.60943492535,2685,45.6,1.1,10.5,0.6,9.1,0.5,2.8,0.3,94.9,0.6,23.8,,15.8,,3.5,,3.2,0.2,66.1,1,2,0.3,51,1.4,13.5,1.1,5.9,0.6,10.7,0.8,0.4,0.1,16.6,0.9,14,0.9,4.8,0.5,18.6,1.2,25.3,0.6,4.2,0.7,1,0.3,20.6,0.9,3.1,0.5,0.4,0.2
"39167","Washington County, Ohio","39","167",TRUE,"missing_estimate:",63603,11.0604159180271,3544,21.9,1.8,16.4,1.1,1.2,0.4,0.5,0.3,87.5,1.5,19.8,0.1,22.2,0.3,1.3,,0.8,0.3,58.1,1.4,2.8,0.7,33.2,2,16.8,1.7,10.7,1.3,18.3,1.7,2,0.7,12.1,1.5,6.1,1.1,6,1.3,9.1,1.5,23.5,1.1,11.3,1.3,8.8,1.4,24.6,1.6,5.5,1,0.4,0.3
"39169","Wayne County, Ohio","39","169",TRUE,"missing_estimate:",73574,11.2060469814361,2496,25.1,1.2,12.6,0.7,2.7,0.3,4.9,0.6,85.3,1.1,24,,19,0.1,2.5,,1.2,0.2,61,1.1,2,0.4,32.3,1.4,14.8,1.1,11.7,0.9,21.5,1.2,3.4,0.5,23,1.3,6.5,0.7,6.6,0.7,8.3,0.9,20.6,0.6,5.5,0.8,5.7,0.8,23.4,1.1,10,1,0.3,0.2
"39171","Williams County, Ohio","39","171",TRUE,"missing_estimate:",61048,11.0194157189695,2193,13.7,1.4,17.2,1.5,1.4,0.4,1.1,0.5,85.5,1.9,22,0.1,20.1,0.2,5.4,,0.6,0.2,61,1.7,2.5,0.8,26.2,2,15.9,1.7,8.7,1.3,29.7,2.3,0.9,0.4,33.6,2.4,5.5,1.2,4.3,1.2,2.7,0.7,19.8,1.2,6.6,1.3,7.5,1.2,23.7,2.2,5.5,1.5,0.1,0.1
"39173","Wood County, Ohio","39","173",TRUE,"missing_estimate:",74216,11.2147350393331,2456,36.5,1.4,12.5,0.8,3.8,0.4,1.6,0.4,92.8,0.8,20.2,,16.7,0.1,6.6,,2.1,0.3,65.5,1.2,2.9,0.5,40.5,1.5,14.3,1.1,7.2,0.7,18.2,1.3,0.7,0.2,18.4,1.3,7.7,0.8,4,0.5,10.3,1,20.5,0.6,5.9,0.8,5.9,0.6,35.6,1.4,5.1,0.8,0.4,0.2
"39175","Wyandot County, Ohio","39","175",TRUE,"missing_estimate:",69768,11.1529307309068,4532,19.6,2.3,13.7,1.4,1.4,0.9,0.8,0.6,87.7,2.2,22.4,0.3,20.8,0.4,3.1,,0.2,0.2,62.6,2.3,1.2,0.6,34.6,3.1,13.9,2.3,9.7,1.9,28.6,3.2,2.7,0.9,30.4,3.1,4.2,1.4,4.4,1.1,4.4,1.2,20.7,1.5,9,2.4,6,1.6,25.9,2.3,4.5,1.6,0.2,0.2
"40001","Adair County, Oklahoma","40","001",TRUE,"missing_estimate:",48041,10.7798100919639,3711,12.3,1.5,22.6,1.6,2,0.4,1.5,0.5,71.1,2.8,26.1,0.3,15.8,0.2,7.2,,0.8,0.5,55.1,2.1,3.8,0.9,29.6,2.7,19.6,2.9,14.5,2,19.2,2.7,6.3,1.4,13.7,2.1,4.3,1.1,7.2,1.2,3.3,0.9,25.7,2.3,12.5,1.8,19.5,2.1,31.5,2.7,9,1.9,0.7,0.5
"40003","Alfalfa County, Oklahoma","40","003",TRUE,"missing_estimate:",64615,11.0762018609593,8347,20.1,2.9,17.9,2.5,2,0.8,1.8,0.8,87.6,3.2,18.3,0.9,20.5,0.7,6.2,,3.5,1.3,44.1,1.9,1.9,0.9,33.8,5,11,2.7,18.9,3.7,13.6,3.5,19.4,3.3,4.7,1.9,6.5,2.2,17.1,3.6,3.7,1.7,22.1,3,21.4,4,9.2,2.7,22.5,4.6,1.8,1,1.4,1.2
"40005","Atoka County, Oklahoma","40","005",TRUE,"missing_estimate:",54785,10.9111717128395,2473,16.9,1.6,21.3,1.5,1.2,0.4,1.1,0.4,79.5,2.7,21.3,0.3,18.9,0.3,4.4,,4.1,0.9,48,1.7,2.2,0.6,33.3,2.9,21.3,2.5,14.7,2.4,13.4,2.3,7.4,1.4,5.9,1.6,5.4,1.4,11.8,2.1,8.3,1.7,27.5,1.3,17.1,1.9,18.1,1.8,25.6,2.8,7.5,1.8,1,0.5
"40007","Beaver County, Oklahoma","40","007",TRUE,"missing_estimate:",64276,11.0709415901616,7736,22,3.5,14.9,1.9,9.8,2.1,8,2.1,90.4,2.8,24.6,0.5,20,0.9,28.6,,0.7,0.6,58.2,4.1,1.5,1,33.7,5,12.6,3.3,22.1,4.3,12.4,2.9,20.1,4.1,6.5,2.2,3.4,1.7,8.3,2.6,6.9,2.7,17.7,1.8,32.3,3.5,12.3,2.1,19.1,5.4,1.3,1.1,1,1.4
"40009","Beckham County, Oklahoma","40","009",TRUE,"missing_estimate:",53328,10.8842168005475,6367,12.9,2.1,15.9,1.8,3.7,0.9,2.6,1.6,88.8,2.7,23.1,0.4,15.1,0.5,13.6,,4.6,0.8,49.9,2.6,3.9,1.3,28.1,3.8,18.8,3.9,18.5,3.7,13.5,3.8,13.7,3,6.3,2.4,6.3,2.5,7.7,2.4,4.4,1.7,16.2,2.2,19.2,2.9,13.8,2.8,32.2,3.8,5.2,2.2,1,0.9
"40011","Blaine County, Oklahoma","40","011",TRUE,"missing_estimate:",61642,11.029098735371,3194,18.1,2.6,16,2.1,3.9,0.9,3.3,1,85.4,3.9,24.6,0.5,19.6,0.4,12.6,,3.9,0.8,53.1,2.2,4.5,1.1,34.1,3.4,13.8,2.2,17.4,3,17,2.9,16.1,3,13.9,3.3,4.3,1.6,10.7,2.1,2.6,0.7,19,1.7,26.2,3,15.8,2.4,26.6,3.5,3.3,1.1,0.7,0.6
"40013","Bryan County, Oklahoma","40","013",TRUE,"missing_estimate:",57225,10.9547461448208,3657,26.5,2,18.6,1.1,2.6,0.5,1.9,0.5,83.3,1.7,23.7,,17.3,0.1,8,,2.1,0.3,58.2,1.2,2.7,0.6,33.7,2.1,20.7,1.9,10.5,1.2,14.2,1.5,2.3,0.5,8.6,1.2,5.2,1,6.5,1.1,9.7,1.3,20.4,0.9,11.5,1.1,16.1,1.2,36.2,1.7,5.6,0.9,0.7,0.3
"40015","Caddo County, Oklahoma","40","015",TRUE,"missing_estimate:",55353,10.92148613721,2462,15.8,1.3,18.5,1.1,4.4,0.6,3.5,0.6,83.9,1.5,23,0.1,15.7,0.2,17,,3.1,0.5,53.8,2,3.1,0.5,31.7,2.2,17.5,1.9,17.4,1.8,14.5,1.5,11.9,1.7,6.3,1.1,4.6,1.3,7.9,1.1,5.3,1.1,23.8,1.3,21.6,1.4,12.3,1.1,27.3,2.1,6.9,1.1,0.4,0.2
"40017","Canadian County, Oklahoma","40","017",TRUE,"missing_estimate:",87751,11.3822585372746,2499,31.9,1.3,14.7,0.7,5.4,0.5,3.3,0.4,93.6,0.9,25.6,0.1,13.7,0.1,12,,3.8,0.3,67.7,1,3,0.5,42.5,1.4,14.2,1,9.7,0.9,10.8,0.7,3.5,0.5,7.9,0.9,9.9,0.8,5.6,0.7,10.4,1,25.2,0.6,6,0.8,4.6,0.6,25.2,1.5,3.3,0.5,1.1,0.5
"40019","Carter County, Oklahoma","40","019",TRUE,"missing_estimate:",60723,11.0140778179636,1563,19.9,1.4,22.1,1,3.1,0.4,2.1,0.4,83.4,1.6,25,,17.1,0.1,8.6,,6.1,0.2,59.9,0.9,2.3,0.4,32.2,1.9,17.1,1.9,10.5,1.2,20.4,1.6,6,1,11.7,1,6.6,0.9,5.8,1,5,1,20.8,0.8,11.9,1,12.1,1.3,33.2,1.9,4.8,0.8,0.8,0.3
"40021","Cherokee County, Oklahoma","40","021",TRUE,"missing_estimate:",53218,10.8821519639683,2412,29.2,1.7,21.1,1.2,3.5,0.5,2.2,0.3,82.8,1.5,21.2,0.2,17.8,0.2,8,,1.3,0.2,56.8,1.4,2.9,0.7,38.1,2.3,19.4,1.9,11.5,1.4,10.6,1.1,3.9,1,5.7,1,6.5,1.1,8,1.3,7.8,1.5,23.8,1.2,16.4,1.1,19.2,1.4,34.3,2.1,6.9,1.3,1.4,0.7
"40023","Choctaw County, Oklahoma","40","023",TRUE,"missing_estimate:",44081,10.6937841295949,3611,15.2,1.7,26.5,2.1,2.4,0.7,1,0.3,77,2.5,24.5,0.1,20.9,0.2,5.1,,9.8,0.8,52.8,2,2.5,0.7,29,2.2,21.2,2.5,11.3,1.8,17.9,2.5,6.2,1.3,10.9,2.4,5.6,1.4,9,1.6,6,1.4,23.4,1.3,16.8,1.7,13.8,1.5,34.2,2.9,8,1.8,1.1,0.6
"40025","Cimarron County, Oklahoma","40","025",TRUE,"missing_estimate:",62188,11.0379173340696,29818,33.4,6,29.6,7,8,5,8.3,5,79.9,7.2,20.6,3.5,27.2,3.6,25.3,,0,0.1,59.9,8.1,0.2,0.3,37.1,8,15,10.8,20,6.4,8.7,5.3,33.7,9.4,1.3,1.8,2.7,2.9,23.1,5.3,20.1,6.5,8,1.7,48.2,7.2,11.6,3.6,21.6,9.6,3.7,4.5,0,3.5
"40027","Cleveland County, Oklahoma","40","027",TRUE,"missing_estimate:",77068,11.2524434280007,2731,36.2,1,15.1,0.6,6.6,0.4,3.7,0.3,93.3,0.7,20.4,,14.9,,11,,4.6,0.3,64.6,0.7,3.1,0.3,43.3,1.2,14.6,0.8,9.2,0.6,10.9,0.8,1.4,0.3,6.7,0.6,10.5,0.7,6.1,0.7,11.4,0.9,23.7,0.4,6.1,0.6,5.5,0.4,36.1,0.9,4.3,0.5,0.6,0.1
"40029","Coal County, Oklahoma","40","029",TRUE,"missing_estimate:",50423,10.8282026991702,3005,18.3,2.4,22.6,2.4,0.8,0.5,0.7,0.5,83.5,2.5,24.1,0.6,20.7,0.1,4.6,,0.4,0.3,52,2.6,3.9,1.1,31.4,3.5,18.9,2.9,15.1,2.4,14.1,2.4,10.5,2.3,8.1,2.1,3.4,1.3,7.4,2.1,8.2,2.7,20.2,1.5,20.7,2.4,10.9,1.9,30.6,2.8,6.5,1.7,0.4,0.3
"40031","Comanche County, Oklahoma","40","031",TRUE,"missing_estimate:",60761,11.0147034147705,1319,24.3,1,22.2,0.9,5.8,0.5,3.2,0.4,90.1,1.1,23.8,,13.8,0.1,14.7,,13.9,0.5,60.4,1,3.6,0.5,37.2,1.5,20.3,1.3,8.6,0.8,13.8,1,1.2,0.3,9.7,0.9,8.2,0.8,5.3,0.6,10.3,0.9,18.3,0.6,14.7,0.9,4.3,0.5,44.4,1.2,8.2,0.7,0.5,0.2
"40033","Cotton County, Oklahoma","40","033",TRUE,"missing_estimate:",58425,10.9754991594071,4275,23.1,3.7,25,3,1.2,0.7,0.6,0.4,85,2.8,22.8,0.4,20,0.8,7.7,,1.7,0.9,56.1,3.9,1.9,0.8,35.7,4.8,13.7,3,14.9,3,17.5,4,6.2,2.4,13.3,4.1,4.9,2.2,11,2.6,3.5,1.7,27.4,2.8,24.4,3.1,12.2,2.9,19.7,4,6.2,2.5,0.3,0.5
"40035","Craig County, Oklahoma","40","035",TRUE,"missing_estimate:",51922,10.8574978714373,1852,15.3,1.8,21.7,1.7,2,0.5,1.8,0.5,73.3,3.3,22.7,0.6,19,0.2,4,,3.3,0.4,49.9,1.9,2.6,0.9,30.1,2.8,22.9,2.4,12.1,2.4,17.2,2.8,6.6,1.6,9.6,2.1,5.8,1.6,10.2,2,10.5,2,23.6,2.5,18.7,1.8,14.2,1.9,26.3,2.6,5.5,1.7,1.1,1.2
"40037","Creek County, Oklahoma","40","037",TRUE,"missing_estimate:",62338,11.0403264706764,2133,18.7,0.9,14.7,0.8,1.9,0.3,1,0.2,88,1.1,23.3,,18.5,0.1,5.4,,2,0.2,56.7,0.9,1.8,0.3,34.3,1.5,15,1.1,11.4,1,17.2,1,2.5,0.4,13.6,1.1,9.1,0.8,5.9,0.7,10.1,0.9,25.4,0.6,10.7,0.7,18.3,0.9,25.6,1.4,4.9,0.9,1,0.3
"40039","Custer County, Oklahoma","40","039",TRUE,"missing_estimate:",59738,10.9977236128033,3033,31.7,2.6,12.9,1.4,5,0.9,5.1,1.1,90.7,1.8,24.9,,14.6,0.2,19.9,,2.6,0.5,68.1,1.6,2.9,0.8,33.2,2.7,17.8,2.3,12.6,1.9,14,2,10.9,1.9,7.2,1.3,4.3,1.2,5.8,1.3,3.9,1.2,19,1.3,14.9,2.4,9.5,1.7,39.8,2.8,4.8,1.2,0.5,0.4
"40041","Delaware County, Oklahoma","40","041",TRUE,"missing_estimate:",56676,10.9451061196841,2693,19.9,1.4,22,1.3,1.9,0.3,1.2,0.3,85.9,1.5,19.8,0.1,25.7,0.1,4.5,,0.4,0.1,49.7,1.5,2.6,0.4,33.1,2.1,17.8,1.4,12,1.3,15.9,1.7,5.3,1.2,13.8,1.6,7,1.1,9.8,1.6,9.4,1.4,28.6,1.5,29.7,1.3,25,1.3,22.9,1.7,4,0.8,1.5,0.5
"40043","Dewey County, Oklahoma","40","043",TRUE,"missing_estimate:",62569,11.0440252267646,7228,22.4,2.6,19.1,1.8,1.5,0.6,0.7,0.4,85.7,2.4,27.3,0.3,19.6,0.3,6,,0,0.1,57.5,2.4,2,0.9,30.4,3.6,13.6,2.5,16.2,2.8,20.1,3.2,19.8,3,6.8,1.8,6.9,2.3,9.6,2.3,6.9,2.1,19.6,1.5,25.3,2.9,21.2,2.6,23.6,3.9,2.5,1,0.7,0.6
"40045","Ellis County, Oklahoma","40","045",TRUE,"missing_estimate:",61016,11.0188914038441,6260,21.4,2.8,20.7,3,3.7,0.9,2.3,0.9,87.3,3.6,22.1,0.4,23.2,0.5,9.5,,0.4,0.6,54.9,3.2,2.9,1.3,29.1,4.7,14.5,3.6,16.1,2.7,16.3,3.9,18.8,3.9,2.4,1.2,4.6,2.6,14.1,3.4,9.5,3,21.9,3.5,30.5,4,14.3,2.8,17.9,3.2,3.9,1.8,0.7,0.7
"40047","Garfield County, Oklahoma","40","047",TRUE,"missing_estimate:",66182,11.1001638016294,2425,23.3,1.8,20.1,1.5,6.3,0.7,5.4,0.8,87,1.6,25.9,,16.7,0.2,15.2,,2.2,0.4,64.8,1.2,3,0.6,30.5,2,19.7,1.8,13.5,1.7,17.7,1.7,5.5,1,10.3,1.4,6,1.2,7.2,1.2,4.6,1,17.6,1.1,14.1,1.8,4.2,0.8,34,2.3,4.9,1,0.9,0.6
"40049","Garvin County, Oklahoma","40","049",TRUE,"missing_estimate:",58556,10.9777388402913,3047,18.3,1.7,17.2,1.3,4.5,0.6,1.9,0.4,86.9,1.7,25.1,0.1,18.1,0.1,10.4,,1.3,0.3,56.3,1.5,1.9,0.5,29.3,2.5,15.8,1.7,14.4,1.7,22.3,1.9,9,1.4,11.8,1.5,5.1,1.1,8.3,1.4,6.8,1.5,24.3,1.3,16.3,1.2,10.6,1.4,32.3,2.3,4.9,1,0.7,0.4
"40051","Grady County, Oklahoma","40","051",TRUE,"missing_estimate:",75419,11.230814511642,4496,22.8,1.3,19.6,1,2.1,0.3,1.2,0.2,86.9,1.4,23.2,,17,0.1,7.1,,1.8,0.3,60.9,1.2,3.3,0.7,35.7,1.5,14.6,1.1,13.1,1,16.9,1,6.7,1,8.6,1.3,6.7,0.7,7.6,1,7.5,1,26.3,0.8,12.1,0.9,12.2,0.9,25,1.7,4.4,1,0.8,0.3
"40053","Grant County, Oklahoma","40","053",TRUE,"missing_estimate:",60758,11.0146540397756,5240,23.1,3.3,21.8,3.5,0.3,0.2,0.6,0.5,76.9,4.7,23.7,0.6,22.7,0.4,4.7,,1.9,0.8,55.9,3.1,2.4,1,29,4,13.9,3.1,14.2,4.3,20.2,3.7,11.3,2.5,6.8,2.5,7,3.4,8.6,2.3,8.6,3.6,27.2,3.3,25.5,3.7,7.6,2.3,23.7,3.5,3.9,1.4,0.9,0.7
"40055","Greer County, Oklahoma","40","055",TRUE,"missing_estimate:",59406,10.9921505103506,6494,14,4,24.2,4.2,1.2,0.7,1.7,0.9,82.3,4.4,19.9,1.1,17.1,0.6,13,,6,0.9,44.7,4.2,3.2,2,36,6.2,20.9,5.4,11.7,4,15.5,5.2,10.7,3.9,7.2,3.8,7.1,3.8,12.3,4.7,6.8,4.3,15.1,1.6,25.4,4,6.8,2.4,22,4.9,5.1,2.4,0.2,0.3
"40057","Harmon County, Oklahoma","40","057",TRUE,"missing_estimate:",43333,10.6766697484323,5353,13.4,3,20.3,3.3,8.1,2.5,6.4,2.5,85.2,5.8,24.4,1.3,21.4,1.5,32.1,,8.9,1.9,52.3,5.2,3.8,2.6,39.8,6.5,21.5,6.3,15,3.4,10.9,3.3,27.8,7.2,4.7,3.1,5.2,2.6,14.4,5.2,10.8,5.7,18.2,4,28.8,4.4,5.5,2.6,30.3,7.1,9.8,4.6,0,2.6
"40059","Harper County, Oklahoma","40","059",TRUE,"missing_estimate:",64053,11.0674661446355,10380,29.3,6.7,14.6,2.6,13,2.4,11.3,3.2,85.3,5.6,23.8,,20,1,24.5,,0.1,0.1,60.1,5,1.6,1.1,39.9,6.1,13.4,5.5,19.9,5.3,9.9,3.5,25.2,5.6,4.1,2.7,2.3,1.6,9.4,3.6,1.3,1.6,19.4,3.3,22.2,4.2,10.9,3.6,16.4,5.6,1.4,2,2.8,3.1
"40061","Haskell County, Oklahoma","40","061",TRUE,"missing_estimate:",49806,10.8158907376831,3923,15.5,2,20.1,1.6,2.4,0.6,1.5,0.5,82.5,1.5,23.5,,20.1,0.1,5.3,,0.3,0.3,55.2,2.2,3.6,0.8,31.7,3.2,20.2,2.1,15.2,2,14.5,2.1,10.8,1.8,8.9,1.7,5.5,1.3,13,2.9,7.8,1.9,25.7,1.7,19.6,2,20.5,2,21.7,1.9,5.5,1.4,0.7,0.5
"40063","Hughes County, Oklahoma","40","063",TRUE,"missing_estimate:",51581,10.8509086666068,3275,16,1.8,21.1,1.9,2.5,0.6,1.8,0.5,81,2.5,21.5,0.1,18.9,0.3,6.3,,5.2,0.8,43.9,2.3,2.2,0.9,30.6,3,14.9,2.1,16.1,2.3,17,2.6,11.8,3.1,9.3,2.4,5,1.7,8.1,2.6,13,2.6,25.3,2,30.2,2.3,15.7,1.9,25.9,2.7,3.2,1.2,0.8,0.6
"40065","Jackson County, Oklahoma","40","065",TRUE,"missing_estimate:",62799,11.0476944287626,5005,24.8,2.5,17.7,1.7,6.4,1.1,5.1,1.2,89.5,1.9,24.9,0.2,15.6,0.2,25,,5.8,0.8,65.3,2,3.3,0.9,34.3,3.2,17.3,2.6,15.1,2.4,16.6,2.5,6.7,1.5,9.7,2.3,7.2,1.5,8.2,1.3,5.4,1.6,13.1,1,19,1.9,3.3,0.8,40.8,2.9,6.4,1.4,0.4,0.3
"40067","Jefferson County, Oklahoma","40","067",TRUE,"missing_estimate:",48668,10.7927770089073,4558,16,2.4,29,2.1,3.7,0.9,1.9,1,74.3,3,25,0.3,20.9,0.4,10.9,,1.2,0.5,53.7,2.4,2.8,1,24.5,3.7,20.5,3.4,15.5,2.5,18.8,3.4,15.9,3.4,13,3.3,5.7,2.1,10.9,2.9,5.7,1.7,27.1,2.8,20.9,2,8.7,1.8,29.1,3.2,9.1,2.1,0.6,0.5
"40069","Johnston County, Oklahoma","40","069",TRUE,"missing_estimate:",52688,10.8721430046161,4965,20.5,2.4,24.3,1.5,1.4,0.6,1.1,0.6,79.7,2.7,23.4,,18.7,0.3,6.1,,2.3,0.5,50.2,2.5,2.2,0.8,31.6,4.1,16.7,3,13.3,2.6,20.4,3.2,9.4,2.4,11.1,2.1,5.1,1.5,5,1.4,5.8,1.6,24.7,1.6,17.4,1.8,18.7,2.2,27.8,2.7,5.7,2,0.6,0.4
"40071","Kay County, Oklahoma","40","071",TRUE,"missing_estimate:",58423,10.9754649268999,3014,19.2,1.7,19.5,1,3,0.6,2,0.4,84.4,1.6,24.8,,19.4,0.2,9,,1.8,0.3,58.7,1.3,3.4,0.7,30,1.9,19,2,14.1,1.6,17.6,2,4.8,0.9,14.1,1.8,6.4,0.9,6.6,1.1,3.7,0.9,18.9,1.1,19.8,1.4,5.6,0.9,30.8,1.9,6,0.9,0.4,0.2
"40073","Kingfisher County, Oklahoma","40","073",TRUE,"missing_estimate:",71975,11.1840741154804,5920,24.3,2.9,12.9,1.9,8.5,1.3,6.6,1.3,91.3,2.8,26.7,0.1,17.2,0.4,18.6,,0.5,0.4,64.4,2.9,1.4,0.8,34.1,2.9,14.5,2.6,16,2.5,14.5,2.7,12.6,2.1,6.6,1.9,8.2,2.3,11.6,2.6,6.5,1.4,21.8,2,12,2.4,15.9,2.9,25.5,4.1,4.1,1.8,0.6,0.5
"40075","Kiowa County, Oklahoma","40","075",TRUE,"missing_estimate:",44962,10.713572967564,4889,16.7,2.8,22.5,2.3,1,0.4,2.8,1.9,86.6,2.6,24.1,0.3,20.3,0.5,12.2,,3.6,0.6,54,2.7,2.8,1.1,31.1,4.4,19,3.7,16.3,2.7,11.7,2,13.2,2.8,7.7,2.1,3,1.2,8.4,2.2,8.6,2.5,23.2,2,26.3,3.1,5,1.4,30.3,3.3,4.8,1.4,0,0.7
"40077","Latimer County, Oklahoma","40","077",TRUE,"missing_estimate:",41405,10.6311569254678,1666,10.6,1.8,23.5,2.1,0.7,0.4,0.1,0.1,79.7,2.7,21.9,0.2,22.1,0.4,4.1,,1.2,0.5,46.5,2.7,2.6,0.8,30.8,3.5,18.3,3.1,16.8,2.2,14.3,2.7,9.1,2.2,6.7,1.8,7.1,2,9,2.2,3.9,1.4,23.8,1.7,17.1,2.1,20.7,2.8,27.6,2.7,3.7,1.2,0.7,0.6
"40079","Le Flore County, Oklahoma","40","079",TRUE,"missing_estimate:",51565,10.8505984267502,2050,15.4,1.1,21.3,1.1,3.6,0.4,2.8,0.3,81.4,1.4,24.4,0.1,17.9,0.1,8,,1.8,0.2,51.3,1.3,2.7,0.4,28.5,1.7,17.5,1.6,13.7,1.3,20.3,1.4,5.5,0.8,10.5,1.1,6,1,8.1,1,5.4,1.1,24.2,0.9,15.3,0.9,16.7,1.3,27.2,1.4,6.3,0.9,0.5,0.2
"40081","Lincoln County, Oklahoma","40","081",TRUE,"missing_estimate:",62216,11.0383674803748,2309,16.1,1.6,20.7,1.2,0.9,0.2,0.7,0.2,82.1,1.9,23.5,,19.4,0.1,4,,1.6,0.3,56,1.3,2.2,0.4,34.9,1.8,15.6,1.5,14.1,1.5,13.7,1.2,4.3,0.8,8.3,1.3,7.5,1.2,8.8,1.3,10.4,1.4,29.7,1.2,9.8,1,21.4,1.8,19.7,1.8,3.4,0.7,0.6,0.3
"40083","Logan County, Oklahoma","40","083",TRUE,"missing_estimate:",83899,11.3373689734331,4213,31.4,2.2,15.9,1.3,3.8,0.7,2.8,0.6,91.2,1.8,22,,17.5,0.2,9,,5.7,0.6,58.2,1.6,2.1,0.7,40.9,2.5,17.2,2,11.4,1.9,10.7,1.6,4.2,1,4.9,1.1,10.7,1.9,9.3,1.6,10.5,1.7,29,1.6,8.4,1.7,15.3,2.2,14.8,1.5,3.4,0.9,0.6,0.3
"40085","Love County, Oklahoma","40","085",TRUE,"missing_estimate:",66580,11.106159511129,6238,16.6,2.1,20.5,1.8,6.5,1,6,0.9,84.1,2.7,24.1,0.1,18.1,0.3,18.2,,2,0.5,60,2.1,3.1,0.9,27.1,3.2,23.1,2.6,13.1,2.2,20.5,2.8,7.2,2.2,8.5,1.8,6.5,2.3,7,2.1,4.5,1.3,23.4,1.5,17.6,2.1,19.4,2.3,27,3,3.2,0.9,1.3,0.8
"40087","McClain County, Oklahoma","40","087",TRUE,"missing_estimate:",84552,11.3451220086892,4718,28.7,2.2,14.9,1.1,3.5,0.5,3.1,0.6,92.2,1.4,25.1,,15.6,0.2,9.7,,1.2,0.2,64.2,1.5,3,0.7,40.5,2.3,15.2,1.7,12.3,1.7,11.4,1.5,6,1.2,7.3,1.2,8.3,1.6,7,1.2,9.6,1.6,27.9,1.1,6.9,1,10.2,1.4,20.7,1.9,1.6,0.6,0.3,0.2
"40089","McCurtain County, Oklahoma","40","089",TRUE,"missing_estimate:",51929,10.8576326799613,2234,16.3,1.5,24.3,1.4,3.4,0.5,2.8,0.4,81.5,1.8,26.4,0.3,17.8,0.3,7,,7.7,0.4,53.9,1.8,2.6,0.5,26.1,2.3,19.4,1.7,14.8,1.6,21.5,2,5.6,1.2,18.3,1.8,5.2,0.9,8.8,1.4,4.4,0.9,24,1.3,20.5,1.4,15.6,1.2,26.9,2.1,7.2,1.1,1.1,0.5
"40091","McIntosh County, Oklahoma","40","091",TRUE,"missing_estimate:",46281,10.74248678868,3807,15.9,1.9,25.2,1.9,1.2,0.6,0.4,0.3,78.2,2.4,19.9,0.1,25.5,0.4,3.3,,2.6,0.5,41.9,2.2,2.2,0.7,32.2,3.5,19,2.8,12.1,2.4,15.9,2.5,2.8,1.1,7.1,1.8,7.7,1.9,9.1,2.1,11.3,2.4,26.7,2.3,34.6,1.6,33,1.9,23.4,2.7,5,1.3,0.8,0.5
"40093","Major County, Oklahoma","40","093",TRUE,"missing_estimate:",71266,11.1741746343243,4400,20.1,3,18.5,2.3,4.6,1.1,4,1,90.3,2,25.3,0.4,21.3,0.4,11,,0,0.1,59.5,2.8,1.6,1,39.9,4.3,10.6,2.6,19.6,3.1,14.6,2.7,17.7,2.5,10.5,2.8,3.7,1.7,10.2,2.2,2.1,0.9,25.4,3.1,14.4,3.2,11.4,2.3,17.5,2.9,2.8,1.3,0.8,0.9
"40095","Marshall County, Oklahoma","40","095",TRUE,"missing_estimate:",57245,10.9550955813579,5137,18.2,2.6,22.5,1.9,5.6,1.1,5.2,0.9,83.8,2.7,23.3,0.5,22.5,0.5,18.1,,0.4,0.3,52.7,2.2,2.5,0.8,29.1,3.1,21.7,2.7,9.1,2.2,22.8,2.7,5.1,1.3,17.7,2.1,7.7,2.2,8,2,7.9,2.5,25.2,2,32.3,2,33.8,2.7,22.4,2.6,3.1,1,0.5,0.4
"40097","Mayes County, Oklahoma","40","097",TRUE,"missing_estimate:",60305,11.0071702980173,3965,18,1.5,23,1.2,1.1,0.3,0.7,0.3,88.2,1.7,23.2,0.2,19,0.1,3.9,,0.4,0.2,56.9,1.2,3.6,0.7,35,2,17.7,1.6,11.7,1.4,19.6,1.6,3.1,0.9,16.4,1.4,8.1,1.1,7.9,1.4,8.1,1.8,25.1,1,16.7,1.2,18.4,1.4,25.6,1.7,4.5,0.8,1.1,0.5
"40099","Murray County, Oklahoma","40","099",TRUE,"missing_estimate:",66322,11.1022769461699,7031,19.6,2,21.4,1.9,2,0.7,2,0.9,78,3.3,22.7,,20.7,0.2,7.2,,1.1,0.4,57.4,2.5,1.4,0.6,27.1,3,19.1,3.2,11.4,2.2,19.7,2.9,4.8,1.7,10.8,1.8,6.2,1.7,6.9,1.6,3.9,1.3,21.4,1.4,24.4,2.7,13.3,2.1,27.9,3.1,4.1,1.5,1,0.7
"40101","Muskogee County, Oklahoma","40","101",TRUE,"missing_estimate:",53619,10.8896587618585,2227,18.8,1,23.5,1.1,2.7,0.4,1.5,0.3,79.4,1.7,24.4,,17.2,0.1,7.5,,9.7,0.5,53.4,1.2,3,0.4,32.9,1.8,19,1.6,11.6,1.2,16.3,1.4,2.4,0.5,13.3,1.5,5.5,0.8,6,0.9,8.3,1.2,22.1,0.9,12.3,1,10.4,0.9,33.5,2,7.5,0.8,1.7,0.5
"40103","Noble County, Oklahoma","40","103",TRUE,"missing_estimate:",66365,11.1029250880603,8473,18.2,2.8,19.3,2.1,0.7,0.5,0.6,0.6,82.5,3.6,22.6,,21.7,0.5,4.7,,0.3,0.2,56.4,2.9,1.5,0.7,34.4,3.5,14.2,3,14.4,2.8,20,3.5,6.7,2,17.4,3.2,4.1,1.2,4.6,1.7,5,2.2,19.2,1.7,18.3,3,12.3,2.4,22.3,4,2.3,0.9,1.5,1.3
"40105","Nowata County, Oklahoma","40","105",TRUE,"missing_estimate:",54333,10.9028870561326,5116,16.8,2.3,20.5,1.8,1.2,0.4,0.5,0.3,73.3,3,23,0.2,19.9,0.4,3.2,,1.7,0.8,53.7,2.5,2.4,0.8,33.6,3.2,17.9,2.4,11.8,2.3,19.6,3,6,1.7,16.8,2.7,5.5,1.9,8.8,2,9.8,2.5,28.1,1.7,15.5,2.2,16.3,2.3,26.5,2.8,4,1.5,1.7,1.3
"40107","Okfuskee County, Oklahoma","40","107",TRUE,"missing_estimate:",48363,10.7864903375441,4637,14.3,1.6,20.3,1.4,2.4,0.6,1.5,0.5,81.7,2.2,22.5,,18.2,0.2,3.9,,6.5,0.5,44.8,2.2,1.6,0.5,31.4,2.9,21.7,3.2,11.8,1.9,17.8,3.1,5.6,1.4,8.7,1.6,5.9,1.4,5,1.2,8.2,1.8,25.5,1.9,16.4,1.9,15.8,1.7,31.2,2.9,8.4,1.8,1.3,0.8
"40109","Oklahoma County, Oklahoma","40","109",TRUE,"missing_estimate:",66679,11.1076453397517,1050,35.9,0.5,14.7,0.3,10.8,0.3,7.4,0.3,91.7,0.5,25.3,,14.5,0.1,20.1,,14,0.2,65.5,0.4,3.1,0.2,41.5,0.6,16.2,0.4,9.5,0.4,11.9,0.5,2.1,0.2,6.5,0.4,12,0.4,6.3,0.3,10.8,0.4,21.9,0.3,9,0.4,2.7,0.2,41.8,0.7,6.7,0.4,0.7,0.1
"40111","Okmulgee County, Oklahoma","40","111",TRUE,"missing_estimate:",54029,10.8972762184307,1421,17.7,1.3,20.8,1.2,1.1,0.2,0.9,0.2,83.7,1.7,23.6,,18.5,0.2,5.2,,7,0.5,52.9,1.5,3.8,0.6,34,1.9,18.7,1.9,11.3,1.3,16.4,1.5,2.3,0.6,10.9,1.4,6.7,1,5.6,1.1,8.4,1.3,24.7,1,14.9,1.3,15.1,1.2,29.9,2,6.6,1.3,1,0.5
"40113","Osage County, Oklahoma","40","113",TRUE,"missing_estimate:",62847,11.0484584801823,2757,22.7,1.4,22,1.3,1.4,0.3,0.7,0.2,88.9,1.3,20.9,0.1,21.4,0.1,4.7,,10.1,0.4,54.5,1.3,2.9,0.5,36.9,1.9,15.4,1.3,11.9,1.2,13.7,1.3,3.8,0.6,10.9,1.3,8.9,1.2,7.3,1.2,7.3,1.2,24.6,0.8,12.6,0.9,14,1.3,21.7,1.6,5.7,1.1,0.4,0.2
"40115","Ottawa County, Oklahoma","40","115",TRUE,"missing_estimate:",49947,10.818717722213,1557,15,0.8,21.6,0.9,2.7,0.3,2.1,0.3,82.6,1.4,25.2,,18.1,0.1,6.1,,1.1,0.2,54.2,1,1.6,0.3,30.1,1.4,21.1,1,13,1,17.6,1.3,5,0.8,13,1,4.9,0.7,6.2,0.8,4.9,0.7,20.6,0.7,13,0.7,12.2,0.8,32.5,1.2,6.1,0.6,0.9,0.3
"40117","Pawnee County, Oklahoma","40","117",TRUE,"missing_estimate:",58738,10.9808421558243,4056,16.9,1.9,21.7,1.5,1.5,0.7,1.1,0.4,81.8,2.8,23.2,0.1,20.1,0.3,3.9,,0.8,0.3,53.7,1.7,2.4,0.6,31.2,2.5,16.8,2.4,15.8,2.2,16.7,2.2,5.1,1.4,11.6,2,6.2,1.4,8,1.3,4.3,1,28,1.5,16.6,1.5,23,2.1,20.5,2.2,3.9,1.1,0.5,0.4
"40119","Payne County, Oklahoma","40","119",TRUE,"missing_estimate:",49809,10.8159509695759,3694,39.7,2.5,14,0.9,6.3,0.7,2.8,0.7,87.2,1.6,18.4,,13.2,0.2,6.6,,3.5,0.5,59.2,1.5,3.4,0.7,41,2.2,19.5,1.8,8.3,1.2,12.1,1.4,3.3,0.7,6.4,1.1,6.2,1,4.8,1,8.8,1.5,18.4,0.9,12,1.7,8.1,1.2,49,1.9,5.9,1,1.3,0.7
"40121","Pittsburg County, Oklahoma","40","121",TRUE,"missing_estimate:",55310,10.9207090029887,2668,20.2,1.4,22.5,1.2,1.3,0.3,0.9,0.3,87.5,1.5,22.7,0.1,20.1,0.1,5.7,,2.5,0.2,53,1.3,3,0.5,36.5,2.2,16.4,1.6,11.6,1.3,14.6,1.5,4.4,0.8,9.7,1.1,6.3,1.2,6.6,0.9,6.9,1.4,21.3,1,19.8,1,13.3,1,28.6,1.5,7.1,1.1,0.6,0.4
"40123","Pontotoc County, Oklahoma","40","123",TRUE,"missing_estimate:",63017,11.0511598102429,3403,30.3,1.7,15.3,1,2.5,0.5,0.9,0.3,87.3,1.5,25,,17,0.2,6.5,,2.5,0.3,61.3,1.2,2.2,0.5,40.1,2,15,1.7,11.4,1.3,12.2,1.4,3.3,0.8,7.8,1.3,8.7,1.1,7.5,1.2,4.2,0.9,17.7,0.7,13.7,1.1,8.9,1,34,1.7,6.4,1.1,0.4,0.2
"40125","Pottawatomie County, Oklahoma","40","125",TRUE,"missing_estimate:",61398,11.0251325403148,2006,20.4,1.1,20.1,0.9,2.1,0.2,1.1,0.2,87.4,1.2,23.1,0.1,16.7,0.1,6.4,,2.9,0.3,54.5,1.1,2.9,0.4,35.4,1.7,16.9,1.4,12.4,1.1,14.8,1.4,3,0.7,9.7,1,7.6,0.8,7.3,0.9,8.4,0.9,24.2,0.8,11.2,0.8,12.3,1,29.6,1.7,4.3,0.6,0.5,0.2
"40127","Pushmataha County, Oklahoma","40","127",TRUE,"missing_estimate:",47940,10.7777055079884,4674,15.6,1.9,28.4,1.8,1.1,0.5,0.9,0.4,73.3,2.6,21.4,0.1,22.7,0.2,4.3,,1.3,0.3,48.7,2,2.2,0.7,30.9,2.8,19.2,2.4,14.7,2.4,14.9,2.5,8.3,2.1,5.6,1.6,6.6,1.8,11.9,2.3,4.9,1.4,25.7,2.6,22.4,1.9,17.3,1.9,25.1,2.5,6.7,1.7,0.4,0.3
"40129","Roger Mills County, Oklahoma","40","129",TRUE,"missing_estimate:",66094,11.0988332501615,8019,24.9,3.4,20.2,2.3,2.3,0.7,1.6,1,89.2,2.6,24.3,,22.4,0.3,8.5,,0.1,0.1,58.5,3.4,1.9,0.7,32,4,17.6,4.7,13.2,2.7,17.4,3.5,19,3.2,4.9,2.2,11,4.9,18.1,4.9,6.4,2.2,25.8,3.1,23.3,2.8,14.5,2.3,16.9,3.3,1.7,1,0.4,0.4
"40131","Rogers County, Oklahoma","40","131",TRUE,"missing_estimate:",80067,11.2906190631486,1780,26.7,1.1,16.8,0.7,2.9,0.3,1.7,0.3,90.6,0.8,23.2,0.1,17.2,0.1,6.2,,0.9,0.1,63.1,0.8,3,0.3,37.5,1.2,14.7,0.7,12.3,0.9,14.5,0.9,2.4,0.4,12.4,0.9,9.5,0.7,6.9,0.7,11.5,0.9,25.7,0.5,6.9,0.7,9.8,0.8,22.2,1.2,2.8,0.5,0.7,0.2
"40133","Seminole County, Oklahoma","40","133",TRUE,"missing_estimate:",48062,10.780247123073,2882,15.9,1.1,24.1,1.2,2.4,0.6,1,0.3,80.7,1.6,24.3,0.1,18.4,0.1,5.7,,3.6,0.5,51,1.4,3.2,0.6,28.5,2,17.8,1.7,14.2,1.7,18.8,1.7,6.3,1.2,11.5,1.6,5.7,1.2,6.9,1.1,8.1,1.1,24,1.1,19,1.2,14.1,1.4,29,1.8,7,1.1,0.9,0.4
"40135","Sequoyah County, Oklahoma","40","135",TRUE,"missing_estimate:",51093,10.8414027805069,2806,15.2,1.2,24.5,1.3,2,0.3,1.4,0.3,82.5,1.6,23.9,,18.6,0.1,5.1,,1.9,0.2,52.4,1.4,2.5,0.4,30.1,1.9,17.6,1.5,12.6,1.2,17.4,1.6,4.2,0.8,12.5,1.5,7.1,1.1,7.3,1.1,4.5,0.8,25,1.1,15.9,1.1,19.1,1.4,29.2,2,5.2,0.8,0.6,0.2
"40137","Stephens County, Oklahoma","40","137",TRUE,"missing_estimate:",61620,11.0287417721507,3572,20.6,1.5,20.3,1.2,2.7,0.5,2,0.5,86.4,1.4,22.8,,20.8,0.1,8.7,,1.3,0.3,54.6,1.2,2.8,0.6,34.1,2.3,15.7,1.7,13.5,1.2,17.4,1.8,11.3,1.3,8.8,1.2,6.7,1.2,7,1.1,5.6,1.1,23.7,1.6,13.6,1,8.4,1.2,25.6,1.7,5.7,1.2,0.7,0.3
"40139","Texas County, Oklahoma","40","139",TRUE,"missing_estimate:",60069,11.0032491804608,4227,22.1,3.1,12.5,1.9,23.1,2.5,20.5,3,87.4,3,28.8,0.2,12.2,0.4,52.1,,5.4,1.7,63.2,2.8,2.2,1,25.7,3.2,13,3.3,18.6,3.6,25.7,3.8,10.9,2.6,24.3,3.7,1.8,0.9,4,1.3,3.3,1.2,16.9,1.8,19.3,2.6,18.8,3.2,33.6,4.4,5.1,2.3,1.7,1.2
"40141","Tillman County, Oklahoma","40","141",TRUE,"missing_estimate:",48939,10.7983299036044,5907,16.8,2.3,24.6,2.1,3,1,4,1.1,74.9,3.7,23.8,,20.3,0.5,27.8,,6.5,0.8,53.5,2.9,3.1,1.1,32.2,3.7,17,3.4,14.5,2.7,18.9,3.8,8.9,1.9,15.8,4,5.1,1.7,7.5,1.9,5.8,2.1,23.7,2.3,28.8,2.6,4.3,1.2,27.2,3.7,9.6,3,0,0.9
"40143","Tulsa County, Oklahoma","40","143",TRUE,"missing_estimate:",69009,11.1419922098561,970,34.4,0.4,14.3,0.3,9.9,0.2,6.6,0.2,91.4,0.3,25.1,,15.1,0.1,15.7,,9.3,0.2,65.8,0.4,3.5,0.2,40.9,0.5,15.9,0.4,9,0.3,13.1,0.4,1.7,0.2,10.6,0.4,11.5,0.3,6.1,0.3,11.5,0.4,20.3,0.2,8.5,0.2,2.1,0.2,40.3,0.5,6.3,0.3,1,0.1
"40145","Wagoner County, Oklahoma","40","145",TRUE,"missing_estimate:",81207,11.3047567293307,1868,27.7,1.3,17.8,0.7,5.1,0.4,2.7,0.3,92.7,1,23.6,,17.1,0.1,8.8,,3.4,0.3,63.4,0.9,2.7,0.4,40.9,1.5,13.9,0.9,10.7,1,14.4,0.8,2,0.4,12.5,0.8,8.9,0.8,6.5,0.7,9.2,0.8,26.2,0.6,8.2,0.6,10.9,0.8,18.7,1.2,2.7,0.4,0.5,0.2
"40147","Washington County, Oklahoma","40","147",TRUE,"missing_estimate:",60162,11.004796202752,2298,30.1,1.5,19,1.1,3.5,0.5,2.5,0.5,86.9,1.7,24,,20.3,0.2,6.9,,2.4,0.4,57.3,1.5,2.5,0.5,38.3,2.1,18.2,1.6,9.4,1.2,14.2,1.4,5.3,1,11.6,1.3,9.5,1.4,5.3,0.9,7.6,1.3,20.7,1,11.7,0.9,6,0.9,28.1,1.9,5.3,0.8,0.3,0.2
"40149","Washita County, Oklahoma","40","149",TRUE,"missing_estimate:",63501,11.0588109327883,2837,20.3,3,22.4,2,1.7,0.6,1.3,0.4,84.1,2.6,24.2,0.6,19.7,0.5,9.7,,1.3,0.4,59.6,3.1,3.4,0.9,34.7,4.3,11.9,2.4,17.8,2.4,15.1,3.3,11.8,2.3,5.7,1.6,3.3,0.9,8.3,1.6,7.1,2.4,22.4,1.9,19.6,2,9.3,1.6,24,3.3,3,1,0.2,0.2
"40151","Woods County, Oklahoma","40","151",TRUE,"missing_estimate:",53275,10.8832224569668,4337,32.5,4.6,15.6,2.9,1.6,1,1.8,1.1,84,4.2,20.8,,17.5,0.4,7.5,,2.6,1.1,61.3,3.6,2.8,1.5,33.2,4.4,16.1,3.5,14.1,4.2,13.8,3.6,16.4,4.3,3.8,1.7,3.7,1.8,8.7,2.5,1.4,1,14.7,2,19.4,3.9,6.7,2.8,34.7,3.4,7.9,3.3,0.7,0.6
"40153","Woodward County, Oklahoma","40","153",TRUE,"missing_estimate:",61417,11.0254419487772,6478,20.7,3,19.5,2.1,5,0.8,3.2,0.9,89.6,2.4,24.2,0.2,16.7,0.4,15.2,,1.1,0.4,63.3,2.4,3.9,1.4,30.5,3.4,17.4,3.4,15.5,3.1,18,3.7,12.7,2.6,7.1,1.9,4.8,1.8,8.2,2.1,2.3,1,21.3,3.1,15.6,2.6,12.5,2.4,26.8,3.5,4,1.7,0,0.1
"41001","Baker County, Oregon","41","001",TRUE,"missing_estimate:",60936,11.0175794120526,5432,26.1,3.2,22.6,2.4,2,0.6,0.7,0.3,87.8,2.3,19.8,0.3,28.1,0.4,5.3,,1.3,0.7,48.6,2.2,2.7,1,37.1,4.5,18.1,3.3,10.4,2.5,15.7,3.8,8.5,2.1,10.7,3.1,5.3,1.7,7.2,2.2,9.8,2.7,15.1,1.8,15.7,2.2,12.3,2.1,28.5,3.3,5.3,1.6,0.7,0.6
"41003","Benton County, Oregon","41","003",TRUE,"missing_estimate:",77702,11.2606362760502,4029,54.2,1.7,12.8,0.8,9.9,0.7,4.1,0.5,92.9,1.2,15.7,,18,0.1,9.4,,1.1,0.2,61.1,1.5,4.3,0.6,52.2,1.8,17.3,1.3,5.6,0.8,8.4,0.9,2.8,0.6,8.4,1.1,11.3,1.3,6.4,0.9,20.3,1.6,19.6,0.9,5.9,1.2,5.2,0.7,43.1,1.4,7.4,0.9,0.7,0.4
"41005","Clackamas County, Oregon","41","005",TRUE,"missing_estimate:",103517,11.5474911294075,1974,40.5,0.8,13,0.4,8.8,0.4,4.1,0.3,94,0.6,20.8,,19.9,0.1,10.1,,1,0.1,63.5,0.5,2.8,0.3,44.9,0.9,13.5,0.6,8.8,0.6,12.2,0.6,1.5,0.2,11,0.6,11.9,0.6,6.8,0.5,20.9,0.8,26.5,0.4,6,0.5,5.8,0.5,29.3,0.8,4.8,0.5,0.7,0.2
"41007","Clatsop County, Oregon","41","007",TRUE,"missing_estimate:",71822,11.1819461147886,4774,28.7,2,20,1.9,4.4,0.9,2.3,0.9,92.7,1.4,17.9,0.1,25.1,0.3,10,,0.9,0.2,56.2,2,2.6,0.6,36.2,3.4,21.3,2.3,9.4,2,11,1.6,3.2,1.1,6.8,1.6,8.3,1.5,8.2,1.8,13.6,2,21.6,1.6,23.1,2.3,4.9,0.9,36.8,2.8,7.7,2.1,1.3,0.7
"41009","Columbia County, Oregon","41","009",TRUE,"missing_estimate:",87458,11.3789139571088,4578,19.8,1.9,17,1.5,3.5,0.6,0.9,0.4,93.3,1.3,20.3,,20.1,0.3,6.7,,0.6,0.2,57.9,1.9,2.4,0.5,32.2,2.6,15.8,2.3,14,1.8,18.9,2.7,1.8,0.6,15.8,1.8,7.8,1.3,5.5,1.1,12.2,1.8,31.7,1.4,5.6,1.5,13.8,1.4,23.9,2.7,4.4,1.2,0.7,0.4
"41011","Coos County, Oregon","41","011",TRUE,"missing_estimate:",62143,11.0371934598634,3912,22.6,1.9,22.6,1.5,4,0.8,1.8,0.7,90.8,1.3,17.6,0.1,28.1,0.1,7.3,,0.4,0.1,51.4,1.5,3.1,0.7,31.8,2.6,26.7,2.3,10.8,1.6,11.2,1.8,3.9,1,5.2,1.2,10,1.9,10.3,1.4,8.1,1.3,18.3,1.1,9.9,1.5,14.3,1.2,28.8,2.2,7,1.3,0.4,0.3
"41013","Crook County, Oregon","41","013",TRUE,"missing_estimate:",81965,11.3140476058606,3716,21.3,2.3,19.8,2.5,3.4,0.8,1.8,0.7,89.4,2.6,19.5,0.2,25.3,0.4,7.9,,0.5,0.5,57.5,2,3.4,1.2,36.7,4.2,13.2,2.9,17.2,3.7,16.5,3.5,5.4,2.1,10.6,2.9,8.9,2.4,4.9,1.6,11.4,2.7,26.7,2.1,8.6,2.5,14.3,2.7,25.9,3.5,4.9,1.7,1.2,0.8
"41015","Curry County, Oregon","41","015",TRUE,"missing_estimate:",62244,11.0388174241394,8210,22.1,2.8,22.5,2.2,5.9,1.8,1.7,0.7,89.6,2.3,14.1,0.1,36.7,0.5,7.7,,0,0.1,45.1,2.8,2.6,1,35.4,5.2,23.1,3.7,11.7,2.7,13.2,3.7,6.9,2.9,8.4,2.9,10,3.2,10,2.6,16.5,4.5,18.5,3.3,15.6,2.6,18.3,2.5,25.8,2.9,4.1,1.3,0.8,0.6
"41017","Deschutes County, Oregon","41","017",TRUE,"missing_estimate:",92758,11.4377492301193,3033,45,1.4,12,0.6,4.9,0.5,2.2,0.3,92.7,1,18.9,0.1,21.3,0.1,9.2,,0.3,0.1,63.6,1,2.8,0.4,45.6,1.4,15.7,0.9,8,0.9,9.1,0.9,1.7,0.4,6.9,0.7,14.1,1,8.7,0.8,22.6,1.4,19.6,0.7,14.5,1,4.3,0.5,30,1.4,4,0.7,0.6,0.2
"41019","Douglas County, Oregon","41","019",TRUE,"missing_estimate:",61310,11.0236982407567,1747,19.3,1.2,22,1.1,2.8,0.4,1.3,0.3,88.8,1.1,19.1,0.1,26.5,0.1,6.6,,0.3,0.1,49.6,1.1,2.7,0.4,32,1.8,21.1,1.7,12.2,1.5,15.3,1.6,5.3,1,11.3,1.5,8.6,1.1,7.4,0.9,12.3,1.6,20.6,0.8,6,0.9,18.3,1.4,27.3,1.5,5.2,0.7,0.7,0.3
"41021","Gilliam County, Oregon","41","021",TRUE,"missing_estimate:",66917,11.1112083244485,11858,21,5.1,19.3,4.2,4,3.2,5.2,5.8,87.7,5.3,19,3.2,32.4,4.2,9.4,4.5,0,2,49.8,6.2,1.4,1.1,28.1,6.4,23.8,9.3,20.3,6.7,15.9,6.8,20.4,6,6.9,4,15.6,6.1,8.6,5,6.6,3.8,19,3.7,23.1,5.8,13.6,4.3,25.9,7.4,5.1,3.5,0,4.5
"41023","Grant County, Oregon","41","023",TRUE,"missing_estimate:",59450,10.9928909021189,4846,17.7,2.7,24.3,2.4,1.7,0.6,0.2,0.2,81.6,4,17.2,0.6,32.3,0.6,4.2,,0.1,0.3,50.2,3.4,2.6,1.1,33.7,4.9,21.2,4.4,19.1,3.5,11.8,3.1,19.2,3.4,6.9,2.7,5.5,1.9,10.7,4.4,12.1,3.2,20.1,5.2,17.2,2.6,19.3,3.6,23.3,4.2,2.4,1.4,0.8,0.8
"41025","Harney County, Oregon","41","025",TRUE,"missing_estimate:",55208,10.9188631493004,8057,18.3,3,18.8,2.4,2.3,1.1,1,0.7,83,4.7,18.5,0.7,26.4,0.7,5.6,,1.9,1.6,54.4,3.3,2,1,37,5.8,19.8,5.1,12.7,3.1,17,4.6,15.5,4.6,6.9,2.8,8.4,5.5,15.6,5.1,12.6,4.2,14,2.2,16.2,3.8,25.1,3.8,32.6,5.4,7.8,3.3,0.4,0.3
"41027","Hood River County, Oregon","41","027",TRUE,"missing_estimate:",88947,11.3957959657124,6561,41,3.1,12,1.4,13.5,1.5,11.8,1.5,95,1.3,21.8,0.3,18.1,0.3,30.6,,0.8,0.3,68,1.8,2.6,1.2,43.4,3.1,18.3,3.2,12.5,3,10.1,2.3,12.4,2.6,7.7,1.6,10.8,1.8,6.6,1.7,20.3,3.1,18.3,1.4,13.1,2.4,8.1,2.2,30.6,3.2,5.8,1.7,0.7,0.7
"41029","Jackson County, Oregon","41","029",TRUE,"missing_estimate:",73999,11.2118068585815,1600,31.7,1,16.4,0.6,5.3,0.4,2.6,0.3,91.1,0.8,20.3,0.1,23.5,0.1,14.6,,0.6,0.1,58,0.9,3.1,0.4,40.4,1.4,17.8,1.3,8.2,0.8,11.6,1,2.9,0.5,7.3,0.7,8.7,0.8,8.6,0.8,12.9,1,19.1,0.6,6.1,0.7,9.6,0.9,34.1,1.1,5.8,0.6,1.1,0.4
"41031","Jefferson County, Oregon","41","031",TRUE,"missing_estimate:",76260,11.2419038334116,6324,21.2,2.2,18.1,1.9,6.9,0.8,4.7,0.8,89.9,2.3,22.7,0.3,19.9,0.2,21.3,,0.6,0.3,55.1,2.1,4.4,1.1,31.8,3.1,17.8,2.6,13.7,2.2,16.7,3,7.9,1.7,12.7,2.7,8.9,1.9,8.7,1.7,9.4,1.9,25.3,1.8,16.9,2.2,16.4,1.9,28,3.3,4.5,1.4,1.5,0.8
"41033","Josephine County, Oregon","41","033",TRUE,"missing_estimate:",60098,11.0037318420994,3546,19.7,1.6,20,1.3,3.8,0.6,1.5,0.4,91.3,1.1,19.2,0.1,27.2,0.1,8.8,,0.4,0.1,49.7,1.2,3.2,0.6,32.5,2.3,22.8,2,9.5,1.3,15.2,2,2.6,0.7,10.2,1.8,9.9,1.4,11,1.5,12.1,1.6,21.5,1.3,7.1,1.1,14.2,1.5,28.3,1.7,4.8,0.8,1.2,0.5
"41035","Klamath County, Oregon","41","035",TRUE,"missing_estimate:",58830,10.9824072078585,3154,22.7,1.4,20.3,1.2,4.7,0.6,2.5,0.5,86.1,1.7,21.7,0.1,22.3,0.2,13.9,,0.7,0.2,50.9,1.3,3.6,0.6,38.2,2.4,15.8,1.7,10.5,1.4,14.4,1.5,4.3,1,9.4,1.7,6.8,1.2,5.7,1.1,8.8,1.4,17.9,0.9,12.6,1.4,13.5,1.3,30.6,2,6.6,1.1,0.8,0.3
"41037","Lake County, Oregon","41","037",TRUE,"missing_estimate:",62787,11.0475033246581,11511,21.1,3.5,15.9,2.7,3.3,1.7,1.6,0.8,74.2,5.1,17.9,1.2,25.2,1.1,10.8,,0.5,0.3,49.1,3.7,2,1.5,35.9,4.9,19.8,4.1,13.4,3.6,12.3,4.1,17,3.5,4.1,2.1,3.8,1.8,9.3,3.2,8.4,3.6,13.8,3,17.8,3.9,17.2,3.7,32.7,5.5,5.1,2.3,0.3,0.5
"41039","Lane County, Oregon","41","039",TRUE,"missing_estimate:",71544,11.178067924026,1376,34,0.8,17.1,0.5,5.4,0.3,2.5,0.3,92.1,0.7,17.5,,20.8,0.1,10.5,,1.1,0.1,60.2,0.7,3.9,0.3,40,1.1,19,0.7,8.5,0.6,12,0.7,2.2,0.3,9.8,0.6,10.7,0.7,7.1,0.5,15.5,0.7,20.2,0.4,5.5,0.4,8.1,0.5,40.3,0.9,7.7,0.6,0.9,0.2
"41041","Lincoln County, Oregon","41","041",TRUE,"missing_estimate:",63165,11.0535056292641,2955,28.6,1.7,23.3,1.5,5.7,0.8,2.9,0.7,91,1.3,15.5,0.1,31.8,0.3,10.3,,0.4,0.3,48.9,1.7,3.9,0.8,35.3,2.5,22.9,2.2,9.2,1.3,11.1,1.6,3.4,0.9,5,1.2,8.3,1.4,11.7,2,14.1,2,22.1,1.5,29.2,1.7,13,1.3,28.5,2.1,4.5,1,0.7,0.4
"41043","Linn County, Oregon","41","043",TRUE,"missing_estimate:",76329,11.2428082236979,2762,21.6,1.1,18.2,0.8,4.3,0.5,3,0.5,91,0.9,22,,19.5,0.1,10.7,,0.4,0.1,60,1.1,3.6,0.6,35.3,1.9,17.9,1.1,11.6,1.1,15.6,1.4,3.6,0.8,11.3,1,7.9,0.9,6.1,1,11.1,1,25.7,1.3,4.9,0.8,14.4,1.3,33.1,1.3,4.2,0.6,1,0.4
"41045","Malheur County, Oregon","41","045",TRUE,"missing_estimate:",54519,10.9063045437494,5992,15.2,1.5,15.9,1.7,7.4,1.2,6.5,1.3,87.6,2,25.3,0.2,17.1,0.2,34,,1,0.3,50.4,1.9,2.6,0.7,28.2,3.2,20.3,3,14.2,2.2,19.2,2.7,12.4,2.4,10.3,2.6,5.7,1.8,6.2,1.6,7.7,1.8,19,1.4,12.2,2.1,14.8,2.1,36.8,2.9,6.7,1.9,2.2,1.1
"41047","Marion County, Oregon","41","047",TRUE,"missing_estimate:",77351,11.2561087841659,1920,26,0.7,15.8,0.6,13.7,0.6,11.3,0.5,91.6,0.7,23.5,,16.7,0.1,29,,1.2,0.1,62,0.7,3.3,0.3,36,1.1,17.7,0.8,13.1,0.8,13.5,0.7,5.3,0.6,9.8,0.7,9.3,0.6,5.7,0.5,12.7,0.9,24.1,0.5,4.1,0.5,7.4,0.6,37.7,1.1,6.2,0.6,1.6,0.3
"41049","Morrow County, Oregon","41","049",TRUE,"missing_estimate:",75448,11.2311989562237,7431,10.1,2.3,17.3,2.1,18.1,2.2,18,2.5,89.1,3.3,27.2,0.2,16.5,1,42,,0.8,0.3,59,2.9,1.4,0.8,24.2,3,20.1,3.3,24.1,4.1,17.2,3,16.7,4,13.3,3.4,9.9,2.9,4.9,1.8,3.2,1.4,23.4,2.7,11.9,3.2,32,4.1,28.4,4.6,3.5,1.9,1.8,1.8
"41051","Multnomah County, Oregon","41","051",TRUE,"missing_estimate:",88766,11.393758972779,1813,48.9,0.7,14.3,0.4,13,0.4,7.5,0.4,93.6,0.4,17.6,,14.8,0.1,13.5,,5.3,0.2,69.6,0.4,4,0.2,51.4,0.7,14.8,0.5,5.4,0.3,10.9,0.5,1,0.2,9.1,0.4,16,0.5,6.7,0.3,26.1,0.6,24.4,0.3,5.8,0.4,1.5,0.1,46.6,0.7,12.6,0.5,1.6,0.2
"41053","Polk County, Oregon","41","053",TRUE,"missing_estimate:",85118,11.3517938080588,3655,31.2,1.6,17.1,1.1,6.3,0.6,4.3,0.7,91.3,1.1,21.6,0.1,19,0.2,15.6,,0.6,0.2,59.8,1.4,3.4,0.7,39.4,1.8,21.3,2.1,8.8,1.4,11.1,1.2,3.6,0.9,7.3,1.2,8.2,1.1,5.8,1,17.5,1.7,25.3,0.9,5.4,1.4,6.2,0.9,35.3,2.2,4.8,0.9,1.2,0.5
"41055","Sherman County, Oregon","41","055",TRUE,"missing_estimate:",60161,11.004779580826,11044,16,4.6,26.3,4.8,0.7,0.7,0.5,0.5,83.7,4.9,20.1,3.4,21.2,3.5,4.4,3.3,0.5,0.6,49.4,5.1,0.5,0.4,34.7,6.4,18.3,4.7,14.6,4.8,10.5,3.1,10.1,4.2,7.3,3.8,9.2,3.9,7.7,3.3,10,4.2,22.6,3,17,4.8,28.6,4.7,34.1,6.3,6.2,2.6,0.6,0.6
"41057","Tillamook County, Oregon","41","057",TRUE,"missing_estimate:",69105,11.1433823660381,3363,26.2,2,20.8,2,5.1,1,4.2,1,90.9,2,18.1,0.2,28,0.4,11.4,,0.8,0.1,49.6,2.3,2.2,0.6,37.8,3.7,21,2.8,10.6,2,11.3,1.8,5.2,1.7,11,2.3,7.6,1.6,10.9,2,19.3,3.2,19.4,1.6,37.9,2.5,10.4,1.4,25.7,2.9,4.3,1.4,1,0.7
"41059","Umatilla County, Oregon","41","059",TRUE,"missing_estimate:",67728,11.1232549627607,3279,18.3,1.6,18.8,1.2,10.9,1,8.5,1.2,87.1,1.8,24.6,0.1,16.4,0.1,29.7,,0.7,0.3,59.1,1.4,3,0.6,29,2,22.1,2,12.8,1.5,17.2,1.9,7.5,1.5,8.4,1.4,8.3,1.6,5.9,1.1,7.1,1.2,19.1,1.2,10.8,1.4,18.1,2,32.1,2,5.2,1.1,0.9,0.5
"41061","Union County, Oregon","41","061",TRUE,"missing_estimate:",65661,11.0922604209122,3326,26.1,2,18.6,1.8,4,0.7,1.3,0.4,83.7,2.5,21.4,0.3,21.4,0.3,5.5,,0.8,0.3,59.2,1.6,3.4,0.8,33.3,2.8,21.6,2.5,11.4,2.2,14.3,2.3,5.9,1.4,9.4,1.6,6.6,1.5,5.7,1.3,8.5,1.7,16.3,1.3,7.9,1.3,11.2,1.7,34.5,2.5,7.3,1.6,1,0.5
"41063","Wallowa County, Oregon","41","063",TRUE,"missing_estimate:",67112,11.1141181445261,9113,38.2,3.6,20.7,2.6,1.8,0.8,1.4,0.6,84.2,3.9,20.1,0.6,29.4,0.7,4.2,,1.3,0.7,56,3,2.1,1.4,46,4.9,18.2,3.7,13.1,3.7,6,2.6,13.6,3.9,4.9,1.9,11.5,2.9,11,2.4,16.8,3.9,15.4,1.7,22.1,3.6,9.3,2.4,27.5,3.5,3.7,1.8,0.1,0.3
"41065","Wasco County, Oregon","41","065",TRUE,"missing_estimate:",64175,11.0693690057393,3054,22.4,2.3,17.5,1.8,9.9,1.4,7.7,1.2,89.4,1.9,21.4,0.3,21.4,0.2,20.6,,0.4,0.3,60,2.1,4.6,1.1,35.9,3.2,18,2.4,16.3,2.2,12.7,2.4,9.3,2.3,9.1,2.1,7.8,2.1,6.3,1.3,7.9,1.9,18.9,1.2,13.4,1.9,17.8,1.8,32.5,2.8,6,1.6,1.1,0.9
"41067","Washington County, Oregon","41","067",TRUE,"missing_estimate:",107772,11.587773163459,1788,47.5,0.8,11.6,0.4,18.3,0.5,8.4,0.5,95.4,0.4,21.6,,14.8,0.1,18.6,,2.2,0.1,68.6,0.4,3.1,0.2,50.8,0.7,14.1,0.6,6.6,0.4,9.6,0.4,1,0.1,17.6,0.6,14.6,0.5,5.5,0.4,24.4,0.7,24,0.5,3.2,0.3,1.9,0.2,39.2,0.8,5.6,0.4,1.2,0.2
"41069","Wheeler County, Oregon","41","069",TRUE,"missing_estimate:",55284,10.9202388147239,4440,18.8,4.7,32.7,5.7,3.4,1.9,1.7,1.7,81.5,6.6,11.8,3.8,38.9,4.9,4.8,2.9,0,2.7,45.3,5.9,1.2,1.4,33.7,11.8,25.8,8.2,16.3,5.3,6.8,5.1,11.7,6.4,1.2,1.5,8.3,5.3,17.1,6.6,19.9,7.1,24,6.1,22.6,5.4,14,3.9,28.2,7.6,3.4,2.5,0.6,0.7
"41071","Yamhill County, Oregon","41","071",TRUE,"missing_estimate:",90063,11.4082647044267,3914,29.6,1.5,16,1,8.4,0.7,5.4,0.7,92.6,1.2,21.1,0.1,18.8,0.1,17.6,,0.7,0.2,59.4,1.1,2.8,0.5,36.4,1.9,18.9,1.5,11.9,1.5,14.2,1.3,4.5,0.8,15.2,1.3,10.3,1.1,6.8,1.1,13.9,1.2,26.2,1.1,4.7,1,9.9,1.2,30.6,2.1,5.5,1,1,0.5
"42001","Adams County, Pennsylvania","42","001",TRUE,"missing_estimate:",84092,11.339666716585,2436,25.8,1.2,13.8,0.9,3.7,0.4,2.8,0.3,90,0.9,19.4,0.1,21.8,0.1,7.7,,1.6,0.3,63.7,0.9,2.1,0.3,35.2,1.4,16.4,1.1,11.1,0.9,18.3,1.3,3.2,0.6,15.2,1.1,8.5,0.7,5.1,0.6,11.7,1.2,28.2,0.8,6.5,0.9,5.5,0.6,21.1,1.3,4.5,0.7,0.3,0.1
"42003","Allegheny County, Pennsylvania","42","003",TRUE,"missing_estimate:",78548,11.2714651818701,994,45.8,0.5,13.9,0.2,6.6,0.2,2.6,0.1,90.8,0.3,18.6,,20.2,0.1,3,,12.4,0.2,64.8,0.3,3.3,0.2,51.6,0.5,15.1,0.4,5.6,0.2,8.6,0.3,0.4,0.1,7.5,0.3,14.3,0.3,4.3,0.2,21.1,0.4,25.2,0.2,10.1,0.3,0.7,0.1,34.8,0.5,11.9,0.3,0.4,0.1
"42005","Armstrong County, Pennsylvania","42","005",TRUE,"missing_estimate:",65008,11.0822656182275,1881,19,1.1,17.7,0.9,0.7,0.2,1,0.3,86.8,1.1,18.9,,24,0.1,0.9,,0.9,0.2,57.1,0.9,2.5,0.4,32.2,1.6,16.5,1.4,14.2,1.2,20.4,1.1,2.8,0.5,16.6,1.1,6.7,0.8,5,1,9.4,1.1,28.6,0.9,12.7,0.9,9.5,0.7,21.2,1.3,7.8,1.1,0.3,0.2
"42007","Beaver County, Pennsylvania","42","007",TRUE,"missing_estimate:",71089,11.1716878921485,1561,28.7,1,15,0.5,1.9,0.3,1.1,0.3,89,0.8,19.4,0.1,22.6,0.1,2.4,,6.2,0.3,62,0.8,3.3,0.4,37.8,1.3,17.8,1,9.9,0.7,14.8,0.9,1,0.2,11.6,0.8,10.4,0.8,4.1,0.4,13.5,0.9,25.5,0.7,8.9,0.8,3.2,0.4,25,1.1,7.5,0.7,0.4,0.2
"42009","Bedford County, Pennsylvania","42","009",TRUE,"missing_estimate:",59992,11.0019664989812,3266,16.1,1.3,17.2,1.2,1.2,0.2,1.1,0.2,83.1,1.5,19.4,0.1,24,0.1,1.4,,0.7,0.1,57.3,1,2.2,0.6,30.8,2.2,16.5,1.6,13.3,1.2,20.7,1.5,3.4,0.6,13.4,1.4,6.2,0.9,5.3,0.8,7.5,1.1,26.5,1,16.2,1.3,15.2,1.4,22.5,1.6,5.7,0.8,0.3,0.1
"42011","Berks County, Pennsylvania","42","011",TRUE,"missing_estimate:",79777,11.286990521343,1206,27.7,0.8,13.5,0.5,9.7,0.5,8.9,0.4,89.6,0.6,22,0.1,18,0.1,24.8,,4,0.2,64.3,0.6,3.5,0.3,35.6,0.8,15.3,0.6,9,0.6,20.8,0.7,2,0.3,17.8,0.6,9.7,0.5,4.9,0.3,11.9,0.6,25.4,0.3,4.9,0.4,2.8,0.3,28.7,0.7,8.7,0.6,0.7,0.2
"42013","Blair County, Pennsylvania","42","013",TRUE,"missing_estimate:",62382,11.041032051206,1699,24.4,1.1,15.9,0.9,1.5,0.3,1.1,0.3,86.2,1.1,20.1,,21.5,0.1,1.6,,1.9,0.2,58.5,0.9,2.6,0.4,35.6,1.6,17.7,1.4,8.8,0.8,16.9,1.2,1.1,0.3,11,1,7.7,0.8,4.4,0.6,7.1,0.8,20.5,0.6,9.6,1,6.3,0.7,27.6,1.1,8.6,0.9,0.2,0.1
"42015","Bradford County, Pennsylvania","42","015",TRUE,"missing_estimate:",63675,11.0615472998477,2517,20.6,1.3,15.4,1.1,1.7,0.3,0.8,0.2,85.4,1.2,22.1,,22.4,0.1,1.7,,0.9,0.2,55.9,1.1,3.5,0.6,33.4,1.5,13.3,1.3,11.2,0.8,24.9,1.8,4.9,0.8,20.4,1.5,5.2,0.7,6.7,1,7,1,24.1,0.7,16.5,0.9,13.6,0.8,27.8,1.7,6.9,1,0.3,0.1
"42017","Bucks County, Pennsylvania","42","017",TRUE,"missing_estimate:",114764,11.6506331248382,2067,44.8,0.7,11.5,0.3,10.4,0.3,5,0.3,94.8,0.4,19.9,0.1,20.5,0.1,6.6,,3.7,0.2,66,0.4,2.9,0.3,50.1,0.7,12,0.5,7.2,0.3,10.5,0.4,0.4,0.1,12.4,0.5,14.4,0.6,5.3,0.3,19.6,0.6,29,0.4,3.1,0.3,1.9,0.2,22.2,0.6,4.9,0.4,0.5,0.1
"42019","Butler County, Pennsylvania","42","019",TRUE,"missing_estimate:",89843,11.4058189815529,2409,39.4,0.9,13.1,0.6,2.4,0.2,1.2,0.3,90.6,0.6,19.3,0.1,20.6,0.1,2,,1.1,0.1,62.5,0.8,2.7,0.4,45.3,1.2,13.9,0.8,8.3,0.7,11.9,0.7,1.2,0.2,13.1,0.8,11.6,0.7,5.1,0.6,16.8,1,27.4,0.8,7.5,0.7,6.8,0.5,23.1,1,5.5,0.6,0.2,0.1
"42021","Cambria County, Pennsylvania","42","021",TRUE,"missing_estimate:",58418,10.9753793405046,1532,23.9,0.8,18,0.8,1.1,0.2,0.7,0.2,84.9,1,19.2,,23.9,0.1,2.1,,2.8,0.3,54.3,0.8,2.5,0.3,36.6,1.4,17.9,1,9.1,0.7,15.6,0.9,1.5,0.3,11,0.9,7.8,0.7,4.2,0.7,10.4,0.9,23.4,0.6,13.2,1,4,0.5,23.6,1.2,10.4,0.9,0.2,0.1
"42023","Cameron County, Pennsylvania","42","023",TRUE,"missing_estimate:",50573,10.8311731160242,6455,12.6,2.4,23.4,2.4,0.9,0.5,0.6,0.4,84.1,3.6,16.9,0.7,29.5,0.5,0.7,0.5,0.1,0.2,52.6,3.7,4.1,1.7,26.3,4.4,13.4,3.9,12.8,3.2,25.8,4.6,4.4,2.1,31,5.1,3.1,2,7.4,3,1.8,1,18.7,3,43.5,3,11.6,1.9,27.6,4.5,10.2,3.5,0,1.5
"42025","Carbon County, Pennsylvania","42","025",TRUE,"missing_estimate:",67554,11.1206825570312,3356,19.2,1.6,17.1,1.3,3.7,0.6,1.6,0.4,88.7,1.7,18.9,,22.6,0.2,6.9,,1.9,0.3,60.9,1.2,4.5,0.7,29.7,2.4,18.5,1.7,12,1.5,19.2,1.7,1.3,0.6,12,1.4,9.2,1.3,4.2,1,10.1,1.6,32.5,1.1,20.8,1.5,4.2,0.8,23.6,2.1,6.4,1.4,0.4,0.3
"42027","Centre County, Pennsylvania","42","027",TRUE,"missing_estimate:",74291,11.2157450928171,2520,46.2,1.1,11.3,0.6,8,0.6,3.3,0.4,85.5,1.3,14.7,,15.9,0.1,3.7,,3.2,0.2,55.7,1,2.4,0.4,50.8,1.3,16.9,1.1,5.7,0.7,9.5,0.8,1.3,0.2,6.8,0.6,7.7,0.7,4.5,0.5,15.3,1.3,20.2,0.6,11.2,0.9,5.2,0.6,38.2,1.2,11.1,1.1,1.5,0.4
"42029","Chester County, Pennsylvania","42","029",TRUE,"missing_estimate:",127208,11.7535788209922,2511,57.1,0.6,9.6,0.3,10.1,0.4,4.1,0.3,94.7,0.4,22,0.1,17.7,0.1,8.4,,4.9,0.2,67.6,0.5,2.5,0.2,56.9,0.7,11.7,0.4,5.7,0.4,7.4,0.4,1.3,0.2,10.7,0.5,17.1,0.6,5.5,0.4,24.1,0.7,26.9,0.4,3.6,0.4,2.1,0.2,24.9,0.7,4.3,0.3,0.5,0.1
"42031","Clarion County, Pennsylvania","42","031",TRUE,"missing_estimate:",62649,11.0453029985049,2439,23.6,1.3,15.2,0.9,1,0.4,0.9,0.3,85.3,1.2,19,,20.6,0.1,1.2,,1.6,0.2,59.8,1.3,3,0.8,32.9,1.8,20.1,1.5,11.1,1.1,16.6,1.3,2.8,0.5,12.8,1.3,6,0.9,5.3,0.6,8.6,1,24.6,1,20.2,1.3,10.3,1.1,27.5,1.9,6.5,1.1,0.2,0.1
"42033","Clearfield County, Pennsylvania","42","033",TRUE,"missing_estimate:",62152,11.0373382766303,1988,20.2,1.3,19.6,1.2,2,0.4,1.6,0.4,83.9,1.1,18.2,,21.8,0.1,3,,1.9,0.2,55.2,1.4,3.3,0.5,33.9,1.8,18.1,1.4,10.9,1.1,19.7,1.6,2.7,0.6,12.1,1.2,6.7,0.8,5.6,0.8,8.1,1,25.3,1,14.9,1.2,11.2,0.9,21.5,1.4,7.4,0.9,0.3,0.2
"42035","Clinton County, Pennsylvania","42","035",TRUE,"missing_estimate:",60816,11.015608191229,3611,21.5,1.7,16.5,1.3,1.4,0.4,1.5,0.4,84.9,1.6,20.2,,20,0.1,1.9,,1,0.4,58.3,1.4,3.3,0.7,29.7,1.9,20.4,1.9,11.3,1.4,20.3,1.9,2.4,0.7,15.9,1.5,8.8,1.2,6.8,1.1,9.2,1.4,23.6,1.3,17.2,1.3,8,0.9,27.7,2,9,1.4,0.3,0.2
"42037","Columbia County, Pennsylvania","42","037",TRUE,"missing_estimate:",64644,11.0766505724685,2531,26.6,1.6,15.1,0.9,2.8,0.7,0.8,0.2,87.8,1.1,17.6,,20.3,0.1,4.1,,1.7,0.3,59.1,1.5,3.5,0.7,35.9,2.2,18.6,1.6,10.1,1.3,17.5,1.6,2,0.7,14.4,1.4,5.8,1,4.7,0.7,12.9,1.4,21.7,0.7,11.6,1.1,8.1,0.9,30.5,1.7,7.3,1.2,0.1,0.1
"42039","Crawford County, Pennsylvania","42","039",TRUE,"missing_estimate:",60476,11.0100018711001,2113,21.1,1,17.8,0.7,1.2,0.2,2.5,0.5,85,1.2,20.6,,22.7,0.1,1.6,,1.3,0.3,54.3,1,2.7,0.4,33,1.5,19.5,1.3,10.8,0.9,21,1.2,3.6,0.6,20.4,1.2,6.6,0.8,7.4,0.8,7.7,0.9,23.3,0.7,19.7,1.2,11.9,0.8,25.3,1.3,10.5,1,0.5,0.2
"42041","Cumberland County, Pennsylvania","42","041",TRUE,"missing_estimate:",87494,11.379325498566,2786,40,1.2,13.1,0.6,7.5,0.4,3.4,0.4,92.2,0.6,20.5,0.1,19,0.1,5.1,,4.1,0.3,63.7,0.6,2.3,0.3,46,1.3,14.3,0.8,6.5,0.6,13.7,0.9,0.9,0.2,7.7,0.6,12.6,0.9,5,0.4,17.7,0.9,21.8,0.6,4.4,0.6,4.6,0.6,28.7,1.2,5,0.5,0.4,0.1
"42043","Dauphin County, Pennsylvania","42","043",TRUE,"missing_estimate:",76242,11.2416677709326,1935,34.4,1.1,14,0.5,9.8,0.5,6.6,0.5,90.3,0.8,22.3,,18,0.1,11.8,,16.3,0.3,64.6,0.8,2.9,0.3,42.8,1.3,16.4,0.9,6,0.5,14.8,1,1,0.3,7.9,0.6,10.2,0.8,4.7,0.5,16.8,1.1,21.5,0.5,5.1,0.5,2.6,0.4,36.9,0.9,9.4,0.7,0.5,0.2
"42045","Delaware County, Pennsylvania","42","045",TRUE,"missing_estimate:",89546,11.4025077387079,1375,41.9,0.6,12.5,0.3,11.2,0.4,5.4,0.3,93.3,0.5,22,,17.4,,5,,21.9,0.3,65.6,0.5,4.5,0.3,47.2,0.8,16.2,0.6,6.5,0.4,10.3,0.5,0.4,0.1,7.7,0.4,12.9,0.5,4.8,0.3,18,0.6,28.1,0.4,5.6,0.4,0.3,0.1,30.4,0.8,9.6,0.6,0.5,0.2
"42047","Elk County, Pennsylvania","42","047",TRUE,"missing_estimate:",66380,11.103151085274,3352,20.6,2,16.6,1.9,1.1,0.4,0.2,0.1,87.7,2.1,19,0.1,24.1,0.2,1,,0.6,0.3,60.6,1.2,3.4,1,29.3,2.5,12.8,1.9,10.1,1.4,31.2,2.5,1.4,0.7,35.8,2.9,3.3,0.8,4.6,1.3,3.1,1.1,18.3,1,21.1,1.9,6.5,1.1,20.5,2,6.3,1.5,0.4,0.3
"42049","Erie County, Pennsylvania","42","049",TRUE,"missing_estimate:",63354,11.0564933250346,1812,30.3,1,16.2,0.6,4.9,0.4,2.7,0.3,89,0.7,20.7,,19.7,,4.8,,7,0.4,58.9,0.8,3.2,0.3,38.9,1.1,20.1,1,6.7,0.5,16,0.8,0.8,0.2,15.6,0.8,7.5,0.5,4.4,0.6,8.9,0.7,19.6,0.4,7.9,0.7,4.6,0.4,31.9,1,9.9,0.7,0.4,0.1
"42051","Fayette County, Pennsylvania","42","051",TRUE,"missing_estimate:",58236,10.9722589991932,2045,19.1,1,20.5,1,1.3,0.2,0.6,0.1,83.9,1.1,19.2,0.1,22.7,0.1,1.4,,3.9,0.4,54,1.1,3.4,0.3,31.2,1.5,19.5,1.2,12.7,1,17.8,1.1,3.2,0.7,10.2,0.8,6.7,1,4.4,0.7,7.1,0.9,26,0.9,11.2,1.1,10.2,1,27.6,1.2,9,1.2,0.2,0.1
"42053","Forest County, Pennsylvania","42","053",TRUE,"missing_estimate:",52191,10.8626653452127,3237,12.3,1.8,22.4,2.5,1.9,0.8,2.2,0.7,74.8,2.8,3.7,1,25,0.4,5.1,,13.7,2.1,29.3,2.1,0.7,0.2,22.3,3.2,24,6,17.7,4.3,18.1,3.3,3.6,2.2,15.3,4.3,5.7,2.5,11.3,4.7,13.3,5,23,2.3,72.3,1.2,14.1,1.4,21.7,3.3,6.7,2.2,0,1.7
"42055","Franklin County, Pennsylvania","42","055",TRUE,"missing_estimate:",77003,11.2515996611158,2046,24.7,1.1,16,0.9,3.7,0.4,3,0.5,89.1,1,22,,20.2,0.1,7.5,,3,0.3,62.1,0.9,2.5,0.4,36.7,1.6,15,1.2,9,1,20.6,1.6,2.9,0.5,15.6,1.5,8,0.7,5.8,0.7,10,1.2,24.3,0.9,5.4,0.8,5.7,0.7,26.5,1.5,4.6,0.7,0.4,0.2
"42057","Fulton County, Pennsylvania","42","057",TRUE,"missing_estimate:",65836,11.094922080164,2460,17.7,1.9,17.1,1.1,0.5,0.2,0.2,0.1,85.1,1.6,19.7,0.3,22.8,0.3,1.3,,1.3,0.2,58.7,1.4,1.7,0.5,32.5,2.4,15.5,1.7,13,1.3,22.4,1.8,3.4,0.9,20.3,1.7,4.8,0.9,6.5,1.2,8.4,1.3,31.5,1.2,11.4,1.6,14.5,1.7,22.4,1.9,5.3,1.2,0.8,0.5
"42059","Greene County, Pennsylvania","42","059",TRUE,"missing_estimate:",68041,11.1278657436387,4317,21.7,1.7,19.5,1.3,0.7,0.3,0.5,0.2,86.2,2,18.9,0.1,20.6,0.1,1.6,,2.7,0.4,50.7,2,2.9,0.5,34.1,2.8,20.2,2.4,14.8,2,12.8,1.6,6.4,1.2,7.4,1.1,7.2,1.4,4,0.9,7,1.5,29.2,1.5,11.6,1.5,16.2,1.8,22.9,2.2,4.7,1.1,0.9,0.5
"42061","Huntingdon County, Pennsylvania","42","061",TRUE,"missing_estimate:",65557,11.0906752722012,2012,19.2,1.2,15.9,0.9,0.9,0.2,1,0.3,85.9,1.2,17.7,,22.1,0.1,2.1,,4.5,0.3,51.1,1.1,2.4,0.4,36.2,1.5,17.8,1.4,12.1,1,17.3,1.4,3.6,0.8,13.3,1.3,6.8,0.9,5.1,0.6,7.6,1.1,31.2,1.1,22.1,1.5,11.7,0.9,20.8,1.4,7.1,1.2,0.4,0.2
"42063","Indiana County, Pennsylvania","42","063",TRUE,"missing_estimate:",60208,11.0055605128332,2473,27,1.3,16.9,1.1,2.4,0.7,1.9,0.4,80.7,1.5,18,0.1,20.6,0.1,1.9,,2.1,0.2,56.2,1.2,3.8,0.6,33.2,1.7,19.4,1.5,10.3,1,15.9,1.2,4.2,0.7,8.5,0.8,7,0.9,5.6,0.8,9.5,1.2,24.9,1.1,13.7,1.2,8.7,0.9,27.9,1.9,7.5,0.9,0.5,0.3
"42065","Jefferson County, Pennsylvania","42","065",TRUE,"missing_estimate:",58686,10.9799564765185,2154,18.4,1,14.8,0.9,0.4,0.1,1.2,0.3,81.9,1.4,21.4,0.1,22.2,0.1,1,,0.3,0.1,57.8,1.1,2.4,0.5,28.3,1.7,17.5,1.5,13.8,1.1,22,1.3,3.1,0.6,17.8,1.3,5.8,0.8,6.7,0.8,5.7,0.9,23.5,0.8,16.9,0.9,7.7,0.6,25.1,1.6,8.3,1.1,0.6,0.2
"42067","Juniata County, Pennsylvania","42","067",TRUE,"missing_estimate:",66318,11.102216632539,2017,15,1.6,12.2,1.2,2.5,0.6,4.5,0.7,83.9,1.6,22.1,,21.2,0.1,4.1,,1,0.2,60.2,1.6,1.3,0.3,30.1,2.1,12.1,1.6,17.1,1.8,23.2,1.9,6.7,1.4,19.8,1.7,6.1,1.2,8.2,1.3,9.5,1.4,31,1.4,14.1,1.5,9.3,1.2,26.2,2.1,6.9,1.4,2.4,1.1
"42069","Lackawanna County, Pennsylvania","42","069",TRUE,"missing_estimate:",66223,11.1007831136087,1519,30.6,0.9,16.4,0.6,6.7,0.6,4.2,0.4,87.5,0.8,20.5,0.1,20.5,0.1,9.8,,3,0.3,59.5,0.8,2.9,0.3,38.9,1,17.3,1,7.4,0.7,16.2,0.9,1,0.3,10,0.8,8.7,0.7,4.3,0.5,10,0.7,21.1,0.6,11.9,0.7,2.1,0.3,34.6,1.2,9.4,0.7,0.3,0.2
"42071","Lancaster County, Pennsylvania","42","071",TRUE,"missing_estimate:",86959,11.373192022189,1323,32.4,0.7,11.8,0.4,5.8,0.4,6.2,0.4,88.1,0.5,23.1,0.1,19.6,0.1,11.5,,3.4,0.2,65.7,0.4,2.2,0.2,39.6,0.8,14.8,0.5,9.6,0.5,16.6,0.6,2.3,0.2,14.3,0.6,10.3,0.5,6.9,0.5,11.6,0.6,23.8,0.3,3,0.4,3.7,0.3,30.2,0.8,8.6,0.5,0.6,0.1
"42073","Lawrence County, Pennsylvania","42","073",TRUE,"missing_estimate:",61931,11.0337761410648,2883,23.4,1.3,17.2,0.8,1.3,0.3,1.3,0.4,86.7,1.1,20,,23.4,0.1,2.2,,3.7,0.4,57.7,1,3.3,0.4,34.6,1.6,17.9,1.4,8.4,0.9,17.1,1.3,1.2,0.3,14,1.3,8.3,0.8,5.7,0.9,13.4,1.3,23.4,0.8,8.8,1.1,6.6,0.9,24.2,1.2,8,1.1,0.3,0.1
"42075","Lebanon County, Pennsylvania","42","075",TRUE,"missing_estimate:",78425,11.2698980330589,2044,24.3,1.2,14.6,0.8,4.3,0.4,5.2,0.6,87.7,1.1,22.5,,20.5,0.1,15.2,,1.7,0.2,63.1,0.9,2.7,0.5,35.7,1.5,15.1,1,9.5,0.9,18.4,1.2,2,0.3,13.1,0.9,7.8,0.8,5.9,0.6,12,0.9,22.1,0.6,5.4,0.7,4.8,0.7,28.7,1.3,6.5,0.8,0.7,0.4
"42077","Lehigh County, Pennsylvania","42","077",TRUE,"missing_estimate:",80079,11.2907689263986,1728,34.2,0.7,13.2,0.5,14.4,0.7,12.8,0.6,90,0.7,22.3,0.1,17.7,0.1,28,,5.9,0.2,64.8,0.6,3.8,0.4,39.3,0.9,15.3,0.8,6.9,0.5,19.2,0.8,0.4,0.1,14.2,0.8,10.3,0.6,4.5,0.4,14,0.7,24.9,0.5,4.5,0.4,1.7,0.2,34.4,0.8,8.3,0.7,0.6,0.2
"42079","Luzerne County, Pennsylvania","42","079",TRUE,"missing_estimate:",63691,11.0617985442941,1684,25.3,0.7,16.1,0.5,9.6,0.5,7.5,0.4,87.8,0.7,20.3,0.1,20.1,0.1,17.3,,4.1,0.2,60.4,0.7,3.5,0.3,35.5,1,16.8,0.9,8.1,0.5,19.7,0.9,0.7,0.2,12.1,0.7,8.8,0.6,4.3,0.4,10.9,0.7,23.5,0.5,10.7,0.6,3.2,0.3,32.2,0.9,9.5,0.7,0.5,0.2
"42081","Lycoming County, Pennsylvania","42","081",TRUE,"missing_estimate:",63917,11.0653406456717,2280,24.8,1.1,17.6,0.9,1.6,0.3,0.9,0.3,87.9,1.1,20.5,0.1,20.6,0.1,2.4,,4,0.4,59.7,0.9,3.1,0.6,35.8,1.5,17.7,1.2,8.9,0.8,15.8,1.1,2.1,0.4,13.6,0.9,8.2,0.9,4.7,0.6,8.7,1.1,21.1,0.7,11.1,0.9,5.5,0.5,30.9,1.5,9.7,1,0.3,0.2
"42083","McKean County, Pennsylvania","42","083",TRUE,"missing_estimate:",62905,11.0493809307852,3125,20.8,1.7,20.4,1.3,1.5,0.3,0.8,0.3,87.9,1.3,19.4,0.1,21,0.2,2,,2.1,0.3,54.5,1.2,2.7,0.7,32.8,2,17.9,1.4,10.2,1.1,21,1.8,2.7,0.5,20.5,1.8,5.6,1.2,4.9,0.8,5.3,1,20.4,0.9,15.9,1.4,9.3,1.2,22,1.5,8.7,1.3,0.1,0.1
"42085","Mercer County, Pennsylvania","42","085",TRUE,"missing_estimate:",59976,11.0016997611829,1687,25.6,1,17.3,0.8,1.8,0.3,1.7,0.3,85.7,1.3,18.9,,23.1,0.1,1.7,,5.6,0.3,54.6,0.8,2.9,0.5,35.7,1.8,18.1,1.3,9.4,0.9,16.9,1.3,1.6,0.4,15.9,1.3,7.9,0.9,5.4,0.6,9.3,0.9,21.7,0.8,8.7,0.9,7,0.6,27.6,1.3,9.6,0.8,0.3,0.1
"42087","Mifflin County, Pennsylvania","42","087",TRUE,"missing_estimate:",63953,11.0659037175564,3171,14.9,1.8,15.1,1.2,1.2,0.4,3.1,0.8,82.9,2,22.6,0.2,22,0.1,2.3,,1,0.2,59.7,1.3,1.6,0.5,26.6,2.5,16.8,2.1,12.2,1.7,24.2,1.9,2.6,0.6,21.1,1.8,4.6,1,6.8,1.4,6.6,1.3,25,1.2,13.8,1.8,8.2,1.5,28.9,2.1,10.1,1.5,1,0.5
"42089","Monroe County, Pennsylvania","42","089",TRUE,"missing_estimate:",83565,11.333380051123,2142,27.4,1.3,15.4,0.8,11.2,0.8,5.3,0.7,92.8,1,19.1,0.1,19.6,0.1,18.2,,13,0.6,60.2,0.9,4.2,0.5,36,1.6,19.7,1.6,8.8,0.8,15.4,1.1,0.8,0.3,10.3,1,10.6,1,5,0.7,11.4,1.1,38.1,1.3,23.1,1.2,3.4,0.6,19.8,1.4,5.5,0.8,0.2,0.1
"42091","Montgomery County, Pennsylvania","42","091",TRUE,"missing_estimate:",113915,11.6432078352332,1905,53,0.6,10.7,0.3,11.5,0.3,5.2,0.2,94.3,0.3,21.3,0.1,18.8,0.1,6.7,,9.2,0.2,67.8,0.4,3,0.2,54.3,0.6,12,0.5,5.8,0.3,8.9,0.4,0.3,0.1,11.5,0.5,15.4,0.4,4.8,0.3,23.3,0.6,27.8,0.3,4.2,0.3,0.8,0.1,28.6,0.6,5.7,0.3,0.7,0.1
"42093","Montour County, Pennsylvania","42","093",TRUE,"missing_estimate:",76976,11.2512489639392,5786,38.7,2.7,13.5,1.7,5.6,1.3,2.3,0.9,89,2,20.1,0.1,21.8,0.2,3.1,,2.4,0.3,58.7,2,1.7,0.7,50.9,3.4,13.9,1.9,8.1,1.6,12.8,2,1.9,0.8,8.7,1.5,7.9,1.5,5.4,1.1,12.9,2.4,19.4,1.3,3.5,1.8,6.4,1.7,31.5,3.1,8.1,2.2,0.5,0.4
"42095","Northampton County, Pennsylvania","42","095",TRUE,"missing_estimate:",89184,11.3984569302817,2135,34.7,0.8,12.4,0.5,8.6,0.5,5.4,0.4,90.8,0.7,19.2,0.1,20.3,0.1,15.5,,5.7,0.2,63.2,0.6,2.9,0.3,41.7,1.1,16.1,0.9,7.5,0.6,15.5,0.7,0.5,0.2,12.5,0.6,10.2,0.7,4.3,0.5,14.4,0.7,27,0.7,5.3,0.6,2.5,0.4,28.9,0.9,6.5,0.6,0.6,0.2
"42097","Northumberland County, Pennsylvania","42","097",TRUE,"missing_estimate:",60583,11.0117696046492,1488,19.4,0.9,16.9,0.8,1.6,0.4,1.4,0.4,85.1,1.2,19.7,,22.3,0.2,5.2,,2.6,0.3,56.5,1,2.1,0.4,31.8,1.5,17.6,1.4,10.7,1.1,21.8,1.1,2.7,0.6,14,1.3,6.1,0.7,5.8,0.8,9.9,1.1,25.2,1.1,12.7,1,4,0.6,24.5,1.5,9.2,1,0.4,0.3
"42099","Perry County, Pennsylvania","42","099",TRUE,"missing_estimate:",79444,11.2828076499187,2718,20.2,1.4,13.6,0.8,1.7,0.4,1.7,0.6,87.3,1.3,21,,20.5,0.1,2.5,,0.8,0.2,61.6,1,1.9,0.3,33.2,1.6,13.4,1.4,14.8,1.3,18.1,1.4,3.2,0.5,8.4,0.9,8.2,1.2,7.4,0.9,15.3,1.4,32,1,8.7,1,8,1.1,18.2,1.5,5.7,1.3,0.5,0.2
"42101","Philadelphia County, Pennsylvania","42","101",TRUE,"missing_estimate:",61953,11.0341313120349,919,35.4,0.4,17.4,0.3,15.2,0.3,11.5,0.3,89.1,0.4,21.2,0.1,14.7,0.1,15.6,,38.3,0.2,63.6,0.5,5.2,0.2,45,0.7,21.3,0.6,4.8,0.3,11.3,0.4,0.3,0.1,6.4,0.3,13.2,0.4,4.6,0.3,18.4,0.5,31.7,0.3,9.2,0.4,0.4,0.1,48.2,0.6,27.9,0.5,1.2,0.2
"42103","Pike County, Pennsylvania","42","103",TRUE,"missing_estimate:",81323,11.3061841583555,4306,29.7,1.8,15.5,1.3,8.2,1,4,0.9,91.8,1.2,17.2,,24.3,0.2,12.4,,5.6,0.4,55.8,1.4,4.2,0.7,36.9,2.4,16.2,1.8,9.9,1.2,14.8,2,1.6,0.6,7.5,1.3,10.2,1.5,7.1,1.1,14.7,1.8,42.3,2.1,39.6,1.5,6,0.7,13,1.3,5.3,1.3,0.3,0.2
"42105","Potter County, Pennsylvania","42","105",TRUE,"missing_estimate:",59020,10.9856316484969,4562,18.2,1.3,18.1,1.4,1.4,0.4,1.2,0.4,85.8,1.6,20,0.1,25.9,0.2,1.7,,0.4,0.2,54.7,1.4,2.1,0.4,30.5,2.1,14.5,1.6,11.2,1.6,21.8,2.1,6.1,1.4,14.6,1.7,6.4,1.2,7.7,1.2,10.7,1.9,24,1.5,43.6,1.1,13.4,1.2,20.3,2,6.1,0.9,1.1,0.8
"42107","Schuylkill County, Pennsylvania","42","107",TRUE,"missing_estimate:",68313,11.1318553641968,1387,19.9,0.9,18.1,0.7,2.7,0.4,2.3,0.3,86.7,0.9,19.9,,21.1,0.1,7.8,,2.6,0.1,57.8,0.7,3.2,0.4,32.6,1.3,16.4,0.9,10.7,0.9,23.8,1.1,2.1,0.5,18.1,1.2,7.2,0.8,4.7,0.7,7.3,0.7,27.3,0.8,13.8,1,3.4,0.4,23.9,1.2,8,0.7,0.4,0.2
"42109","Snyder County, Pennsylvania","42","109",TRUE,"missing_estimate:",66876,11.1105954373575,2148,20.6,1.6,15.5,1,1.7,0.4,2.4,0.5,83,1.7,20.5,0.1,20.6,0.2,2.6,,0.7,0.2,60.6,1.2,1.5,0.4,31.4,1.9,15.3,1.5,13.1,1.1,20.4,1.5,3.4,0.7,16.2,1.7,4.9,0.9,7,0.9,9,1.2,22.9,1.2,9.1,1.5,8.4,1.1,24.4,1.8,6.8,1.2,0.5,0.3
"42111","Somerset County, Pennsylvania","42","111",TRUE,"missing_estimate:",61446,11.0259140193035,1812,17.9,1.3,16.3,0.9,1.4,0.3,2.1,0.5,82,1.2,18.2,0.1,23.9,0.1,1.5,,2.6,0.3,55.7,1.2,2.7,0.5,32.6,1.6,15.9,1.2,13.3,1.2,18.5,1.2,4.1,0.6,13.2,1.3,8.2,0.9,6.7,0.8,8.5,1,24.9,1,22.5,1.1,10,0.9,19.6,1.2,6.3,1,0.3,0.2
"42113","Sullivan County, Pennsylvania","42","113",TRUE,"missing_estimate:",69764,11.1528733963886,5111,21.5,2.1,15.1,2.2,1.8,1.2,1.7,1.1,81.9,2.4,10.4,1,31.5,0.4,2.3,,2.3,0.3,49.9,2.4,2.9,1,33.1,3.8,16.3,2.4,14.6,2.9,20.9,3.7,4.7,2.7,17.7,2.5,7.2,1.7,8.6,1.6,7.9,1.8,31.4,2.5,54.3,2.1,8.2,1.4,15.1,2.1,5.1,1.4,0.7,0.6
"42115","Susquehanna County, Pennsylvania","42","115",TRUE,"missing_estimate:",68487,11.1343992252177,2246,19.5,1.1,16.3,0.8,2,0.3,0.7,0.2,88.4,1.2,18.8,,25.2,0.1,2.4,,0.2,0.1,55.2,1,3.2,0.4,32.4,1.9,15.7,1.1,12.9,1.1,20.5,1.4,5.9,1.2,12.9,1.3,7.5,0.9,7.3,1,13.3,1.6,26.9,0.8,27.3,1.1,11,1,21.5,1.3,5.2,0.8,0.2,0.2
"42117","Tioga County, Pennsylvania","42","117",TRUE,"missing_estimate:",64899,11.080587494253,2262,22.3,1.4,18.7,1.1,1.4,0.4,0.7,0.2,87.3,1.1,19.6,,23.5,0.1,1.7,,0.8,0.2,56.8,1.1,2.6,0.4,32.7,2.1,17,1.7,11.4,1.1,21.6,1.5,4.8,0.6,16.2,1.3,6.9,1,9.2,1.4,7.8,1,24.4,0.8,22.6,1.3,16.6,1.1,22.6,1.3,5.5,0.9,0.2,0.1
"42119","Union County, Pennsylvania","42","119",TRUE,"missing_estimate:",76404,11.243790329805,4078,26.5,1.9,12.5,1.2,3.9,0.6,3.5,0.9,80.3,2.3,17.4,0.1,19.9,0.2,5.1,,5.7,0.2,49.5,1.7,1.1,0.4,43.4,2.4,17.5,1.9,8.2,1.3,12.4,1.5,2.8,0.8,10.5,1.6,5.8,1.1,8.2,1.4,9,1.3,17.9,0.8,10.2,1.9,8.2,1.6,27.7,2.6,9.7,2.2,0.5,0.4
"42121","Venango County, Pennsylvania","42","121",TRUE,"missing_estimate:",61522,11.027150113404,2262,19.1,1.1,17.9,1.2,0.8,0.2,0.9,0.3,88.3,1.3,19,0.1,24.8,0.1,1.3,,1.2,0.2,55,1.1,3.1,0.5,31.8,1.8,19,1.4,9.8,1.1,20.2,1.3,1.3,0.4,15.6,1.3,6.9,1.2,5.3,1,8.8,1.5,23.1,0.9,18.5,1.1,10,0.8,24.7,1.5,7.6,1.1,0.5,0.3
"42123","Warren County, Pennsylvania","42","123",TRUE,"missing_estimate:",60480,11.0100680108534,1951,19.9,1.3,16.5,1,1.2,0.3,1,0.3,85.2,1.3,19.6,0.1,24.7,0.1,1.3,,0.8,0.2,54.6,1.1,2.4,0.4,32.8,2.2,19,1.9,9.1,1.2,21.3,1.6,3,0.7,22.8,1.8,4.9,0.9,4.4,0.7,6.3,1,20.7,0.9,25.5,1.4,9.5,0.7,20.5,1.6,6.2,1,0.2,0.1
"42125","Washington County, Pennsylvania","42","125",TRUE,"missing_estimate:",78958,11.2766713445059,2272,32.9,1,14.9,0.6,2.4,0.2,1.1,0.2,89.9,0.7,19.6,,22,0.1,2.1,,3.2,0.2,61.3,0.7,2.9,0.4,42.5,1.1,15.1,0.9,10,0.6,12.9,0.8,2.2,0.3,10.6,0.8,10.7,0.7,4.9,0.6,15,1,26.8,0.6,9.6,0.8,5.4,0.5,23.9,1.1,7.3,0.7,0.6,0.2
"42127","Wayne County, Pennsylvania","42","127",TRUE,"missing_estimate:",62381,11.0410160208124,3372,23.4,1.4,16.5,1.3,4.3,0.8,1.7,0.5,86.7,1.7,16.4,0.1,25.6,0.1,5.1,,3,0.2,50.8,1.4,3.1,0.5,33.7,2.3,18.3,1.8,13.6,1.7,15.2,1.7,1.7,0.7,7.2,1.2,8.4,1.1,7.1,1,11.6,1.4,28.9,1.8,35.1,1.5,8.4,1.2,19.5,1.5,6.9,1.4,0.3,0.2
"42129","Westmoreland County, Pennsylvania","42","129",TRUE,"missing_estimate:",74109,11.2132922613987,1340,32.8,0.8,15.1,0.4,1.9,0.1,0.8,0.1,88.5,0.7,18.2,0.1,24.3,0.1,1.6,,2.5,0.2,60.3,0.6,2.9,0.3,41.1,1,15.5,0.7,8.3,0.5,15.2,0.7,0.9,0.2,14.4,0.6,9.8,0.5,5,0.5,13.3,0.7,26.7,0.5,8.2,0.5,5.1,0.4,21.6,0.8,6.2,0.5,0.1,0.1
"42131","Wyoming County, Pennsylvania","42","131",TRUE,"missing_estimate:",72460,11.1907899644491,2965,22.1,1.3,14.4,1,1.7,0.3,0.6,0.3,87,1.5,19.2,0.1,22.9,0.1,2.5,,0.6,0.2,58.4,1.4,2.9,0.6,32,1.8,16.6,1.6,13.3,1.1,20.3,1.8,2.5,0.6,14.1,1.5,8.4,1.1,5.2,0.9,8.3,1.2,25.6,0.9,15.4,1.7,10.8,1.5,22.1,2,5.2,1.1,0.2,0.2
"42133","York County, Pennsylvania","42","133",TRUE,"missing_estimate:",84829,11.3483927444499,1522,27.6,0.6,14,0.4,4.1,0.3,3.2,0.3,90.3,0.6,21.9,0.1,18.8,0.1,9.6,,5.8,0.2,65.7,0.4,2.9,0.3,38,0.9,15.1,0.6,9.3,0.5,18,0.7,1,0.2,14.9,0.6,9.7,0.5,4.9,0.4,12.4,0.6,26.3,0.4,4.4,0.4,4.1,0.4,23.7,0.7,5.9,0.5,0.4,0.1
"44001","Bristol County, Rhode Island","44","001",TRUE,"missing_estimate:",114490,11.6482427619179,5860,53,2,11.9,1.3,9.7,1.4,3.8,0.9,92.6,1.5,17.8,0.1,21.1,0.2,4.2,,1,0.2,63.7,1.7,1.9,0.5,54.4,2.7,16.2,1.9,5.5,1.2,5.3,1.2,0.5,0.3,9.9,1.9,12.2,1.6,7,1.3,15.6,1.8,26.4,1.3,7,1.5,0.1,0.1,28.2,2.5,5.8,1.3,0.1,0.2
"44003","Kent County, Rhode Island","44","003",TRUE,"missing_estimate:",94345,11.4547135552218,3282,34.7,1.2,14.8,0.9,7.1,0.6,2.9,0.4,92.7,0.9,18,,20.4,0.1,6.9,,1.9,0.3,66.5,0.9,3.1,0.4,43.5,1.6,14.9,1.3,7.8,0.8,10.9,0.8,0.4,0.2,11.3,0.9,10.5,1,5.4,0.6,11.9,1,25.1,0.6,4.8,0.7,1.6,0.3,26.9,1.1,6,0.8,0.2,0.1
"44005","Newport County, Rhode Island","44","005",TRUE,"missing_estimate:",103514,11.5474621482405,4684,54.1,1.7,12.2,1,7,0.9,3.2,0.6,94.1,1.1,16,0.1,25.5,0.2,6.7,,3.2,0.4,64,1.1,3.5,0.7,49,2,17.6,1.5,7.6,1.2,6.3,0.9,1.4,0.6,7,1,14.3,1.4,6.7,0.9,15.7,1.6,22.8,1,15.6,1.5,2,0.6,32.1,1.7,7.3,1.1,0.8,0.6
"44007","Providence County, Rhode Island","44","007",TRUE,"missing_estimate:",78787,11.2745032876169,1722,32.3,0.7,14.4,0.4,20.9,0.6,13.4,0.4,90.5,0.5,20.1,0.1,16.3,0.1,25.6,,7,0.3,65.6,0.6,4.3,0.3,41.2,0.7,18.1,0.6,7.5,0.4,14.3,0.6,0.4,0.1,10.8,0.5,11.4,0.6,5,0.4,12.3,0.6,25.9,0.4,6.7,0.5,0.5,0.1,43.1,0.8,11.5,0.6,1.1,0.3
"44009","Washington County, Rhode Island","44","009",TRUE,"missing_estimate:",106638,11.577195199988,2789,52.4,1.3,10.8,0.7,5,0.6,1.8,0.4,94.4,0.8,15.4,,23.3,0.1,3.8,,1.2,0.2,61.9,1.2,2.7,0.3,51.5,1.5,14.4,1.2,7.6,1.1,7.3,1,1.1,0.3,11.3,1.1,11.5,1.1,6.4,1,15.3,1.4,26,0.8,20.8,1.1,1.3,0.4,22.5,1.4,4.4,0.7,0.2,0.2
"45001","Abbeville County, South Carolina","45","001",TRUE,"missing_estimate:",52935,10.8768200247775,3895,20.4,2.6,12.9,1.6,2.3,0.9,0.7,0.4,82.2,3,19.6,,22.9,0.2,2.2,,25.4,0.9,50.7,2.5,2,0.7,39.2,3.9,10.9,2.9,9.1,1.8,20.7,2.9,1.3,1,22.6,3.1,5.6,1.6,3,1,4.2,1.2,24.7,1.3,17.3,3.4,23.6,2.9,21.9,3.2,6.6,1.8,0.4,0.3
"45003","Aiken County, South Carolina","45","003",TRUE,"missing_estimate:",70609,11.1649128941101,2453,31.9,1.1,15.8,0.8,3.3,0.4,1.8,0.2,91,1,21.5,,20.8,0.1,7.2,,23.7,0.5,58.5,1,3.5,0.6,39.6,1.7,16.7,1.4,10,1,15.4,1.4,1.2,0.4,14.2,1.1,13.6,1,5,0.7,10.6,1,25,0.8,12.6,1.2,18.3,1,23.5,1.6,5.9,0.9,0.6,0.3
"45005","Allendale County, South Carolina","45","005",TRUE,"missing_estimate:",32328,10.3836890067583,7995,14.3,3.5,24.8,3.6,0.9,0.7,1.5,1,73.6,5.3,18.2,0.1,22.4,,7.6,4,66.3,4.1,43.6,4.3,3.7,2.3,27.7,5.5,20.8,5.1,5.7,2.6,25.3,5.8,5.2,3.4,10.4,4.1,7.8,3.5,5.3,3.1,3.5,1.9,35.7,4.9,20,3.6,22.8,5.1,38.3,6,18,4.8,0,1.4
"45007","Anderson County, South Carolina","45","007",TRUE,"missing_estimate:",66651,11.1072253292452,2330,26.5,1.2,15.6,0.7,3.9,0.4,2,0.3,88.6,1.1,22.6,,18.4,0.1,5.2,,13.5,0.5,59.8,0.9,3.1,0.4,38.2,1.7,14.9,1.1,8.4,0.8,19.8,1.1,0.6,0.2,19.4,1.2,9.3,0.9,5.5,0.6,7.6,0.7,26.5,0.8,9.1,0.7,14.6,0.9,25.2,1.2,5.7,0.7,0.6,0.2
"45009","Bamberg County, South Carolina","45","009",TRUE,"missing_estimate:",44370,10.700318844373,4432,17.9,3.9,17.6,2.3,1.3,1.1,0.9,1,79.2,4.2,18.3,,23.9,,1.4,0.9,59.4,1.5,53.6,3.6,8,2,24.2,4.3,17.8,4.5,15.3,6.2,24.7,5.9,4.2,2.3,27,6.3,3.7,2.1,6.7,2.7,7.2,3.3,28,3.7,29.4,3.8,22.4,3.5,29.6,4.8,12.9,3.4,0.6,0.8
"45011","Barnwell County, South Carolina","45","011",TRUE,"missing_estimate:",46626,10.7499136044373,4377,13.9,2,20.3,2.1,2.4,0.9,1.2,0.9,75.2,3.7,23.7,0.2,19.1,0.2,2.9,,42.8,0.6,57.1,2.1,4,1.4,24.2,3,20.7,2.9,11.3,2.8,21,3.9,2.4,1.8,14.3,2.7,9.6,3,4.8,2.3,4.2,1.5,27.2,2.2,18.2,2.3,32.8,3.5,29.1,3.5,10.6,2.3,0.8,0.9
"45013","Beaufort County, South Carolina","45","013",TRUE,"missing_estimate:",86573,11.3687432676466,3024,46,1.2,13.4,0.8,7.7,0.6,4.6,0.6,94,0.8,17.4,0.1,28.4,0.1,12.4,,15.5,0.4,56.4,1,1.3,0.3,40.2,1.7,18.8,1.4,8.9,1,9.8,1.2,1,0.3,6.4,0.9,13.5,1,8.4,1,13.2,1,23.6,0.9,20.2,0.9,9,0.8,24.1,1.2,4.3,0.8,0.6,0.3
"45015","Berkeley County, South Carolina","45","015",TRUE,"missing_estimate:",84358,11.3428249263932,2255,31,1,13.4,0.6,6.7,0.6,3.8,0.5,89.8,0.9,23.6,0.1,14.8,0.1,9.2,,22.7,0.5,66,0.9,2,0.3,38.6,1.5,13.8,1,10.7,0.9,15.6,1.2,0.5,0.2,12.7,1,13.9,1,5,0.6,12.4,1.3,29.7,0.7,6.8,0.8,13.6,1,25.5,1.3,4,0.7,0.7,0.2
"45017","Calhoun County, South Carolina","45","017",TRUE,"missing_estimate:",58682,10.979888314839,6223,24.5,3.6,17.5,2.3,2,0.5,1.7,0.7,81,3.7,18.6,0.4,24.4,0.2,3.9,,39,1,55.4,2.9,3.2,1.2,35.4,3.8,13.1,3.7,10.1,2.5,17.4,3.8,2.6,1.5,14.7,4.4,8.8,2.6,6.6,2.8,10.5,3.7,26.4,2,12.6,2.9,29.6,4.4,15,3.5,5.5,2.4,0.2,0.2
"45019","Charleston County, South Carolina","45","019",TRUE,"missing_estimate:",88494,11.3906900320876,1950,50.3,0.9,11.2,0.5,6.7,0.3,3.7,0.3,88.9,0.8,19.5,0.1,17.9,0.1,7.2,,22.7,0.3,66,0.6,2.2,0.3,49.4,1.1,15.1,0.8,6.8,0.6,9.5,0.8,0.5,0.2,7.2,0.6,17.2,0.9,7.6,0.7,17.7,0.9,25.1,0.5,14.7,0.7,4.9,0.5,36.1,1,5.9,0.6,0.5,0.2
"45021","Cherokee County, South Carolina","45","021",TRUE,"missing_estimate:",50288,10.8255217590373,2291,18.4,1.7,17.9,1.6,3.2,0.5,2.6,0.5,80.7,2.2,22.7,0.1,17.5,0.2,5.5,,18.7,0.6,56.4,2.1,3.5,0.7,28.5,2.5,18.5,2.1,11.8,1.5,22.7,2.2,1.1,0.4,22.6,2.2,8.2,2.2,5.6,1.4,5,1.9,25.1,1.7,12.3,1.8,26.4,2.1,26.2,2.3,5.4,1.2,1,0.4
"45023","Chester County, South Carolina","45","023",TRUE,"missing_estimate:",52458,10.8677681284089,3357,14,1.8,14.2,1.4,1.3,0.5,0.5,0.3,83,2,22.3,0.2,19.2,0.2,3,,34.5,1.1,58.4,2.3,3.2,0.9,22.3,2.9,21.3,2.6,11.5,2.5,26.4,3.3,1.7,1,21.2,2.8,8,1.8,4.8,1.5,5.5,1.4,31.6,1.8,11.1,1.7,23.6,2.7,21.6,2.5,6.3,1.4,0.1,0.1
"45025","Chesterfield County, South Carolina","45","025",TRUE,"missing_estimate:",49235,10.8043600316819,2518,13.6,1.5,18.3,1.4,3.6,0.5,2.7,0.6,82.8,2.1,22.2,,19,0.1,5.9,,30,1,57.2,1.8,4.3,0.9,25.5,2.3,18.8,2.6,14.6,2.1,26.3,2.6,4.3,1.4,24.9,2.6,6.7,1.4,4,1,2.5,0.7,24.5,1.1,15.9,2,37.5,2.7,27.2,2.5,9,1.8,0.7,0.5
"45027","Clarendon County, South Carolina","45","027",TRUE,"missing_estimate:",52401,10.8666809540965,3951,18.2,2,16.6,1.5,1.9,0.4,1.5,0.4,85.9,1.9,18.2,0.2,24.9,0.2,3.2,,44.1,0.8,48.6,1.9,3.3,0.8,29.1,2.9,17.3,2.3,13.2,2.2,15.5,2.6,4.8,1.3,13.3,2.6,5.3,1.4,5.3,1.3,6.5,1.7,31,1.9,23.2,2,34.2,2.7,27.1,2.5,10.1,2.1,0.2,0.2
"45029","Colleton County, South Carolina","45","029",TRUE,"missing_estimate:",51114,10.8418137112709,2869,17.4,1.8,20.5,2,3.4,0.7,2.5,0.8,84.8,2.3,22.7,0.1,20.4,0.2,4.6,,33.6,1.1,55.4,2.2,5.5,1,27.5,2.9,17.8,2.2,17,2.8,17.6,2.7,1.1,0.6,12.7,2.6,9.9,1.8,7.2,1.5,6.3,1.7,34.9,1.9,18.3,2,35.8,2.7,26.7,3.1,10.4,2.1,1.4,1
"45031","Darlington County, South Carolina","45","031",TRUE,"missing_estimate:",48581,10.790987786947,3529,19.9,1.7,16.5,1.4,1.9,0.5,0.9,0.4,78.2,1.9,22.2,0.1,19.9,0.2,2.5,,40.6,0.6,56.2,1.8,3.7,0.8,31,2.5,17.6,2.1,9,1.7,20.8,2.2,1.2,0.5,18.4,2.4,7.3,1.8,5.7,1.2,4.8,1.1,22.5,1.2,14.1,1.4,30.2,2.3,29.1,2.3,10.4,1.8,0.4,0.3
"45033","Dillon County, South Carolina","45","033",TRUE,"missing_estimate:",46605,10.7494631104953,2235,13.8,2,17.4,1.9,1.4,0.3,1.9,0.4,70.4,3.8,25.3,,18,0.2,3.5,,45.3,1.6,56.7,2.5,5.1,1.1,23.1,3,15.9,2.7,11.4,2.2,28.1,3.2,3.1,1.2,19.2,3.5,6.6,1.9,5.2,1.5,4,1.5,26.2,1.9,16.1,2.4,36.8,3.4,35.3,3.4,9.8,2.5,1,0.7
"45035","Dorchester County, South Carolina","45","035",TRUE,"missing_estimate:",78198,11.2669993507588,3042,29.8,1.3,13.8,0.9,5.5,0.6,2.7,0.4,91.6,1.1,24.1,0.1,15.2,0.1,7.2,,24.9,0.6,65,1.2,3.1,0.6,39.1,1.8,15.6,1.4,9.9,1.3,15.4,1.3,0.4,0.2,11.8,1,11.7,1,6.1,0.9,11.2,1,31.3,0.8,6.9,0.8,11.7,1.2,24.5,1.7,3.5,0.8,0.9,0.6
"45037","Edgefield County, South Carolina","45","037",TRUE,"missing_estimate:",73029,11.1986119015175,6942,23.3,2.3,14.8,1.6,4,1.3,3.3,1.4,80.3,3.4,16.6,0.2,19.7,0.1,7.2,,30.1,1.3,53.3,1.9,2.5,0.7,31.4,2.6,13.1,2.5,17.1,3.2,18.8,2.9,4.2,1.6,14.3,3.3,8.8,1.9,5.8,1.4,6.2,1.7,25.6,1.6,15.2,2.3,24.7,3,19.9,2.7,7.8,1.8,0.4,0.4
"45039","Fairfield County, South Carolina","45","039",TRUE,"missing_estimate:",47885,10.7765575819557,4289,15.2,2,19.1,1.9,1.1,0.6,0.4,0.3,81.8,3.1,18,0.3,24,0.2,2.5,,54.5,1.3,55.6,2.8,3,0.9,30.5,3.8,17.2,3.1,9,1.7,21.6,3.4,0.7,0.5,19.3,2.8,10.8,2.7,5,2.1,6.3,2.3,30,2.1,18.8,3,23.2,3,25.4,3.3,5.9,2,1.6,1.4
"45041","Florence County, South Carolina","45","041",TRUE,"missing_estimate:",58305,10.9734431319544,2979,24.4,1.3,14.3,0.8,3,0.4,1.7,0.4,83.3,1.4,23.5,,18.1,0.1,3.3,,42.9,0.5,58.6,1.1,3.3,0.5,37.3,1.9,17.2,1.6,8.8,1.1,14.2,1.3,0.8,0.3,13.1,1.4,8.2,1,5.6,0.8,9.1,1.3,22,0.8,14.9,1.2,17.7,1.2,35.5,1.8,7.6,1,1.1,0.4
"45043","Georgetown County, South Carolina","45","043",TRUE,"missing_estimate:",68713,11.1376936888388,2958,32.8,1.8,16.4,1.3,2.7,0.6,1.3,0.5,87.3,1.7,17,0.2,30.7,0.2,3.6,,27.8,0.4,50.5,1.7,2.2,0.7,33.8,2.3,23.1,2.2,8.1,1.5,13.5,2.1,2.1,0.8,9.6,1.5,11.6,1.7,7.8,1.4,10.1,1.7,29.1,1.7,27,1.7,16.6,1.5,16,2.1,5.2,1.2,0.8,0.6
"45045","Greenville County, South Carolina","45","045",TRUE,"missing_estimate:",76932,11.2506771937753,1640,41.3,0.9,12.4,0.4,8.7,0.4,5,0.4,92.1,0.5,22.9,0.1,16.7,0.1,11.6,,15.3,0.3,65.4,0.5,2.8,0.3,44.5,1,14.4,0.7,7,0.5,13.5,0.7,0.4,0.1,15.4,0.7,14.4,0.8,5.7,0.4,14.4,0.7,23.4,0.4,7.4,0.5,7.3,0.5,31.1,0.9,4.7,0.4,0.7,0.2
"45047","Greenwood County, South Carolina","45","047",TRUE,"missing_estimate:",52830,10.8748344901584,3142,24.7,1.7,11.6,1.1,3.3,0.7,1.6,0.5,84.9,1.9,22.4,,19.4,0.1,7.2,,31.2,0.4,55.7,1.7,3,0.7,32.7,2.4,15.7,1.9,10.5,1.5,22.9,2.4,0.6,0.3,22.9,2.3,6.8,1.3,3.5,0.9,4.1,1,20.3,1.2,12,1.5,10.1,1.5,33,2,7.4,1.6,0.2,0.3
"45049","Hampton County, South Carolina","45","049",TRUE,"missing_estimate:",44711,10.7079748353389,4044,12.1,1.8,22,2.6,2.3,0.8,1.8,0.9,82.6,3.1,21.4,0.8,19.7,0.4,4.1,,51.9,0.5,54.3,3,5.1,1.4,21.4,3.1,24.5,4,13.3,2.9,23.2,3.7,5,2.3,15.7,3.8,8.6,2.3,5.4,1.9,3.1,1.2,33.8,2.3,16.4,2.6,34.7,3.5,26.6,3.2,11,2.6,2,1.3
"45051","Horry County, South Carolina","45","051",TRUE,"missing_estimate:",66880,11.1106552477586,1763,27.1,0.8,18.8,0.7,6.7,0.5,3.1,0.3,92.5,0.6,17,0.1,26.4,0.1,7.3,,11.6,0.2,53.4,0.7,2.6,0.3,35.3,1.2,21,1,9.7,0.6,9.5,0.8,0.6,0.2,5.2,0.5,10.9,0.7,8,0.6,11,0.8,23.1,0.5,27,0.7,12.9,0.6,22.7,1,4.8,0.6,0.3,0.1
"45053","Jasper County, South Carolina","45","053",TRUE,"missing_estimate:",65613,11.0915291260307,3705,26,2.8,14.3,1.7,11.2,1.4,6.3,1.2,86.4,4,18.3,0.2,23.1,0.5,17.6,,32.8,0.7,52,2.4,2.3,1.1,26.7,3.7,19.6,3.2,14.3,3.1,12.3,2.7,2.2,1.3,5,1.9,13.7,2.7,8.3,2.4,8.6,2.1,28.9,1.6,11.1,2.4,25.5,3.8,22.8,3.5,4.4,1.9,0.4,0.5
"45055","Kershaw County, South Carolina","45","055",TRUE,"missing_estimate:",68231,11.1306542860116,3174,24,1.5,16.5,1.2,3.2,0.6,1.8,0.4,90.1,1.3,23.2,,18.9,0.2,5.9,,23.7,0.6,59.9,1.4,2.8,0.8,35.2,2.5,15.4,1.9,10.3,1.4,17.9,2.3,2.7,0.9,14.6,1.9,10.1,1.4,6.7,1.3,9.2,1.2,30,1.4,10.7,1.2,19.3,1.7,18,1.9,4.1,1,0.4,0.3
"45057","Lancaster County, South Carolina","45","057",TRUE,"missing_estimate:",78869,11.2755435272195,5418,33.6,1.8,14.8,1.2,7.1,0.6,3.3,0.5,89.4,1.3,21.6,,21.8,0.2,7.5,,19.3,0.5,58.4,1.6,2.5,0.7,41.1,2.5,14.2,1.4,7.3,1.2,15,1.6,0.6,0.3,16.1,1.9,10.6,1.5,5,1,19.5,2,28.8,1.1,8.5,1.4,11.2,1.6,16.7,1.4,3.4,0.7,0.6,0.4
"45059","Laurens County, South Carolina","45","059",TRUE,"missing_estimate:",57623,10.9616770725383,2977,17.6,1.4,17.5,1.2,3.8,0.5,2.9,0.5,86.1,1.9,21.8,0.1,19.2,0.1,6.7,,22.9,0.6,57.4,1.6,2.6,0.6,28.1,2.2,19.4,2,10.7,1.6,23,2.1,0.8,0.5,21.2,1.9,8.2,1.3,5,0.9,5.4,1.2,25.2,1,15.8,1.5,30.2,1.9,28.5,2.1,5.7,1.2,0.9,0.4
"45061","Lee County, South Carolina","45","061",TRUE,"missing_estimate:",44760,10.7090701624259,5515,11.6,2.2,19.7,2.1,2.4,1.5,0.3,0.2,84.7,3.5,18.7,0.3,20.8,0.1,2.4,,62.2,0.9,46.3,2.7,3.1,1,25.7,3.9,12.6,2.7,11.2,2.3,29.3,4.7,2.4,1.2,20.3,3.8,5.6,1.8,7.3,2.6,2.9,1.6,28.9,2.4,16.5,2.9,29.7,4.1,29.5,3.6,10.4,2.7,0.1,0.2
"45063","Lexington County, South Carolina","45","063",TRUE,"missing_estimate:",77408,11.2568454134098,1670,34.1,0.9,14.1,0.5,6.5,0.4,3.5,0.3,92.3,0.7,23,,17.1,,7.9,,15.1,0.3,64.6,0.6,2.9,0.3,41.5,1.1,14.3,0.8,10.5,0.7,12.4,0.7,0.8,0.2,10.2,0.8,11.8,0.7,5.9,0.6,11.9,0.7,26,0.5,8.2,0.6,16.5,0.7,22.6,0.9,4.5,0.5,0.3,0.1
"45065","McCormick County, South Carolina","45","065",TRUE,"missing_estimate:",55798,10.9294933054331,7160,24,3.6,17.8,2.6,0.8,0.5,0,0.1,82.6,4,10.2,0.1,39.5,0.2,0.8,0.5,40,1.2,34.8,3.2,1.5,0.9,35.4,5.8,20.7,5.4,8.8,3.7,15.4,4.7,3.1,2.5,16.6,5.3,9.5,5.9,4.9,2.1,11.4,3.2,33.8,4,26,4,21.6,3.8,12.1,2.9,4.1,1.7,0.1,0.2
"45067","Marion County, South Carolina","45","067",TRUE,"missing_estimate:",36301,10.4996005680829,5615,14.5,2,18.5,1.9,1.4,0.9,2,1.1,69.4,4,22.1,1,21.6,0.3,2.8,,54.8,1.7,48.9,2.4,3.5,1.1,23.7,3.8,19.9,3.3,11,3.4,24.6,4.6,1.9,1.1,14,2.5,6.5,2,4.9,2,5.2,3.2,28.3,2,16,2.6,32.3,3.9,37.4,3.9,8.3,2.4,1.9,1
"45069","Marlboro County, South Carolina","45","069",TRUE,"missing_estimate:",34301,10.442929787248,2981,9,1.4,20.3,1.9,2.1,0.6,1,0.4,70.9,3,19.9,,19.1,0.3,2.7,,47.7,1.4,45.7,2.6,4.5,0.9,25.8,3.6,15,2.4,11.5,2.7,30.2,4.1,1.6,0.8,29.6,4.4,6.1,2.2,7,2.1,3.2,1.4,26.9,2,18.9,3,25.9,2.7,37,3.6,15.5,2.6,0.6,0.5
"45071","Newberry County, South Carolina","45","071",TRUE,"missing_estimate:",61780,11.0313349664726,2811,23.1,2.3,17.6,1.6,4.9,0.7,3.9,0.6,84.6,2.1,21.4,0.1,20.4,0.3,9.2,,28.7,0.4,56.6,1.7,2.5,0.6,34.3,3.1,16.5,2.1,11,2.2,20.1,3,1.3,0.7,19.8,2.5,5.5,1.2,6.5,1.4,5.3,1.3,27.2,1.5,17.4,2,21.6,2.5,26.9,2.7,6.7,1.6,0.3,0.2
"45073","Oconee County, South Carolina","45","073",TRUE,"missing_estimate:",62388,11.0411282281717,4319,28.7,1.8,17.9,1.5,4.2,0.6,2.6,0.8,84.6,1.8,19.1,,24.9,0.1,6.2,,5.2,0.5,52.9,1.4,3.1,0.7,35.9,2.2,19.2,2,11.2,1.4,17.3,1.5,2.1,0.9,16.9,1.7,10.8,1.9,9.5,1.8,9.9,2,23.9,1.1,18,1.6,20,1.8,23.8,1.9,5.2,1.1,0.5,0.3
"45075","Orangeburg County, South Carolina","45","075",TRUE,"missing_estimate:",45675,10.7293063812462,2691,19.4,1.6,15.1,0.9,2.2,0.4,1.4,0.4,79.9,2,21.4,,20.9,0.1,2.7,,60.7,0.5,53.4,1.5,4.4,0.9,28.7,2.2,17.8,1.8,10,1.2,24.9,1.9,1.8,0.5,18.5,1.8,6,1.2,6,1.1,6.7,1.3,30.7,1.3,20.3,1.5,30.6,1.6,33,2.4,9,1.3,0.6,0.3
"45077","Pickens County, South Carolina","45","077",TRUE,"missing_estimate:",61064,11.0196777734783,1855,28.5,1.4,15.4,0.8,3.5,0.4,1.8,0.3,87.3,1.3,18.6,,17.3,0.1,5.4,,5.7,0.3,57.1,1.2,2.1,0.3,38,1.7,19,1.3,9.4,0.9,14.7,1.2,0.5,0.2,14.4,1.2,9.2,1.1,5.1,0.6,10.1,1.2,26.4,0.8,10.7,1.1,16.2,1.2,29.1,1.6,6.4,1.3,0.5,0.3
"45079","Richland County, South Carolina","45","079",TRUE,"missing_estimate:",63784,11.0632576541823,1530,40.7,1.1,14.3,0.6,6,0.4,2.7,0.3,90.4,0.8,21.6,0.1,14.1,0.1,6.4,,46.9,0.3,64.6,0.7,4,0.4,43.7,1.2,16.7,1.1,5.6,0.5,12.1,0.8,0.6,0.2,7.7,0.7,11,0.6,4.3,0.5,12.5,0.7,23.1,0.5,10.5,0.7,4.5,0.5,39.7,0.9,7.2,0.6,0.6,0.2
"45081","Saluda County, South Carolina","45","081",TRUE,"missing_estimate:",51009,10.8397573667256,5886,20.4,2.5,16.8,1.9,7.3,1.7,7.6,1.8,77.5,3.5,21.9,0.2,20.6,0.4,17.1,,21.2,0.8,56.6,2.6,1.8,0.7,28.2,3.2,24.6,3.6,14,2.7,18.8,3.2,6.4,1.8,15.4,2.5,8.3,2.1,13.2,3,6.2,1.8,28.5,1.9,19.6,2.2,27.8,3.4,21.3,3,4.4,1.7,1.2,0.9
"45083","Spartanburg County, South Carolina","45","083",TRUE,"missing_estimate:",66234,11.1009492052464,1763,25.1,0.8,15.1,0.6,8.7,0.6,5.6,0.4,88.7,0.8,23.4,0.1,16.3,0.1,9.3,,19.3,0.3,62.1,0.7,2.7,0.3,33.6,1.2,15.8,0.9,9.8,0.8,20.9,0.9,0.5,0.1,20.1,1,9.2,0.6,4.9,0.4,8.9,0.7,25.2,0.5,8.7,0.6,12.2,0.8,27,1,4.5,0.5,0.8,0.2
"45085","Sumter County, South Carolina","45","085",TRUE,"missing_estimate:",56693,10.9454060253043,2137,23.5,2,15.2,1.2,3,0.5,1.5,0.4,87.4,1.7,23.7,,17.8,0.1,4.4,,45.8,0.7,58.7,1.6,3.7,0.6,32.8,2.2,18.6,1.5,9.5,1.2,17.8,1.7,1.5,0.5,14.6,1.6,10,1.5,4.5,1.1,4.5,0.8,23,0.6,13.7,1.3,19,1.6,31.9,2,8.4,1.1,0.2,0.1
"45087","Union County, South Carolina","45","087",TRUE,"missing_estimate:",41621,10.6363601265691,3477,15,2.4,21.7,1.9,1.5,0.6,1,0.4,82.3,2.4,20.8,,21.6,0.1,2.1,,27.5,1.6,53.5,2,4.2,1.1,24.5,3.6,19.3,2.9,10.2,2,31.8,3.6,1.2,0.9,25.7,3.2,6.4,2.1,3.5,1,3.4,1.2,27.4,1.8,14.2,2.1,21.2,2.4,28.7,3.1,10.2,2,0.4,0.3
"45089","Williamsburg County, South Carolina","45","089",TRUE,"missing_estimate:",46213,10.7410164227698,4361,17.4,2.2,19.1,1.8,2.3,0.7,1.6,0.7,76.6,2.8,19.4,0.5,22.7,0.2,2.5,,63.1,0.4,49.9,2,2,0.6,27.7,3.5,19.1,2.9,10.1,1.9,21.2,2.9,1.6,0.8,15.1,2.7,9.1,2.2,4.8,1.5,6.8,1.7,31.3,1.9,17.5,2.2,39.5,2.8,23.6,2.9,12.8,2.7,1.5,1
"45091","York County, South Carolina","45","091",TRUE,"missing_estimate:",89095,11.3974584951615,2015,39.3,0.9,10.7,0.5,6.7,0.5,2.7,0.4,93.1,0.7,23.6,,15.4,,7.4,,18.2,0.3,67.2,0.8,2.8,0.3,44.7,1.2,12.7,0.9,8,0.6,14.5,0.8,0.6,0.2,12.4,0.7,12.5,0.8,5.2,0.6,17.5,1,27.2,0.5,5.7,0.7,8.7,0.8,25.5,1.1,3.7,0.6,0.7,0.2
"46003","Aurora County, South Dakota","46","003",TRUE,"missing_estimate:",72885,11.1966381355081,5520,21.4,2.9,13,2,4.7,1.7,2.7,1.2,83.6,3.6,25.5,1.8,19.7,2.1,7,2.1,0.6,0.4,66.7,3.2,0.8,0.6,41.8,5.3,16.6,3.7,12.4,3.3,13.9,3.1,22.8,3.7,4.4,2.1,6.4,2.3,19.3,3.4,13.3,3.5,21,2.5,15.6,3.8,6.9,2.3,27.3,4.6,2.6,1.1,0,2.3
"46005","Beadle County, South Dakota","46","005",TRUE,"missing_estimate:",67681,11.1225607695847,5231,27.2,2.8,14.3,2.3,12.1,2.2,11.3,2,88.9,2.4,28,0.4,18.4,0.9,14.9,,1,0.5,67.6,2.4,1.3,0.7,31.6,3.1,14.5,2.4,9.9,2.1,25.8,4.1,6,1.3,21.7,4.1,4.6,1.5,8.8,1.9,6.2,1.6,13.4,0.8,11.1,2.7,7.3,2.4,27.1,3.5,8.5,2.7,2.1,1.4
"46007","Bennett County, South Dakota","46","007",TRUE,"missing_estimate:",53750,10.8920989459899,17540,18.3,5.9,8.9,2.8,1.6,1.4,1.6,1.4,65.2,7.2,35.1,3.8,15.3,2.3,5.1,0.5,0.2,0.3,50.2,6.3,5,4,42.6,8.8,20.6,8.2,13.7,5,9.4,4.5,16,6.7,0.4,0.5,2.4,2,4.9,3.4,8,4.3,12,2.1,20.1,3.4,9.5,3.8,38.8,8.8,1.5,1.5,3.4,3.8
"46009","Bon Homme County, South Dakota","46","009",TRUE,"missing_estimate:",64435,11.0734122427225,7134,19.6,2.7,14.5,1.7,0.8,0.5,0.8,0.5,85.2,2.9,18.6,0.3,21.5,0.4,2.4,,2.3,0.8,48.2,1.9,1.1,0.7,35,4.1,16.6,3.5,13.5,2.8,14.9,2.6,12.7,3.2,11.2,2.6,3,1.2,11.8,2.6,7.4,2.5,19.3,1.4,14.9,3.4,5.5,2.1,19.5,3.2,4.2,1.6,0.1,0.2
"46011","Brookings County, South Dakota","46","011",TRUE,"missing_estimate:",70064,11.1571643890412,6292,42.5,3.2,9.2,1.1,6.2,1.2,2.1,0.6,91.2,1.8,21.1,0.1,13.4,0.2,4.6,,1,0.4,69,1.7,2.6,0.6,42.9,2.7,14.9,1.9,8.3,1.6,16.9,2.5,6.4,1.1,21,2.5,7.4,1.7,5.9,1.4,11.1,1.8,14.3,0.8,9.1,1.8,6.1,1.4,42.8,2.8,5.2,1.6,0.3,0.3
"46013","Brown County, South Dakota","46","013",TRUE,"missing_estimate:",70898,11.1689975033776,3639,33.8,2.3,13.6,1.4,4.3,1,2.8,0.7,87.5,2.3,23.6,0.6,17.8,0.1,4.7,,1.3,0.6,68.1,1.8,2.2,0.8,37.2,2.8,17.3,2.1,12.3,1.9,15.5,1.9,6.3,1.1,10.9,1.8,4.9,1.2,6.8,1.2,6.3,1.5,13.9,0.9,10,1.8,5,1.3,32.4,2.5,6.8,1.5,0.5,0.5
"46015","Brule County, South Dakota","46","015",TRUE,"missing_estimate:",73720,11.2080294117838,7160,28.7,3.7,17,3.1,1.4,0.8,2.2,1.1,80.9,4.1,24.3,0.5,21,0.8,2.3,,0.6,0.3,63.3,3.4,0.9,0.9,36.3,4.2,20.9,4.3,13.7,3.4,6.1,2.2,17,3.5,3.9,1.9,3.2,1.6,16.5,3.2,12.4,3.2,15.5,1.9,17.4,4.1,8.7,2.5,23.6,4.2,5.7,2.9,0.6,0.6
"46017","Buffalo County, South Dakota","46","017",TRUE,"missing_estimate:",47045,10.7588598694409,11995,9.9,4,13.6,2.9,0,1.4,0,1.6,68.7,8,39.2,4.4,9.2,2.2,1.7,1.8,0,1.4,54.7,7.1,5.9,3.1,31.1,9.2,31.7,9.8,13.8,6.7,6.7,5.7,10.4,4.5,2.6,2.6,4,4.6,9.2,4.6,12.3,6.4,13.4,2.7,12.1,3.9,21.8,6.6,47.4,8.5,13,6,2.2,3.6
"46019","Butte County, South Dakota","46","019",TRUE,"missing_estimate:",75652,11.2338991564083,11248,19.9,3.3,15.4,2.3,1.3,0.9,1.1,1,89.8,2.9,24.8,0.3,20.1,0.4,4.3,,0,0.2,69.4,2.9,1.2,0.9,36,4,17.1,2.8,18.2,3.4,12.3,3.3,14.9,2.7,10.3,3,5.6,2,9.4,3,7.8,2.4,24.5,3.2,10,4.2,24.1,3.9,23.9,4,5.6,2.5,1.2,0.9
"46021","Campbell County, South Dakota","46","021",TRUE,"missing_estimate:",68929,11.1408322683031,20360,36,6.2,14.8,3.7,4.6,2.1,3.2,1.7,82.6,5.7,20.8,4.9,26.9,5.2,7.8,0.8,0,1.6,64.2,5.3,2,1.7,41.5,7.3,10.2,3.6,9.8,3.7,16.4,5.7,23.1,5.5,4.4,2.1,6.1,3.5,21.1,5.6,25.1,7.1,15.5,3.3,18,4.6,14,4.2,23.7,5.4,2.9,2.8,0,3.3
"46023","Charles Mix County, South Dakota","46","023",TRUE,"missing_estimate:",64038,11.067231936142,5646,25.7,2.7,11.5,1.5,0.8,0.3,1.1,0.8,82.7,2.8,30.7,0.1,19,0.1,3,,0.2,0.2,61.6,2.6,3.6,1.2,42.1,3.3,18.6,3.3,10.8,2.2,8.9,2.4,12.2,3.3,3.7,1.2,6.3,1.9,14.8,2.7,9.5,3,14.1,1.2,17.3,2.2,6.5,1.5,27.7,2.7,5.2,1.3,0.7,0.6
"46025","Clark County, South Dakota","46","025",TRUE,"missing_estimate:",70726,11.1665685353416,6465,19.7,4,11.2,1.9,2.7,2,2.1,1.8,85.8,3,29.4,2.2,23.5,0.3,5.3,,0.5,0.8,59.4,5.4,2.3,1.5,36.8,6.1,16.6,5.6,15.1,4,12.8,3.1,24.9,6.7,4.9,1.9,6,3,17.1,3.7,17.1,6.7,20.8,2.4,17,4.4,8,2.6,22.5,4.3,5.3,2.5,0.4,0.5
"46027","Clay County, South Dakota","46","027",TRUE,"missing_estimate:",56850,10.9481714991787,5165,45.4,4.4,13.2,2,3.8,1.1,1.6,0.6,90.6,3.3,17.4,0.9,12.2,0.2,3.3,,1.8,0.4,67.5,2.7,4.7,1.5,41.9,4.4,26.1,4.1,7.3,2,8.8,2.5,6.5,2.3,6.3,2.1,5.9,2,5.3,2.2,6.6,2.2,19.5,2.4,11.4,3.4,5.5,2.2,49.2,3.9,5.7,2.2,1.5,1.5
"46029","Codington County, South Dakota","46","029",TRUE,"missing_estimate:",72727,11.1944679838447,4778,21.4,2.3,10.6,1.4,1.3,0.5,1,0.5,87.6,2.4,23,0.3,19.6,0.2,3.3,,0.7,0.3,68.2,1.8,1.3,0.6,31.5,2.6,14.7,1.8,10.9,1.9,18.6,3.4,3.7,0.9,18.5,2.5,3.8,1.2,6.6,1.5,5.6,1.3,14.1,1,7.4,2,7.7,1.7,30.2,3.1,5.3,1.5,0.6,0.6
"46031","Corson County, South Dakota","46","031",TRUE,"missing_estimate:",46406,10.7451840401993,11944,19,2.8,18.3,2.1,0,0.7,0.3,0.3,85.1,2.9,35.3,,13.2,,0.5,0.4,0,0.7,56.4,3.5,13.3,2.6,52,4.2,9.8,2.8,10.1,2.3,12.2,3.6,27,4.3,0.3,0.3,3.8,2.4,22,4.7,24.2,4.2,21,1.6,17,2.7,11.8,2.3,40.9,4.4,11.6,2.5,4.9,2.2
"46033","Custer County, South Dakota","46","033",TRUE,"missing_estimate:",84112,11.3399045230592,3932,31.6,4.7,18.9,2.7,2.7,1.5,0.1,0.3,87.8,4,13.8,,33.7,0.6,3.1,,0.3,0.5,55.2,3.3,1.2,0.9,39.3,4.5,14.9,3.5,15.1,3.7,9.1,3.3,12.6,4.3,3.7,2.2,13.7,4.6,10.9,3.6,12,3.9,29.5,4.1,15.9,3.5,16.2,3.7,14.4,3.6,0.7,0.7,0.5,0.7
"46035","Davison County, South Dakota","46","035",TRUE,"missing_estimate:",66208,11.1005565805453,7907,22.6,2.9,14,1.8,2,1,1.4,1,86.2,2.7,23.6,0.3,20.8,0.5,5.1,,0.7,0.3,68.3,2.2,0.6,0.5,30.5,3.6,18.6,2.8,15.9,2.8,13.5,2.9,4.4,1.5,12,2.6,6.9,2.6,8.5,2.2,8.9,2.2,14.1,1.5,7.1,2.2,5.2,1.7,38.5,3.1,6.2,2.5,0.8,0.8
"46037","Day County, South Dakota","46","037",TRUE,"missing_estimate:",66033,11.0979098960502,11116,22,2.7,13.2,1.9,1.7,1,2.1,1,83.8,3.3,22.4,0.6,26.7,0.6,2.8,,0,0.2,57.5,3.1,1.2,0.6,36.1,5.5,12.4,2.9,13.3,3.3,14.6,2.4,16,3.1,10.4,2.4,5,2.1,12.8,2.8,12,3.5,22.3,3.2,31.1,2.8,4.3,1.1,25.4,3.8,6,2.6,0,1
"46039","Deuel County, South Dakota","46","039",TRUE,"missing_estimate:",83112,11.3279443747504,3713,25.1,3.3,12.2,2.2,1.5,0.6,1.2,1,85.2,3.2,24.2,1,22.1,0.5,3.1,,0.5,0.6,63.3,3.5,1.3,0.8,39.7,5.4,11.8,2.6,11.6,2.5,22.4,4.1,14,3.4,18.1,3.8,4.2,1.8,9.3,2.9,9.5,4.1,25.4,3.8,18.6,4.4,3.3,1.6,17.2,3.1,2.3,1.2,1,1.3
"46041","Dewey County, South Dakota","46","041",TRUE,"missing_estimate:",54104,10.8986633992548,5497,18.8,2.7,10.6,1.8,0.4,0.3,0.1,0.1,84.7,3.4,38.3,,10,,1,1.3,0.5,0.6,61.7,3.2,8.6,2,44.5,4.6,13.3,3.2,15.9,3.5,6.9,1.9,13.9,3.1,1.8,1.4,4.1,2.3,14.9,3.1,13.5,3.6,18.5,2.5,12.4,2.2,13.9,2.8,38.8,5.1,11.6,3.5,2.2,1.4
"46043","Douglas County, South Dakota","46","043",TRUE,"missing_estimate:",86442,11.3672289477895,7842,24.9,3.7,10.6,2,3,1,1.8,0.7,86.5,4.5,25.5,0.8,24.5,1.6,3,,0.6,1.2,68.6,3.9,0.3,0.4,49.9,5.2,14.9,4.7,12.2,3.7,10.4,3.3,22,4.6,4.9,2.4,1.9,1,18.7,3.9,7.1,3.4,19.6,2.9,14.9,4.1,3.1,1.1,23.3,4.7,2,1.2,1.2,2.1
"46045","Edmunds County, South Dakota","46","045",TRUE,"missing_estimate:",81630,11.3099521204454,9494,28.2,3.8,11,2.3,2.3,1.2,1.5,1,93.3,2.1,23.6,1.8,22.9,2.1,2.7,1.1,0,0.1,60.5,3.8,0.7,0.5,46.9,4.7,13,3.2,14.2,4.1,11.3,3.1,17.6,3.3,5.4,2.4,3.4,1.6,18.9,3.3,13.9,3.9,20,2.7,14.1,2.9,7.4,2.8,18.9,3.5,1.2,1,0.5,0.5
"46047","Fall River County, South Dakota","46","047",TRUE,"missing_estimate:",67917,11.1260416503984,7389,29.4,4.6,18.7,2.9,2.7,0.7,1.9,1.4,85.7,3.8,16.2,0.2,32.8,1.4,3.4,,0,0.3,52.6,3,1.3,0.8,40,6.2,19.8,5.4,17.1,3.3,9.2,3.6,13.4,4.4,4.1,3.5,3.5,1.9,16.4,4.8,9.7,3.6,19.4,5.1,11.3,3.1,13.7,3.8,27.6,4.8,6.6,2.7,0,0.7
"46049","Faulk County, South Dakota","46","049",TRUE,"missing_estimate:",57750,10.963878628384,15232,22.6,6.8,12.5,4.5,0.7,0.7,0.6,0.6,80.7,5,25,3.1,24.1,4.1,1.3,2,0,1.2,60.2,4.8,3.2,3.2,46.7,6.2,7.9,5.2,14.8,5.8,13,4.3,32.4,8.2,4.3,2.2,6.4,3.7,23.4,5.2,12.5,4.7,16.9,2.7,20.6,4.1,9,3.3,20.4,8.4,10.9,7.2,2.1,2.4
"46051","Grant County, South Dakota","46","051",TRUE,"missing_estimate:",75028,11.2256166561802,9695,25.3,4.9,15.1,2.6,6.5,2.2,4.3,1.6,84.1,4.4,22.2,0.9,23.4,0.2,7.4,,0.4,1,69.1,3.3,1.9,1.1,33.7,5.3,20,4.6,14.7,3.6,15.8,4.7,9.7,2.4,12.2,3.4,5.7,2.2,8.8,2.9,11,4.5,13.7,1.6,12.4,4.6,5.5,2.6,24.4,4.2,3.6,2,0.3,0.3
"46053","Gregory County, South Dakota","46","053",TRUE,"missing_estimate:",62917,11.0495716764424,8637,22.2,2.5,13.8,2.2,1.1,0.7,0.2,0.2,82.3,3.3,24.4,,26.6,0.4,0.6,0.6,0.9,1,64.7,3,1.5,0.9,38,3.5,14.1,3.2,17.9,3.9,11.5,2.6,15.2,2.6,2.7,1.1,4.4,1.5,15.3,3.4,8,2.1,15.9,1.8,26.5,4.3,6.9,2.3,23.3,3.6,2.9,1.4,0.1,0.1
"46055","Haakon County, South Dakota","46","055",TRUE,"missing_estimate:",65625,11.0917119998939,12666,21.5,5.4,11.9,3.4,0,1.4,0.7,0.8,78.6,8.1,20.3,3.3,29.1,4.8,0.1,0.2,1.3,2.2,61.6,6.2,0,1.8,44.5,6.4,12.2,5.5,10.3,4.3,12.8,5.1,26.7,6.8,8.7,6.4,5.1,2.8,26.8,7.2,14.2,6,19,4.5,23.2,5.7,19.1,7.3,20.8,7.7,4.1,3.5,0,3.6
"46057","Hamlin County, South Dakota","46","057",TRUE,"missing_estimate:",87101,11.3748236438309,2886,24.5,2.8,7.5,0.9,3.9,0.7,3.5,0.8,90.2,3.5,33.1,,14.3,0.1,5.9,,0.1,0.1,70,1.8,0.4,0.3,36.4,3.3,12.2,2.2,17.2,2.3,18.6,2.5,13.4,2.7,16.5,2.5,3.4,1,10.9,2.1,7,1.8,22.2,1.7,23.3,3.8,4.9,2.2,18,2.8,1.3,0.9,0.4,0.3
"46059","Hand County, South Dakota","46","059",TRUE,"missing_estimate:",74635,11.2203648450673,7251,28.4,4.2,13.8,2.2,0.9,0.5,0.4,0.5,85.9,3.1,25.3,1.5,24.2,1.9,2.1,0.6,0.5,0.5,67.8,2.8,0.5,0.5,51.2,5.3,15.2,3.4,14,4,5.1,2,30.1,5.9,6.1,2.7,6.3,3.6,19.1,4.1,10.9,4.8,13.2,1.8,18.3,5.2,7,2.5,34.5,5,7.3,3,0.1,0.3
"46061","Hanson County, South Dakota","46","061",TRUE,"missing_estimate:",81071,11.3030805929248,13957,22.5,3.7,7.7,1.7,1.2,1.1,1.8,1.7,92.8,2.4,28.7,0.9,16.3,0.4,1.4,0.9,0.3,0.4,70.2,3.2,1.3,0.8,46,5.8,10.8,4.4,12,2.6,13.1,2.8,12.9,3.4,9.2,2.1,9.2,2.9,12.9,2.9,10.6,4.4,21.7,2,12.3,4.1,3.2,1.6,10.6,3.2,1.5,1,0.4,0.5
"46063","Harding County, South Dakota","46","063",TRUE,"missing_estimate:",80441,11.2952792754354,9875,30.4,6.5,6.6,2.4,1,0.8,0,2.3,93.6,4.6,23.3,4.2,20.7,3.9,1.4,1.8,1.5,1.8,75.2,4.5,0.7,0.6,53.1,6.7,6.4,3.9,14.7,6.4,14.7,6.8,38.7,7.6,3.1,2,3.3,2.2,25.8,6.1,16.4,4.8,18.7,3.7,27.6,5.8,24.3,5.7,23.5,8.5,1.6,1.7,0,4.9
"46065","Hughes County, South Dakota","46","065",TRUE,"missing_estimate:",81395,11.3070691250426,5889,39,3.5,13.1,1.8,1.1,0.7,0.5,0.3,93.1,1.8,24.4,0.3,18,0.4,3.3,,0.1,0.1,65,2.2,0.6,0.5,48.2,3.6,14.2,2.7,8.7,2.4,9.4,2.3,5.7,2.1,1.9,1.1,7.3,2.3,8.2,2.5,4.7,2.1,14.6,1.9,9.3,2.7,12.8,2.8,28,3.1,7.8,2.4,0.2,0.3
"46067","Hutchinson County, South Dakota","46","067",TRUE,"missing_estimate:",73977,11.2115095130638,8995,28.8,3.9,12,1.5,1.9,0.6,2.4,1.5,86.7,2.5,26.4,,21.8,0.6,2.7,,0.1,0.3,65.6,2.2,1.1,0.6,47.6,4.2,13.2,3.8,11.9,2.2,11,2.7,21,3.9,9.1,2.1,4.5,1.6,14.1,2.2,8.1,4,17.2,1.5,10.1,2,1.6,0.9,22.7,3.1,5.4,1.8,0.1,0.2
"46069","Hyde County, South Dakota","46","069",TRUE,"missing_estimate:",73472,11.2046596602392,20082,20.3,5.5,14,3.9,0.4,0.5,0.5,0.7,89.7,4.9,18,4.1,28.3,5.3,1.6,1.7,0.3,0.4,63.2,6.2,2.4,2.5,41.7,8.8,9.8,5,13.8,5.3,12.2,4.1,21.9,6.3,1.1,1,2.1,2,21.6,6.4,20.8,7,15.3,2.8,18.5,6.6,7.5,3.9,16.5,5.5,2,2.2,0.4,0.8
"46071","Jackson County, South Dakota","46","071",TRUE,"missing_estimate:",35417,10.474947209839,21129,12.4,3.7,12,2.7,0,0.9,0,1,62.7,7,32.9,4.4,12.4,2.9,0.4,0.7,0,0.9,43.3,7.6,3.1,1.8,50.7,11.4,16.7,6.7,14.2,7.6,9.9,5.2,25.1,6.3,4.4,3.7,0.1,0.4,16.9,5.9,8.9,6.6,11.4,2.1,23.6,5,19.6,5.2,32.7,6.8,12.8,6.1,0.7,1.3
"46073","Jerauld County, South Dakota","46","073",TRUE,"missing_estimate:",73750,11.2084362742021,17436,21.3,3.8,12.8,3,3.4,1.5,1.3,0.8,86,5.3,22.8,2.9,30.8,4,7,3.1,0,1.4,69.8,3.4,1.2,1.1,40.9,6.5,14.7,4.7,11.9,3.4,14.2,4.7,14.8,3.9,10.3,4.5,3.1,1.6,12.2,3.6,19.8,5.3,15.8,1.9,18.5,6.9,5.6,2.3,15.9,4.1,5.4,2.4,0.3,0.5
"46075","Jones County, South Dakota","46","075",TRUE,"missing_estimate:",65119,11.0839716442932,11041,27.4,8.4,7.5,4.8,4.7,3.8,0,2.9,89.2,5.6,31.8,6.7,24.4,7.3,1,1.5,0,2.5,64.5,7.6,1.4,1.5,46.1,9.1,15.9,6.3,17,5.7,7.4,4.8,18.3,6.6,0.4,1.5,4.3,3.7,13.9,4.8,12.7,9.1,15.3,4.3,28.6,8.6,29,9.9,23.7,9.2,4.4,4.6,2.3,2.1
"46077","Kingsbury County, South Dakota","46","077",TRUE,"missing_estimate:",74000,11.2118203721863,6554,23.1,2.6,10.8,1.6,1,0.5,0.6,0.4,89.8,2.3,25.1,0.5,23.1,0.3,2.9,,0,0.5,64.3,2,0.6,0.4,36.2,3.8,14.8,2.6,13.8,2.2,17.7,2.3,13,2.3,15.7,2.3,3.9,1.1,12.5,2.3,8.5,2.3,20.8,1.8,20.7,2.9,6.4,2.5,17.9,3,4.1,1.6,0.8,0.6
"46079","Lake County, South Dakota","46","079",TRUE,"missing_estimate:",76808,11.2490640803775,7301,34.6,3.8,15.1,1.9,3.7,1.4,2,1,86.6,3.1,19.6,1,24.3,0.7,5.3,,0.7,0.6,65.4,3.1,1.9,0.8,37.9,4.1,13.6,3.3,13.6,2.6,12.5,2.2,9.9,2.3,10.6,2,5,2.1,8.2,2,10.5,2.7,14.9,1.2,18.6,2.9,8.2,2.8,26.2,3.6,3.5,2,0,0.5
"46081","Lawrence County, South Dakota","46","081",TRUE,"missing_estimate:",73384,11.2034612071895,4448,32.9,2.9,16.5,1.6,2,0.7,1.3,0.5,89.6,2.3,16.3,0.3,25,0.4,3.9,,0.3,0.2,63.7,2.4,1.1,0.5,35.5,3.2,22.8,2.5,10.1,2.2,11.2,2.2,4.9,1.4,5.8,1.7,7.7,1.7,6,1.2,6.5,1.6,19.1,1.5,18.8,2.5,9.4,1.9,34.9,3.1,4.8,1.5,0.4,0.5
"46083","Lincoln County, South Dakota","46","083",TRUE,"missing_estimate:",99166,11.504550492588,2500,44.4,1.8,9.2,1,4.9,1.2,1.6,0.4,95.7,1,26.5,,14.7,0.2,3.2,,2.3,0.4,75.6,1.2,1.3,0.4,48,2.2,13.3,1.4,6.4,1,11.1,1.2,2.1,0.6,8,1.2,9.9,1.3,5,1.1,12.3,1.4,19.3,0.7,2.9,0.9,1.4,0.4,28.8,2.1,2.1,0.8,0.2,0.1
"46085","Lyman County, South Dakota","46","085",TRUE,"missing_estimate:",67143,11.1145799522882,7804,24.5,4.4,13,2.3,0.6,0.4,0.9,0.9,82.4,4.2,28,0.4,18.3,0.1,1.2,,0,1.6,57.3,4.7,2.3,1,38,6.8,17.6,4.6,15.2,3.8,8.4,2.8,22.5,5.3,2.6,2.1,3.7,3.1,9.3,3.7,11.2,4.1,15.8,2.1,23.5,4.7,10.8,2.8,30.1,5.1,5.7,1.9,1.6,1
"46087","McCook County, South Dakota","46","087",TRUE,"missing_estimate:",83852,11.3368086190838,2719,29.9,4.1,10.5,1.6,1.6,1.1,1.4,0.8,89.5,2.3,28.5,,18.8,0.3,3.6,,0.3,0.5,69.4,2.2,1.3,0.8,41.3,3.5,12.7,2.6,14,2.3,12.2,2.3,11.2,2.2,7.3,1.7,4.5,1.2,12.4,2.3,11.2,2.2,25.2,1.9,10.2,3,3.9,1.4,20.5,3.3,2.1,0.9,0.7,0.9
"46089","McPherson County, South Dakota","46","089",TRUE,"missing_estimate:",66906,11.1110439281934,7668,26.5,10.2,15.2,7.4,0.3,0.5,3.4,2.9,80,5.3,19.3,3.7,33.1,3.9,0.1,0.3,0,1.2,56.5,4.2,0.6,1.1,52.1,9.7,9.5,12.2,17.1,7.9,10.9,3.7,26.2,8.2,6.6,3.7,4.7,2.8,13.7,4.1,11.6,12.6,18.4,4.1,24.1,4.9,5.6,3.1,18.7,4.5,1.5,1.1,0,2.7
"46091","Marshall County, South Dakota","46","091",TRUE,"missing_estimate:",78156,11.2664621083344,10504,25.4,3.7,10.7,2.9,3.1,1.1,2.5,2,89.5,2.8,24.3,,23.2,0.8,6.4,,0.1,0.3,63.8,4.1,0.2,0.2,31.3,5.3,14.3,4.6,20.7,5.2,14.1,4,17.2,4.2,14,4,5.4,2.3,12.8,3.6,4.9,2.3,16,1.8,32.2,4.6,6.5,2.8,19.7,4.5,2.3,1.6,0,1.5
"46093","Meade County, South Dakota","46","093",TRUE,"missing_estimate:",74790,11.2224394651857,7020,27.8,2.8,14,1.6,1.7,0.7,1.1,1.7,93.4,1.7,21.2,,16.7,0.2,4.9,,1.7,0.3,69.1,1.7,2,1.2,33.8,3.3,19.5,3.9,14.5,3.4,9.7,1.8,5.4,2,4.3,1.2,6.5,1.8,7.3,1.9,8.1,1.9,19.8,1.3,7,2,12.3,2.2,27.1,3.7,3.8,1.6,0,0.2
"46095","Mellette County, South Dakota","46","095",TRUE,"missing_estimate:",54076,10.8981457434843,8231,19.1,4.8,15.9,3.5,0,1.3,0,1.4,74.4,8.9,28.7,4.6,16.4,2.3,0.9,1.1,0,1.3,58.7,8.6,7.3,3.5,56.9,9.4,22,9.4,13.3,4.9,0.1,0.2,32.6,10.5,0,3.2,0.7,1,27.7,8,13.9,9.9,16.7,3.2,17.7,5.5,21.4,6.6,39.6,9,5.9,3.6,5,3.9
"46097","Miner County, South Dakota","46","097",TRUE,"missing_estimate:",76140,11.2403290299365,5254,16.7,4.1,15.9,3.3,0.1,0.2,0,1.1,82.9,4.8,21.9,1.8,25.9,2.3,1.3,1.1,0.7,0.6,63.3,3.8,0.2,0.3,42.1,5.5,11.8,3.2,9.9,2.9,16.6,4,15.6,4.5,9.8,3.4,4,2,14.4,3.9,9.8,4.2,25.2,6.7,21,5,1.9,2.5,15.2,4.7,3.5,2.2,0,2.6
"46099","Minnehaha County, South Dakota","46","099",TRUE,"missing_estimate:",76880,11.2500010436442,2510,35.2,1,10.9,0.6,7.6,0.6,3.8,0.4,92.6,0.6,25.4,,13.9,0.1,6.6,,6.3,0.3,74.1,0.7,1.8,0.3,40.4,1.1,15.1,0.9,9.6,0.8,14.6,1,1.8,0.3,10.8,0.7,8.1,0.6,5.2,0.6,11.1,0.7,17.8,0.5,5.1,0.6,3.9,0.4,36.9,1.2,5.6,0.6,0.7,0.3
"46101","Moody County, South Dakota","46","101",TRUE,"missing_estimate:",78427,11.2699235348058,5497,30.4,4,12.9,1.8,4.1,0.8,2.3,0.5,88.3,2.5,26.3,0.4,20.2,0.7,5.8,,0.2,0.3,65.9,2.4,1.8,0.8,36.5,4.5,21.2,3.5,13,2.2,11.9,2.3,8.9,2.1,9.8,2.3,3.2,1.1,8.4,2.1,9.5,2.5,19.9,2.4,7.2,2.6,3.2,1.1,26.5,3.3,2.9,1.3,0.9,0.7
"46102","Oglala Lakota County, South Dakota","46","102",TRUE,"missing_estimate:",41417,10.6314467035481,14548,11.8,3.7,10.7,2.4,0.2,0.3,0.9,0.7,70.2,6.5,35.4,0.9,7.5,0.7,1.9,1.2,0.1,0.1,33.8,4.6,5.4,2.2,40.9,11.6,23.5,8.5,11.1,4.4,10.4,4.3,2.5,2,0,1,10.8,6.8,11.1,5.3,3.8,3,13.5,1.8,15.8,5.2,28,6.3,48.5,7.9,22.5,6.7,5.6,3.4
"46103","Pennington County, South Dakota","46","103",TRUE,"missing_estimate:",74517,11.2187825662562,2445,34.6,1.3,15.6,1,2.5,0.4,1.8,0.4,90.6,1.1,22,,20.1,0.2,5.7,,1.1,0.2,64.4,1.1,2,0.4,39.6,1.7,16.4,1.2,11.3,1.3,11.7,1.3,2.1,0.6,6.6,0.8,9.3,1.1,6.6,1.1,9.6,1.1,19.4,1.1,10.3,1.1,8.7,1,30.7,1.4,5.6,0.8,0.5,0.2
"46105","Perkins County, South Dakota","46","105",TRUE,"missing_estimate:",66908,11.1110738204319,9644,24.9,4.3,14.5,2.9,1.3,1.2,0.1,0.2,88.9,3.7,22.4,1.6,26.9,1.7,1.1,0.8,0,0.8,66.6,4,3.2,1.8,43.9,5.8,10.1,3.5,17,5.6,9.9,3.4,31.4,5.8,7.1,2.8,2.9,1.9,22.8,4.3,32.9,6.8,14.7,2.5,24.9,4.3,17.9,4.1,21.6,5.1,4.5,2.3,1.3,1.7
"46107","Potter County, South Dakota","46","107",TRUE,"missing_estimate:",72045,11.185046202767,16190,27.2,3.9,12.2,2.4,1.3,0.9,1.2,0.8,88,3.5,20.4,2.3,30.7,2.4,0,1,1.5,1.5,61.5,4.1,1.6,1.4,38,6.4,13.1,4.7,17.6,5.2,10,3.8,26.8,6.9,2.5,1.4,1.7,1.1,14,3.8,6,2.2,14.2,1.8,32,4.2,25.3,4.7,18.5,4.7,2.6,1.4,0.4,0.5
"46109","Roberts County, South Dakota","46","109",TRUE,"missing_estimate:",65130,11.0841405515404,2576,18.6,2.2,10.4,1.3,1.2,0.3,0.9,0.6,83.3,2.3,28.2,0.2,20.9,0.2,2.6,,0.3,0.2,60.2,2.1,3.6,1,38.2,3.4,15.3,2.1,12.1,2.2,13.8,2.7,13.3,2.1,10.1,2.2,4,1.3,13.4,1.7,9,1.9,16.2,1.1,25.2,2,11.6,2,28.8,2.7,4.6,1.5,0.7,0.5
"46111","Sanborn County, South Dakota","46","111",TRUE,"missing_estimate:",78750,11.2740335566879,8864,21.3,3.6,11.9,2.4,1.7,1,0.1,0.2,80.5,4.7,25.9,1.7,20.2,2.1,5.2,1.1,0,1,68.8,3.9,0.4,0.4,39.1,5.4,12.7,4,15.5,3.5,13.1,3.8,13.6,3.3,12.5,4.3,7.4,2.7,17.5,4.7,18.6,5.1,21.2,2.4,19,4.2,12.2,4.3,21.4,5,7,2.9,0.3,0.4
"46115","Spink County, South Dakota","46","115",TRUE,"missing_estimate:",70139,11.1582342663926,9006,28.2,4.3,11.8,2.6,1.1,0.9,0.8,0.5,88.3,2.6,21.1,0.8,24.5,0.3,2.8,,1.6,1.1,60.7,2.6,0.8,0.7,37.3,3.3,20.8,4.2,15.4,2.8,11.2,4.3,21.1,3.1,5.4,3,4.2,1.3,16.1,2.1,14.7,2.3,17.1,2.3,17.4,3.3,7.3,2.3,27.3,4.3,3.3,1.3,0,1
"46117","Stanley County, South Dakota","46","117",TRUE,"missing_estimate:",87712,11.3818139991025,25802,28.2,6.7,17.8,4.8,1.4,1.2,4.4,3.4,90.9,5,21.2,2.7,24.4,3.1,2.2,0.5,0,0.8,67.3,4.5,0.3,0.6,44.3,7.5,8.5,3.6,14.6,4.6,5.6,3,6.7,3.5,3.7,3.5,4.6,2.4,4.3,2.2,6.6,4,18,3.5,16.3,6.3,19.6,6.3,16.9,6.3,2.6,2.2,0,1.9
"46119","Sully County, South Dakota","46","119",TRUE,"missing_estimate:",72578,11.1924171245869,6950,24.1,5.5,10.1,2.8,4.8,4.6,5.2,4.8,79.6,6.1,22,4.9,23.1,3.2,0,1.6,4.5,4.6,69.3,4.4,0,2,50.3,5.7,9.9,3.6,16,5.6,8.5,2.7,27.9,8.2,4.3,2,4.1,1.9,12.9,3.9,13.4,5.2,19.3,3,31.8,5.6,16,4.1,27.2,6.8,2.4,2.5,0,3.8
"46121","Todd County, South Dakota","46","121",TRUE,"missing_estimate:",42075,10.647209019059,6515,16.6,3.2,12.3,2.3,2.5,1.3,3.3,2,75.2,5.1,38.8,1.3,7.9,0.4,2.4,,0.4,0.4,50.1,5,9.3,2.8,43.6,5.5,18.2,5.6,10.9,6.1,10.2,4.1,6.4,2.5,0.2,0.4,4.1,2.1,7.3,2.9,3.6,2.2,16.7,3.1,11.6,2.3,14.8,3.5,53.7,5.5,12.8,3.7,9.6,3.6
"46123","Tripp County, South Dakota","46","123",TRUE,"missing_estimate:",58987,10.9850723596266,5357,17.7,3.9,10.7,2.9,1.7,1,1.1,0.9,85.2,4.1,23.2,,24.6,0.6,1.9,1.5,0.8,0.9,59.6,3.2,1.1,1.1,45.1,6.1,16.1,4.2,10.1,2.8,13.2,3.6,23.5,4.7,2.6,2,5.1,2.5,19.3,4.4,5.7,2.5,13.8,2.8,18.2,4.6,11.5,2.9,31.6,5.4,7.1,3.3,0.6,0.9
"46125","Turner County, South Dakota","46","125",TRUE,"missing_estimate:",75771,11.2354709126739,3090,27.3,3.2,11.1,1.5,2,1,1.2,0.7,88.2,1.9,25.3,0.4,20.3,0.2,3.5,,0.4,0.6,69.1,1.8,1.5,0.7,33.7,3.3,16.5,2.5,17.5,2.6,12.6,1.6,11.3,2.1,7,1.5,6.3,1.8,11,1.7,7,1.3,25.3,1.4,8.8,2.1,4.1,1.2,21,2.3,3.9,1.1,0.1,0.2
"46127","Union County, South Dakota","46","127",TRUE,"missing_estimate:",89636,11.403512303983,5949,37,3.3,10.8,2.2,2,0.9,0.7,0.5,89.5,2.5,24.1,,19.5,0.5,4.8,,0.9,0.5,68.4,2.1,2,1.1,45.1,3.7,10.7,2.1,10.1,2.1,13.5,2.2,6.2,2.7,13.6,2.1,8.9,2.3,8,2.3,7.9,2.3,17.7,1.2,3.7,1.6,4.2,1.5,26.9,3.2,3.7,1.6,0.5,0.6
"46129","Walworth County, South Dakota","46","129",TRUE,"missing_estimate:",65026,11.0825424688991,10908,29.6,5.1,14.7,2.5,0.4,0.3,0.1,0.2,90.1,3.2,23.7,,23,0.4,0.6,0.7,0.3,0.6,61.5,3.6,2.1,1.5,42.3,7.8,13.7,4.8,15.3,4.2,9.2,3.5,7.5,2.5,5.3,2.7,3.4,2.1,13.6,4,6,2.3,16.7,2.6,17.6,4.5,10.5,2.9,23.8,4.7,2.6,1.9,0.1,0.2
"46135","Yankton County, South Dakota","46","135",TRUE,"missing_estimate:",72821,11.1957596541262,7170,31.4,2.9,14.8,1.9,2.9,0.7,2.2,0.7,86.1,2.7,21.2,0.4,21.4,0.2,5.9,,1.6,0.4,61.9,1.9,0.9,0.5,37.5,4.1,15.2,2.5,8.4,1.8,19.7,3.5,5.9,1.9,17.4,2.8,4.4,1.3,6.8,1.5,6.2,2,15.3,1.2,8.7,2.4,4.6,1.5,27.3,3.6,5.2,1.9,0.8,0.7
"46137","Ziebach County, South Dakota","46","137",TRUE,"missing_estimate:",53958,10.8959612451426,11479,15.2,3.5,10,2.3,0.4,0.4,0.2,0.3,83,4.2,25.2,0.5,11.7,1,1.5,,0,1,63.2,5,14.9,3.4,50.6,6,21.1,4.5,7.2,2.6,5.7,2.8,28.9,6.5,0.3,0.5,0.9,1,23.5,5.8,24.4,6.3,21.7,3.1,16.9,2.9,17.9,4.5,42.9,5.1,12.2,3.9,1.9,1.4
"47001","Anderson County, Tennessee","47","001",TRUE,"missing_estimate:",66183,11.1001789113639,2450,27.5,1.8,20.4,1.3,3.2,0.4,1.5,0.4,90.2,1.2,21.3,0.1,20.2,0.1,4.1,,3.3,0.4,58.1,1.4,2.2,0.4,39.1,2.5,14.7,1.4,9.6,1.3,17.1,2,0.3,0.2,12.5,1.8,13.9,1.4,5.9,1.1,13.1,1.7,24.5,0.9,8.7,1.5,10.2,1.4,28.3,1.7,5.6,1.1,0.1,0.1
"47003","Bedford County, Tennessee","47","003",TRUE,"missing_estimate:",67225,11.1158004811371,4697,17.2,2.2,15.2,1.2,8.6,1.2,5.8,1.1,87.2,2.2,25.3,0.1,14.8,0.5,16,,6.3,0.7,63.6,1.9,2.7,0.8,29,2.7,15.3,2.1,15.4,2,23.2,2.8,1.3,0.6,20.1,2.3,8.2,1.5,9.1,1.8,10.5,1.8,28.4,1.7,4.8,1.5,11.1,1.6,28.1,2.6,3,1.2,0.5,0.5
"47005","Benton County, Tennessee","47","005",TRUE,"missing_estimate:",51746,10.8541024134542,7216,12.8,2.4,23,2.3,2.5,0.9,1.1,0.6,79.5,2.8,20.1,0.3,24.2,0.5,2.8,,1.5,0.5,50.4,2.4,2.7,1.1,29.6,4.8,19.4,4,11.1,3,21.5,2.9,1.1,1.1,14.1,3.2,7.6,2.1,9.7,3.6,5.9,2.2,26.5,3,16.9,3.2,25.8,3,24.9,3.2,5.4,1.7,0.9,0.7
"47007","Bledsoe County, Tennessee","47","007",TRUE,"missing_estimate:",54720,10.9099845522964,6369,12.4,2.5,23,3,2.2,0.6,1.2,0.8,84.8,3.9,15.3,1.6,20.8,0.6,3.5,,6.1,1.6,47.7,4.2,0.9,0.6,24.7,4.2,17.5,4,24.3,6.1,17.6,4,5.9,2.6,14.2,4.1,12.7,5.3,9,2.7,4.1,1.8,35.1,3.1,17.8,2.5,27.1,3.7,17.5,4.1,5.1,2.2,0.7,0.8
"47009","Blount County, Tennessee","47","009",TRUE,"missing_estimate:",77365,11.2562897609238,2375,28.6,1.4,13.5,0.8,3.2,0.3,1.7,0.3,90.4,1.1,19.8,,20.9,0.1,4.7,,2.5,0.3,61,1.1,2.1,0.5,36.7,1.6,15.5,1.2,11.1,1.2,15.9,1,0.7,0.2,13.1,1.2,10.2,0.9,5.9,0.7,12.3,1.3,25.3,0.7,10.2,1.1,10.4,1,23,1.5,2.7,0.5,0.4,0.3
"47011","Bradley County, Tennessee","47","011",TRUE,"missing_estimate:",66552,11.1057388759637,1805,24.4,1.7,16.8,1,5.9,0.7,3.8,0.6,90.2,1.1,21.9,0.1,17.3,0.1,8.4,,4.1,0.4,61.7,1.3,4.1,0.7,35.2,2.1,15.8,1.3,8.4,0.8,20.2,1.7,0.7,0.3,18.5,1.8,7.1,1,7.8,1.1,9.1,1.1,23.3,0.9,7.3,1,8.8,1.2,32.7,1.8,5.3,1,0.7,0.3
"47013","Campbell County, Tennessee","47","013",TRUE,"missing_estimate:",51557,10.8504432707211,3039,12.7,2.2,25.9,1.9,0.8,0.3,0.6,0.3,77.9,2.3,20.3,0.1,21.1,0.2,1.6,,0.5,0.3,51.5,1.8,2.6,0.7,25.4,2.6,17.9,2.4,13.1,2,23.9,2.6,1.1,0.7,15.9,2.3,6,1.4,7.3,1.9,8.8,1.7,30.1,1.8,16.4,2,14.7,1.7,30.8,2.3,5.7,1.2,0.3,0.3
"47015","Cannon County, Tennessee","47","015",TRUE,"missing_estimate:",59443,10.9927731491813,5405,16.8,3.5,18.7,2.1,0.8,0.6,0.9,0.8,84.7,2.6,22.8,0.7,17.7,0.2,3.1,,2.3,1.1,55.8,3,1.6,0.9,37.7,4.8,12.1,2.9,8.8,2.3,20.7,3,2.6,1.8,17.3,2.9,6.3,2.5,5,1.8,9.6,3.5,35.4,3.1,10.5,2.5,16.3,2.9,21.6,3.7,4.6,1.9,2.8,1.6
"47017","Carroll County, Tennessee","47","017",TRUE,"missing_estimate:",51787,10.8548944314996,2267,18.1,1.9,20.6,1.5,1.5,0.5,0.5,0.4,81.3,2.2,22.1,0.2,20.2,0.1,3.1,,8.3,0.7,53.2,1.8,2.4,0.8,30.1,2.9,15.9,2.4,10.4,2,25.3,2.7,2.4,1,19.5,2.2,7,1.6,8,2,5.9,1.5,26.2,1.8,11.9,2.2,16.5,2.2,25.5,2.9,5.5,1.6,0,0.4
"47019","Carter County, Tennessee","47","019",TRUE,"missing_estimate:",50135,10.822474645958,3158,20.6,1.6,22.3,1.4,1.7,0.4,0.6,0.2,83.7,1.7,17.7,0.2,22.8,0.2,2.5,,1.9,0.3,52.6,1.4,3.3,0.6,32.2,2.5,18.3,1.9,10.8,1.7,16,1.9,1,0.4,13.1,1.9,8.6,1.3,7.6,1.4,7.2,1.2,24.3,1,13.1,1.6,18.4,1.8,24.8,2.2,4.6,0.8,0.2,0.2
"47021","Cheatham County, Tennessee","47","021",TRUE,"missing_estimate:",89852,11.4059191512851,6619,26.6,2.1,13.6,1.2,3.1,0.8,1.8,0.8,90.9,1.8,21.4,0.1,16,0.2,4.8,,2,0.5,66.2,1.7,2.9,0.9,37.2,2.9,16.5,2,10.4,1.6,14.4,1.8,0.7,0.4,11.5,1.8,10.6,1.6,9,1.9,13.7,2.1,33.5,1.4,6.7,1.9,10.1,2.1,18.5,2.5,2,0.8,0.7,0.6
"47023","Chester County, Tennessee","47","023",TRUE,"missing_estimate:",59341,10.9910557457419,11635,22,3.3,10.6,1.9,1.8,0.8,0.5,0.3,87.4,3.1,21.7,0.1,18.4,0.5,3.4,,9.5,1,53.9,2.5,2.2,1.2,33,4.5,17.5,2.9,6.3,2.1,22.4,3.6,0.9,0.7,18.9,3.5,6.5,2.1,8,3,9.4,2.9,28.2,1.9,11.7,2.9,13.1,3.7,24.6,4.4,3.1,1.7,0.5,0.5
"47025","Claiborne County, Tennessee","47","025",TRUE,"missing_estimate:",49379,10.8072805115803,3839,18.2,2.3,23.1,2.1,1.2,0.4,0.3,0.2,78.9,3.1,18.7,0.3,20,0.2,1.7,,0.6,0.4,52.5,2.2,2.4,0.7,31.2,3.8,13.1,2,13.4,2.3,24.4,3.3,2.5,1,18.2,3.1,6.5,2.1,6.8,1.8,10.4,2.4,27.4,1.8,11.5,2.3,23.1,3.2,27.8,2.9,4,1.1,0.7,0.8
"47027","Clay County, Tennessee","47","027",TRUE,"missing_estimate:",39972,10.5959344879817,9119,11.5,2.9,23,4,1,0.6,0.6,0.7,79.4,5.6,18.8,0.6,25,0.5,0.2,0.4,3.3,1.3,45.9,3.8,4.6,2.4,28.2,6.3,12.4,4.5,19.9,4.5,18,6.1,7.9,4.2,15.2,5.8,8.1,4.1,13.1,4.6,6.3,3.8,27.6,3.9,13,4.5,29,5.9,25.6,4.4,6.7,3.2,0,1.3
"47029","Cocke County, Tennessee","47","029",TRUE,"missing_estimate:",48016,10.7792895676801,3856,11,1.8,23.1,2.1,1.2,0.4,1.1,0.4,79.1,2.7,20.4,0.1,22,0.3,3.1,,2.2,0.4,53.5,2.5,2.3,0.8,24.4,2.9,22.1,2.7,12,2.4,23.7,3.4,1,0.7,19.5,2.9,6.2,2,6.6,1.6,3.9,1.4,32.8,2.1,13.6,2.5,28.3,2.7,25.5,3.2,4.4,1.4,1.1,0.7
"47031","Coffee County, Tennessee","47","031",TRUE,"missing_estimate:",61505,11.0268737513029,3920,21.4,1.6,17,1.4,3,0.8,2.5,0.6,84.3,2.1,24.2,,17.7,0.3,6.3,,4.1,0.5,59.7,1.6,2.1,0.6,33,2.3,15.8,1.7,9.6,1.5,25.4,2.2,0.6,0.3,22.6,2.8,9.2,1.4,7.4,1.5,9.3,1.7,25.5,1.1,9.3,1.8,13.1,1.8,31,2.4,4.2,0.9,0.2,0.2
"47033","Crockett County, Tennessee","47","033",TRUE,"missing_estimate:",62165,11.037547419387,5593,16.6,2.5,17.9,2.3,5.5,0.7,4.3,0.8,86.5,2.3,23.4,0.1,19.3,0.4,11.4,,10.8,1.3,62.8,2.7,1.8,0.7,30.2,3.4,14.1,2.8,14.6,2.3,20.2,3.1,3.5,1.5,17.1,2.6,6.5,1.6,11.8,2.9,6.1,2.2,24,1.2,10.2,2.3,12.7,2.8,28.4,3.8,7.2,2.3,0.1,0.2
"47035","Cumberland County, Tennessee","47","035",TRUE,"missing_estimate:",60375,11.0083303909549,3059,19.1,1.4,19.4,1.5,2.6,0.4,1.3,0.3,86.7,1.3,16.7,0.1,32.4,0.2,3.5,,0.7,0.2,45.9,1.2,2.3,0.5,27.2,2.1,17.6,2.2,11.1,1.6,21.5,2.5,2.9,1.2,13.5,1.9,7.7,1.2,10.9,1.5,9.3,1.7,22.9,1,10.4,1.3,13,1.3,19.8,1.9,4.9,1.2,0.6,0.5
"47037","Davidson County, Tennessee","47","037",TRUE,"missing_estimate:",77853,11.2625777121651,1253,48.4,0.6,11,0.4,15,0.6,10.7,0.5,92.6,0.5,20.7,,12.9,0.1,13.9,,24.3,0.3,72.3,0.5,3.2,0.3,50.1,0.7,13.6,0.5,6.5,0.4,10.9,0.5,0.2,0.1,6.9,0.4,15.4,0.6,7.8,0.4,20.3,0.7,24.7,0.4,9,0.5,1.4,0.2,47.2,0.8,6.5,0.5,1.3,0.2
"47039","Decatur County, Tennessee","47","039",TRUE,"missing_estimate:",45375,10.7227165715672,5287,14,2.6,18.3,2.6,2.4,1.3,0.9,0.8,80.5,3.8,20.2,0.1,23.8,0.3,3.7,,2.7,1.3,50.7,2.7,3.6,1.4,27.7,3.7,13.5,3.8,15.3,3.5,26.3,4.8,2.9,1.7,21.6,4,4.5,1.9,7.8,2.8,5.5,2,26.8,2,30.7,3.2,21,3.2,25.7,3.5,5.7,2,0.4,0.6
"47041","DeKalb County, Tennessee","47","041",TRUE,"missing_estimate:",53153,10.8809298262035,7562,20.8,3.4,19.5,2.1,4.8,1,2.6,0.8,83.2,4.1,21.7,0.3,18.8,0.5,7.7,,1.5,0.3,55.6,3.1,3.1,0.9,30.7,4,13,2.6,11,3.4,25,4.1,2.5,1.2,21.2,3.1,7.2,2.4,7,2.1,6.6,2.3,29.3,2.5,14.8,2.4,11.7,2.8,27.4,4.1,7,2.8,1.4,1.1
"47043","Dickson County, Tennessee","47","043",TRUE,"missing_estimate:",75003,11.2252833917185,3342,22,1.9,17.5,1.7,2,0.4,1.4,0.4,86.4,1.9,22.5,0.1,16.8,0.2,5.1,,3,0.4,63.5,1.7,2.1,0.8,35.6,2.4,14.1,2,11.7,1.8,17.2,2.2,1.1,0.8,15.2,2.3,7.4,1.2,7,1.3,11.5,2.1,32.7,1.2,8,1.7,11.4,1.5,19.7,2,2.9,0.9,0.8,0.6
"47045","Dyer County, Tennessee","47","045",TRUE,"missing_estimate:",58154,10.9708499431993,3239,21.1,2.8,18.9,1.8,2,0.6,1.1,0.4,90.2,2.2,23.7,0.1,17.7,0.3,4,,15,0.8,58.6,2,2.7,0.8,30.7,3.5,11.8,2.6,13.7,2.3,22,2.6,1.4,0.8,22.6,2.6,4,1.5,6.4,2,4.9,1.7,19.8,1.5,9.5,2.3,7.6,1.7,38.1,3.3,6.7,1.8,0.4,0.3
"47047","Fayette County, Tennessee","47","047",TRUE,"missing_estimate:",88456,11.3902605322222,5012,27.3,1.7,16.7,1.4,3,0.5,2.1,0.6,90.7,1.2,17.9,,23,0.1,3.8,,25,0.7,59.4,1.6,2.8,0.7,40,2.5,11.7,1.6,10,1.4,16.5,1.7,1.5,0.6,13,1.8,10.2,1.5,7.5,1.4,12,1.7,34.1,1.6,6.9,1.5,9.6,1.7,18.6,2.1,5.3,1.3,0.5,0.4
"47049","Fentress County, Tennessee","47","049",TRUE,"missing_estimate:",51149,10.8424982208465,3253,14.6,2.5,23.5,3,1.3,0.7,0.2,0.2,87.6,2.6,20.4,0.1,23.3,0.3,2.1,,0.2,0.2,46.5,3.2,2.2,1.2,24.6,3.7,16.4,3.2,14.8,3.6,19.1,5.1,6.3,2.7,11.9,4.3,6.6,2,13.5,4,7.4,2.7,27.5,3.3,15.4,2.8,18.7,3.3,17.4,2.5,5.2,2,2.2,1.9
"47051","Franklin County, Tennessee","47","051",TRUE,"missing_estimate:",63494,11.0587006922275,4240,23.9,2,18.6,1.3,2.6,0.5,1.3,0.4,83.5,2.1,19.6,0.1,20.9,0.2,3.8,,4.9,0.4,56.6,1.7,1.6,0.5,34,2.6,16.2,2.2,11,1.8,20.6,2.6,1.5,0.6,20.3,2.2,8.2,1.9,6,1.1,8.3,1.5,25.1,1.5,13.3,1.8,8.1,1.2,22.6,2.7,4.1,1.2,0.3,0.3
"47053","Gibson County, Tennessee","47","053",TRUE,"missing_estimate:",62755,11.0469935350945,2247,20.5,1.7,21.1,1.7,1.8,0.4,0.9,0.4,90.3,1.3,24.3,,17.5,0.1,3.4,,14.6,0.9,58.9,1.8,2.9,0.8,31.1,2.1,13.1,1.5,10.5,1.8,22.1,2.1,2.2,0.9,19.2,2,6.9,1.6,6.6,1.4,5.3,1.4,26.1,1.2,10,1.7,10.6,1.4,31.2,2.5,6.6,1.4,0.3,0.2
"47055","Giles County, Tennessee","47","055",TRUE,"missing_estimate:",62307,11.0398290580142,5120,20.1,2,17.6,1.8,1.7,0.5,1,0.4,82.6,2.6,20.6,0.3,21.1,0.2,2.9,,8.5,1.1,56.6,2.3,2.5,0.8,30.6,3.2,15.5,2.5,9.6,2.3,23.1,2.4,1.4,0.8,22.7,2.4,4.1,1.1,9.6,3.3,6.8,1.7,29.8,1.6,15.2,2.7,15.9,2.1,26.7,2.8,5.2,1.8,0.5,0.4
"47057","Grainger County, Tennessee","47","057",TRUE,"missing_estimate:",50538,10.8304808075434,2961,15.9,2.6,22,2,3,1.1,0.9,0.6,79.5,2.8,18.8,0.6,22.5,0.8,3.6,,1.1,0.5,52.1,2.1,2.4,0.9,27.9,3.6,16.6,2.7,13.5,2.7,22.9,2.7,2.1,1.1,19.1,2.7,4.2,1.1,7.4,1.9,7.6,2.1,32.3,1.5,18.4,2.4,30.3,3.6,22.9,2.9,5,1.5,0.4,0.3
"47059","Greene County, Tennessee","47","059",TRUE,"missing_estimate:",56194,10.9365652686165,3104,18.7,1.5,23,1.6,2,0.4,1,0.4,80,1.7,19,0.1,22.1,0.2,3.9,,1.7,0.3,53,1.4,3,0.7,29.1,2.3,18.1,2.3,7.5,1.3,24.8,2.2,1.9,0.8,22.5,1.7,8.1,1.3,7,1.3,7.8,1.7,26,1.3,13.1,1.7,22.8,1.9,22.9,2.2,5.3,1.5,0.2,0.2
"47061","Grundy County, Tennessee","47","061",TRUE,"missing_estimate:",47593,10.7704409705818,6668,14.3,2.3,24.9,2.7,0.6,0.2,0.4,0.2,87.3,2.5,21.5,0.2,20.7,0.2,0.4,0.3,0.4,0.3,50.1,3.1,4.5,1.5,28.9,3.9,14.1,2.9,14.2,3.1,26.3,4.5,2.8,1.8,19.4,3.4,9.8,2.7,9,2.7,5.8,1.8,35.1,2.7,17.3,2.6,24.2,3.6,16.3,3.2,4.5,1.9,0.9,1
"47063","Hamblen County, Tennessee","47","063",TRUE,"missing_estimate:",55454,10.9233091272372,4745,20,1.9,19.5,1.5,8,1.1,7.1,1.1,87.8,1.7,23.9,0.1,17.9,0.4,15.1,,2.9,0.6,58.5,2,3.1,0.9,28.5,2.1,19.7,2.4,9.9,1.9,21,2.7,0.6,0.5,22.5,2.8,6.9,1.8,5.8,1.4,5.4,1.4,23.9,1.7,6.9,1.3,10.3,1.7,30.2,2.6,4.9,1.4,0.2,0.2
"47065","Hamilton County, Tennessee","47","065",TRUE,"missing_estimate:",76183,11.240893619672,1947,37.5,0.9,13.7,0.6,6.6,0.4,4.5,0.4,91.5,0.6,21.1,,18.4,,8,,16.9,0.3,64.1,0.6,2.8,0.3,43.3,1,14.9,0.8,7,0.6,14.6,0.8,0.5,0.2,13.3,0.7,10.4,0.6,6.2,0.5,14.3,0.8,22.1,0.3,8.2,0.6,3.1,0.3,36.1,1.1,5.8,0.6,0.4,0.1
"47067","Hancock County, Tennessee","47","067",TRUE,"missing_estimate:",34960,10.4619598297695,3992,10.8,2.4,22.9,3.6,2.3,1.4,1.3,1,71.1,6.3,21.2,0.4,22.5,0.4,1.5,1.2,0.6,0.6,46.6,3.5,2.9,1.3,29,6.3,19.6,4.5,11,3.4,23.5,5.4,4.5,2.5,16.8,5.7,4.5,2.5,6,2.6,4.3,2.9,30.8,3.7,23,3.7,21.5,5.4,25.4,6.1,11.8,4.3,2.2,1.7
"47069","Hardeman County, Tennessee","47","069",TRUE,"missing_estimate:",46069,10.737895551595,3221,12.2,2.2,21.8,2.4,1.7,0.5,0.8,0.4,81.7,3.2,19.3,0.1,18.7,0.1,2.2,,38.2,1.3,47.6,2.9,4.7,1.5,26.9,3.6,14.7,3,7.5,2.2,32.5,4.1,2.7,1.4,25.6,3.8,3.6,1.3,8.7,2.4,8.2,2.7,32.6,2.4,15.3,2.8,18.5,2.8,28.3,3,7.6,2.1,0.1,0.2
"47071","Hardin County, Tennessee","47","071",TRUE,"missing_estimate:",49956,10.818897896983,3579,15.1,2.2,19.5,1.9,0.8,0.6,0.5,0.6,86.9,2.4,20.1,0.3,23.5,0.3,2.5,,3.4,0.5,51.6,2.5,2.4,0.9,27.7,3.3,18.3,2.8,8.7,2.1,26.2,3.6,1.4,0.9,19.5,3.5,5.4,1.8,7.4,2.3,7.3,2.2,25.9,2.4,27.4,2.1,15.1,2.6,22,3.2,5.4,1.7,0.2,0.2
"47073","Hawkins County, Tennessee","47","073",TRUE,"missing_estimate:",56936,10.9496831089791,2787,16.2,1.6,21.7,1.3,1,0.4,0.5,0.2,86.2,1.7,19.2,0.1,21.8,0.3,2,,1.2,0.4,50.7,1.6,3.7,0.8,30.2,2.2,15.8,2,12,1.8,24.3,2.2,1,0.6,23.1,2.6,7,1.5,6.5,1.4,11.3,2,27.7,1.5,14.1,1.7,20.7,1.8,19.9,2,4.3,1.2,0.9,0.5
"47075","Haywood County, Tennessee","47","075",TRUE,"missing_estimate:",50472,10.8291740060506,5777,14.5,2.3,23.4,2.4,1.5,0.7,1.4,0.8,81.8,3,21.9,,21,0.2,4.8,,48.8,1.4,56.5,2.8,3.3,1,23,3.4,24.4,3.9,9.7,2.5,24.7,3.7,2.8,1.3,20.6,3.6,5.8,1.9,8.6,2.4,5.5,2.3,26.7,2.1,13.2,2.7,11,2.4,39.3,3.8,11.3,3,0.6,0.4
"47077","Henderson County, Tennessee","47","077",TRUE,"missing_estimate:",55136,10.9175581393277,4037,16.1,2.8,16.2,2.3,1.4,0.9,0.7,0.4,82.8,2.3,22.7,0.1,18.3,0.5,3,,7.9,0.6,53.1,3.1,3.2,1.2,31.4,4.2,16.4,3.1,9.2,2.6,23.7,2.8,2.8,1.3,16.8,2.9,2.9,1.2,7.9,2.3,9.8,2.6,26.9,1.9,15.8,2.5,22.9,3.1,26.8,3.5,4.5,1.6,0.5,0.5
"47079","Henry County, Tennessee","47","079",TRUE,"missing_estimate:",50613,10.8319637392741,2203,19.1,2,21,1.8,1.5,0.5,0.4,0.2,84.8,2.3,19.9,0.1,24,0.3,3,,6.6,0.8,52.3,2.5,2.5,0.7,31.6,3.1,15.9,2.6,10.5,1.8,22.2,2.8,2.7,0.9,16,2.2,9,2.1,8.8,2,7.2,2,21.6,1.5,21.3,2,25.3,2.4,26.5,2.8,5.6,1.5,0.2,0.2
"47081","Hickman County, Tennessee","47","081",TRUE,"missing_estimate:",68247,11.1308887560372,4329,13.9,2,18.7,2.1,1.5,0.5,1.4,0.5,80,3.5,21.1,0.5,17.8,0.4,3.4,,3.1,0.7,57.1,2.5,1.4,0.6,31.1,4.1,19.3,3.9,15.3,2.5,14.3,3,1.3,0.7,15.2,3,7.9,2.1,8.6,2,8.9,2.4,36.7,2.6,11.9,2.4,25,3.4,20.8,3,2.8,1.2,0.6,0.5
"47083","Houston County, Tennessee","47","083",TRUE,"missing_estimate:",59576,10.9950080873905,4089,13.6,3,19.9,2.6,1.3,0.7,0.2,0.2,83.7,3.9,20.8,0.6,20.1,0.6,3.2,,2.6,0.9,53.4,3,2.1,1.1,25.1,5.1,13.8,3.9,20.6,5.5,22.1,4.5,4.7,2.8,19.1,3.3,7.6,2.7,10.8,3.1,5.2,2.1,37.6,3.8,15.2,2.7,17.3,3.4,19,3.9,2.7,1.7,0.3,0.4
"47085","Humphreys County, Tennessee","47","085",TRUE,"missing_estimate:",60616,11.0123141636112,6764,15.7,2.3,19.2,2.2,1.8,0.7,0.6,0.2,83.3,3.7,21.1,0.5,20.8,0.4,2.9,,1.8,0.9,54.8,3.1,3.8,1.6,31,4.5,15.6,3.3,14.6,3,21.4,3.8,1.6,0.9,22.1,4.1,9.4,2.6,11,3.6,6.3,2.2,34.7,3.5,18.6,3.5,16.6,2.9,21.7,4,3.8,1.9,0.5,0.5
"47087","Jackson County, Tennessee","47","087",TRUE,"missing_estimate:",47951,10.7779349351515,8012,15,2.9,23.9,2.9,0.3,0.4,1,0.7,84,4.2,18.3,0.6,23.3,0.3,2.8,,0.4,0.4,53.4,3,4.1,1.2,30.3,4.6,15.9,3.5,20,4.5,19.9,5.2,2.3,1.7,16.9,4.6,8.8,2.8,8.4,3.4,9.8,3.5,33.4,3.1,18.1,3.4,24.6,4.2,18.9,3.8,6.1,2.3,0.6,0.7
"47089","Jefferson County, Tennessee","47","089",TRUE,"missing_estimate:",66114,11.0991358037158,2864,20.8,2,19,1.8,1.9,0.4,1.6,0.5,86.8,1.8,19.2,0.1,20.7,0.3,4.7,,1.5,0.3,60.1,1.8,2.8,0.8,31.6,2.4,18,2.5,11.2,1.7,17.9,2.1,1.8,0.8,13.3,1.8,6.4,1.3,7,1.5,6.9,1.4,28.9,1.2,14.9,2.2,22.2,2.5,24.2,2.5,2.8,1,0.4,0.3
"47091","Johnson County, Tennessee","47","091",TRUE,"missing_estimate:",53129,10.8804781975099,4322,17.5,2.8,19.6,2.7,2.4,0.8,2.1,1.1,81.4,4,16.7,0.1,23.5,0.1,3.2,,4.7,1,44.6,2.9,1.4,0.6,25.5,3.9,21.4,4.8,14.2,3.2,20.9,4.2,2.2,1.1,19.1,4.4,5.3,1.7,6.6,2.3,9.7,2.6,25.6,2.5,16.7,3.7,23.4,3.4,22.5,3.9,4.3,1.4,1.2,1.1
"47093","Knox County, Tennessee","47","093",TRUE,"missing_estimate:",74222,11.2148158811661,1390,41,0.8,12.1,0.4,6.5,0.4,3.4,0.3,89.5,0.6,20.9,0.1,16.3,0.1,6.3,,8,0.2,65,0.6,2.3,0.2,45.1,0.9,15.5,0.7,7.1,0.5,10.9,0.5,0.3,0.1,8.3,0.6,13.2,0.6,5.7,0.4,14.4,0.7,22.2,0.3,8,0.5,3.6,0.3,34.8,0.7,5.3,0.4,0.5,0.1
"47095","Lake County, Tennessee","47","095",TRUE,"missing_estimate:",28814,10.2686166591214,6937,9.4,2.7,26.2,4,2,0.9,0.7,0.6,78.1,6.5,14.9,0.6,16.4,0.7,3.1,,22.3,2,30.6,3.3,1.5,0.8,24.5,5.6,35.3,6.6,9.4,3.6,19.4,5,3.4,2.5,12.9,4.5,5.5,4.5,13,5.5,2.7,2.1,21.2,2,17.1,4.9,7.9,3.3,52.2,7.1,18.3,5.7,4.7,4.7
"47097","Lauderdale County, Tennessee","47","097",TRUE,"missing_estimate:",49879,10.8173553514775,3995,12,1.7,22.6,1.8,1.3,0.4,0.9,0.3,86,2.3,21.7,0.2,16.7,0.2,2.8,,33.5,1.3,47.5,2.1,2.6,0.7,25.5,2.7,15.6,2.4,11,2.4,31.1,4.3,1.8,0.8,25.7,4,4.2,1.4,6.4,1.6,3.1,1.4,26.5,2.5,12.9,2.3,11.2,1.9,35.6,2.7,9.1,2.3,1.6,1.1
"47099","Lawrence County, Tennessee","47","099",TRUE,"missing_estimate:",54706,10.9097286716085,2672,15.2,1.6,18.1,1.5,1.4,0.4,2.1,0.9,83.6,1.9,25,0.1,17.8,0.2,2.8,,1.4,0.4,58.7,1.8,2.9,0.7,31.5,2.7,14,1.9,12.3,1.7,23,2.4,4.1,1.3,20.2,1.9,6.7,1.9,12.5,2.2,10.6,2.2,25.6,1.2,9.3,1.4,11.4,1.8,22.4,2.5,7.6,1.7,0.7,0.5
"47101","Lewis County, Tennessee","47","101",TRUE,"missing_estimate:",56285,10.9381833487889,7872,10.3,2.9,19.7,3.4,0.4,0.4,0.3,0.5,81.2,5.2,21.1,0.6,20.6,0.5,3.2,,0.6,0.5,58.2,4.5,2.1,1.2,34.2,8,14.4,4.7,12.3,4,20.1,4.8,3.9,2.6,21.4,5.3,4,2,8.1,3.3,6.4,3.1,33.6,3.9,7.2,4.5,24.3,5.5,18.1,3.6,2.5,1.4,0.3,0.6
"47103","Lincoln County, Tennessee","47","103",TRUE,"missing_estimate:",64667,11.0770063040032,3852,20.6,2.1,17.1,1.7,2.1,0.7,0.8,0.4,80.7,2.3,22.3,0.1,20.1,0.4,4.1,,5.6,0.9,58.7,2.1,2.8,0.8,37.8,3.2,10,1.9,14.7,2.2,19.4,2.5,3.8,1.3,22.9,2.8,7.7,1.7,6.1,1.5,6.5,1.8,30.8,1.4,8.9,1.8,13.4,2.2,24.2,2.3,3.9,1.2,0.1,0.2
"47105","Loudon County, Tennessee","47","105",TRUE,"missing_estimate:",84185,11.3407720370919,3910,29.4,2.2,14.8,1.3,6.8,0.8,4.4,0.7,91.2,1.5,19,,27.5,0.3,10.4,,1.2,0.2,54.9,1.8,1.5,0.6,33.9,2.7,13.5,2.2,11.5,1.6,17.7,1.9,2.9,1.3,14.6,2,11.5,1.7,6.5,1.5,12,1.7,24.3,1.4,7.6,1.4,7.5,1.4,19.7,2.3,3.8,1.2,0.3,0.2
"47107","McMinn County, Tennessee","47","107",TRUE,"missing_estimate:",61470,11.0263045299011,4893,18.6,1.8,18.9,1.2,2.3,0.4,1.4,0.4,87.8,1.5,21.2,,20.3,0.2,4.6,,3.2,0.4,56.2,1.6,2.7,0.6,29.6,2.6,15.1,1.7,9.9,1.6,28.8,2.6,1.1,0.6,26.4,2.5,6.2,1.3,7.4,2,5.8,1.4,24.6,1.2,12.1,1.8,16,1.8,24.2,2.1,4.2,1.1,0.9,0.6
"47109","McNairy County, Tennessee","47","109",TRUE,"missing_estimate:",53473,10.8869321325967,3675,13,1.9,16.4,1.8,1.1,0.5,0.4,0.3,84.4,1.8,21.6,,20.8,0.3,2.2,,5.4,0.7,53.6,1.8,3.1,0.8,30.4,3.1,15.1,2.7,13.9,2.3,25.4,3.2,2.1,1,25.3,3.4,4.5,1.1,5.9,1.5,8.9,2.3,26.8,1.7,19.4,2.6,17.4,2.4,20.3,2.8,4.6,1.4,0.3,0.2
"47111","Macon County, Tennessee","47","111",TRUE,"missing_estimate:",59177,10.9882882318677,4091,12.5,2.5,14.7,1.8,3.2,0.8,2.4,0.8,84.9,3.4,25.1,0.2,15.4,0.3,7,,0.6,0.4,61,3.1,2.1,0.7,24.9,3.9,16.3,3.2,15.2,2.8,24.5,4.5,4.4,1.7,15.7,3.4,5.8,2,6.7,1.9,5.7,1.9,34.8,2.9,14.3,2.7,22.1,4.1,26.4,3.1,4.9,2.2,0.9,0.7
"47113","Madison County, Tennessee","47","113",TRUE,"missing_estimate:",60042,11.0027995963185,3188,26.6,1.5,17.2,1.1,3.7,0.6,2.2,0.5,89,1.3,22.4,,17.9,0.1,5.2,,36.2,0.7,61.6,1,4.3,0.8,35.7,2.1,17.9,1.5,7.2,0.9,19.4,1.7,0.8,0.4,17.3,1.4,8.8,1.3,5.4,0.7,8.5,1.3,20.3,0.9,8.9,1.1,5.2,0.8,38,1.5,8.9,1.1,0.9,0.4
"47115","Marion County, Tennessee","47","115",TRUE,"missing_estimate:",61824,11.0320469175722,4484,17.1,2.2,19.1,2,1.2,0.6,0.8,0.5,85.3,3.2,20.3,0.3,20.9,0.3,2.5,,3,0.9,54.1,2.3,3.8,1.1,31.7,3,18.5,3.1,13.3,2.1,20,2.3,1,0.6,18.7,2.6,6.7,2,8.2,1.9,13.1,2.4,33.9,2.7,15.6,2.3,19.1,2.8,21.5,3,4.2,1.1,0.6,0.4
"47117","Marshall County, Tennessee","47","117",TRUE,"missing_estimate:",71049,11.1711250588308,3558,23.1,2.7,13.1,1.7,3.2,0.7,2.9,0.7,87.6,2.3,23.4,,16.9,0.4,7.1,,3.7,0.5,62,2.4,2.4,0.9,37.2,3.3,15,2.4,10.7,2.1,15.5,2.6,1,0.7,15.7,2.5,9.6,2.3,9.5,2.2,14.3,3.1,29.9,1.8,7.6,2,7.6,1.6,23.2,2.8,3.2,1.4,1.3,1
"47119","Maury County, Tennessee","47","119",TRUE,"missing_estimate:",76130,11.2401976843003,3947,28,1.6,11.6,0.8,3.9,0.5,1.5,0.4,91.2,1.4,22.9,,17.1,0.2,8.1,,10.3,0.6,63.9,1.3,1.5,0.5,39.6,2,13.4,1.3,8.6,1.2,15.1,1.1,0.5,0.3,13.1,1.4,10.3,1.1,6,1,14.1,1.7,29,0.8,8.3,1.4,7.3,1,29.1,1.7,2.8,0.7,0.3,0.2
"47121","Meigs County, Tennessee","47","121",TRUE,"missing_estimate:",61375,11.0247578650968,5163,13.5,2.5,21.7,2.8,2,0.8,0.3,0.3,81.9,3.8,20.3,0.3,21,0.8,1.9,1.8,2.2,1.4,50.8,3.7,2.8,1.2,32.1,5.4,16,3.6,14.7,3.5,21.7,4.3,1.1,1.1,25.2,4.6,9.2,2.7,7.8,2.7,8.9,3.4,34.4,2.4,16.6,4.2,35.6,4.9,19,3.6,2.8,1.3,0.3,0.6
"47123","Monroe County, Tennessee","47","123",TRUE,"missing_estimate:",56895,10.9489627427911,2810,17.1,1.9,22.5,1.6,2.2,0.4,2.1,0.7,85.1,2,20.5,,22.3,0.2,4.7,,2,0.6,50.9,1.8,2.2,0.7,27.4,3.3,17.1,2.6,11.1,1.9,28,2.8,2.3,0.8,25.7,2.9,7.9,1.6,8,2,7.3,1.7,28.3,1.4,9.4,1.5,21.5,2.3,27.8,2.8,5.5,1.4,1.3,0.5
"47125","Montgomery County, Tennessee","47","125",TRUE,"missing_estimate:",75613,11.2333835050566,2227,31.1,1.3,14.9,0.8,6.8,0.7,3,0.5,93.6,0.8,26.8,0.1,10,0.1,11.4,,19.2,0.5,67.5,0.9,3.1,0.5,37.7,1.4,17.3,1.2,9.2,1,15.3,1.1,0.4,0.3,10.6,1,10.6,1.2,5.6,0.6,8.5,0.8,27.8,0.8,6.1,0.8,3.5,0.5,38.1,1.3,3.8,0.7,0.9,0.4
"47127","Moore County, Tennessee","47","127",TRUE,"missing_estimate:",66469,11.1044909525415,7881,24.1,5.1,15,2.3,1.5,0.8,0.1,0.2,77.4,6.6,19.6,0.9,22.1,0.6,2.1,,2.2,1.1,58.2,4.6,2.6,1.5,30.2,6.6,15.1,5.2,11.6,4.5,21.7,6.3,0,0.1,23.2,5.5,6,2.8,8.8,3.7,8.4,3.5,25.1,2.1,9.2,4.5,14.1,4.2,17.5,4.9,5.1,2.8,0.2,0.4
"47129","Morgan County, Tennessee","47","129",TRUE,"missing_estimate:",65954,11.0967128083153,4555,13.6,2.4,20.9,2.2,1,0.5,1,0.5,86.9,3.2,18.9,0.3,18.8,0.4,1.9,,4.2,0.7,46.9,2.5,2.4,1.1,32.8,4.3,18.2,3.2,18.3,4.2,13.7,2.8,2.1,1.5,10.6,3.2,11,3.3,5.2,2.3,6.5,2.1,35.5,2.6,16.1,3,26.6,3.9,15.1,3.5,5.1,2,1.1,1
"47131","Obion County, Tennessee","47","131",TRUE,"missing_estimate:",54613,10.9080272286309,3708,18.3,2,21.8,1.8,2.7,0.5,1.2,0.7,83.7,2.1,21.8,0.1,21.1,0.2,5.5,,10.5,0.7,54.8,2,2.3,0.7,28.6,2.4,17.6,2.7,9.6,1.7,25.8,3.3,1.6,0.6,23,2.6,5.5,1.2,6.3,1.2,3.2,1.1,20.2,1.4,12.6,2.1,11.9,2,31.9,2.6,5.9,1.4,0.3,0.3
"47133","Overton County, Tennessee","47","133",TRUE,"missing_estimate:",48959,10.798738492141,4897,15,2.3,19,2.7,0.7,0.5,0.5,0.3,80.4,3.1,20.6,0.1,20.5,0.3,2.2,,1.4,0.3,57.9,2.5,1.8,0.8,30,3.2,15.2,2.5,15.8,2.1,21.9,2.8,1.6,0.7,17.9,3,8,2.4,13.5,2.8,7.7,2,26.3,1.8,12.8,2.5,20.2,2.8,23.1,2.9,3.4,1.3,1.1,0.7
"47135","Perry County, Tennessee","47","135",TRUE,"missing_estimate:",55972,10.9326068446756,10067,14.2,3.5,16.8,3,2.1,1.3,0.3,0.3,81.6,4.3,22.3,,21.9,1.2,1.4,1.1,0.3,0.2,54.6,4.1,3.2,1.5,35.8,6.2,12.8,3.6,16.9,5.3,24.8,6.1,3.3,2.5,16.9,4.9,3.3,1.9,14.3,4.8,10.3,4.5,32.8,4.2,25.8,5.5,31.1,5.4,26.2,5.6,4.2,2,0,1.2
"47137","Pickett County, Tennessee","47","137",TRUE,"missing_estimate:",49030,10.8001876346453,5197,18.9,3.8,29.7,4.1,1.1,0.5,0.3,0.3,78.5,5.9,17.3,0.8,28,0.4,2.1,,0.1,0.4,47.8,4.4,3.2,1.9,40.6,6.1,12.7,4.6,12.5,4.3,18.3,4.7,2.5,3.1,23.1,5.9,6.2,3.7,9.6,5.6,8.4,4.6,31.2,5.9,35.5,4.8,20.4,4.7,16.6,4.4,5.4,2.3,0,2.1
"47139","Polk County, Tennessee","47","139",TRUE,"missing_estimate:",62522,11.043273773787,6119,16.6,2.5,20.7,2.5,1,0.4,0.3,0.2,84,2.8,18.8,0.2,21,0.4,2.2,,0.8,0.4,53.5,2.5,2.8,0.9,33.7,3.8,12.6,2.9,18.1,3.4,18,2.9,1.5,0.8,17.5,3.6,8.9,2.3,7.1,2.4,8.3,2.5,31.4,2,18.1,2.8,21.6,3.6,16.4,2.8,4.6,2,0.1,0.2
"47141","Putnam County, Tennessee","47","141",TRUE,"missing_estimate:",58912,10.9838000840328,2790,29.8,1.9,13.5,1,5.7,0.8,2.9,0.7,87.9,1.7,20.9,0.1,16.5,0.2,8.4,,2.4,0.2,61.3,1.3,2.3,0.6,36.9,2,17.4,2,9,1.4,17,1.7,0.9,0.5,13.7,1.7,8.9,1.3,8.1,1.3,10.1,1.3,21.1,0.9,8,1.1,7.9,1.4,38.8,2,3.8,0.9,0.6,0.4
"47143","Rhea County, Tennessee","47","143",TRUE,"missing_estimate:",55033,10.9156882842866,2802,18.6,2.6,19.6,1.8,2.7,0.8,1.8,0.7,88.7,2.5,21.2,0.4,19.8,0.4,6.3,,1.5,0.5,52.7,3.1,3.1,1.2,26.6,3.4,14.7,2.4,9.9,2.3,29.9,3.9,2.4,1.4,30.1,3.8,5.8,1.6,7.6,1.9,6.5,2,29.5,2.9,12.8,2.3,19.1,2.2,28.5,2.7,7,2.2,0.1,0.2
"47145","Roane County, Tennessee","47","145",TRUE,"missing_estimate:",71885,11.1828228988567,3521,22.1,1.5,18.3,1.6,1.4,0.4,0.7,0.2,89.2,1.9,18.7,,23.3,0.2,2.5,,2.6,0.3,54.3,1.3,2.7,0.8,37.6,2.5,15.4,2.3,11.6,1.7,16.2,1.7,0.9,0.4,10.4,1.9,15,1.9,5.4,1.3,8.9,1.6,28.4,1.3,11.3,1.5,12,1.7,21.9,2.4,5.9,1.6,0.1,0.1
"47147","Robertson County, Tennessee","47","147",TRUE,"missing_estimate:",83047,11.3271619915714,4193,22.4,1.7,12.9,1,5.6,0.7,4.2,0.6,87.4,1.8,24.1,,14.9,0.2,10,,7.2,0.4,66.5,1.6,2.2,0.5,35.3,2.1,15,1.7,12.9,1.5,16.9,1.7,1.7,0.6,14.4,1.6,10.2,1.4,8.9,1.2,12.2,1.3,30.7,1,5.3,0.9,7.4,1.2,22.4,2,3.3,0.8,0.9,0.5
"47149","Rutherford County, Tennessee","47","149",TRUE,"missing_estimate:",85470,11.3559207161601,1909,35.8,1,11.9,0.6,10.9,0.6,7.1,0.5,93.8,0.7,24.7,0.1,11.2,0.1,12.2,,14.7,0.3,71.7,0.8,2.6,0.3,39.7,1.1,14.7,1,8.9,0.7,16.3,0.9,0.6,0.2,12.1,0.7,11.4,0.9,5.9,0.6,15,0.9,28.1,0.6,6.8,0.7,2.4,0.4,35.2,1.1,2.7,0.4,0.6,0.2
"47151","Scott County, Tennessee","47","151",TRUE,"missing_estimate:",44711,10.7079748353389,4937,12.9,2,25.5,2.3,0.5,0.4,0.3,0.3,79.7,3.2,23.5,,17.3,0.2,0.2,0.2,0.2,0.1,53.9,2.4,4,1.2,28.8,3.5,19.1,3.1,10.3,2.7,27.5,3.5,1.8,1.2,21.6,3.9,4.3,1.6,7.9,2.2,3.7,1.6,30.1,2.2,11.3,2.6,25.9,3.3,28.4,3.7,5.3,1.6,0.3,0.3
"47153","Sequatchie County, Tennessee","47","153",TRUE,"missing_estimate:",58750,10.9810464320064,6266,20.6,3,20.9,3,2.7,0.9,2,1.2,84.4,3.3,19.9,0.6,21.8,0.7,4.9,,0.4,0.3,48.9,3.4,3.2,1.3,28.5,4.7,19.1,4.2,14.6,3,19.3,4.1,0.6,0.6,13.6,3.4,9.7,3,8.4,2.8,15.9,3.8,31.7,2.8,11.4,3.1,18.5,3.1,22,3.6,4.4,2.3,0.6,0.6
"47155","Sevier County, Tennessee","47","155",TRUE,"missing_estimate:",62581,11.0442169966414,3562,21.8,1.6,15.2,0.9,7.6,0.6,4.9,0.6,86.5,1.5,20.8,,20.4,0.1,9.6,,1.1,0.3,62.4,1.4,2.1,0.5,29.4,2.3,20.1,1.8,10.9,1.2,13,1.5,0.3,0.3,8.1,1.4,9.1,1.2,7.7,1.1,6.9,1.3,26.6,0.7,31.6,1.3,11.4,1.1,29.3,1.8,4.1,0.9,0.3,0.2
"47157","Shelby County, Tennessee","47","157",TRUE,"missing_estimate:",63767,11.0629910941381,1251,34.3,0.6,12.8,0.3,7.9,0.3,4.5,0.2,89.6,0.5,25.4,,14.8,0.1,8.8,,52.3,0.3,64.7,0.5,4.6,0.3,38.1,0.6,16.5,0.6,6.2,0.4,18.4,0.6,0.3,0.1,9,0.4,10.8,0.4,5.5,0.4,10.8,0.5,22.3,0.3,10.3,0.4,1.2,0.2,45.9,0.7,8.2,0.4,0.7,0.2
"47159","Smith County, Tennessee","47","159",TRUE,"missing_estimate:",66293,11.1018395899061,4840,18.5,2.3,15.7,1.7,1.5,0.5,1.2,0.7,87.6,2.3,22.4,0.2,16.7,0.2,3.1,,1.9,0.4,61.3,2.5,1.6,0.9,31.3,3.1,13.8,2.3,12.6,2.3,23.7,3,2.9,1.1,14.7,2.5,7.7,1.8,6.9,1.5,8.2,1.7,32.2,2.5,9.4,2.1,18.8,3.2,23.1,2.9,3.9,1.4,2,1.2
"47161","Stewart County, Tennessee","47","161",TRUE,"missing_estimate:",63114,11.0526978939673,5169,17.6,2.9,20.7,2.6,2.2,0.8,2.1,0.9,88,2.9,20.8,0.3,20.9,0.5,3,,1.4,0.4,53.1,3.3,1.4,0.8,31.7,4.3,19.9,3.5,13.3,3,19.5,3.9,1.1,0.8,15.4,3.5,7.7,2.2,12,3,5.9,2,36.3,3.5,20.8,3.2,21,3.6,18.9,3.4,4.8,2,1.1,0.6
"47163","Sullivan County, Tennessee","47","163",TRUE,"missing_estimate:",58807,10.9820161744202,2321,26.8,1.1,18.7,0.9,1.9,0.3,0.8,0.2,88.1,1,19.1,,22.2,0.1,2.6,,2,0.2,56.2,1,3,0.5,36.2,1.5,16.9,1.3,8.3,0.9,15.7,1,0.5,0.2,13.6,1,9.3,0.9,7.1,0.9,10.6,0.8,21.9,0.8,9.7,1,10.4,0.9,27.9,1.3,4.8,0.7,0.3,0.1
"47165","Sumner County, Tennessee","47","165",TRUE,"missing_estimate:",90301,11.4109038135409,2629,33.6,1.3,11.7,0.8,4,0.4,2.5,0.5,92.8,0.8,23.1,0.1,16.6,0.1,7.2,,8.4,0.3,67.4,0.9,2.4,0.4,42.3,1.5,13.1,0.9,8,0.6,14.9,1.1,0.5,0.2,9.7,0.9,11.7,1.1,6.8,0.8,16.2,1.2,29,0.9,5.6,0.7,5.1,0.7,28,1.2,3.3,0.5,0.5,0.2
"47167","Tipton County, Tennessee","47","167",TRUE,"missing_estimate:",74127,11.2135351173863,2721,20.7,1.9,18.6,1.2,0.9,0.4,0.6,0.4,88.4,1.7,23.5,0.2,15.6,0.1,3.1,,18.2,0.6,60.3,1.5,3.3,0.6,34.8,2.2,14,1.6,13.3,1.7,16.8,1.9,1.1,0.6,11.6,1.7,9.1,1.2,6.2,1.1,10.7,1.8,32.9,1.5,7.2,1.5,11.4,1.4,23.7,2.2,5.2,1.3,0.2,0.2
"47169","Trousdale County, Tennessee","47","169",TRUE,"missing_estimate:",72747,11.1947429470701,8709,14.3,3.4,11.8,3.4,2.2,0.5,1,0.8,89.7,3.8,16.6,0.7,12.3,0.6,4.1,,11,1.1,52.5,2.9,0.3,0.4,25.2,5.2,15.6,5.5,10,3.9,28.7,6.5,0.4,0.7,11.8,4.4,9.4,4.2,6.4,3.1,5.7,3.6,33.9,4.1,6.9,3.7,19,5.3,25.5,5.5,4.2,2.8,0,1.2
"47171","Unicoi County, Tennessee","47","171",TRUE,"missing_estimate:",52218,10.8631825420176,6675,21.3,3.2,20.4,2.3,1.5,0.9,1.8,0.6,84.2,3.5,17.8,0.3,23.7,0.4,6.7,,0.7,0.4,54,2.9,2.3,1,35.6,4.8,14.2,4.5,10.4,3,20.1,4.7,1.4,1.1,17.6,4,8.8,2.9,6.4,2.4,6,2.1,25.9,2.5,10.9,3.1,19.5,3.8,27.1,4.5,4,1.8,0.5,0.7
"47173","Union County, Tennessee","47","173",TRUE,"missing_estimate:",62727,11.0465472559395,3883,14.2,2.4,21.6,2.6,0.5,0.4,0.3,0.3,81.3,3.2,21.3,0.1,18.8,0.3,2.4,,0.3,0.3,55.3,2.9,1.5,0.7,30.3,4,14.4,2.9,15.9,2.9,20.9,2.9,0.9,0.7,9.7,2.6,13.1,2.7,5.9,1.9,11.5,2.3,34.6,2.4,19.3,2.9,21.8,3.3,19.8,3.6,2.9,1.1,0.4,0.3
"47175","Van Buren County, Tennessee","47","175",TRUE,"missing_estimate:",54931,10.9138331311591,11768,13.7,3.5,20.7,3.5,0.9,0.5,4.3,2.6,85.6,3.9,20.2,0.5,24,0.5,2.2,,0.3,0.3,52,3.4,1.2,0.9,30.9,6.1,21.3,5.4,11.4,4.6,25.3,4.6,6.3,3.7,25.2,5.1,7.2,3.6,13.6,4.8,9.7,4.4,29.6,3.3,12.1,4.1,20.9,5.7,13.6,3.6,8.1,3.5,0,1.7
"47177","Warren County, Tennessee","47","177",TRUE,"missing_estimate:",55487,10.9239040380632,3018,14.1,1.8,18,1.4,3.6,0.9,3.7,0.8,86.5,2.1,23.3,0.1,17.9,0.4,10,,2.6,0.7,57.8,2.1,3.4,0.9,26.1,2.9,15.9,2.2,12.1,1.9,24.3,2.7,2.6,0.9,19.4,2.6,5.2,1.2,7.9,1.8,6.4,1.5,26.9,1.5,12.6,2.4,13.3,2,27.6,2.4,4.5,1.4,1.7,1.1
"47179","Washington County, Tennessee","47","179",TRUE,"missing_estimate:",62809,11.04785365429,3232,34.3,1.7,17,1,3.5,0.4,1.7,0.4,89,1,18.7,0.1,18.9,0.1,4.9,,3.5,0.3,59.8,1.2,2.8,0.5,43.3,1.9,17.1,1.3,7.4,1,11.3,1.1,0.6,0.2,11.3,1.1,9.5,1.1,8,1.6,11.9,1.2,21.6,0.7,8.6,0.9,8.4,0.9,35.5,1.4,5.2,0.8,0.5,0.3
"47181","Wayne County, Tennessee","47","181",TRUE,"missing_estimate:",52294,10.8646369207185,4365,13.8,2.2,19.5,2.6,1.9,0.6,1.6,0.9,84.2,3,16.5,,19.7,0.4,2.7,,4.3,0.7,47,2.5,1.6,0.8,35.8,4,18.8,4.1,13.2,3.1,17.4,3.1,3.7,1.8,12.2,2.7,6.3,2.6,10.1,3.2,10.2,3.3,31.3,2.2,17,3,25.3,3.8,19.8,3.6,8.2,2.5,0.8,1
"47183","Weakley County, Tennessee","47","183",TRUE,"missing_estimate:",51880,10.8566886384304,2769,22.7,2.4,19.4,1.5,2.8,0.6,1.6,0.6,85.3,2.4,19,0.2,18.3,0.3,3.1,,7.9,0.7,55.1,2,2.2,0.7,37.2,3.5,14.8,2.3,11.8,2.4,20.4,2.4,3.6,1,17.2,2.2,4.6,1.2,5.7,1.6,6.7,1.8,20.9,1.2,11.1,2.1,11.5,1.6,33.7,2.6,5.5,1.2,0.2,0.2
"47185","White County, Tennessee","47","185",TRUE,"missing_estimate:",52188,10.8626078623856,3172,15.1,2,18.2,2,1.1,0.5,0.8,0.4,86.1,3,21.6,0.1,21.2,0.3,3.2,,1,0.3,54.4,2.3,3,0.9,30,3.2,16.9,3.2,8.1,1.5,23.4,3.6,1.3,0.7,21.1,3.5,6.7,1.8,9,2.3,10.5,2.6,23.7,1.8,9,2.3,18.8,2.4,23.1,3.4,3.8,1.4,1,1
"47187","Williamson County, Tennessee","47","187",TRUE,"missing_estimate:",135594,11.8174204057219,4044,62.7,1,8.2,0.5,8.5,0.6,2.3,0.3,96,0.6,25.8,,14.8,0.1,6,,3.9,0.2,66.4,0.8,1.6,0.2,58.7,1.4,10.5,0.8,3.8,0.5,5.3,0.7,0.4,0.2,7.3,0.8,16.6,1.1,9.1,1,28.3,1.4,27.9,0.9,4.9,0.8,1.5,0.4,21.2,1.1,2.1,0.4,0.3,0.2
"47189","Wilson County, Tennessee","47","189",TRUE,"missing_estimate:",95839,11.4704249792381,3023,37.8,1.7,11.1,0.7,6.6,0.8,3.1,0.7,93.6,1,23.4,0.1,15.9,0.1,6.5,,7.1,0.3,66.4,0.9,2.1,0.4,44.3,1.6,13.2,1,7.3,0.8,13.9,1.1,0.5,0.3,10.2,1,11.4,1,5.4,0.6,16.8,1.3,30.1,0.9,6.2,0.9,5.2,0.9,23,1.6,2.2,0.5,0.5,0.3
"48001","Anderson County, Texas","48","001",TRUE,"missing_estimate:",62068,11.0359858372034,4521,15.4,1.8,19.4,1.9,6.5,1,4.7,1.1,87.9,2,19.2,0.1,15.2,0.1,19.6,,17.6,1.3,46.3,1.7,2.7,0.6,29.7,3.7,18.5,3.2,14.1,3,20.5,3.5,4.3,1.6,8.4,2.1,8,2,6.2,1.4,5,1.4,24.1,2.2,14.9,2.4,21.6,3.3,27.7,3.2,5.8,1.9,1.4,0.8
"48003","Andrews County, Texas","48","003",TRUE,"missing_estimate:",72242,11.1877768732004,9282,17.7,3.3,13,2.1,13.8,2.5,13,2.9,89.3,3.2,30.9,0.4,9.7,0.3,57.5,,1.6,0.6,66.2,3.2,2.2,1,27.1,4.7,17.4,3.2,20.2,4.7,17.7,4.4,19.5,3.9,6.8,2.1,7.1,2.6,7.2,2.5,3.7,2,24,2.3,4.3,2,21.7,4.1,21.5,4.4,4.5,2.2,0.5,0.6
"48005","Angelina County, Texas","48","005",TRUE,"missing_estimate:",60960,11.0179731903605,3197,17.9,1.2,19.9,1.4,8,0.8,6,0.9,90.7,1.3,25.3,,16.9,0.1,23.5,,12.1,0.7,58.7,1.4,3.7,0.8,33.2,2.1,19.5,1.9,10,1.3,16.9,1.5,3.1,1,13,1.6,8.5,1.6,6.1,1.2,5.9,1.1,20.9,1.1,12.8,1.2,19,1.7,36,2,6.3,1.1,1.2,0.4
"48007","Aransas County, Texas","48","007",TRUE,"missing_estimate:",69466,11.1485927032182,8686,28.8,3.1,23,2.4,3.5,1.1,2,0.8,89.8,2.7,16.6,0.2,28.4,0.4,27.1,,1.3,0.7,50.4,2.9,2.1,0.8,41.2,5,17.6,3.4,14.8,4.2,10.9,2.8,4.8,2.1,4.1,1.5,14.4,3.5,5.7,2.1,15.4,4.7,23,3.2,22,2.8,13.7,2.6,23.2,3.6,6.4,2.9,2.6,1.5
"48009","Archer County, Texas","48","009",TRUE,"missing_estimate:",72159,11.1866272965474,8735,25.4,2.8,18.4,2,4,1.1,1.9,0.6,88.5,2.6,22.2,0.2,21.8,0.6,9.4,,1.4,0.5,59.7,2.4,1.8,0.8,41.1,4.2,15.7,2.9,12.8,2.7,15.1,2.7,9.6,2.2,6.4,2.1,5.6,1.8,12.5,3.1,6.4,1.8,23.6,2.2,12.6,2.7,10.2,2.3,15.5,3,1.4,0.9,0.5,0.5
"48011","Armstrong County, Texas","48","011",TRUE,"missing_estimate:",72750,11.1947841850337,13280,27.2,6.1,11.3,2.8,3.5,2.3,3,2,93,4.1,19.3,3.2,25.2,2.7,12,1.9,0.6,0.9,59.5,5.3,0.7,0.8,45.9,7.8,12,5.6,23.9,5.9,6.7,4.9,8.8,4.2,6.7,3.6,8.2,4.1,9.5,4.2,10.8,4.6,24.9,3.1,13.4,4.7,7.7,3.3,19.8,6.1,0.5,0.7,0,6.3
"48013","Atascosa County, Texas","48","013",TRUE,"missing_estimate:",70770,11.1671904610698,4131,15.7,2,14.2,1.4,8.4,1.5,11.8,1.7,81.9,2.7,26.5,0.2,15.2,0.2,65.4,,1.1,0.3,56.6,2.2,2.3,0.8,24.5,3,16.3,2,18.9,2.7,17,2.4,8.3,1.6,9.1,2.1,6.5,1.5,8.6,1.8,9.1,2.1,29.2,1.8,12.6,2.4,35.4,3.3,22.6,3.1,5.1,1.6,1,0.7
"48015","Austin County, Texas","48","015",TRUE,"missing_estimate:",75789,11.2357084423662,8661,25.1,2.4,12.8,1.7,11.6,1.5,9.4,1.2,77.9,2.9,23.4,0.1,21,0.5,27.8,,7.9,0.8,60.5,2.6,2.6,0.8,37.8,3.7,15.1,2,14.2,2.9,13.5,2.2,4.1,1.3,7.5,1.6,9.7,1.8,9.2,2.1,8.8,2,28.5,1.7,15.3,2.4,22,2.6,23.5,2.8,2.8,1.1,0.4,0.6
"48017","Bailey County, Texas","48","017",TRUE,"missing_estimate:",61420,11.0254907939948,15970,15.2,4.9,14.8,3.6,18.7,6.8,18.2,7.1,84.1,6,26.8,1.9,19.7,3.2,66,3.5,0.6,1,53.1,4,0,0.9,30.8,6.4,9.7,4.8,22,9.8,22,6.6,17.7,8.4,14.9,7.1,3.8,3,12.8,5.4,7.1,4.3,18.9,3.3,19.4,8.2,3,2.4,20.1,7,10.2,5.6,0.7,1.3
"48019","Bandera County, Texas","48","019",TRUE,"missing_estimate:",75813,11.2360250608831,6485,27.2,3.9,21.4,2.6,5.3,1.5,4.1,1.6,90,2.9,16.6,0.2,29.8,0.5,21,,1.2,0.3,54.6,2.7,4.8,1.7,40,4,16.3,3.2,13.1,3.3,12.5,3.3,3.3,1.6,6.4,2.2,13.1,3.2,12.5,3.3,9.5,2.3,41,3.4,20.1,2.6,29.1,3,14.1,3,2.2,1,2.5,1.3
"48021","Bastrop County, Texas","48","021",TRUE,"missing_estimate:",86226,11.3647270353023,5870,25,1.6,12,1.1,13.2,1.4,12.8,1.4,90.5,1.5,26,0.1,15.4,0.1,45,,5.7,0.4,62.5,1.4,2.6,0.5,35.2,2.2,16.3,1.8,15,1.7,14.5,1.5,2,0.6,8.7,1.5,11.8,1.6,10.1,1.7,15.7,2,35.4,1.3,7.1,1.3,24,2,23.5,2.3,3.4,0.8,1.5,0.7
"48023","Baylor County, Texas","48","023",TRUE,"missing_estimate:",45370,10.722606372658,9031,25.3,4.9,23.5,4.3,2.5,1.5,1.2,1.1,83.7,5.5,21.7,1.8,27.3,2.2,13.1,3.9,1.2,1,53.9,5.7,2.4,2.1,43,8.3,20.3,5.4,12.6,5.4,9,3.9,15.8,6.4,9,4.8,6,4,20.2,6.7,3.6,2.4,15.9,4.3,30.1,6,7.1,4,33.8,6,7,4.9,3.9,2.4
"48025","Bee County, Texas","48","025",TRUE,"missing_estimate:",57673,10.9625444053709,5833,14,1.8,16.2,2.1,4.5,1.2,6.2,1.3,81.8,3.4,20,0.4,12.7,0.3,61.8,,7.3,0.9,45.9,2.9,2.4,1,32.9,4.4,19.5,3.6,13.4,2.9,13.3,3.4,7.9,2.1,3.5,1.6,3.8,1.6,6.8,1.8,5.3,2.1,21.5,2.4,17.3,2.8,19.7,4.3,29.2,3.9,5.9,2.1,0.9,0.5
"48027","Bell County, Texas","48","027",TRUE,"missing_estimate:",68865,11.1399033453514,1892,27.2,1,15.2,0.6,8.6,0.5,5.6,0.4,90.9,0.8,27.5,,11.9,0.1,26.3,,21.5,0.4,65.3,0.7,4,0.4,35.4,1.2,17.3,1.1,9.7,0.8,15.3,0.9,1.1,0.3,7.3,0.6,10.5,0.8,5.7,0.5,9.4,0.7,23.9,0.7,8.2,0.6,6,0.7,43.5,1,5.3,0.6,1.1,0.3
"48029","Bexar County, Texas","48","029",TRUE,"missing_estimate:",72341,11.1891463290213,701,31.8,0.5,15.1,0.3,13.8,0.4,11.5,0.3,91.9,0.3,24.7,,12.9,0.1,59.7,,7.4,0.1,66.1,0.3,3.7,0.2,38.9,0.6,17.8,0.4,9.3,0.4,11.6,0.3,0.9,0.1,5.9,0.3,12.6,0.3,6.4,0.3,14.6,0.4,25.7,0.2,8.5,0.3,2.7,0.2,41.2,0.5,6.4,0.3,1.6,0.2
"48031","Blanco County, Texas","48","031",TRUE,"missing_estimate:",92425,11.4341527838048,6033,35.4,3.8,15.1,2.2,5.6,1.6,2.9,1.2,89.2,3.4,17.5,0.9,26.4,0.8,18.6,,1.1,0.8,56.8,3,3.4,1.3,44.1,4.3,17,3.7,12.3,3.1,9,2.6,3.6,1.9,9.8,3,14.4,4.1,10,2.6,15.7,3.5,29.3,2.8,15.7,3.6,9.6,2.2,23.8,3.9,2.2,1.2,0.2,0.2
"48033","Borden County, Texas","48","033",TRUE,"missing_estimate:",65625,11.0917119998939,21776,36.9,11.1,11.5,5.2,1.8,1.7,0.6,0.8,85.6,9.5,35.2,7.5,17.3,7.3,8.4,9.3,0.6,0.9,60.5,9.4,0.2,0.5,39.6,15.6,25.8,19.3,12.1,8.4,7.4,5.3,32.6,14.1,1,1.3,6.7,4.5,8.7,5.3,9.7,8.1,13.6,3.2,34,9.6,10.6,5,33.7,11.6,1.2,1.9,3.3,4.3
"48035","Bosque County, Texas","48","035",TRUE,"missing_estimate:",68914,11.1406146293942,4001,20.4,2,16.9,1.5,6,0.9,4,0.8,82.1,2.5,20.8,0.2,25.6,0.3,19.1,,1.1,0.5,52,2.1,1.9,0.7,30.9,2.7,18.3,2.7,16.8,2.8,13.8,2.2,5.5,1.4,8.1,1.6,7.3,1.6,9.6,1.8,9.7,2,28.8,2.1,19.8,2.2,15.7,2,24.2,2.9,2.3,1.1,0.7,0.6
"48037","Bowie County, Texas","48","037",TRUE,"missing_estimate:",59803,10.9988111059045,2992,23.6,1.5,14.7,0.9,4.5,0.7,2.5,0.4,82.5,1.5,23.8,,17.5,0.1,8.6,,24.7,0.7,55.1,1.5,2.4,0.5,34.4,1.9,19.5,2.1,8.4,1,14.7,1.3,1.4,0.4,9.4,1.1,7.3,1.1,4.9,0.8,6.5,0.9,18.8,0.9,12.2,1.2,13,1.2,36.6,1.8,6.9,1,0.9,0.3
"48039","Brazoria County, Texas","48","039",TRUE,"missing_estimate:",97993,11.4926513265301,3188,33.1,1,11.7,0.5,14.6,0.6,9,0.6,94,0.6,25.6,0.1,12.8,0.1,31.6,,15.9,0.2,63.6,0.7,3,0.3,44.8,1.4,13.9,0.8,10.5,0.8,12.1,0.8,1.8,0.3,12.8,0.9,10.6,0.9,5.5,0.6,10.8,0.8,30.6,0.6,10.9,0.8,8.9,0.8,25.9,1.1,3.1,0.4,0.9,0.2
"48041","Brazos County, Texas","48","041",TRUE,"missing_estimate:",58553,10.9776876059711,2259,43,1.2,10.3,0.5,12.8,0.6,7.1,0.5,86.4,1.1,20.1,0.1,10.2,0.1,27.4,,10.1,0.3,62.5,0.8,2.9,0.4,45.8,1.3,17.4,1,7.9,0.7,9.5,0.9,1.5,0.3,6,0.7,10.3,0.8,5.5,0.6,10.7,0.8,18.6,0.6,9.7,1,5.9,0.6,53.2,1.2,6,0.7,1.4,0.3
"48043","Brewster County, Texas","48","043",TRUE,"missing_estimate:",56212,10.9368855362206,9462,45.5,5.6,13.5,2.7,11.4,5,7.6,3.4,83.7,5.2,16.7,,26.5,1.3,42.1,,0.6,0.4,60.1,3.3,1.8,1.4,32.2,6,31.2,6.7,10.3,3.7,7.2,3,3.4,1.9,2.5,2.2,5.6,3.5,10.7,4,7.6,3.2,14.3,2.9,16.3,3.8,15.3,3.5,37.5,5.6,5.7,2.8,0.4,0.4
"48045","Briscoe County, Texas","48","045",TRUE,"missing_estimate:",45417,10.72364176328,13842,23.1,5.2,20.3,5.8,8.3,5.3,7.9,4,73.1,7.2,20.8,4.4,24.6,4.9,26.1,10.2,4.1,3.5,54.7,5.3,0.6,0.8,43.3,9.6,12.8,6,14.5,8.1,14.8,7.2,15,7,4.5,3.3,5,5.6,16.7,6.5,4.6,3.2,24.3,4.6,34.9,6.5,9.5,4.1,17.2,6.9,1.4,1.8,0,8.6
"48047","Brooks County, Texas","48","047",TRUE,"missing_estimate:",47764,10.7740274966533,16489,17,6.8,22.4,4,7,3.7,13.8,5,78.9,6.5,20.9,4.1,21.6,3,90.1,3,0.6,0.6,57.8,8,11.5,7.7,39.4,11.4,19.6,10.4,14.4,9.1,9,5.1,9.7,5.6,4.9,3.6,0.6,0.9,11.4,7.3,5.1,4.8,17.5,7.1,23.4,6.1,6.6,3,47.2,10.2,24.8,7.6,0.3,0.5
"48049","Brown County, Texas","48","049",TRUE,"missing_estimate:",57470,10.9590183515018,4278,20.2,2,22.8,2,4,0.9,3,0.7,87.3,1.8,20.4,0.2,21,0.2,22.5,,3.5,0.4,56.6,1.9,3,0.8,32.8,3.3,17.1,2.3,12.3,2.2,18.9,2.6,4.1,1.2,13.6,2.1,6.8,1.8,7.9,1.6,4.7,1,18.9,1.4,22.2,2,16,1.7,31.7,2.7,6.5,1.6,1,0.6
"48051","Burleson County, Texas","48","051",TRUE,"missing_estimate:",70000,11.1562505210315,8319,23.5,2.9,15,2,7.1,1.3,6.1,1.4,83.2,3.5,21.9,0.1,22.1,0.6,22.7,,10.6,0.9,58,2.3,2.9,1.2,37.1,4.4,14.7,3.9,12.6,2.9,12.6,2.7,8.3,2.6,6.7,2.1,11.9,2.5,7.3,2.1,14,3.7,29.6,2.2,17.5,2.3,28.3,3.6,18.3,4.3,4,1.6,0.9,0.9
"48053","Burnet County, Texas","48","053",TRUE,"missing_estimate:",78732,11.2738049591329,5425,28.5,1.8,16.2,1.2,8,1,7,1.1,92.1,1.4,20.5,,23.6,0.2,23.4,,1.2,0.3,58.8,1.3,1.5,0.5,35.9,2.5,18.5,2.6,16.2,2.1,8.7,1.6,2.6,0.9,5.2,1,10.7,1.6,10.5,1.9,13.4,1.8,29.4,1.6,17.9,1.9,17.9,1.9,23.7,2.4,3.7,1.2,0.5,0.3
"48055","Caldwell County, Texas","48","055",TRUE,"missing_estimate:",69758,11.1527873884471,5400,19.3,2.2,14.8,1.2,12.9,1.9,12.5,1.6,90.3,1.9,23.2,0.1,15.3,0.3,57,,4.5,0.7,58.8,2,2,0.7,31.5,2.9,19.2,2.5,15.2,1.9,14.4,1.7,2.3,1,8.5,1.4,11.6,2.1,9.8,1.8,9.9,1.6,34.3,2,5.3,1.4,24.5,2.5,24.7,2.8,3.6,1.3,1.4,0.9
"48057","Calhoun County, Texas","48","057",TRUE,"missing_estimate:",79959,11.289269282283,8800,20.1,2.9,20.2,2.7,9.2,1.6,7.8,1.9,86,4.1,22.7,0.2,19.2,0.5,49.4,,2.6,0.3,66.2,3.4,4.9,2.2,40.3,4.6,16.6,3.7,15.6,3.3,10,3.6,3.2,2,21.5,3.8,9.1,2.4,5.2,1.6,4.9,2,19.4,2,20,3.2,12.5,3.2,22.7,4.6,5.1,3.9,0.5,0.7
"48059","Callahan County, Texas","48","059",TRUE,"missing_estimate:",72436,11.1904586923612,8036,24,3.3,18.3,2.8,1.7,0.8,0.7,0.5,90.2,3.4,21.8,0.1,21,0.5,11.2,,1.2,0.7,59.7,3.9,2.8,1.1,34.5,4.3,15.6,3.6,16.1,4.7,12.3,2.9,6.3,2.6,8.2,3.1,6.5,2,9.9,2.1,9.1,3,26.5,2.8,19.9,4,15.9,3.4,19.1,3.8,2.7,1.5,0.5,0.6
"48061","Cameron County, Texas","48","061",TRUE,"missing_estimate:",52601,10.8704904099519,1632,22.1,0.8,12.3,0.5,23.2,0.6,24.2,0.7,84.4,0.7,28.7,0.1,14.3,0.1,89.3,,0.5,0.1,58,0.6,3.4,0.3,31,1.1,24.6,1,11,0.7,12.6,0.7,1.7,0.4,6.3,0.6,9.3,0.6,8.6,0.6,9.1,0.6,21.3,0.4,13.3,0.6,10.5,0.7,34.8,1,6.6,0.5,3.4,0.5
"48063","Camp County, Texas","48","063",TRUE,"missing_estimate:",58843,10.9826281591396,6940,22.2,3.6,18.3,2.2,10.5,1.4,8.4,1.4,87.3,3.6,26.2,0.3,18.8,1.1,27.4,,15.5,1.1,58.8,3,3.3,1.5,33.8,4.4,16.8,3.4,11.6,3.4,21.7,3.8,5,2.1,15.1,3.5,8.8,2.7,7.6,2.6,9,3.4,22.8,3,17.3,4.3,15.2,4,22.5,3.9,6.7,2.8,2.3,1.7
"48065","Carson County, Texas","48","065",TRUE,"missing_estimate:",85231,11.3531204964054,6307,26.4,3.6,11.1,2.1,2.1,0.9,0.8,0.7,83.9,4.3,23.2,0.8,20.6,0.9,10.9,,0.7,0.5,64.1,4.1,0.8,0.5,40.9,5.1,13.4,3.9,9,2.7,16.9,4.4,9.9,3.3,10.2,3.5,4.1,2.2,7.8,3.3,8.2,2.9,24.5,2.5,18.4,4,8.5,3.6,20.8,4.9,4.1,2.1,0.1,0.2
"48067","Cass County, Texas","48","067",TRUE,"missing_estimate:",53813,10.8932703526484,4921,18.9,2.3,19.5,2,2.8,0.7,0.8,0.4,79.9,2.7,22.4,0.1,22.5,0.2,5.4,,16.2,0.6,51.2,2.7,3.3,0.8,33.9,3.6,16.3,2.5,12.2,2.2,20.1,2.7,4.1,1.3,11.5,2.3,5,1.5,9,2.4,6.4,1.9,25.7,2,15.6,2.2,16.8,2.2,23.4,3.2,6,1.7,0.4,0.4
"48069","Castro County, Texas","48","069",TRUE,"missing_estimate:",56776,10.9468689802048,10779,18.6,4.4,9.3,2.8,17.4,3,17.7,3.2,84.9,5.5,29.1,0.1,18.7,1.1,65.6,,1.2,1.6,65.1,4.3,2.4,1.2,35.7,6.7,22,5.6,20.3,5.3,9,3.7,24.3,5.7,4.1,1.8,11,6,6.3,2.6,3.2,2.2,15.2,1.9,20.2,4.5,15,3.8,36.4,6.6,1.7,1.5,0.4,0.7
"48071","Chambers County, Texas","48","071",TRUE,"missing_estimate:",109804,11.6064522372665,10467,21.9,2.4,11.3,1.5,9.6,1.4,6.6,1.6,90.5,2.6,27.4,0.2,12.6,0.4,26.5,,7.5,0.6,65.9,2.1,4.8,1.6,37.2,3.5,15.5,2.7,14.8,2.9,15.9,3.5,3.1,1.1,13.5,2.3,10.2,2.4,5.5,1.6,7.1,1.7,32.6,2.6,9,2.2,14.4,2.9,18.4,3.1,3.4,1.3,1.2,0.8
"48073","Cherokee County, Texas","48","073",TRUE,"missing_estimate:",61261,11.022898704119,4398,18.9,1.9,13.3,1.2,9.4,0.8,8.5,1,83.6,2.3,25.2,,18.4,0.1,23.9,,12.8,0.6,53.7,1.8,2.8,0.7,33.6,3.3,17.2,2.5,13.2,1.8,17.7,2,6.1,1.6,13.4,2.5,8.2,1.5,9,2,11.4,2.3,26.9,1.7,13.6,2.1,18.7,2.6,26,2.6,6.5,1.5,1.6,0.8
"48075","Childress County, Texas","48","075",TRUE,"missing_estimate:",58654,10.9794110529495,17186,11.8,3.4,14.3,5.4,4.7,1.6,4.7,2.4,83.7,5.9,20.2,2.6,17.1,2.3,31.9,4.1,6.7,1.8,46.1,4.1,0.3,0.3,28.2,9.2,8.3,4.4,23.5,11.2,10.9,7,20.9,10.5,9.3,7,5.5,4.1,7.8,4.2,1.1,1.2,25.4,7.2,33.7,7.7,8,3.8,29,8.2,4.7,3.9,0,2.7
"48077","Clay County, Texas","48","077",TRUE,"missing_estimate:",80114,11.291205899307,7097,22.4,2.5,20.2,2.2,1.4,0.5,1.6,0.6,88.1,2.8,19.4,0.5,23.4,0.6,7.1,,1,0.6,60.3,3.1,1.2,0.6,36.3,3.9,10.2,2.3,12.3,2.6,18.8,2.9,9.2,2.4,8.9,2,4.4,1.6,9.9,2.8,7.2,2.3,28.8,2.3,16.9,2.9,16.6,2.9,16,3,2.4,1.4,0.7,0.8
"48079","Cochran County, Texas","48","079",TRUE,"missing_estimate:",45313,10.7213492460189,11121,8.2,2.2,22,3.9,18.9,5.1,19.7,5.1,79.7,5.1,28,1,14.4,1.7,60.2,,4.9,1.3,57.9,5.4,2.8,1.5,21.3,4.9,13.4,4.7,26.3,7,15.5,6.8,22,5.8,3.6,2.4,3,1.7,10,3.7,4.6,3.4,24,2.7,27.3,5,11.1,3.6,35.4,6.1,5.4,3.4,2,2.2
"48081","Coke County, Texas","48","081",TRUE,"missing_estimate:",43333,10.6766697484323,11825,23,3.7,20.8,3.3,2.3,1.3,2.3,1.1,87.8,4.8,21.3,0.8,27,1.5,21.1,,1.2,1.1,52.5,3.7,2.9,1.8,29.1,7.7,22.5,6.7,17.7,5,11.9,3.8,4.7,2.4,5.8,2.8,4.7,2.4,8.6,3.1,3.5,2.5,25.2,3.4,25.7,4.4,19.1,4.6,28.9,6.4,3.6,2.4,1.1,1.1
"48083","Coleman County, Texas","48","083",TRUE,"missing_estimate:",49159,10.8028152217318,3270,16.8,4,26.1,3.4,5.2,1.8,3.5,1.4,87.3,3.7,20.6,1,26.2,0.9,16.6,,4.4,0.5,53.6,4,4.1,2.3,30.3,6.6,21.7,6.8,16.5,5.1,11.1,5.1,9.4,4.2,7.5,3.6,9.9,5.4,11.4,3.8,9.2,3.1,35.4,11,31.8,5.1,12.8,3,22.8,4.8,8.4,3,0.2,0.3
"48085","Collin County, Texas","48","085",TRUE,"missing_estimate:",121600,11.7084922485142,1883,56.2,0.6,8.1,0.3,23.3,0.5,9,0.3,96.5,0.3,24.7,,11.6,0.1,16.1,,10.8,0.2,70.6,0.4,2.9,0.2,57.5,0.7,11.3,0.4,4.6,0.3,6.7,0.3,0.6,0.1,8.7,0.4,19,0.5,5.5,0.3,27.5,0.7,28.2,0.4,4.7,0.3,1.6,0.2,35.5,0.5,3.2,0.3,1.2,0.2
"48087","Collingsworth County, Texas","48","087",TRUE,"missing_estimate:",61280,11.0232088044145,6323,25.6,4.9,14.7,4.4,6.2,2.4,7.2,2.4,85.9,5.9,27.9,4,24.3,3.8,32.6,5.5,4.4,3.1,65,5,0.7,0.7,35.6,6.9,25.8,7.6,14.1,5.8,7.2,3.8,12.2,4.6,3.6,2.9,10.4,4.5,12.3,5.3,8.4,5.1,14.4,3.2,34.4,5.5,3.8,2,26.2,8.7,1.9,2,0,5
"48089","Colorado County, Texas","48","089",TRUE,"missing_estimate:",66377,11.103105889917,6733,22.9,3,19.4,2.3,8.7,2,5.3,1.7,81.9,3.7,23.3,,23.4,,30.5,,9.7,1.6,56.6,3,1.6,0.7,35.2,4.2,20.4,3.1,9.3,2.9,15.6,3.5,6.1,2.1,10.3,3.1,9,2.9,11.9,3.8,5.1,2.1,25.7,2.9,21.4,3.3,15.9,3.2,20.5,3.3,4.7,2,0.6,0.6
"48091","Comal County, Texas","48","091",TRUE,"missing_estimate:",101889,11.5316392644143,2995,43.3,1.3,14.2,0.8,6.2,0.6,3.5,0.5,95,0.7,22.1,,18.7,0.1,28.4,,2.4,0.3,62.5,0.9,2.5,0.4,48.3,1.8,14.5,1.2,7.3,0.9,8.3,1.1,1.3,0.4,6.9,0.9,13.2,1.1,8.1,1.1,18.7,1.4,30.9,1.2,8.5,1,7.5,0.9,23.4,1.5,2.2,0.4,0.8,0.3
"48093","Comanche County, Texas","48","093",TRUE,"missing_estimate:",59635,10.9959979290128,8590,21.4,2.9,17.6,2.1,9.9,2.1,7.5,1.8,86.7,2.5,22.8,0.4,23.9,0.6,29.5,,0.4,0.3,60.4,2.9,3.7,1.3,29.2,4.2,13,2.8,19.3,3.8,16.3,3.2,13.3,3.1,12.2,3.2,4.3,1.6,13.2,2.9,6.2,2.4,20.1,1.6,22.8,3,14.1,2.6,19.6,3,5.2,1.7,0.1,0.2
"48095","Concho County, Texas","48","095",TRUE,"missing_estimate:",65795,11.0942991265842,12568,14.1,3.6,19.5,4.2,12.3,3.3,12,3.4,82.8,7.5,11.7,,19.8,0.9,31.9,,4.7,1.9,43.6,5.1,0.7,0.8,46.6,8.9,14.2,6,13.6,7.5,5.1,2.8,7.2,4.3,2.3,2.2,3.7,3.6,7.6,3.8,7,4,21.4,5.6,42.4,5.4,19.6,4.8,19.5,6.7,4.5,3.1,0.2,0.4
"48097","Cooke County, Texas","48","097",TRUE,"missing_estimate:",73932,11.2109010308026,4874,23.7,2.5,14.9,1.5,7,1.2,6.1,1.3,86,2.2,23.2,0.2,18.9,0.3,20.9,,3.2,0.4,63.5,1.7,2.8,0.9,34.2,2.8,15.9,2.3,14.7,1.9,17.6,2.3,5.7,1.2,13.1,1.8,6.7,1.6,6.2,1.4,7.2,1.5,25.7,1.8,7.9,1.9,11.5,1.8,28.2,2.9,3.9,1.2,0.7,0.6
"48099","Coryell County, Texas","48","099",TRUE,"missing_estimate:",71301,11.1746656315495,2442,19.3,1.6,19.4,1.3,6.1,0.6,4.7,0.7,90.6,1.5,22.5,,11.4,0.1,20.7,,13,0.9,56.1,1.1,2.8,0.6,36.8,2.5,19.2,2.1,11,1.7,11.9,1.5,2.4,0.8,5.6,1,10.9,1.6,7.2,1.1,11,1.6,24.4,1.3,8.6,1.3,5.3,1,41.4,2.2,5.6,1.3,0.9,0.5
"48101","Cottle County, Texas","48","101",TRUE,"missing_estimate:",59063,10.9863599498087,28606,21.1,6.6,25.2,7.2,1.9,3.5,2.3,3.7,72.8,12.8,18.3,5.7,23.2,6.6,42,9.5,2.3,2.4,57.9,8.7,7.3,6.1,35,11.4,20,12.6,19.2,7.3,14.9,7.6,22.7,9.8,6.2,5,0.9,1.3,13.5,6.8,13.7,8.2,17.8,6.6,38,8.5,1.1,1.3,16.8,9.9,2.8,3.6,0,8.3
"48103","Crane County, Texas","48","103",TRUE,"missing_estimate:",62212,11.0383031861645,14766,12.6,4.4,9,3.4,23.6,4.8,13.6,5.6,83.1,7.4,29.6,1.4,15.6,2.2,68.9,,1.9,1.8,53.8,4.4,2.5,1.8,22.5,7.7,14.1,9.7,22.4,9.7,26.5,9.1,21.5,9.8,2.8,3.4,5.5,4,10.4,6.9,2.1,3.4,24.7,5.6,11.3,5.7,33.5,8.9,16.2,6.1,11.8,9.3,1.3,1.8
"48105","Crockett County, Texas","48","105",TRUE,"missing_estimate:",81022,11.3024760017149,32122,10.7,6.7,17.7,5,17.5,10.3,10.6,6.1,87.3,8.9,26.4,6.2,19,7.2,66.8,11.9,0.2,0.6,60.6,7.1,1.8,2.5,39.8,20,27.6,15.7,14.3,11.1,8,7.4,23.7,14.8,1.5,4.2,4.9,7.9,3.5,4.7,7.2,6.5,20.3,9.6,29.1,9,13.1,7.8,26.3,10.6,0,4,0,4
"48107","Crosby County, Texas","48","107",TRUE,"missing_estimate:",52188,10.8626078623856,7439,15.4,3,21.2,2.8,3.7,1.5,6.6,2.2,87.8,2.7,25.5,0.6,19.2,0.9,56.3,,2.8,1.2,60.5,2.9,5,2.3,29.9,4.2,16.7,3.9,18.2,4.1,16.3,3.3,10.4,3,4.2,2,7.8,2.5,7.9,2.9,2.6,1.5,27,3,27.5,3.9,8.2,2.7,31.2,5.3,3.9,2.1,0.9,1.2
"48109","Culberson County, Texas","48","109",TRUE,"missing_estimate:",58777,10.9815059009025,24616,15.8,9.1,23.5,8.4,9.5,6,14.1,7.3,74.1,13.2,27,8.7,29.2,8.9,78,6.8,0.2,0.3,49.4,9,0.6,1.2,33.5,14,19.3,10.8,20.7,10.9,12.3,7.8,5.5,4.7,17.3,10.2,6.2,6.7,24.8,13.3,1.8,4,15.3,6.6,20.9,8.8,23.4,7.7,29.8,13.9,5.2,5.9,0,5.6
"48111","Dallam County, Texas","48","111",TRUE,"missing_estimate:",71500,11.1774527286821,9289,11.9,4.2,8.9,3.2,22.4,9.2,9.4,3.9,84.5,7.2,32.8,0.4,11.2,2.7,54.3,,0.2,0.4,73.2,5.8,1.7,1.7,17.9,6.2,13.6,7.7,19.5,6.5,22,7.2,15.9,7.1,11.6,5.3,7.1,4.6,15,7,2.4,1.9,15.1,2.4,15.3,6.4,11.7,4.9,36,9.1,2.2,2.4,0.9,1.3
"48113","Dallas County, Texas","48","113",TRUE,"missing_estimate:",76547,11.245660210246,806,35.7,0.4,10.9,0.2,24.8,0.3,18,0.3,92.2,0.3,25.1,,11.8,0.1,41.3,,22.1,0.1,68.8,0.3,3.4,0.2,39.9,0.5,15.3,0.4,10.5,0.3,14.2,0.3,0.5,0.1,8,0.2,15.7,0.3,6.7,0.2,15.7,0.3,26.8,0.2,7.7,0.2,1.6,0.1,49.2,0.4,6.8,0.3,2,0.2
"48115","Dawson County, Texas","48","115",TRUE,"missing_estimate:",54360,10.9033838682651,12783,12.7,2,14.6,2.4,8.4,2.4,10.8,2.3,83.7,4.2,24.3,0.7,13.9,0.5,55.8,,6.5,0.7,51.5,3,3.3,1.3,32.4,4.4,17.4,3,22.8,4.6,13.4,3.7,19.6,4.5,2.6,1.2,5.9,2.8,10.3,3.8,3.2,1.8,24.4,2.8,17.5,4.2,3.5,1.6,29.4,5.5,5,2.6,0.8,0.6
"48117","Deaf Smith County, Texas","48","117",TRUE,"missing_estimate:",60799,11.0153286204506,5480,11.4,2.8,8.3,1.4,17.2,3.4,17.2,3.5,79.9,4.2,31.4,0.5,13.2,0.2,76.4,,0.8,0.6,65.8,2.9,2.3,1.3,21.2,3.9,17.7,4.3,18.5,4.2,26.7,4.4,9.4,2.7,22.2,4.3,3.8,1.9,5.8,2.2,2.5,1.8,16.6,1.6,13.4,2.7,6.5,2.5,33.2,5.3,4.6,2,2.4,1.9
"48119","Delta County, Texas","48","119",TRUE,"missing_estimate:",66575,11.1060844106821,11689,14.9,3.3,25.5,4.6,1.5,1,0.8,0.6,84.2,5,24.1,0.3,20.4,0.7,9.2,,8.1,0.8,57.7,3.6,2.5,1.6,31.9,5.8,13.9,4.5,12.9,4.4,15.1,3.8,5.7,3.1,15.5,5.6,3.5,2.5,9.2,3.3,8,3.7,27.7,2.6,11.3,4.3,12.7,4.4,17.2,4.4,3.6,2.5,4.2,3.7
"48121","Denton County, Texas","48","121",TRUE,"missing_estimate:",111498,11.6217619325017,1485,49.4,0.6,9.3,0.3,17.4,0.4,8.2,0.3,95.7,0.3,23.4,,11.5,0.1,20.5,,10.7,0.2,71.8,0.4,2.9,0.2,52.1,0.7,12,0.4,5.5,0.4,9,0.4,0.6,0.1,8.3,0.3,15.7,0.5,5.9,0.3,23.5,0.7,28.1,0.4,4.3,0.3,2.4,0.2,34.5,0.5,3.5,0.3,1.1,0.2
"48123","DeWitt County, Texas","48","123",TRUE,"missing_estimate:",63730,11.0624106883083,7622,16.9,2.1,15.2,2.1,3.5,1.4,5.2,1.7,78.8,3.3,22.3,0.4,20.3,0.2,35.7,,6,1.2,52.1,2,1.9,0.9,30.3,3.3,20.1,4.1,11.7,2.2,15.7,2.9,8.1,2.2,8.3,2.2,3.2,1,5.4,1.3,6.4,1.8,24.4,2.4,25.1,2.6,17.4,3,26.1,3.4,6.7,2.2,0.9,1
"48125","Dickens County, Texas","48","125",TRUE,"missing_estimate:",49335,10.8063890472913,5467,18,4.1,27.8,5,5.4,2.9,3.4,1.9,86.2,4.8,21.2,3,26.7,3.6,32.8,5.9,1.4,1.5,54.9,5.2,5.1,2.8,31.7,7.2,20.1,6,17.4,6.1,9.5,6.4,11.9,4.8,1.3,1.1,3.5,2.3,12.7,4.3,2.2,1.7,24.4,3.7,36.8,5.5,3.6,1.9,20.5,6.3,6.6,3.3,0.4,0.8
"48127","Dimmit County, Texas","48","127",TRUE,"missing_estimate:",38808,10.5663816899251,8956,9.8,3.6,23.4,4.7,7.2,3.3,16.6,5.3,73.9,7.7,26,1,16.2,0.7,87.1,,1.1,0.9,46.1,5.7,3.9,2.8,26.9,7.6,20.5,7,14.9,6.5,20.3,7.9,27.3,8.1,2.4,3.9,4,4.1,6.8,3.3,5.6,4.6,24.8,7.6,25.5,4.6,23.9,6.9,33.5,7.7,16.5,6.4,3.6,4.2
"48129","Donley County, Texas","48","129",TRUE,"missing_estimate:",58750,10.9810464320064,10089,16.6,4.6,8,2.3,4.9,2.4,2.3,1.9,75.2,6.2,17.6,1.8,25.1,0.9,12.6,,5.2,1.9,52,5.1,0.9,1.1,34.1,6.7,34.4,8.3,10.2,4.8,5,2.4,16.9,6.4,2.4,1.9,2.2,1.9,17.4,6.6,9.6,3.7,19.4,3.8,39.5,5.3,14.1,3.5,25.2,6.2,3.2,2.1,0.7,0.9
"48131","Duval County, Texas","48","131",TRUE,"missing_estimate:",49038,10.8003507867442,8942,6.8,3.2,22.2,4.4,3.1,1.8,6.6,2.6,68.9,8.2,25.2,1.3,17,1.6,81.6,,0.7,0.5,47.5,6.3,5.2,3,32.4,8.5,22.1,7.4,17.4,5.8,7.9,3.4,20.6,7,1.8,1.7,1.8,2,2.1,1.6,8.4,4.1,29.8,5.9,30.9,3.9,12.9,3.6,29.6,9.5,10.8,4,0.5,0.7
"48133","Eastland County, Texas","48","133",TRUE,"missing_estimate:",53549,10.8883524015652,6005,21.8,3.5,17.5,2.2,4.8,1.5,4.5,1.3,87.6,2.5,21.1,0.4,21.9,0.5,17.3,,2.2,0.5,56.7,2.6,2.7,0.9,32.3,4,20.7,3.3,13,2.6,14,2.8,7.9,2.1,8.4,2,7.7,2,8.4,2.3,4.9,1.7,25.6,2.6,22.9,3.2,12.7,2.5,28.4,3.7,5,1.8,0.8,0.9
"48135","Ector County, Texas","48","135",TRUE,"missing_estimate:",71536,11.1779560984738,3707,17.6,1.6,10.9,0.8,16.7,1.4,16.3,1.5,87.6,1.4,30.4,0.1,9.9,0.1,63.5,,4.2,0.3,67.2,1.2,3.9,0.6,27.3,1.7,13.8,1.4,17.2,1.6,21.3,1.7,12.9,1.4,7.7,1.1,7,1.3,8.4,1.2,3.2,0.7,25,1.1,6.3,0.9,17.3,1.6,35.3,2.2,6.1,1.2,2.7,0.8
"48137","Edwards County, Texas","48","137",TRUE,"missing_estimate:",40313,10.604429276562,21695,26.1,12,10.6,7.6,9.5,5.7,6.5,5.4,69.3,13.4,22.9,10.6,18.4,8.7,43,19.2,2.1,3.2,53.9,18.6,0,4.9,19.6,13.8,24.4,10,27.8,13.8,20.1,14.3,18.3,14.4,6.5,11.6,2.8,4.4,28.2,21,14,14.5,16.8,8.5,50.4,11.2,23.6,7.7,12.1,12.8,7.9,8.8,0,11.6
"48139","Ellis County, Texas","48","139",TRUE,"missing_estimate:",99595,11.5088672415094,3164,30.1,1.3,11.7,0.7,8.5,0.6,7.1,0.7,92.5,0.9,26.4,0.1,13,0.1,28.2,,14.4,0.4,68.2,1,3,0.4,41.7,1.5,13,1.1,9.1,0.9,15.6,1.1,1.4,0.3,12.2,1,9.7,0.8,6.3,0.7,12.4,1,30.3,0.8,4.9,0.8,7.5,0.7,24.2,1.3,3.7,0.7,1.1,0.3
"48141","El Paso County, Texas","48","141",TRUE,"missing_estimate:",59806,10.9988612693537,1141,25.9,0.6,13.8,0.4,23.1,0.5,26.5,0.6,89.8,0.5,26.1,,13.1,0.1,82.7,,3,0.1,62.6,0.5,3.6,0.3,33.4,0.9,20.5,0.7,9.7,0.6,13.7,0.6,0.9,0.2,6.5,0.4,11,0.5,5.8,0.4,8.8,0.6,24.1,0.4,7.4,0.3,5.4,0.4,35.8,0.7,6.4,0.4,1.9,0.2
"48143","Erath County, Texas","48","143",TRUE,"missing_estimate:",65115,11.0839102164018,4506,32.1,2.3,14,1.4,6.6,1,5.8,0.9,89.8,1.9,20.7,0.3,14.8,0.1,22.3,,1.8,0.4,63.5,1.5,3.6,1,35.2,2.6,17.5,2.3,11.6,2,14.6,1.8,9.1,1.8,9.1,1.3,7.8,1.3,8.5,1.6,7.2,1.2,20.8,1.5,10,1.8,14.7,2,36.9,2.6,4.8,1.3,0.7,0.4
"48145","Falls County, Texas","48","145",TRUE,"missing_estimate:",57247,10.9551305182967,3673,19.5,2.7,16.9,2.1,7,1.6,4.7,1.1,80.4,4.3,21,0.1,19.3,0.6,25,,18.4,2,49.2,2.7,2.9,1.6,30.9,4,17.2,4.3,14.2,3.8,14.9,3.4,5,1.9,10.2,2.3,5.7,1.9,14.4,4.1,8.8,2.5,28.6,2.4,14.8,2.9,12.3,2.8,23.5,5,5.8,2.3,2,2.3
"48147","Fannin County, Texas","48","147",TRUE,"missing_estimate:",72295,11.1885102494622,5678,19.5,2.1,14,1.2,4.9,0.8,3.5,0.8,84.9,2.5,21.1,0.1,18.1,0.3,13.1,,5.9,0.5,55,1.9,2.7,0.7,36.5,2.7,15.1,2.1,14,2,15.3,2.1,4.8,1.2,17.2,2.2,9.4,2.1,10.2,1.7,13.5,2.1,31.6,1.6,13.8,2.2,12.5,1.4,21.3,2.5,3.4,0.9,0.6,0.4
"48149","Fayette County, Texas","48","149",TRUE,"missing_estimate:",75854,11.2365657190487,3307,27.5,2.4,15,1.5,6.3,1.1,3.6,1.1,80.6,2.8,20.2,0.1,26.9,0.4,22.1,,5.6,0.5,56.4,2.1,1.3,0.7,28.3,2.5,14.7,2.8,14.4,2.3,19.2,3.1,4.2,1.3,15.2,2.8,5.7,1.4,9.9,2.6,9.2,1.9,23.1,2.3,21.4,2.3,12.7,1.9,20.6,2.7,6.1,1.7,0.7,0.5
"48151","Fisher County, Texas","48","151",TRUE,"missing_estimate:",65533,11.0903091115442,2822,17.1,2.5,17.7,2.7,2.7,1.6,2,1.1,85.4,4,22.7,1.7,20.8,2.1,28,3.7,3.4,1.4,58.5,3.5,2.7,1.4,35.7,5.4,12,3.4,18,4,16,3.5,13.1,3.4,14.2,4,3.4,2.1,9.2,3.1,4.1,1.8,24.6,3.5,22.4,3.9,10.5,3.1,19.6,4.8,4.3,2.2,0,3.1
"48153","Floyd County, Texas","48","153",TRUE,"missing_estimate:",58462,10.9761322495067,8910,14.9,3.6,17.7,2.7,10.9,3.7,12.6,3.5,77.8,4.8,25.4,0.7,19.1,0.4,58.1,,2,0.6,60.6,3.4,3.7,2.2,31.1,6.8,13.7,4.4,21.6,5.9,15.8,4.8,18.3,5.6,6.8,3.9,5,2.4,8.9,3.7,1.1,1,17,3.6,24.7,4.4,2.4,2.3,26.7,5.7,6.7,4.6,0,2.5
"48155","Foard County, Texas","48","155",TRUE,"missing_estimate:",61563,11.0278163197089,25735,20.6,7.5,22.6,10.5,0.4,0.5,1.5,2.1,65.7,12,15.1,5.9,31.9,7.6,11.9,7.1,0.3,1,63.6,7.4,4,4.9,52.3,12.8,11,6.5,6.3,4.5,11.4,8.6,13,7.7,8.8,8,1.4,2.3,13.2,7.7,3.5,4.4,17.8,4.6,29.9,7.4,8.5,4.9,24,9.1,6.4,5.9,0,10.8
"48157","Fort Bend County, Texas","48","157",TRUE,"missing_estimate:",114041,11.6443133118412,1899,50.2,0.8,8.2,0.3,30.5,0.8,13.5,0.5,95.5,0.5,26.6,,12.6,0.1,24.7,,20.6,0.3,66.7,0.6,3.4,0.3,52.6,1,12.8,0.5,6.2,0.5,8.8,0.6,3.4,0.3,8.8,0.5,15,0.6,6.5,0.5,17.7,0.7,32.7,0.5,4.2,0.5,2.8,0.3,23,0.8,3.2,0.4,1.2,0.2
"48159","Franklin County, Texas","48","159",TRUE,"missing_estimate:",72360,11.1894089395092,6650,27.8,4.1,14.4,2.1,7.8,1.9,4,1.7,90.1,3,22.3,0.1,22.3,0.9,14.7,,5.4,1,58.1,3,2.6,1.2,40,5.2,14.4,3.3,12,3.3,14.1,3.7,6.5,2.8,9.9,2.8,10.3,3.8,8.2,2.7,15.2,4.3,24,2.6,23.9,4.1,11.8,3.8,18,3.9,1.9,1.2,0.1,0.2
"48161","Freestone County, Texas","48","161",TRUE,"missing_estimate:",59960,11.0014329522165,5424,16.5,2.1,18.8,2.3,5.4,1.2,2.8,1,82,3.7,22.6,0.1,20.1,0.3,17.2,,14.5,0.9,49.1,2.5,1.5,0.7,35.2,3.9,19.6,3,14.8,3.1,15.6,2.9,8.6,3.2,7,2.2,9,2.4,8.8,2.7,8.5,2.5,25.5,2.6,22.3,3.1,23.6,3.4,24.6,2.8,2.5,1.2,0.4,0.4
"48163","Frio County, Texas","48","163",TRUE,"missing_estimate:",66010,11.0975615246828,6533,11.9,3,21.2,3.8,10.9,3.8,18.5,4.1,76.6,5.9,24.7,1.2,12.4,0.9,77.8,,5.1,1.4,51.7,4.2,2.9,1.4,24.7,5.6,22.3,3.9,19.2,5.8,17.3,4,19.6,6.5,8.2,4.5,8.8,4.8,3.5,2.1,1.7,1.5,19.1,2.6,15,3.6,22.3,4.9,41.1,6.8,10.4,4.1,0.5,0.6
"48165","Gaines County, Texas","48","165",TRUE,"missing_estimate:",74132,11.2136025669172,12194,11.7,2.5,11.3,2,28.7,5.2,28.1,5.3,84,3.8,35.8,0.6,9.7,0.7,40.3,,2.1,0.8,61,3,1.5,0.9,25.3,4.4,15.2,4.2,25,4.8,20.1,3.4,22.6,4.2,6,2.3,5.1,2.5,14.1,3.4,3,1.7,26.2,3.4,10.2,3,24.8,3.7,25.4,4.5,5.6,3.1,3.4,2.5
"48167","Galveston County, Texas","48","167",TRUE,"missing_estimate:",86105,11.363322760739,2507,34.8,0.9,13.6,0.5,10.2,0.6,6.5,0.5,93.2,0.6,23.6,0.1,15.8,0.1,26.4,,11.9,0.3,63.9,0.7,3.6,0.4,44.5,1.1,17,0.9,8.6,0.7,11.4,0.7,1.5,0.3,10.8,0.8,11.6,0.7,5.8,0.6,11.7,0.9,27.9,0.5,13.1,0.6,3.7,0.4,32.4,0.9,5.4,0.5,0.9,0.3
"48169","Garza County, Texas","48","169",TRUE,"missing_estimate:",46314,10.7431995701779,16002,10.2,3.3,15,5.4,12.4,4.6,11.3,4.9,85.2,6.6,15.9,2.8,14.9,3.1,49.5,5.2,9.9,3.5,43.4,4.5,5,3.2,32,9.3,16.5,6.4,18.1,9.2,16,5.9,16.1,6.6,2.5,2,8.4,6.7,3.8,2.4,1.5,1.7,24,5.6,33.2,6.2,12.2,5.6,29.5,9.7,7.9,5.2,0,3.4
"48171","Gillespie County, Texas","48","171",TRUE,"missing_estimate:",76162,11.2406179296246,7606,37.2,2.5,13.9,1.8,6,1.7,4.9,1.3,89.1,2.2,19.4,0.4,30.2,0.6,22.9,,0.1,0.1,54.9,2.5,1.5,0.8,39.6,4.1,17.7,3.1,12.1,2.3,5.8,1.8,5.5,1.8,4.8,1.5,9.7,2.1,14.1,3,11.4,2.5,21.9,2.7,19.9,3,15,2.7,25.1,3.3,5.5,1.5,2.4,1
"48173","Glasscock County, Texas","48","173",TRUE,"missing_estimate:",101250,11.5253479849688,53302,29.2,7.1,17.9,5.5,10.1,5.9,10.8,8.1,87.4,7.4,23.5,7.1,14.9,5.7,27,11,0,4.6,58.7,9,0.5,0.7,49.6,8.6,4.7,5.1,26.4,10.5,1.8,2,34.1,11.8,3,4,10.8,7.4,6.9,4.7,11.1,8.8,25.7,8.5,10.3,7,12.7,8.7,31.5,13.6,7,5.9,0,10.3
"48175","Goliad County, Texas","48","175",TRUE,"missing_estimate:",59359,10.9913590313382,7643,21.4,4,16.6,3.3,4.1,2.4,4.3,1.7,79.9,5.5,19.8,0.3,24.5,0.8,32.3,,4.8,1.1,50.7,3.9,2.7,1.5,31,5.2,16.6,5,17.3,5.2,15.7,5.2,9.5,3.5,7.4,3.1,5.1,4.3,5.8,2.6,5.7,3,30.4,3.6,20.7,4.7,19.7,4.8,13.2,3.7,7.6,3.3,2,1.2
"48177","Gonzales County, Texas","48","177",TRUE,"missing_estimate:",58672,10.9797178903111,4856,11.9,2.3,17.4,2,11.7,2.1,11.1,2.4,86.6,2.9,25.5,0.8,18.1,0.5,51.1,,5.8,0.9,59.4,3.2,2.6,1.6,27.7,3.8,14.6,2.5,15.4,2.7,23.8,3.3,11.8,2.7,17,3.3,6.9,2.1,7.8,2.8,4,1.7,27.2,2.9,12.1,2.4,21.5,3,33.8,3.6,7.6,2.8,0.3,0.3
"48179","Gray County, Texas","48","179",TRUE,"missing_estimate:",59614,10.9956457247978,5857,16.2,2.2,13.5,1.7,11.3,1.5,8.5,1.7,87.9,2.3,24.8,0.2,16.7,0.5,31.4,,4.5,0.4,57.6,2.1,3.2,1,28.6,3.4,19.1,2.4,14.3,2.9,18.8,3.2,10.2,2.3,10.4,2.9,6.8,2.1,7.1,1.7,4.1,2,17.8,1.7,19.7,2.5,4.1,1.1,23.6,3.2,4.1,1.5,1.5,1.5
"48181","Grayson County, Texas","48","181",TRUE,"missing_estimate:",72182,11.1869459863194,1791,23.9,1.4,13.6,0.8,7.7,0.6,5,0.6,89.9,1.1,24,,18.1,0.1,16.3,,5.1,0.4,62.5,0.9,1.9,0.4,34.6,1.6,16.8,1.2,10.7,1.2,15.4,1.6,1.2,0.3,12,1.2,9.6,1,6.9,1.2,12.6,1.5,25.8,1,11.1,1.3,8.9,0.9,33.2,1.5,3.7,0.7,1,0.3
"48183","Gregg County, Texas","48","183",TRUE,"missing_estimate:",66550,11.1057088238233,2015,22.9,1.5,14,0.9,8.2,0.7,6.1,0.6,88.5,1.3,25.7,,16.1,0.1,20.2,,17.6,0.7,61.4,1.1,2.2,0.4,32.6,2.2,15.8,1.2,10.6,1.2,18.7,1.5,2.7,0.6,12,1.3,8.9,1.2,6.6,1.1,7.2,1,21.3,0.9,10.4,1,7.9,0.8,39.7,1.9,4.6,0.8,0.7,0.4
"48185","Grimes County, Texas","48","185",TRUE,"missing_estimate:",69803,11.1534322677695,4947,19.7,2.8,15.4,2.1,7.3,1.5,8.4,1.6,83.6,3.6,22.4,0.1,18.6,0.2,25.5,,11.3,1.3,50.9,3.4,2.6,1,38.6,3.7,18.3,2.4,11.5,2.9,15.7,3.5,6,2.3,7.7,1.6,7.4,2.1,7,2.3,8.2,2.8,35.9,3.2,17,2.8,21.7,3.4,20.1,3,4.8,1.9,1.8,1.1
"48187","Guadalupe County, Texas","48","187",TRUE,"missing_estimate:",92375,11.4336116582505,3124,31.4,1.2,13.8,0.7,7.5,0.6,6.4,0.6,93.9,0.7,24.1,,14.8,0.1,39,,7.1,0.4,64.3,1,3,0.5,38.4,1.4,17,1.3,8.7,1,14.4,1.3,1.7,0.4,10.9,1,10,1,7.3,1,14.3,1.2,28.8,0.6,6.1,0.8,12.7,0.9,22.2,1.4,3.2,0.7,1.1,0.4
"48189","Hale County, Texas","48","189",TRUE,"missing_estimate:",51897,10.8570162640151,4443,15.3,2,15,1.6,9.2,1.6,11.1,1.8,81.5,2.9,26.3,0.1,14.2,0.2,61.3,,4.5,0.7,59.1,2.2,3.1,1,30.4,3.2,20.8,3.2,12.2,2.2,17.9,2.5,8.5,2.3,6.6,1.9,5.3,1.4,6.6,1.8,3.1,1.2,19.8,1.8,17.7,2.2,7.5,2,39.5,3.5,6.5,2.1,1.3,0.7
"48191","Hall County, Texas","48","191",TRUE,"missing_estimate:",48459,10.7884733585819,7802,21.4,5.2,20,3.4,8.6,3.1,4.8,2.7,81,5.6,21.2,,24.4,1.6,35.5,,4.1,1.6,55.2,4.6,5,3,37.2,7.9,21.6,7.6,11.7,4.8,12,4.9,18.7,5.8,3.3,2.7,4,2.6,17.5,5.4,2.6,1.8,14.1,2.5,32.8,6,3.9,1.9,26.4,6,4.3,2.8,0.7,0.8
"48193","Hamilton County, Texas","48","193",TRUE,"missing_estimate:",58219,10.971967040924,7670,26.8,4.8,20.8,2.9,5,2.3,4.4,2.3,84.5,5,22.5,0.5,24.9,0.6,14.2,,2,0.5,54.1,2.9,2.9,1.7,36.1,5.4,21.9,5.1,11.6,3.9,11.5,3,8.2,3,5.1,1.9,5.3,2.6,7.3,2.6,7,2.8,18,2.2,28.6,4.3,7.8,2.5,21.3,3.9,4.2,2.6,1,1.1
"48195","Hansford County, Texas","48","195",TRUE,"missing_estimate:",69441,11.1482327501522,9481,36.4,5.4,11.5,2.5,16.5,2.8,15.9,2.9,90,4.8,28.4,0.4,14.1,1.4,50.2,,0.1,0.4,68.3,3.5,4.2,3.3,37.6,5.6,18.3,5,16.4,3.7,8,3,17.6,4.6,6.5,2.9,9,3.8,11.2,3.6,1.8,1.2,21.7,5.9,18.3,4.8,6.6,3.2,18.8,5.8,5.2,3.6,1.2,1.2
"48197","Hardeman County, Texas","48","197",TRUE,"missing_estimate:",63333,11.0561617993028,15015,16.8,4.2,26.7,4.7,5.8,3.1,4.4,2.4,80.2,6.5,21.3,2.5,21.7,2.6,25.6,3.8,3.4,1.8,63.1,5.2,1.5,1.1,28.6,6.7,20.2,4.6,13.4,3.8,15.9,6,9.4,4.7,11.1,5.5,2.3,1.6,10.4,4.3,7.9,4.5,14.9,2.1,32,5.9,11.1,4.6,26.1,6.4,2,1.4,0.1,0.2
"48199","Hardin County, Texas","48","199",TRUE,"missing_estimate:",75808,11.2359591069585,5192,21,1.9,16,1.6,2.3,0.6,1.6,0.5,86.2,1.9,24.7,,17.7,0.2,6.8,,5.6,0.4,58.4,1.6,3.2,0.7,36.6,3.5,13.9,2.1,10.7,2.1,16.4,2.5,2.3,0.7,13.8,2.2,7.1,1.4,5.8,1.2,4.5,1.1,30,1.4,11.5,1.9,22.3,2.3,17.7,2.2,3.9,1.2,0.9,0.4
"48201","Harris County, Texas","48","201",TRUE,"missing_estimate:",74983,11.225016700159,639,34.2,0.3,11,0.2,26.8,0.2,19.9,0.2,92.1,0.2,25.9,,11.7,0.1,44,,18.6,0.1,67.4,0.2,4.5,0.1,39.4,0.4,16.5,0.3,10.7,0.2,13.6,0.3,2.2,0.1,9,0.2,14.3,0.2,6.8,0.2,12.9,0.3,29,0.2,8.4,0.2,2.5,0.1,45.3,0.4,7.1,0.2,2.4,0.1
"48203","Harrison County, Texas","48","203",TRUE,"missing_estimate:",66103,11.098969410589,3000,22.7,1.9,16.8,1.6,4.9,0.6,3.8,0.6,84.5,2.1,24,0.1,17.5,0.1,14.8,,20.3,0.5,60.3,1.4,3.4,0.8,32.9,2.5,15.9,1.8,13.6,1.8,16.2,2,3.3,0.8,10.5,1.5,8.3,1.4,5.9,1.5,6.8,1.1,22.1,1.1,11.7,1.5,18.6,1.9,23.1,2.1,6.8,1.4,0.6,0.4
"48205","Hartley County, Texas","48","205",TRUE,"missing_estimate:",75841,11.236394322496,15329,20.7,4.7,10.8,3.3,9.8,4,7.2,3,94.3,4.4,22.2,,16,1.2,31.2,,6,4.2,42.7,3.9,0.7,1.1,37.9,9.3,13.3,5.8,7.2,4.4,12.4,6.1,20.9,6.8,13.7,7.8,2.4,2.1,12.4,6,5.5,4.1,12,2.3,10,3.9,12,6.1,25.6,7.6,2.7,2.4,1.8,2.6
"48207","Haskell County, Texas","48","207",TRUE,"missing_estimate:",60653,11.0129243772874,10160,22.8,4.2,19.2,2.7,4.9,1.5,4.6,1.4,86.8,3.8,18.1,0.5,22.7,0.9,26.4,,5.9,0.7,59,4.5,2.9,1.5,32,5.4,23.4,4.6,15,4.2,13.5,4.9,10.7,3.5,3.3,1.7,8.3,3.5,12,3,7.7,4.7,15.8,1.6,31.1,4.1,13.4,2.9,26.3,6.1,3.3,1.3,0,2.3
"48209","Hays County, Texas","48","209",TRUE,"missing_estimate:",89097,11.3974809428584,2532,43.2,1.6,11.7,0.6,9.8,0.7,7.6,0.9,92.9,0.9,22.4,0.1,12.2,0.1,39.4,,3.8,0.2,68.7,0.9,3,0.4,43.9,1.5,16.1,1.3,8.2,0.8,10.8,1,0.8,0.2,7.4,0.8,13.6,1,7.1,0.8,18.1,1.1,31.3,0.9,4.6,0.6,5.7,0.7,35.9,1.4,3.9,0.6,1.5,0.5
"48211","Hemphill County, Texas","48","211",TRUE,"missing_estimate:",61563,11.0278163197089,22132,21.9,5.8,18.2,3.8,14.1,3.2,8.4,3.1,77.8,7.3,20.5,2.3,23,3.2,32.6,3.9,2.4,2.4,60.4,5,3.5,2.3,32.7,6.9,16.7,6.4,26,7.3,12.6,5.9,26.3,6.5,6,4.4,1.4,1.6,8.6,3.8,5.2,3.9,16.7,3.6,16.3,5.4,12.8,4.4,28.9,7.6,6.3,4.7,0,3.3
"48213","Henderson County, Texas","48","213",TRUE,"missing_estimate:",65179,11.0848926101444,3668,20.7,1.5,18.9,1,5.5,0.6,4.1,0.6,86,1.6,21.4,,22.5,0.1,14.8,,5.1,0.4,54,1.4,2.7,0.5,34.4,2,17.9,1.9,13,1.4,14.7,1.4,3.3,0.9,9.4,1.3,9.1,1.4,6.8,0.9,8.9,1.6,29.1,1.3,19.8,1.4,25.9,1.4,22.2,1.4,4.6,0.8,0.9,0.4
"48215","Hidalgo County, Texas","48","215",TRUE,"missing_estimate:",54338,10.902979077003,1156,20.6,0.6,13.2,0.4,26.1,0.6,29.6,0.6,88,0.6,31,0.1,11.7,0.1,91.9,,0.6,0.1,59.1,0.5,4.5,0.3,28.4,0.8,22.1,0.8,13.8,0.6,13.5,0.6,3,0.3,5.6,0.4,8.8,0.5,11.2,0.6,9.2,0.5,22.5,0.5,12.4,0.5,13.9,0.6,32.5,0.7,5.6,0.4,3.4,0.3
"48217","Hill County, Texas","48","217",TRUE,"missing_estimate:",64591,11.0758303611795,2693,18,1.5,18.4,1,6.7,0.8,5,0.7,88,1.8,23.1,,20.4,0.1,23.1,,5,0.4,56.7,1.5,2.4,0.7,29.9,2.6,17.4,1.9,14.1,1.6,19.7,1.9,5.2,1,10.9,1.3,7.4,1.4,9.3,1.5,7.2,1.5,32,1.6,16.2,2,16.3,1.6,21.8,2.4,5.2,1.3,0.7,0.3
"48219","Hockley County, Texas","48","219",TRUE,"missing_estimate:",63140,11.053109762112,4743,18.9,2.1,15.8,1.7,8,1.8,7.5,1.8,84.5,2,26.6,0.1,15.4,0.3,50.2,,2.8,0.4,62.1,1.9,2.9,0.9,36.1,3.3,16.8,2.5,16,2.6,15.3,2.3,12.2,2,4.7,1.3,4.4,1.2,6.7,1.7,5.1,1.7,23,1.8,14.3,2.7,15.6,2.6,27.8,3.4,4.2,1.3,0.6,0.5
"48221","Hood County, Texas","48","221",TRUE,"missing_estimate:",88160,11.3869086243867,6107,32.9,1.8,14.3,1,4.4,0.7,3.7,0.8,93.4,1.3,20.4,,25.6,0.1,13.8,,1.1,0.3,56.4,1.5,3.2,1.1,40.5,2.8,13.1,1.6,10.2,1.7,13.3,1.5,4.1,0.9,7.2,1.3,9.9,1.5,8.2,1.3,14.4,2.2,32.8,1.4,12.2,1.8,15.7,1.8,18.8,1.9,2.6,0.7,0.7,0.3
"48223","Hopkins County, Texas","48","223",TRUE,"missing_estimate:",70888,11.1688564457271,5106,21.9,2,14.6,1.2,9.4,0.9,6.1,0.9,90.8,1.4,24.3,0.2,18.7,0.3,18.7,,7,0.4,61.4,1.6,2.5,0.6,33,2.6,12.4,1.7,13.9,1.7,21.7,2.1,3.8,1.1,13.9,1.8,8.2,1.4,10,1.5,7.2,1.5,22.6,1.4,11.8,1.9,13.1,1.7,28.9,2.3,3.6,0.9,0.7,0.4
"48225","Houston County, Texas","48","225",TRUE,"missing_estimate:",56531,10.9425444392351,3782,14.8,2,24.2,2.1,3.4,1.2,2.9,1.2,81.7,2.8,20.3,0.2,22.2,0.4,14.5,,20.9,1.1,44.5,2.3,3,1.2,31.2,3.8,23.3,3.7,9.5,2.6,17,3.1,6.3,2.2,9.7,2.5,6.8,2.2,7.2,2,5.6,1.6,28.5,2.4,26.3,2.5,18.2,2.6,29.4,3,8.8,2.2,0.7,0.6
"48227","Howard County, Texas","48","227",TRUE,"missing_estimate:",69649,11.1512236216031,3878,15.7,1.6,17.8,1.9,9.8,1.8,11.5,2,86.4,2.1,22.6,0.1,13.4,0.2,47.7,,4.5,0.5,55.3,2.2,3,0.8,34,3.3,19.8,2.8,14.8,2.3,15.6,2.7,11.5,2.5,3.7,1.1,5.1,1.5,7.3,1.9,3,1.2,21.7,1.7,13.2,2.1,7.8,1.4,30.5,3,6.3,1.5,1.9,1
"48229","Hudspeth County, Texas","48","229",TRUE,"missing_estimate:",48600,10.7913788098886,11506,9.6,2.8,27.6,7.2,24.7,3.2,24.9,3.8,85.7,5.1,17.7,3,10.9,1.9,66.7,,1.4,0.9,48.3,6.3,3.9,2.9,13.8,7.1,31.1,15,22.3,10.5,16.4,14,7.6,4.5,0,3.7,2.5,1.9,6.2,3.6,10.3,9.7,27.9,4.7,25.7,5,46.6,8.5,26.4,9,5.2,2.9,0,5.8
"48231","Hunt County, Texas","48","231",TRUE,"missing_estimate:",71938,11.1835599159179,2536,22.6,1.5,15.5,1,8.1,0.8,6.6,0.8,88.6,1.4,24.5,,15.5,0.1,21.5,,7.8,0.4,61.7,1.2,3.6,0.5,33.7,1.7,17.5,1.7,12.4,1.3,14.9,1.5,1.5,0.5,11.5,1.2,11.1,1.2,7.1,1.1,10.1,1.2,31.3,1.2,10.6,1.2,15.7,1.4,28.7,1.8,3.7,0.8,2.1,0.7
"48233","Hutchinson County, Texas","48","233",TRUE,"missing_estimate:",67228,11.1158451063965,8462,16.8,2.5,16.2,2,6.9,1.1,4.2,1,88.5,2.6,24.9,0.1,18,0.6,24.8,,2.2,1,59,3,2.1,0.9,33.1,3.7,12.3,2.4,15.6,2.6,19.8,3.6,6,2,19.2,3,4.7,1.7,4.9,1.7,4.7,2.1,20.3,2.3,31.2,3,7.7,1.8,16.7,2.8,3.9,1.4,1.2,1.3
"48235","Irion County, Texas","48","235",TRUE,"missing_estimate:",70357,11.1613375600801,19271,28.3,8.1,12.1,3.7,5.1,2.6,2.2,1.5,81.1,10.5,23.4,4.5,21.9,4.7,27.5,5.7,0.1,0.1,61.2,7.4,0.3,0.5,34.6,11.3,14.2,8.1,13.7,7.7,14.8,6.7,20.8,7.3,4.4,4.7,6,4.5,10.6,6.9,5.8,4.6,29,7.1,23.7,6.9,14.3,7,17.2,7.7,1.2,1.9,1.4,2
"48237","Jack County, Texas","48","237",TRUE,"missing_estimate:",68079,11.1284240745377,9113,14.5,3.3,11,2,5.2,2.4,3.9,1.4,87.8,4,22.5,1.2,16.9,1.1,18.7,,2.9,1.2,48.5,2.6,4.6,1.7,27.7,4.5,18,4.4,17.5,4.4,15,4.1,15.3,4.5,6.4,2.5,6.9,2.9,13.1,4.6,7.7,3.7,29.1,3.4,21.6,3.7,15.7,3,27.8,5.5,11.6,3.7,0.8,0.9
"48239","Jackson County, Texas","48","239",TRUE,"missing_estimate:",65414,11.0884915818144,3937,16.6,3.2,16.1,2.8,5.3,2,5.5,1.9,83.5,3.4,24.6,1.3,19.8,0.5,33.4,,6.6,1.6,54.7,3.2,2.9,1.5,28.3,5.1,13.7,3.3,22.6,5.4,20.1,4.7,10.6,2.9,17.5,4.3,3.4,1.6,6.9,3.2,7.8,2.9,26.7,3,14.2,3.2,14,3.2,29.2,5.2,7,2.9,1.7,1.3
"48241","Jasper County, Texas","48","241",TRUE,"missing_estimate:",56723,10.9459350512036,6933,14,1.9,14.4,1.7,2.3,0.7,1.9,0.8,91.4,2.4,23.3,0.1,21.1,0.6,7,,15.3,0.8,53.7,2.3,7.1,1.4,34.3,2.8,20.2,2.9,13.9,2.6,12,2.1,4.7,2,9.8,2.2,7.6,2.6,5.5,1.6,4.8,2.1,27.7,2.1,17.2,2.2,28.1,2.8,21,2.3,5.2,1.6,0.8,0.5
"48243","Jeff Davis County, Texas","48","243",TRUE,"missing_estimate:",59286,10.990128469423,31477,35.9,9.9,17,10.3,8.9,6.2,6.1,6.4,87.3,9.6,18,5.7,33.9,9.1,30.1,12.2,0,2.6,49.5,11.7,0,3.2,45.4,14.6,13.2,11.3,13.2,10.4,9.9,7.9,15.5,8.2,2.2,2.8,11,6.8,5.3,4.4,14.7,13,16.2,6.2,36.9,9,16.1,6.3,12,8.3,2.5,3,4.9,5.7
"48245","Jefferson County, Texas","48","245",TRUE,"missing_estimate:",60026,11.0025330806758,1694,19.7,1,15,0.6,12.1,0.5,9,0.5,90.3,0.8,24.6,,15.5,0.1,24.1,,32.7,0.3,56.3,0.9,3.5,0.4,31.9,1.4,20.7,1.3,12.6,0.9,15.1,1,1.2,0.3,10.4,0.9,9.4,0.9,5.3,0.7,3.4,0.6,21.2,0.5,13.7,0.9,3.4,0.5,37.5,1.2,8.1,0.8,1.3,0.4
"48247","Jim Hogg County, Texas","48","247",TRUE,"missing_estimate:",42211,10.6504361295644,3821,14.8,7.2,12.8,3.9,0.9,0.7,2.6,1.3,76.3,9.2,32.3,4.2,9.6,2.5,91.4,4.5,0.3,0.4,58.1,10,3.7,3.9,20.3,5.6,13.5,7,24.9,12.1,26.9,15.4,32.3,12.7,3,3.3,5.6,3.3,8.7,4.8,3.4,3.6,21.5,6.4,31.7,7.6,8.5,4.6,43.6,9.6,7.5,6,0,3.8
"48249","Jim Wells County, Texas","48","249",TRUE,"missing_estimate:",51896,10.8569969948929,6825,16.3,2.3,16.3,1.9,4.9,1.2,9.4,1.7,75.5,3.9,27.3,0.3,16.3,0.2,79.5,,0.8,0.2,55.5,2.3,3.4,1,30.8,3.3,19.8,2.7,18.2,2.8,11.2,2.4,12.8,2.9,3.7,1.4,5.9,1.4,7.8,2,8.3,2.3,24.3,1.4,18.2,2.5,15.1,2.5,31.5,3.6,6.9,2.3,0.7,0.6
"48251","Johnson County, Texas","48","251",TRUE,"missing_estimate:",84859,11.3487463345719,2719,25.2,1.3,12.4,0.6,6.9,0.6,6.9,0.5,92,1.2,25.7,0.1,14,0.1,25.3,,5.1,0.2,64.1,1,2.3,0.3,34,1.5,15,1,10.2,0.9,21.4,1.3,1.7,0.4,11,1,7.4,0.7,8.5,0.9,7,0.7,31.7,0.7,7.5,0.9,16.4,1.1,25.3,1.6,2.6,0.6,1.9,0.6
"48253","Jones County, Texas","48","253",TRUE,"missing_estimate:",59464,10.9931263664051,8588,12,1.6,18.1,1.8,3.7,1,4,1,82.4,3.6,16.9,,16,0.8,28.6,,10,1,40.7,2.1,2.2,1,28.8,3.6,22.2,4.3,17.2,4.1,13.6,2.7,6.9,2.3,5.1,1.6,5.9,2,9.8,2.8,5.3,2,25.8,3,16.2,3,12.2,2.2,19.6,3.5,5.3,2.1,0.8,0.7
"48255","Karnes County, Texas","48","255",TRUE,"missing_estimate:",60214,11.005660162399,9628,14.3,2.8,20.6,4.4,3.7,1.5,6.4,1.4,70.6,5.2,19.4,0.4,15.2,0.7,53.4,,9.3,1.3,44.7,2.9,1.3,0.8,27.8,5.6,29.4,6.9,13.7,5.3,9.4,2.9,10.8,4.5,5.6,2.5,6,2.2,10.4,3.1,4.6,1.6,20.9,2.4,20.8,3.7,15.4,4,37.6,5.7,9.8,3.9,1.2,1.2
"48257","Kaufman County, Texas","48","257",TRUE,"missing_estimate:",89485,11.4018262924515,5546,26.5,1.6,11.1,0.8,11.4,0.9,6.8,0.7,90.7,0.9,28.8,0.1,10.7,0.1,27.4,,18.4,0.4,68.3,1.1,3.6,0.6,38.8,1.8,15.6,1.4,10.5,1.1,15.2,1.3,1.3,0.4,8.6,0.9,11.8,1.2,6.8,1,12.5,1.1,35.6,0.9,5.8,1,10.9,1,21.9,1.6,3.1,0.6,1.7,0.5
"48259","Kendall County, Texas","48","259",TRUE,"missing_estimate:",114962,11.6523569179572,8014,48.9,2.5,12.3,1.3,6.9,1.7,4.3,1.6,94.1,1.4,22.3,0.3,20.4,0.3,24.4,,0.9,0.5,59.7,1.9,2.8,1,50.5,3.6,13.5,2.3,9.5,1.8,5.9,1.6,1.5,0.7,6,1.6,15.2,2.3,7.4,1.8,21.6,3.2,28.6,2,7.7,2.1,6.8,1.6,20.5,2.7,2.7,1.2,0.6,0.8
"48261","Kenedy County, Texas","48","261",TRUE,"missing_estimate:",38882,10.5682866975806,4589,13,10,32.4,19.4,46.9,30.8,49.7,29.4,69.1,29.1,13.8,15.3,39.3,27.1,88.3,9.3,0.7,2.4,44.8,13.4,0,31.7,25,28.2,32.1,22.2,16.1,22.6,21.4,23.5,33.9,27.7,3.6,7,0,49.2,0,49.2,14.3,19.5,24.9,15.8,56.7,17,11,12,47.3,30.4,16.4,19.2,0,49.6
"48263","Kent County, Texas","48","263",TRUE,"missing_estimate:",72889,11.1966930149791,17672,26.3,8.3,27.4,10.5,0.4,0.7,3.6,4,89.9,6.9,12.1,5.8,37.3,8.3,16.1,8.9,1,2.6,45.1,9.8,3.8,2.6,30,9.1,14.8,8.6,24.1,10.4,17,9.5,7.8,5.7,0,16.8,5.6,5,6.3,4.9,7.4,5.7,14,3.4,41.1,9.1,17.2,8,20.8,12.1,4.9,5,0,14.9
"48265","Kerr County, Texas","48","265",TRUE,"missing_estimate:",69395,11.1475700977899,3840,31.3,2,16.4,1.6,7.7,1,5.3,1,91.2,1.5,18.1,0.3,29.1,0.1,26.8,,1.5,0.3,55.5,1.8,1.8,0.6,36.5,3.1,21.1,2.2,11,1.4,11.1,1.9,2.7,1,6.4,1.1,9.9,2,12.8,1.8,10.2,2,21.5,1.4,11.8,2.1,16.8,2.1,29.9,2.1,6.2,1.5,1.4,0.6
"48267","Kimble County, Texas","48","267",TRUE,"missing_estimate:",69455,11.1484343398315,13799,27.1,5.2,22.3,4.8,6.2,2.9,7.2,3.2,84.5,5.3,17,3.6,31.2,3.5,26.5,3.2,1.1,1.4,54.7,5.6,0.7,0.6,36.5,8.1,19.7,4.7,9.9,5.9,9,4.9,7,4.2,2.5,2.1,10.3,5.9,15.5,5.4,6.3,4.2,23,4.4,25.4,5.4,14.6,5.2,21.1,5.6,5.1,2.6,0,2.4
"48269","King County, Texas","48","269",TRUE,"missing_estimate:",46645,10.7503210193951,20375,38.9,19,18,11.5,0,20.9,0,22.4,100,34.4,14.7,6.5,30.8,14.8,16.6,13.4,0,20.9,55.6,18.3,0,23.9,49,26.5,0,36.7,19,14.8,0,36.7,31,13.4,0,36.7,14,17.1,5,7.4,14,16.2,12.4,5.2,41.3,13.7,27,12.1,40.5,19.9,6.3,10,0,34.4
"48271","Kinney County, Texas","48","271",TRUE,"missing_estimate:",70000,11.1562505210315,8852,11.8,5.6,25.5,8.8,19.4,7.5,15.6,5.1,70.2,13.3,7.3,4.7,26.5,7,57.5,7.8,0.1,0.2,55,8.9,0.5,0.9,19.9,10.7,32.7,14.4,20.2,13.1,16.2,8.3,4,4.1,9.5,9,0,3.1,22.7,10.6,16.4,10.2,15.5,6.9,22.3,6,23.5,9.8,16.1,8.3,5.1,5.1,0,4.2
"48273","Kleberg County, Texas","48","273",TRUE,"missing_estimate:",61292,11.0234046076981,4466,23.2,3.2,13.1,1.9,5.7,1.1,6.1,1.2,86.4,3.1,24.1,0.2,13.3,0.2,71.4,,3.6,0.4,61.1,2.7,4.6,1.3,29,3.9,23.3,3.6,13.9,3.3,12.8,3.3,4.6,1.8,7.3,2.3,9.1,2.9,5.7,2.2,6.2,2.4,20,1.9,15.4,2.6,8.3,2.2,47.5,3.5,5.9,2.1,3,1.8
"48275","Knox County, Texas","48","275",TRUE,"missing_estimate:",56667,10.9449473096999,6490,13.5,2.7,17.5,2.7,7.1,2.4,8.7,2.3,87.2,4.2,26,0.1,18.7,1.2,33.5,,3.7,1,58.5,3.4,0.7,0.7,31.7,4.8,19.8,4.9,16.1,4,12.6,3.6,15.8,3.7,1.9,1.8,1.7,1.3,14.2,3.8,4.4,1.8,16.6,3.2,30.9,4.4,4,1.6,22.6,4.2,7.5,3.2,0.3,0.5
"48277","Lamar County, Texas","48","277",TRUE,"missing_estimate:",61880,11.032952304687,4398,21.6,1.9,17.8,1.5,4.5,0.8,2.8,0.7,83.5,2,24.1,0.1,19.5,0.2,9.6,,12,0.9,60.1,1.6,2.4,0.8,36,2.7,16.8,2.1,11.7,1.8,15.7,2.2,4.4,1.4,11.3,2.2,7.8,1.6,8.4,1.8,9,2,19.4,1.4,12.3,2,7.1,1.4,33.9,3,7.1,1.5,0.6,0.4
"48279","Lamb County, Texas","48","279",TRUE,"missing_estimate:",60760,11.0146869567097,4148,14.3,2.4,14.5,1.7,13,3,13.5,3,84.7,3.1,27.2,0.2,17.1,0.6,58.3,,3.3,0.8,60.1,3.1,1.2,0.7,28.4,4,15.4,2.6,20.3,3,18.5,3.6,12.4,2.8,7.8,2.8,4.5,1.6,8.7,3.2,4,1.4,16.4,2,20.5,3,7.8,2.1,26,3.4,3.2,1.4,1.7,0.9
"48281","Lampasas County, Texas","48","281",TRUE,"missing_estimate:",81736,11.3112498202713,7326,24.3,2.2,22.3,2.1,4.9,1.2,3.3,1,92.3,2,21.3,0.4,21,0.4,20.5,,4,0.5,54.3,2.4,2.4,0.9,38,3.6,16.9,3.1,12.4,2.5,12.3,2.5,2.8,1.4,9.1,2.3,9.1,2.2,8.2,2.1,9,2,30,2.6,15,2.6,14.3,2.2,19.9,2.9,3.3,1.4,0.7,0.5
"48283","La Salle County, Texas","48","283",TRUE,"missing_estimate:",57716,10.9632897104171,17385,11.8,4.2,14.3,4.9,5.2,2.2,10,2.8,85.1,7.8,21.9,4.2,16,3.3,71.8,4.2,5.2,1.9,39.5,5.9,0.7,0.9,25.5,9.8,29.6,6.9,12.1,6.7,9.1,4.5,7.3,4.4,1.5,2,5.9,4.2,7,5.6,4.3,3.1,16.3,4.4,27.5,7.3,24.7,6.8,24,8.6,7,5,4.4,3.7
"48285","Lavaca County, Texas","48","285",TRUE,"missing_estimate:",63240,11.0546922913234,5166,22.2,2.6,14.2,1.4,4.8,1.2,3.3,1.2,81.8,2.7,23.5,0.1,24.1,0.5,20.1,,3.6,0.6,59.2,1.9,1.8,0.7,36,3.6,15.7,2.5,10.9,1.9,16.8,2.4,8.7,2,15.3,2.6,5.7,1.5,12.2,2.5,9.5,2.4,26.2,2.2,19.4,2.5,16.4,2.4,21.7,3.2,3,1.3,0.5,0.3
"48287","Lee County, Texas","48","287",TRUE,"missing_estimate:",76371,11.2433583219436,8546,20.9,3.5,15,2.3,7,1.9,7,2,84.7,3.6,21.3,0.1,19.9,0.8,26.6,,9.6,0.6,59.9,3.4,3.9,1.8,33,4.6,17.6,4.1,18.5,4.1,15.7,4,5.9,2.6,11.4,3.8,7.9,2.5,9.1,4.2,12.6,3.6,32.5,3.3,12.5,3.3,21.9,3.5,22.2,5.2,3.2,1.9,2.5,1.9
"48289","Leon County, Texas","48","289",TRUE,"missing_estimate:",61449,11.0259628414688,5115,18.6,3.3,20.4,2.5,7,1,4.9,0.8,82.4,4.4,22.7,0.1,24.6,0.6,16.7,,7.2,0.4,51.4,2.8,2.1,1.1,28.9,4.5,17.7,3.8,19,3.5,12.6,2.6,14.3,3.5,9.7,2.7,8.4,3.4,12.1,3.3,5.9,2.2,29.3,3,25.7,3.7,36.5,4.1,23.4,3.3,3,1.2,0.8,0.6
"48291","Liberty County, Texas","48","291",TRUE,"missing_estimate:",68703,11.1375481453793,4468,11.9,1.7,14.1,1.2,15.6,1.5,14.7,1.6,90.1,1.6,29.9,0.1,11.5,0.1,39.6,,7.5,0.5,54.9,1.6,3.9,0.8,26.6,2.3,16.2,1.8,19.1,1.9,18.9,1.9,3.5,1.1,12.5,1.9,9.1,1.5,9,1.8,6.8,1.6,39.9,1.8,13.7,2.1,33.3,2.2,17.7,2.1,5.1,1.2,2.7,1.1
"48293","Limestone County, Texas","48","293",TRUE,"missing_estimate:",60573,11.0116045282185,2038,18.5,2.4,18.7,1.6,9.5,0.9,6.5,1.1,81.4,2.9,22.4,0.2,20.9,0.4,23.5,,16.9,0.3,49.5,2.3,1.8,0.6,29.6,3.6,20.9,2.6,14.4,2.9,18.1,3.1,5.6,1.7,9.8,2.2,7.1,2,8.2,2.3,6.7,2.2,28.9,2.7,19.7,2.7,18.6,2.5,27.9,2.6,3.5,1.2,2.2,1.3
"48295","Lipscomb County, Texas","48","295",TRUE,"missing_estimate:",72560,11.192169084789,7053,22.4,4,12.1,2.9,15.1,3.6,12.8,3.1,86.7,4.2,30.8,2.7,18.6,3.5,38.6,4.2,0,0.2,58.7,3.3,3.8,1.9,40.1,4.7,12.3,3.9,13.4,3.9,20.5,5.3,19.6,4.7,6.5,3.7,6.9,3.2,8.3,2.6,2.1,1.3,19.9,2.6,28.4,3.9,9.8,3,17.6,4.9,2.1,1.3,2.2,1.7
"48297","Live Oak County, Texas","48","297",TRUE,"missing_estimate:",57150,10.953434669223,13763,15.9,2.6,19,3,8.7,2.3,8.6,2.1,76.8,5.3,19.4,0.7,20.4,0.4,42.3,,1.9,0.5,43,3,2.5,1.3,32.7,5.7,14.8,3.8,17.4,4.7,11.5,3.4,8,2.7,3,1.6,8.9,3.1,8.5,3.7,8.5,3.1,27.2,4.4,27.3,3.6,23.7,4.4,28.7,4.2,9.4,4.1,1.8,1.6
"48299","Llano County, Texas","48","299",TRUE,"missing_estimate:",67530,11.1203272225689,7397,32.4,2.5,19.9,2.1,4.9,1.2,4,1.2,88.5,2.5,15.4,0.1,37,0.3,13.4,,0.3,0.2,48.7,1.9,2.1,0.6,37.7,4,13.8,2.2,11.4,2.6,11.2,2.5,3.1,1.3,5.5,1.9,15.4,3.4,12.9,2.7,15,3,27.4,2.1,31.8,2.7,11.7,2.1,23.5,2.9,4.2,1.3,0.7,0.5
"48301","Loving County, Texas","48","301",FALSE,"missing_estimate:mean_commute_minutes",51250,10.8444708970007,617,0,66.1,72.7,31.3,6.1,9.6,6.1,9.6,92.6,13.6,0,64,81.8,22.1,0,64,0,64,78.8,21.5,0,64,76.9,33.4,0,72.1,0,72.1,7.7,13.4,0,72.1,0,72.1,7.7,13.4,0,72.1,0,72.1,,,18.2,23.1,18.2,22,88.9,18.7,7.4,13.6,0,70.8
"48303","Lubbock County, Texas","48","303",TRUE,"missing_estimate:",64155,11.0690573093291,1951,33.4,0.9,13.6,0.5,6.1,0.4,4.6,0.3,89.2,0.8,23.5,0.1,13.3,0.1,36.2,,6.7,0.3,65.9,0.9,3.2,0.3,41.5,0.9,16.9,0.8,8.7,0.6,11.2,0.7,2.1,0.3,5.3,0.5,8.8,0.7,6.7,0.6,7.3,0.6,17.1,0.5,9.4,0.7,4.7,0.4,44.5,1,5.8,0.7,0.8,0.2
"48305","Lynn County, Texas","48","305",TRUE,"missing_estimate:",73679,11.207473098633,7427,26.8,3.2,12.2,2,4,1.3,4.6,1.4,89,2.9,27.8,,15.9,0.1,41.2,,1.7,1,61.1,3.3,2.3,1.1,41.8,4.8,15.3,3.4,14,3.9,9,3,14.6,3.3,5.5,2.8,4.5,1.8,10.7,2.9,7.9,2.4,22.2,1.3,16.7,3.7,5.7,2.3,23,4.6,3.7,2.1,1.7,1.8
"48307","McCulloch County, Texas","48","307",TRUE,"missing_estimate:",54043,10.897535304967,13471,23.9,3.8,20.3,4,4.2,1.7,4.9,1.9,91.9,3.1,21.9,0.4,23.7,0.8,30.5,,0.9,0.2,58,3.6,5.2,2.3,35.3,6,24.9,6,13.1,5.1,12.7,4.4,6.3,3.1,6.9,2.7,15.4,4.3,16.2,4.1,16.4,5.7,20.8,3,21.9,4.8,7.1,2.2,33.4,6.2,4.3,2.7,0.6,0.9
"48309","McLennan County, Texas","48","309",TRUE,"missing_estimate:",66643,11.1071052938346,1952,28.7,1.2,13.5,0.7,8.6,0.6,10.5,0.8,89.6,0.9,24,0.1,15.3,0.1,27,,13.5,0.3,63,0.9,2.8,0.3,36.5,1.3,16.8,0.9,9.9,0.8,15.5,1,1,0.2,10.4,0.9,8.6,0.6,5.6,0.6,9.8,0.7,21.2,0.6,10.2,0.9,5.2,0.5,38.2,1.1,5.3,0.7,0.9,0.3
"48311","McMullen County, Texas","48","311",TRUE,"missing_estimate:",43875,10.6890999607682,13683,20.1,11.4,15,10.2,4.1,5.9,3.5,4.6,81.2,12.3,39.9,13.3,17.3,9.8,62.1,15.2,0,6.9,52.7,13.6,0,10.8,29.9,17.1,33.3,15.6,10.4,8.3,5.2,6.8,23.8,16,5.2,6,5.2,6.9,17.3,17.4,13.9,11.6,19.5,4.7,40.5,12.5,30.7,12.5,21.7,13.5,3.4,5.6,2.4,4.7
"48313","Madison County, Texas","48","313",TRUE,"missing_estimate:",74596,11.2198421654513,7602,18.4,3.2,13.9,2.9,9.3,2.2,6.3,1.7,88.3,3.4,22.3,0.4,15.5,0.7,26.2,,15.3,1.7,51.5,4.3,3.7,2.3,32.7,4.7,20.7,6.4,11.1,4,15,6,10.6,4.1,6.1,3.7,8.6,3.1,7,2.5,11.3,4.4,28.9,4.6,17.3,4.9,21,4.2,24.7,7.2,3.7,2.2,1.3,1.3
"48315","Marion County, Texas","48","315",TRUE,"missing_estimate:",49672,10.8131966730447,3965,15.6,3,22,3.3,2.3,1.2,0.8,0.7,73.9,4.9,16.9,0.9,26.9,1.1,4.8,,21.9,0.7,49.9,3.3,4.3,2,24.8,4.9,20.9,4.3,12.3,3.6,21.2,3.5,5.8,2.8,10.6,3.3,4.5,2.1,7.4,3,3.8,2.8,33.9,3.2,25.2,4,27.4,3.9,21.5,4.6,8.1,3,0.2,0.4
"48317","Martin County, Texas","48","317",TRUE,"missing_estimate:",93734,11.4482162626008,17711,20.9,4.6,12.1,2.8,9.3,3.3,12,2.7,83.2,4.9,29.9,2.2,10.9,2.1,47.7,2.6,2.8,1.8,64.5,5.3,3.5,2.8,33.6,6.9,15.8,4.4,13.9,5.2,20.7,5.6,21.1,5.1,4.9,2.9,3.7,3,7.4,3.2,0.3,0.5,22.4,3.1,7.6,2.8,23.5,4.6,21.9,6.5,0,2.5,0.5,0.7
"48319","Mason County, Texas","48","319",TRUE,"missing_estimate:",74180,11.2142498510436,6905,38.8,9.1,24.9,5.4,4.6,3.2,5.4,1.6,88.2,4.8,19.2,2.9,35.2,4.2,18.9,5.1,0.1,0.1,45.8,4.7,1.4,1.3,46.8,9.2,9.3,5.7,16.5,6.5,3.7,2.7,13.6,6.6,2.1,2.3,11.9,5.6,6.5,3.7,10.1,5.7,30.7,8.9,29.6,4.5,14.8,5.9,20.3,6.4,3.3,2.6,0,2.9
"48321","Matagorda County, Texas","48","321",TRUE,"missing_estimate:",58628,10.9789676771472,4363,22.2,2.5,17.5,2.4,11.8,1.8,9,1.8,86,2.6,25.6,0.1,18.2,0.3,43.7,,9.7,0.7,60.8,2.5,5.3,1.3,30.4,3.7,16.5,3,17.6,2.8,17.8,3,7.2,2.2,13.6,3,6.6,1.6,4.5,1.7,6.1,2,24,1.8,19,2.3,12.1,2.1,31.9,3.1,6,2.1,0.5,0.5
"48323","Maverick County, Texas","48","323",TRUE,"missing_estimate:",49568,10.8111007432166,4673,14.3,1.8,12.7,1.1,30.4,2.3,37.1,2.5,81.4,2.9,30.8,0.6,12,0.2,94.8,,0.2,0.2,58.1,2.3,4.4,0.9,24.3,2.4,25.8,3,15,2.5,16.7,2.6,7.7,2,5,1.7,4.5,1.4,6.8,1.6,5.4,1.8,21.8,2.2,11.6,1.9,11.1,2.3,29.5,3,6.6,1.6,3.7,1.4
"48325","Medina County, Texas","48","325",TRUE,"missing_estimate:",78074,11.265412373872,4066,23.1,2,17.9,1.5,6.5,1.3,8.3,1.3,88.9,2,22.4,0.2,17.7,0.3,51.5,,2.9,0.5,53.9,1.8,1.6,0.6,39.3,3.1,15.8,2.1,10.9,1.8,12.9,2.2,3.5,1,6.2,1.7,10.1,1.9,9,2.3,12.6,2.4,31.6,1.7,10.5,2,24.8,2.8,16.2,2.4,3.5,1.2,1.2,0.6
"48327","Menard County, Texas","48","327",TRUE,"missing_estimate:",53043,10.8788581843462,18990,24,9,27.4,7.8,4.6,2.7,5.3,3.3,77.4,9.7,21.3,7.4,33.4,8.4,25.7,7.1,0.4,0.8,54.2,8,5.8,5.7,30.9,11.5,19.9,10,10.1,6.6,4.5,4.5,9.7,6.8,0,6.4,4.2,4.8,9.6,7.3,8.3,7.4,18.9,6.4,31.9,6.9,13.3,6.9,19.3,8.7,1.1,1.2,0,5.2
"48329","Midland County, Texas","48","329",TRUE,"missing_estimate:",92874,11.4389990148019,5211,31,1.7,11.1,0.9,12.8,1,11.4,1.2,91.8,1.2,29.1,0.1,10.7,0.1,46,,6.4,0.5,70,1.1,2.3,0.6,40,1.9,12.6,1.1,13.2,1.4,13.3,1.3,17.8,1.4,6,0.9,8.1,1.1,6.2,0.8,5.3,0.9,21.7,0.7,7,1,9.3,1.1,32.4,1.6,4.4,0.9,1.5,0.5
"48331","Milam County, Texas","48","331",TRUE,"missing_estimate:",66141,11.0995441058651,6831,20.6,2.2,15.9,1.5,6.2,1.4,6.6,1.4,83.9,2.8,22.6,0.2,21.9,0.4,26,,8.1,0.7,58.2,2.7,2.9,0.9,34.2,3.5,17.4,3.4,19.8,2.9,12.1,2.4,7.9,1.8,6.7,2,5.7,1.6,9.6,2.1,9.8,1.9,31.6,2.9,12.8,2.6,16.8,2.8,23.1,2.9,5.5,1.8,2.2,1.2
"48333","Mills County, Texas","48","333",TRUE,"missing_estimate:",67620,11.1216590762619,10934,27.9,3.9,16.1,2.3,4.7,2.1,1.2,0.8,90,2.8,20.6,2.6,25.9,3.9,21,4.4,0.7,0.6,56.5,5.1,1.8,0.9,37.5,4.6,17.7,4.6,16.9,4.1,9.8,2.7,7,2.3,6,3.5,3.3,1.6,11.7,2.9,6.7,2.3,25,3.5,30.7,4.2,14.4,3.5,19.7,4.9,2.2,1.4,0.7,0.7
"48335","Mitchell County, Texas","48","335",TRUE,"missing_estimate:",60550,11.0112247489812,10400,11.5,3.2,16.1,3.1,3.8,1.9,4.9,2.3,84,4.4,20.5,1.4,14.6,0.4,38.8,,8.2,1.7,53.4,2.8,2.8,1.7,21.8,5,19.6,6.1,18.5,5.6,16.5,5.4,13,5.5,5.9,3.5,5.9,3.6,9.3,3.9,4.2,2.5,22.7,2.8,25.3,5.3,12.8,3.5,21.3,5.4,3,2,0.2,0.3
"48337","Montague County, Texas","48","337",TRUE,"missing_estimate:",64545,11.0751179339408,5667,18.9,2.4,18.6,2.2,3.2,0.9,2.4,0.9,80.9,3.1,22.8,0.2,21.8,0.3,12.3,,0.1,0.1,52.5,2,3.7,1.2,32.1,3.6,17.8,3.2,17.4,2.5,11.8,2.2,9,2,10.1,2.3,6.7,2.2,11.6,2.2,8.5,2,33.8,2.6,17.5,2.4,15.3,2.5,20.1,2.8,5.6,2,0.4,0.4
"48339","Montgomery County, Texas","48","339",TRUE,"missing_estimate:",97701,11.489667073393,2366,38.8,1,10.5,0.4,15.2,0.6,8.4,0.5,94.8,0.5,25.9,,13.7,0.1,27.9,,6.1,0.2,64.7,0.5,2.9,0.3,44,1,14.1,0.8,10,0.6,10.9,0.7,4,0.5,8.8,0.6,14,0.6,7.4,0.6,15.9,0.8,31.8,0.6,6.9,0.6,11.5,0.7,28.2,0.9,3.4,0.4,1.1,0.2
"48341","Moore County, Texas","48","341",TRUE,"missing_estimate:",61762,11.031043567594,4676,12.3,2.7,10.6,1.9,30.1,3,28,3.2,84,3.8,31.1,0.9,11.2,0.3,61,,4.8,0.5,65.4,3,2.2,0.9,26.4,3.4,14,3.1,15.8,3.3,27.5,3.3,9.4,2.6,28.9,5.1,3.6,2.2,5.8,1.6,1.5,0.9,17.4,1.5,13.5,3.3,11.8,2.5,37.5,3.7,6.7,2.8,1.1,1
"48343","Morris County, Texas","48","343",TRUE,"missing_estimate:",58645,10.9792575989556,3609,16,3.1,21.9,3,6.1,1.8,3.7,1.1,87.3,3.4,23,0.1,21.9,0.5,11.2,,22.3,0.6,54.7,2.9,3.9,1.3,34.2,6.2,14.7,4.7,8.9,2.3,20.7,3.8,1.7,1.2,16.6,3.9,5,1.8,6.7,2.2,5.1,2,25.2,2,15.9,3.7,13.2,3.5,26.1,4.4,4.9,1.7,1.7,1.4
"48345","Motley County, Texas","48","345",TRUE,"missing_estimate:",61154,11.021150551895,11948,19.3,5.9,22.3,6.1,1.4,1.7,2.5,3.2,79.8,7.5,12.4,4.7,29.6,6,10.1,4.3,5.3,3.9,59.5,7.6,0.6,0.9,25.3,8.5,18,6.5,22.8,8.2,8.4,3.5,20.4,7.6,3.2,3.1,4.9,2.7,17.4,6.8,13.8,6.3,16.9,3.8,37.3,7,9.1,5.2,23.5,9.5,2.6,2.9,0,10.3
"48347","Nacogdoches County, Texas","48","347",TRUE,"missing_estimate:",53555,10.8884644421987,3013,28.2,2,15.6,1.4,8,0.8,6.3,0.9,87.4,1.7,23.3,,15.7,0.1,21.6,,16.5,0.5,61.5,1.5,4.3,0.8,33.1,2.4,19.6,1.9,11.6,1.6,15.2,2,3.4,1,11,1.7,6.2,1.3,7.4,1.3,7.1,1.4,20.1,1.1,13.2,1.6,19.8,1.7,40.7,2.4,6.1,1.3,1.9,0.7
"48349","Navarro County, Texas","48","349",TRUE,"missing_estimate:",63111,11.0526503598021,4150,18.2,1.8,16.6,1.2,12.9,1,9.1,1.3,85.2,2,26.7,,16.7,0.1,32.1,,9.1,1.1,60.3,1.4,2.7,0.7,29.3,2.6,18.9,2.2,12.7,1.6,20.6,3.1,2.4,0.8,15.1,2,5.6,1.1,9,2,9.1,1.3,27.1,1.7,14.2,1.9,18.6,2.2,30.6,2.4,4.5,1,1.4,0.5
"48351","Newton County, Texas","48","351",TRUE,"missing_estimate:",42618,10.6600319782259,5785,6.8,2,17.2,2.3,1.4,0.8,0.7,0.6,91.1,2.8,19.2,0.5,23.5,1.1,3.6,,17.3,2.3,50.7,3.4,4.2,1.8,25.8,5,20,4.9,13.3,3.4,20.3,4.7,5.6,2.3,12.9,3.4,8.8,2.2,6.9,2.5,7.1,2.8,37.7,3.8,25.4,3.7,35.2,4.5,17.1,4,6.9,2.7,1.5,1.3
"48353","Nolan County, Texas","48","353",TRUE,"missing_estimate:",50747,10.8346077818563,3546,16,2.5,19.7,2.2,4.5,1.3,6.4,2.5,82.9,3.1,25.4,,19.5,0.5,37.4,,2.7,1,59.1,2.8,3.5,1.4,26.1,3.4,22.7,3.9,14.3,3.6,19.9,4.3,4.7,1.8,14.2,3,4.6,1.7,7.4,2,3.6,1.5,18.3,2,17.1,3,6.5,1.7,31.9,4.1,8.5,2.6,1.5,1
"48355","Nueces County, Texas","48","355",TRUE,"missing_estimate:",66897,11.1109094020615,1922,23.8,0.8,14.2,0.5,8.4,0.5,7,0.4,88.8,0.8,23.7,0.1,16.1,0.1,62.5,,3.5,0.1,61.2,0.7,3.1,0.4,34.3,1.2,19.7,1,12.7,0.9,11.7,0.8,1.7,0.3,6.5,0.7,9.7,0.7,6.7,0.6,5.4,0.6,21.7,0.7,15.1,0.8,3.9,0.4,40.3,1,6.9,0.6,1.5,0.4
"48357","Ochiltree County, Texas","48","357",TRUE,"missing_estimate:",70183,11.158861395445,9262,20.7,4.3,16.1,2.8,27.7,3.9,19.4,3.1,89.5,2.9,30.2,,11.7,0.9,56.8,,0,0.1,68.5,3.7,0.2,0.3,25.5,4.6,15.6,4.4,23.5,4.9,12.6,4.8,28.5,4.6,3.3,1.4,7.4,3.1,7.1,2.5,3.3,2.5,19.9,4.1,15.3,4.9,16.3,3.8,27.3,6.1,5.3,3.5,1.8,1.6
"48359","Oldham County, Texas","48","359",TRUE,"missing_estimate:",79900,11.2885311317544,7717,21.4,5.2,9.9,2.7,7.9,5.3,8.1,4.7,91.7,3.8,38.6,4.3,11.7,2.4,27.8,7.6,8.7,5.7,52.7,6.2,0.9,1.2,39.6,7.3,15.8,5.4,11.9,3.6,15.6,5.1,13.9,5,10.5,5.2,6.3,3.2,11.3,5.7,7.2,4.3,28,4.1,20.9,5.3,14.4,4.2,26.4,6.5,1.3,1.5,0.2,0.5
"48361","Orange County, Texas","48","361",TRUE,"missing_estimate:",72104,11.1858648002362,2537,17.7,1.6,16.4,1.1,3.2,0.5,2.8,0.5,90.6,1.2,25.4,,16.1,0.1,9.6,,7.6,0.6,60.9,1.3,3.7,0.6,34.3,2.4,14.2,1.6,14.5,1.6,17.8,1.4,1.5,0.5,18,1.6,8.7,1.1,6.7,1.2,3.9,0.9,25.1,1.1,14.5,1.4,16.6,1.6,24.8,2.1,4.7,1.1,1.5,0.7
"48363","Palo Pinto County, Texas","48","363",TRUE,"missing_estimate:",67674,11.122457337868,3848,17.8,2.2,17.4,1.5,5.1,1,3.7,0.7,89.8,2,23.2,0.2,20.5,0.4,20.6,,2.3,0.4,55.9,2.1,3.4,1,27.6,2.5,18.7,2.5,14.2,2.2,18.3,2.6,7.2,1.6,11.8,2.2,8,1.9,12,2.8,8,2,28.7,2.3,26.1,1.7,16.2,2.2,29,2.7,4.1,1.3,1.2,0.7
"48365","Panola County, Texas","48","365",TRUE,"missing_estimate:",64894,11.0805104484955,8447,17,2.5,16.8,2.1,4,1.1,2.3,0.5,85,2.5,23.1,0.1,20.3,0.3,10.4,,11.2,1.3,55.1,2.2,1.4,0.8,25.8,3.4,14.4,2.5,16,2.5,24,3.6,9.6,2.3,11.1,2.8,7.6,2,6.8,2.7,7.1,2.1,28.2,2.9,18,2.6,24.5,3.2,20.1,3,5.2,1.6,1,0.8
"48367","Parker County, Texas","48","367",TRUE,"missing_estimate:",104443,11.5563967470271,3349,32.3,1.3,13.7,0.9,4.7,0.5,3.1,0.5,94.6,0.7,24.7,0.1,16,0.1,14.7,,1.3,0.2,65.7,1,2.6,0.4,42,1.4,14.2,1.3,9.8,1,12.7,1.2,3.1,0.9,11.7,1.1,10.9,1.1,8.3,0.9,13.3,1,31.9,1,5.7,1.1,12.8,1.2,19.3,1.4,3.1,0.7,1.1,0.4
"48369","Parmer County, Texas","48","369",TRUE,"missing_estimate:",69735,11.1524576227928,9395,16.9,2.8,12.1,2.6,24.7,3.9,22,4.8,91.4,4.1,27.7,0.5,15.6,0.8,66.7,,0.3,0.3,63,3.1,1.7,1,28.2,4.6,13.5,3.2,21.7,4.5,23.1,4.8,15,3.8,17.9,6,4.7,2,7.5,2.3,2.6,1.3,16.8,1.9,13.7,3.8,10.4,3.3,27.9,4.3,2.3,2.1,2.4,1.7
"48371","Pecos County, Texas","48","371",TRUE,"missing_estimate:",72750,11.1947841850337,12336,14.1,2.6,10.4,2.3,13.9,2.8,8.4,2.3,85.1,4,23.9,0.1,13.7,0.7,71.3,,3.4,1,53.9,3.1,1.4,0.9,28.3,5.1,17.3,3.9,18.7,4.7,14.8,4.3,15.9,3.9,2.6,1.5,6.2,3.1,9.3,3.3,4.6,2.4,19.8,3.2,11.2,2.9,19.9,4,28,4.8,7.1,2.8,1.3,1.5
"48373","Polk County, Texas","48","373",TRUE,"missing_estimate:",62259,11.0390583821898,3861,16.2,1.9,22.7,1.5,4.5,0.8,3.7,0.7,88.2,1.7,20.3,0.1,19.1,0.2,15.3,,7.7,0.7,48.9,1.8,3.9,0.9,31.7,3.2,17.3,2.6,15.8,2.9,14.8,2.4,4,1.4,7.6,1.8,9.5,2.2,5.8,1.4,7.4,1.6,29.8,2,26.3,2.2,24.2,2.4,21.9,2.2,3.8,1.1,2.6,1.1
"48375","Potter County, Texas","48","375",TRUE,"missing_estimate:",53249,10.8827343040526,2372,18.6,1.3,15,0.9,14.5,1,10.6,0.9,86.3,1.5,26.7,0.1,14.3,0.1,39.3,,10.2,0.4,58.9,1.4,2.2,0.4,27.8,1.7,21.6,1.8,13,1.3,18.7,1.7,1,0.3,12.2,1.2,7.7,1.2,7.6,1,6,0.9,21,0.8,13.8,1.3,7.7,0.9,42.7,2,7.7,1.1,1.3,0.5
"48377","Presidio County, Texas","48","377",TRUE,"missing_estimate:",43802,10.6874347574225,8138,28,7.4,16.7,5.3,30.6,5.8,35,9.1,80.4,8.3,25.6,3.2,19.5,3.2,79.5,2.5,0,0.8,57.4,5.9,3.8,3.6,41.6,10.7,13.3,8.1,17.7,10.8,12.6,6.6,4.6,5.3,3.5,3.3,7.3,4.5,19.5,8.7,7.6,4.6,9.1,2.6,26.1,4.4,22.5,6,22.7,8.1,5.7,4.9,0,2
"48379","Rains County, Texas","48","379",TRUE,"missing_estimate:",65413,11.0884762944502,5361,20.9,3.6,18.8,2.6,2.4,1.1,1.8,0.9,91.7,2,19.2,0.3,24.7,0.6,10.3,,2.5,0.5,52.6,2.9,1.7,0.9,33.6,4.7,18.9,4,13.1,3.5,15.6,3.9,7.3,4.5,12.3,3.1,9.8,3.5,7.3,2.4,9.4,2.8,35.6,3.8,18,4.4,21.3,3.8,17.4,3.3,2,1.2,1.2,1.2
"48381","Randall County, Texas","48","381",TRUE,"missing_estimate:",83864,11.3369517181324,2804,33.7,1.4,12.3,0.7,5.2,0.6,2.9,0.4,91.6,1,23.8,,15.9,0.1,24.6,,3.1,0.4,67,1,1.9,0.4,39.2,1.4,17.5,1.1,8.9,1.1,12.4,1,1.9,0.4,8.3,1,9.2,0.9,7.4,0.7,7.5,0.8,19.9,0.7,7.9,1,7,0.8,32.1,1.6,3.3,0.7,0.7,0.3
"48383","Reagan County, Texas","48","383",TRUE,"missing_estimate:",57813,10.964968942866,16497,13.6,4.7,10.9,3.8,11.9,4.2,17.7,5.4,79.7,8.6,33.6,2.9,10.3,2.1,68.7,5.2,5.4,2.6,62.4,6.5,3.1,2.3,29.9,7.9,11.2,4.5,22.1,8.1,16.3,7.1,27.5,8.2,2.9,3.1,2.6,1.9,5.4,4.6,5.2,4.6,18.6,4,22.7,7,18,7.3,30,10.2,1.9,2.3,0,4.7
"48385","Real County, Texas","48","385",TRUE,"missing_estimate:",39605,10.5867106518984,34535,21.1,8.3,35,7.9,3.5,2.6,2.9,2.5,78.4,11,24.1,5.3,37.9,6.9,18.9,7.2,0.7,1,32.5,8.1,0,2.2,22.6,12.3,41.2,18.7,5.7,5.6,10.6,8.7,1.7,3,0,6.7,3,3.5,19.3,14.6,24.4,13.1,24.1,14.5,42.2,5.3,35.5,8.2,21.9,11.1,4.4,4.4,1.8,3.2
"48387","Red River County, Texas","48","387",TRUE,"missing_estimate:",48491,10.7891334926956,3389,15.4,2.5,19.1,2.7,2.9,0.9,2,0.5,77.3,4.5,20.3,0.2,25.8,0.7,7.5,,16.3,0.3,49.7,2.8,1,0.9,31,4.3,13.5,3.8,16,4.1,18.8,4.4,4.3,1.6,15.5,3.6,6.7,2.6,5.2,1.8,10.6,3.7,30.7,2.9,19.6,2.9,15.5,2.6,28.5,4.9,2.6,1.1,0.7,0.4
"48389","Reeves County, Texas","48","389",TRUE,"missing_estimate:",64297,11.0712682528387,10908,7.4,2.1,10.6,2.2,19.3,3.7,18.1,3.9,75.2,5.1,25.9,,12.6,0.4,85.3,,1.7,1.1,56.7,4.7,1.3,1.1,18.6,5.1,19.2,5.3,23.7,5.4,19.7,6,19.5,4.9,5.6,3.1,1.9,1.5,8.8,4.2,3,2.2,18,2.9,18.3,3.7,12.2,3.8,26.3,6.1,6.1,3,5.7,3.6
"48391","Refugio County, Texas","48","391",TRUE,"missing_estimate:",60181,11.0051119668622,5864,14,2.8,20.5,2.6,3,1.5,4.2,1.5,84.9,3.2,21.7,0.8,22.5,0.5,50.4,,6.2,1.4,52.6,3.6,2.4,1.3,27.7,5.6,18.6,4.8,18.2,4.7,13.3,4,14.1,4.1,8.3,3.1,3.4,1.9,5.9,3.3,2.4,1.8,24.4,3.6,25.7,4,12,3.3,23,4.6,10.4,3.6,0.6,0.9
"48393","Roberts County, Texas","48","393",TRUE,"missing_estimate:",67868,11.1253199211628,8541,20.5,6.6,11.4,5.2,0,5.8,0,6.1,80.8,8.8,27.2,5.4,17.8,5.2,6.6,4.2,0.4,0.6,63.8,7.6,0.3,0.7,32.2,10.2,8.2,4.7,15.7,8.6,17.5,6.3,17.3,7.2,10.1,5.6,4.1,3.2,9,4.4,1.8,2,19,2.1,17.8,7.2,9.9,4.7,14.9,8.3,3.4,3.7,0,14.3
"48395","Robertson County, Texas","48","395",TRUE,"missing_estimate:",72236,11.1876938155722,7168,22,2.9,19.9,2.3,4.7,1.6,3.5,1.3,84.1,3,24,0.3,20.8,0.5,22.2,,17.2,1.3,57.2,3,4.5,1.6,34.6,4.6,18.4,3.5,12.6,2.8,16.6,3.7,7.1,2,3.6,1.7,8.7,2.4,8,2.1,5.8,1.8,24.8,2,22.2,2.8,18.6,2.8,27.6,3.3,8.9,2.8,1.3,0.9
"48397","Rockwall County, Texas","48","397",TRUE,"missing_estimate:",127981,11.7596370943838,4257,44.5,1.9,9.1,0.7,8.9,0.8,4.3,0.5,96.8,0.7,26.5,,12.6,0.1,20.8,,9.1,0.3,69.9,1.1,3,0.6,50.2,2,11.7,1.1,6.7,0.9,9,1.2,0.7,0.3,9.2,1.3,15.1,1.7,5.7,0.7,18.6,1.4,33.8,0.8,5.4,1,3.2,0.7,17.5,1.7,2.1,0.6,0.5,0.4
"48399","Runnels County, Texas","48","399",TRUE,"missing_estimate:",62632,11.0450316085878,4391,19.1,3.5,15.8,2.2,3.8,1.3,4.1,1.3,88.2,2.4,23.5,0.6,21.4,0.9,34.9,,2.9,0.5,61.7,2.5,3,1.2,29.2,4.5,15.7,3.4,19.7,3.6,19.2,3.7,12.9,3,13.1,3.2,5.4,2.2,11.4,2.7,5.2,1.8,24.9,2.1,23.7,3.9,6.9,1.9,25,4.2,3.2,1.5,0.8,0.8
"48401","Rusk County, Texas","48","401",TRUE,"missing_estimate:",68658,11.1368929375458,4537,17.5,1.6,15.6,1.3,6.3,0.7,4.3,0.7,79.6,2.5,22.6,,17.5,0.1,19.1,,13.2,0.8,52.9,1.5,2.4,0.6,31.2,2.6,16.3,1.9,13.8,1.9,17.9,2.2,5.8,1.1,11,1.9,7.3,1.5,6.8,1.4,5.1,1.1,26.6,1.7,15.4,1.8,18.9,1.8,21.2,2.5,4.5,1.1,1.4,0.6
"48403","Sabine County, Texas","48","403",TRUE,"missing_estimate:",66585,11.1062346059362,7963,14.3,3.4,26.2,3.3,0.6,0.5,0.2,0.2,86,3.8,17.8,0.2,30.5,0.9,1.6,1.4,6.8,2.2,46.5,3,2.2,1.2,33.6,6.5,14.7,5.6,14.7,5.1,15.7,5.3,9.8,4.5,6.4,3.3,7.4,3.4,8.8,4.3,7,3.6,29.5,4.3,39.6,4.4,35.2,5.3,14.3,3.8,2.7,1.2,0.3,0.5
"48405","San Augustine County, Texas","48","405",TRUE,"missing_estimate:",50408,10.8279051716219,7814,13.8,3,22.4,3.9,5.8,1.5,3.9,1.5,81.2,4.7,20,,26.8,1.7,8.3,,21.4,2,49.5,3.8,4.7,2.2,28,6.8,19.7,4.1,16.8,4.8,15.7,5.1,7.8,3.1,9.4,3.6,9.5,4.5,7.9,3.6,12,6,31.9,4.4,38.9,4.8,34.5,5.6,24.9,5.8,8,3.8,2.1,1.5
"48407","San Jacinto County, Texas","48","407",TRUE,"missing_estimate:",65364,11.0877269271717,6756,16.2,2.6,23.6,2.4,8.9,1.5,8,1.6,85.2,3.8,21.5,0.1,21.6,0.4,19.2,,8.7,0.6,52.3,2.3,3.5,0.9,29.8,4.3,18.5,3.2,14.9,2.4,20.2,3.6,2.8,1.2,7.3,2.2,10.1,2.3,10.5,3.2,7.6,2.2,40.6,2.7,27.5,2.9,22.8,2.9,15.4,2.3,4.2,1.5,1.8,0.9
"48409","San Patricio County, Texas","48","409",TRUE,"missing_estimate:",69704,11.1520129839111,4048,17.5,1.3,18.6,1.4,7.7,1.4,7,1,84.2,1.8,25.7,0.2,15.4,0.1,56.5,,1.5,0.3,59,1.7,2.6,0.6,30.5,2.5,21.6,2.1,13.3,1.9,16.2,1.8,6.3,1.3,10.8,1.7,7.4,1.3,6.3,1.2,6.8,1.1,23,1,16.8,1.8,9.2,1.5,33.1,2.4,6.4,1.4,1.5,0.8
"48411","San Saba County, Texas","48","411",TRUE,"missing_estimate:",55819,10.9298695922039,7549,24,4.7,15.7,2.6,8.1,1.8,9.5,2.5,90.1,3.5,19.1,0.5,22.5,1.1,30.7,,2.5,1.6,51.5,3,1.6,1,32.2,7.1,17.2,6,15.8,6.1,16.2,5.5,12.3,5,7.6,4.8,5,2.7,16.2,4.3,8.2,3.9,25.1,3.3,26.3,4.3,10.5,3.1,28.3,5.7,2,1.4,2.5,1.9
"48413","Schleicher County, Texas","48","413",TRUE,"missing_estimate:",86694,11.3701399562217,15077,18.4,5,10,3.2,9.1,3.1,8.9,4.6,71.6,8.2,23,,22.9,3.3,53.2,,0.5,0.8,55.7,5.1,3,2.5,31.1,7.2,7.7,4.1,26.7,7.6,16.3,6.7,24.1,8.3,0.4,1,6.4,4.6,7,5.3,11.2,5.9,31.6,7.8,25.1,7.8,9.2,4.2,15.7,7,4.1,2.8,0.4,0.7
"48415","Scurry County, Texas","48","415",TRUE,"missing_estimate:",60039,11.0027496300457,7010,13,2.8,13.6,2.5,6.1,1.8,9.1,3.1,84.4,4.5,25.2,0.5,15.6,0.3,43.3,,3.3,0.9,53.5,2.4,1.3,1.1,29.7,4.6,18.4,3.7,15.9,5,14.8,3.3,16.5,3.9,9,3.3,3.6,2.1,7.6,3,4.3,2.1,20.3,3.3,14.6,2.5,5.2,2.4,23.2,4.2,5.7,2.9,1.3,1.5
"48417","Shackelford County, Texas","48","417",TRUE,"missing_estimate:",73047,11.1988583485737,13485,34.1,5.8,16.2,2.9,0.9,0.9,0.5,0.8,87.1,5,20.7,2.1,20.1,0.6,12.9,,0.9,0.7,67,3.9,5,3.5,38.6,6.2,11.1,4.2,15.3,5.1,10.9,3.6,20.2,5.2,4.8,2.7,7.3,3,10.9,3.9,9.7,4,23.5,3.9,17.9,4.6,12.3,4,21.3,5.9,2.9,2.1,1.7,1.3
"48419","Shelby County, Texas","48","419",TRUE,"missing_estimate:",49776,10.8152882191374,6129,15.1,2.4,16.4,1.5,7.4,1.1,5.9,1.1,82.2,3.6,26,,18.5,0.6,19.9,,15.1,1.7,56.7,2.5,2.3,1,26.5,4,16,2.7,14.5,2.3,20.4,3.1,10,2.6,12.7,3,5.4,1.8,6.9,1.5,4.1,1.4,25.2,2.5,19.1,2.8,32.3,3.3,26,3.7,6.7,2.2,2.2,1.6
"48421","Sherman County, Texas","48","421",TRUE,"missing_estimate:",61250,11.022719128407,21618,30.2,7,16.8,4,24,7.2,21.9,5.9,96.6,2.6,17.4,3.9,18.4,3.3,46.6,6.8,0.1,0.3,60.8,6.9,1.2,1.6,32.8,7.4,5.6,3.1,25.3,7.8,19.9,10.1,33.4,8.1,9.7,9.4,1.7,1.6,17.7,5.2,4.4,2.1,18.5,3.9,25.7,6,5.8,2.8,23.7,7.3,0,5.8,0,5.8
"48423","Smith County, Texas","48","423",TRUE,"missing_estimate:",74192,11.2144116066312,2224,28.6,1,13.5,0.7,8.8,0.6,7.8,0.6,90.6,0.9,24.2,,17.4,,20.9,,16.3,0.3,61.8,1,2.7,0.4,37,1.4,18.1,1.1,8.8,0.9,15.8,1.3,2.8,0.5,9.5,1.1,9.3,0.8,7.9,0.9,9.2,0.9,23.1,0.6,16.6,1.2,10.7,0.9,31.2,1.3,4.7,0.6,1.4,0.3
"48425","Somervell County, Texas","48","425",TRUE,"missing_estimate:",79825,11.287592017583,23833,29.3,4.1,12.5,2.4,8.3,1.8,4.9,1.9,91,4,21.5,0.2,20.1,0.9,18.2,,1.3,0.7,63.3,3,2,1.4,33.4,5.1,13.1,4.2,17.1,4.8,16.2,3.9,4.5,2.4,9.3,3.7,8.7,2.7,10.5,4.8,11.3,4.2,28.2,5.3,7.6,3.7,22.5,4.9,20,5.8,2.4,2,2.5,2.4
"48427","Starr County, Texas","48","427",TRUE,"missing_estimate:",37639,10.535796025865,4431,13.6,1.8,16.8,1.2,27.2,1.6,37.5,2.2,78.6,2.6,32.5,,11.4,0.1,97.2,,0.4,0.5,56.8,1.8,5.9,1.2,24.6,2.6,30.2,2.6,15.4,1.7,15.3,2.1,4.3,1.2,3.9,1.5,5.3,1.3,10.3,1.8,9.3,2.4,22.6,1.7,17.2,2,9.9,1.6,30.5,2.9,10.4,2.2,2.9,1
"48429","Stephens County, Texas","48","429",TRUE,"missing_estimate:",58008,10.9683362110514,10198,17.2,3.6,18.8,3,8.6,2.6,8.1,2.5,86,5.2,20.8,0.7,20.4,0.9,25.1,,3,1.3,54.7,3.6,3,1.5,31.3,5.6,17.1,4.5,19.4,4.3,17.6,4.8,11.9,4,10,3.8,5.6,2.4,9.7,3.6,3.7,2,28.3,5.5,22.5,5,18,4.3,20.8,5,8.4,4.2,0.5,0.8
"48431","Sterling County, Texas","48","431",TRUE,"missing_estimate:",64954,11.0814346060377,18855,24.5,8.1,12.8,6,11.9,5.2,5.8,3.2,91,5.3,34.7,5.5,15.7,5.1,35.7,10.3,0.1,0.8,55.9,7,1.2,1.3,33,12.5,8.9,4.6,10.9,5.2,17.2,7.1,27.2,9.2,1.8,2.1,11.9,7.4,15,7.4,7.1,5.9,24.4,5.3,23.9,6.8,18.9,6.7,22.3,9.8,0,11.8,0,11.8
"48433","Stonewall County, Texas","48","433",TRUE,"missing_estimate:",56875,10.9486111562533,23710,16.9,5.9,15.2,5.8,0.9,1.2,1.9,2.4,94.7,4.6,25.1,5.8,28,6.5,20,8.9,0.4,2.5,60.9,8,2.2,2.6,25.2,7.9,15.7,7.5,8.5,5.9,25.4,10.4,27.6,11.1,2.1,2.5,0.9,1.3,7.6,3.3,1.8,1.5,15.3,4.1,35.1,6.3,11,5.2,15.4,6.9,4.7,4.1,1,1.3
"48435","Sutton County, Texas","48","435",TRUE,"missing_estimate:",78906,11.27601254957,19411,18.3,5.9,12.2,3.9,9.1,3.3,12.6,4.8,84.7,9,23.5,5.2,19.3,5.5,63.4,9.6,0.1,0.9,64.6,7,1.2,1.4,28.5,8.1,12.5,5.7,19.6,8.1,9.8,5.3,22.1,10.7,0.9,0.9,3,2.9,8.4,6.9,7.9,5.7,24.8,8.2,27.9,7.1,16.3,6.7,24,9.1,3.8,3.1,3.1,4.6
"48437","Swisher County, Texas","48","437",TRUE,"missing_estimate:",36165,10.4958470792834,14512,15.5,3.3,14.9,2.8,4.4,2,4.2,2.3,73.1,6.1,23.9,,16.2,1.3,46.3,,7.7,1.5,52.5,3.2,2.3,1.7,34.7,6.7,18.8,6.5,16.5,4.6,12,4.8,11.1,3.4,8.3,4,1.8,1.2,11,4.6,2.8,1.4,20.7,2.8,21.3,5.1,5.2,2.4,33.6,5.7,6.1,3.1,0.5,1.1
"48439","Tarrant County, Texas","48","439",TRUE,"missing_estimate:",84207,11.3410333321668,832,34.8,0.4,10.5,0.2,17.2,0.3,11.2,0.3,93.2,0.3,25.4,,12.3,0.1,30.3,,17.3,0.2,68.8,0.3,3.2,0.2,40,0.5,14.9,0.4,8.6,0.3,15.3,0.4,0.7,0.1,10.2,0.3,11.5,0.3,6.2,0.2,14.8,0.4,26.8,0.2,7.2,0.3,1.8,0.2,40.7,0.4,4.6,0.2,1.3,0.1
"48441","Taylor County, Texas","48","441",TRUE,"missing_estimate:",67139,11.1145203761723,3057,29.3,1.5,14.8,0.9,6.7,0.8,3.4,0.5,92.1,0.8,24.5,0.2,15,0.1,25.1,,7.7,0.4,64.7,1.2,1.6,0.3,36.7,1.8,19.9,1.2,10.4,1.2,11.7,1.1,1.6,0.4,5.8,0.8,7.7,0.8,5.6,0.7,8.1,1.1,17.1,0.7,11.7,1.1,4.8,0.7,39.5,1.2,3.8,0.7,0.8,0.4
"48443","Terrell County, Texas","48","443",TRUE,"missing_estimate:",44886,10.7118812211005,18616,26.9,11.3,25.3,9.5,0.8,1.3,4.4,2.8,81.8,8.7,17.2,11.1,38,12.1,40.1,12.6,0,5.8,40.2,12.9,0,7,42.4,14.4,2.9,4.4,20.5,12.4,20.5,13.5,25.2,18.5,0,16.4,14.4,10.9,27,12.7,8.6,8.9,11.5,4.3,29.4,9.2,11,6.2,10.6,7.4,5.3,4.7,0,10.5
"48445","Terry County, Texas","48","445",TRUE,"missing_estimate:",44100,10.6942150614349,2716,9.8,2.5,15.4,2.7,10.1,2.3,10.9,2.5,89,3.7,27.7,0.4,16.2,1.1,56.9,,2.9,1.1,56.3,3.6,2.5,1.2,24.7,5.6,22.9,6.6,24.5,5.4,13.2,3.3,23.2,5.9,5.6,2,5.3,2.3,7.3,2.5,3.6,2.1,21.8,3,10.3,3.6,9,3.2,33.5,5.9,5.2,2.3,6.4,3.7
"48447","Throckmorton County, Texas","48","447",TRUE,"missing_estimate:",59216,10.9889470546259,5647,22.4,5.9,17.3,4.9,3.5,1.8,3,1.7,90.9,4.2,21.2,3.9,26.5,3.5,10.3,4.8,0,3,60.6,6,5,4,40.8,6.2,17.6,5.3,18.4,5.5,9.3,4,14.5,4.8,6.8,4.9,5,3.3,22.8,7.6,7.4,3.3,17.7,3.8,25.6,4.7,11.2,4.3,32,7,1.8,1.2,0,6.6
"48449","Titus County, Texas","48","449",TRUE,"missing_estimate:",58425,10.9754991594071,4968,16.3,1.7,15.1,1.4,18.4,1.2,14.6,1.3,85.2,2.2,28.2,0.1,15.2,0.1,45,,10.2,0.6,61.1,2.1,1.9,0.6,26.1,2.2,17.8,2.7,11.2,1.9,27.6,2.6,2.2,0.8,23.3,2.6,6.7,1.6,7.4,2,5.2,1.3,20.3,1.6,8.2,1.6,14,2.2,29.4,2.6,4.8,1.2,2.8,0.9
"48451","Tom Green County, Texas","48","451",TRUE,"missing_estimate:",68370,11.1326894109078,2936,25.5,1.5,15.5,1,6,0.7,5.6,0.7,87.5,1.2,23.7,,17,0.1,40.6,,3.6,0.3,63.9,1.1,2.2,0.4,35.1,1.7,18.9,1.4,10.4,1.2,13.4,1.3,4.8,0.9,6.1,1,8.8,1.2,7.3,1.1,8.9,1.1,20.2,1.2,10.6,1.2,5.1,0.7,34.9,1.9,5,0.9,0.8,0.3
"48453","Travis County, Texas","48","453",TRUE,"missing_estimate:",99611,11.5090278792415,1578,56.6,0.6,9.6,0.3,18.1,0.5,10.2,0.4,94.3,0.4,20.2,,11,0.1,32.6,,7.8,0.2,73.3,0.4,3.3,0.2,56.8,0.7,11.9,0.5,5.9,0.3,7.4,0.4,0.5,0.1,8.1,0.3,21.9,0.6,7.1,0.3,30.2,0.7,25.2,0.3,5.6,0.3,2.8,0.2,47.9,0.6,5.9,0.4,1.6,0.2
"48455","Trinity County, Texas","48","455",TRUE,"missing_estimate:",52018,10.8593450915123,4911,16.8,2.8,24.4,2.7,3.4,1.1,2.2,0.9,85.2,3.4,19.4,0.1,27.2,0.7,11.2,,7.9,0.8,48.5,3.8,3.2,1.2,35,4.5,17.5,3.3,15.3,3.3,12.8,3.2,4.8,1.9,7.4,2.2,6.4,2.1,7.3,2.8,8,2.8,38.6,4,27,3.2,37.6,3.6,20.6,3.8,9.7,2.9,1.5,0.9
"48457","Tyler County, Texas","48","457",TRUE,"missing_estimate:",55396,10.9222626679626,6988,12.4,2.3,26,2.6,2.1,0.7,2.3,0.8,85.2,2.7,19.2,0.2,22.4,0.5,8.4,,10.7,0.6,43.2,2.1,3.1,1,31.7,4.8,16.1,3.4,15.9,4.5,15.3,3.5,6.2,1.9,6.4,1.9,9.2,2.8,7.2,2.1,8.6,3.4,34.1,3.2,24.9,2.9,20.3,2.5,18.8,3.1,5.1,1.7,1.6,1
"48459","Upshur County, Texas","48","459",TRUE,"missing_estimate:",66208,11.1005565805453,4679,18.2,2.1,20,1.7,3.9,0.9,2.4,0.8,87.8,1.8,23.8,0.1,18.5,0.3,10.4,,7.2,0.6,56.6,1.6,3.3,0.9,34.1,3.2,13.8,1.8,14.3,2.1,16.1,2,4.7,1.4,8.7,1.6,11.1,2.2,8.3,1.7,7.8,1.8,30.2,2.3,11.1,1.6,19.4,2.5,19.3,2.2,3.8,1.2,0.7,0.4
"48461","Upton County, Texas","48","461",TRUE,"missing_estimate:",49167,10.8029779457319,22121,8.7,4,11,2.7,9.5,3.7,2.8,2.1,75.1,8.1,23.5,2.9,19.1,3.1,54.7,5.3,1.2,1.1,51.2,5.8,1.8,1.1,33.9,8.2,10.7,5.7,22,7,19,7.3,31,7.7,0.2,0.5,0.4,1.1,4.8,3.9,6.2,4.6,30.5,6.4,19.2,4.3,15.6,5.5,22.8,7.5,2.8,2.6,0,3.6
"48463","Uvalde County, Texas","48","463",TRUE,"missing_estimate:",53801,10.8930473333377,6171,19.8,2.9,18.6,2.8,10.9,2.6,12.9,2.9,84.6,4.4,26.5,0.4,16.5,0.2,70.9,,0.3,0.3,56.4,2.5,2.4,0.8,34.2,4.8,22.9,3.8,17,4.1,9.5,3.2,6.6,2.4,6.7,2.6,7.1,3.1,9.2,3.2,4.9,2.5,19.7,2.6,16.6,3.4,14.4,3.7,29.4,4.2,5.6,2.7,1,1.1
"48465","Val Verde County, Texas","48","465",TRUE,"missing_estimate:",66100,11.0989240258398,5286,22.5,2.3,16,1.6,19.9,1.9,21.6,2.2,85.7,2.2,27.8,0.1,13.9,0.2,81.2,,1.2,0.2,60.6,1.8,3.4,1,28.9,2.5,23.7,2.9,14.3,2.1,12.7,2.2,5.4,1.4,6.6,1.5,7.4,2.1,5.6,1.3,5.8,1.9,19.1,2,10.2,2.1,7.5,1.7,30.9,2.8,5.9,1.3,3,1.5
"48467","Van Zandt County, Texas","48","467",TRUE,"missing_estimate:",69475,11.1487222546107,3694,19.8,1.9,14.7,1.1,4.1,0.6,3.5,0.7,85.2,1.9,23,,20.4,0.2,13.4,,2.3,0.5,56.9,1.5,2,0.6,31.5,2.7,17.6,1.7,15,2,14.5,2,5.1,1.5,11,1.9,8.2,1.6,11.3,1.9,12.1,1.8,36.8,1.8,12.4,2.1,20,2.3,18.5,2,3.2,0.9,0.9,0.5
"48469","Victoria County, Texas","48","469",TRUE,"missing_estimate:",70896,11.1689692934393,2738,19.9,1.4,16.1,1.1,7.1,1.2,5.3,0.8,82.1,2,25.1,,17.1,0.1,48.1,,5.5,0.4,61.7,1.2,2.7,0.5,34,1.9,17.3,1.9,12.3,1.9,15.4,1.8,3.9,0.8,12,1.2,7.4,1.2,8.9,1.4,6.8,1.4,21.9,1,11.7,1.4,10.6,1.2,34.7,1.6,6.2,1.3,0.8,0.4
"48471","Walker County, Texas","48","471",TRUE,"missing_estimate:",52324,10.8652104358081,4014,21.6,2.1,14.4,1.5,7.6,1.1,4.8,0.9,85.6,2.5,14.5,0.1,13.9,0.1,21.8,,19.6,1,47,1.8,4.2,0.8,31,3.4,24.4,3.5,9.4,2,14.7,2.5,1.7,0.9,6.9,1.8,6.3,1.7,6.8,1.6,7.5,1.7,25.9,1.7,14.4,2.2,17.3,2.2,43.5,3.1,8.1,1.9,1.3,0.7
"48473","Waller County, Texas","48","473",TRUE,"missing_estimate:",80397,11.2947321410381,5053,27.9,2.1,10.7,1.3,14.7,1.6,10.8,1.4,89.8,2.1,23.7,0.1,11.6,0.1,33.5,,23.4,0.9,61.4,2,4.2,1.1,34.9,2.9,19.6,3,11.6,1.5,13.3,1.9,2.8,1,11.6,2.6,11.4,1.8,7.9,1.8,11.1,1.9,32.2,1.5,9.8,1.6,19.4,2.6,28,3.5,2.9,1.3,1.8,0.9
"48475","Ward County, Texas","48","475",TRUE,"missing_estimate:",65952,11.0966824836902,17987,12.4,2.3,13.6,2,9.5,2.8,11.5,3.6,88.8,3.4,29.2,0.9,13.5,0.8,56.2,,5,1.1,65.3,3.3,1.9,1.3,26.5,5.7,20.9,4.3,11.8,4.2,21.5,4.3,15.1,4.2,7.5,3,8.8,4.5,6,2.8,1.3,0.9,21.8,2.2,15,3.1,18.5,3.7,21.5,3.9,6.5,2.3,1.3,1.1
"48477","Washington County, Texas","48","477",TRUE,"missing_estimate:",77825,11.2622179953098,5635,30.7,2.6,14.5,1.7,7.2,1.5,4.5,1.4,85,2.6,21.2,0.2,23.1,0.3,18.5,,14.2,0.9,58.6,1.7,1.7,0.7,38.5,3.7,17.5,3,10.4,2.3,13.7,2.2,4,1.6,10.6,2,7.4,1.6,7.7,1.6,8.3,2.2,23.1,1.7,12.2,2.1,9.9,2.2,30.2,2.7,6.8,1.9,1.1,0.9
"48479","Webb County, Texas","48","479",TRUE,"missing_estimate:",63058,11.0518102167699,2420,21.4,1.3,13.5,0.6,25.3,0.9,39.4,1.2,86.8,0.8,31.3,0.1,10.3,0.1,95,,0.4,0.1,63.1,0.8,3.5,0.4,27.1,1.5,22.3,1.1,9.4,1,17.1,1.3,2.9,0.7,2.8,0.5,9.2,0.9,6.1,0.7,5.8,0.7,22.1,0.7,7.7,0.8,8.1,0.8,35.3,1.3,6.6,0.6,3,0.5
"48481","Wharton County, Texas","48","481",TRUE,"missing_estimate:",66924,11.1113129261776,3866,20.7,2.4,14.4,1.4,8.5,1.3,8.9,1.3,81.8,2.6,25.4,0.1,18.2,0.1,42,,10.9,0.8,60.9,2.1,3,0.9,30.2,2.7,17.4,2.4,15.5,2.4,18.1,2.8,8.1,1.7,13.7,2.8,6.2,1.7,8.9,1.7,5.2,1.4,25.7,1.9,10.3,2,10.3,1.9,27.7,2.9,7.2,2,1.2,0.8
"48483","Wheeler County, Texas","48","483",TRUE,"missing_estimate:",60167,11.0048793082378,10942,17,4.1,17,3.6,9.3,1.9,7.2,2.1,89.3,3.2,24.2,0.2,20.7,1.1,25.4,,1.4,0.8,61.3,3.8,2.9,1.5,32.1,5.8,21.8,4.9,23.7,5.7,7.1,2.7,23.2,4.1,2.6,1.8,4.3,2.2,14.2,3.2,4.6,2.3,23.4,4.1,26,3.7,10.1,3,23.8,5,6,3.3,1.6,1.4
"48485","Wichita County, Texas","48","485",TRUE,"missing_estimate:",63524,11.0591730662305,2811,25.1,1,16,0.8,6.7,0.6,4.1,0.4,88.7,1,22.8,0.1,15.4,0.1,20.7,,10.2,0.4,63,1.2,2.1,0.4,34.1,1.4,20.5,1.2,9.8,1.1,14.9,1.2,2.5,0.6,7.5,0.9,7.5,0.9,7,0.9,6.4,0.8,15,0.5,12.1,1.1,3.8,0.7,38.6,1.7,7.1,0.9,1.1,0.4
"48487","Wilbarger County, Texas","48","487",TRUE,"missing_estimate:",54102,10.898626432728,9748,17.2,3.5,22.9,3.3,5.9,1.8,4.8,2,83.8,4.3,21.5,1.1,19.8,0.9,30.2,,5.8,1.3,59,3.4,5.5,2.5,28.3,5.2,24.5,4.8,6.9,2.8,19.2,4.3,8.2,4.3,13.3,3.6,7.1,3.4,5.7,2.4,4.1,2.5,14,1.8,18.3,4.8,4.4,2,32.8,5.9,5.2,2.7,0.5,0.5
"48489","Willacy County, Texas","48","489",TRUE,"missing_estimate:",54180,10.9000671156391,8228,14,2.2,12.9,2,10.4,2.2,13.4,1.8,81.9,4,23.6,,14.7,0.4,87.3,,1.5,0.8,55.4,2.7,4.2,1.6,26,4.3,26,5.4,16,4.1,14.7,4.8,6.6,3,8.6,4.7,5.5,2.2,10.3,2.9,10.1,3.1,19.7,2.4,17.3,2.6,13.4,3,25.3,4.8,5.7,2.4,1.1,1.2
"48491","Williamson County, Texas","48","491",TRUE,"missing_estimate:",111340,11.6203438617375,1581,48.4,0.7,10.6,0.4,16.2,0.5,7.8,0.4,95.8,0.4,24.1,0.1,12.9,0.1,24.7,,6.7,0.2,70.7,0.5,2.7,0.2,52.9,0.9,12.1,0.5,6.4,0.4,8.1,0.5,0.6,0.1,8.9,0.4,18.7,0.5,5.6,0.4,25.4,0.7,27.9,0.4,3.9,0.4,1.9,0.2,33.6,0.7,3,0.3,1,0.2
"48493","Wilson County, Texas","48","493",TRUE,"missing_estimate:",94565,11.4570427077226,5242,25.9,2.2,15.3,1.2,4.6,0.9,6.1,0.9,88.1,2,23.5,0.2,17.1,0.2,39.9,,2,0.2,60.4,1.6,2.1,0.5,36.4,2.9,13.9,1.6,12.5,1.8,14.1,1.8,4.4,1.1,7,1.8,10.1,1.5,6.7,1.4,14.7,2.1,34.5,1.5,6.6,1.5,26.3,2.4,15.3,1.5,3.2,1,1.2,0.5
"48495","Winkler County, Texas","48","495",TRUE,"missing_estimate:",86900,11.3725133112535,18475,10.6,3,11.4,2.6,15.3,3.8,14,3.6,87.6,4.1,29.2,1,12.5,0.3,62.5,,3.9,0.8,65.4,3.8,2.4,1.5,17.2,4.1,12.9,3.6,23.1,5.3,24.9,6,20.1,5.2,6.4,2.7,5,2.6,4.1,2.5,0.7,0.7,28.6,4.6,14.4,4.2,10.5,3.5,14,4.8,3.1,2.2,3.8,4.4
"48497","Wise County, Texas","48","497",TRUE,"missing_estimate:",93421,11.4448714383448,4689,22.2,1.6,15.3,1.3,8,0.6,6,0.7,90.2,1.4,24.5,,15.5,0.1,21.1,,1.6,0.3,64.2,1.4,3.4,0.6,34.7,2,14,1.1,11.4,1.1,16,1.7,5.5,1.1,8,1.1,10,1.3,6.9,1.1,12,1.4,34.3,2.5,8.7,1.6,22,1.7,18.6,1.6,2.6,0.9,1.9,0.7
"48499","Wood County, Texas","48","499",TRUE,"missing_estimate:",60300,11.0070873827153,4634,21.5,2.4,22,1.6,4.1,0.9,3.2,0.8,88.3,1.8,18.6,0.1,27.6,0.2,11.6,,3.7,0.4,47.4,1.7,3,0.8,33.5,3.1,14.9,2.1,16.4,2.4,15.7,2.6,6.6,1.4,8.9,1.8,8.6,1.7,9.3,1.7,10.6,2.3,29.7,2.2,16.6,2.1,15.7,1.9,19.9,2.6,5.1,1.4,0.8,0.5
"48501","Yoakum County, Texas","48","501",TRUE,"missing_estimate:",84925,11.3495237930288,12867,20.1,6.1,13.6,3.8,22.1,5.2,21.8,4.6,96.2,2.4,32.8,0.6,12.8,1.4,65.6,,0.1,0.4,60.2,7.3,4.1,2.9,36.7,7.8,7.7,4.2,24.5,9.1,9.7,4.7,28.8,9.5,1.9,2.4,5.9,5,7.5,5.2,2.9,2.3,26,6.9,13.7,5.5,14.9,6.9,33.2,6.9,3.7,3.3,0.5,0.9
"48503","Young County, Texas","48","503",TRUE,"missing_estimate:",68010,11.1274100321697,9174,24,3.2,18,2.3,7.6,1.6,6.7,2,90.6,2.2,23,0.3,21.2,0.8,20.5,,0.6,0.5,63.1,2.8,2.2,1.1,31.8,4.9,16.6,3.8,12.4,2.7,20,4,10.9,3,14.6,3.3,6.2,2.4,8.9,2.5,3.8,1.6,16.9,2,10.6,2.3,7.4,2,25.9,3.1,6.8,2.3,0.6,0.6
"48505","Zapata County, Texas","48","505",TRUE,"missing_estimate:",39239,10.5774264291548,4265,15.2,3.6,15.3,2.5,23.4,3.6,29.5,3.1,79.4,4.2,31.6,,14.1,0.3,93.9,,0.1,0.2,52.8,3.2,3.9,2,23.8,5.3,28.2,6.5,19,6.2,12.2,4,5.7,2.6,7.6,3.8,3.5,2.2,9.4,2.8,8.8,3.6,23.6,4.2,27,4.4,29.9,4.4,28,5.7,8.8,3,2.3,1.4
"48507","Zavala County, Texas","48","507",TRUE,"missing_estimate:",36749,10.5118662933864,5834,11.1,6.3,19,3.9,7.7,2.3,14.1,3.3,83.3,7.3,29.3,,15.7,0.3,92.6,,0.8,1,55.3,4.3,2.2,1.3,24.7,8.6,17.8,7.5,20.7,9.3,14.7,5.9,8.9,4.6,2.3,2.9,2.5,2.9,15.4,6.4,6.4,3.5,20.4,3.3,17.1,5,22.5,5.9,31,7,8,4.1,3,2.5
"49001","Beaver County, Utah","49","001",TRUE,"missing_estimate:",79360,11.2817497419588,6486,23.5,5.2,18.3,3.4,6.7,2.5,6.3,3.4,86.4,5.6,29.4,,15.3,0.7,15,,0.3,0.4,56.4,3.6,0.9,0.7,33.3,6.1,16.9,5.8,17,4.6,14.1,4.1,7.3,2.5,10.1,3.8,4.7,3.6,12.7,6.1,9.3,4.5,16.7,3,15.2,3.5,7,3.5,19,6.2,2.9,2.6,1.5,2.4
"49003","Box Elder County, Utah","49","003",TRUE,"missing_estimate:",84550,11.3450983543267,4300,26.7,1.5,11.1,0.9,3.5,0.4,2.9,0.6,93.6,1.3,30.5,0.1,13,0.1,10.2,,0.3,0.1,65.5,1.4,2.1,0.6,35,1.9,13.9,1.3,12.5,1.6,21.3,2,3.6,1,21.6,1.9,7.1,0.9,5.5,1.1,11.5,1.4,22.3,1,5.8,1.3,3.3,1.1,24,1.8,4,1.1,0.5,0.3
"49005","Cache County, Utah","49","005",TRUE,"missing_estimate:",81665,11.3103807924872,2001,42.2,1.4,8.9,0.5,6.3,0.5,3.6,0.4,93,0.7,29.2,,10,0.1,11.7,,0.8,0.1,70.7,0.8,1.8,0.3,40.8,1.3,14.6,1.1,7.4,0.7,16.1,1.2,1.7,0.4,17.4,1,12.9,1,4.6,0.6,14,0.9,17.7,0.6,4.8,0.9,1.9,0.4,36.3,1.3,3.1,0.6,0.6,0.3
"49007","Carbon County, Utah","49","007",TRUE,"missing_estimate:",58377,10.9746772556263,3587,18.8,2.3,19.2,1.9,1.9,0.5,0.7,0.3,85.1,3.3,25.2,0.1,19.4,0.4,13.3,,0.6,0.2,56.7,2.7,3.3,0.9,31.4,3.5,13.6,2.1,13.4,2.3,16.1,2.7,5.4,1.3,8.1,1.6,6.6,1.8,3.5,1.1,6.3,1.6,19.5,1.7,16,2.4,10.5,1.9,32.1,3.1,4.4,1.3,0.3,0.4
"49009","Daggett County, Utah","49","009",TRUE,"missing_estimate:",66000,11.0974100210086,21709,17.6,5.6,16,4.2,0.9,2.8,0.9,3,92,5.5,21.1,4.8,21.1,4.2,2.8,3,0,4.7,50.8,5.1,3.3,2.4,24.4,8.6,27.1,8,14.2,5.9,11.9,4.6,10.5,6.9,6.4,3.6,8.8,4.1,18,7.8,5.1,2.8,20.9,4.5,75.2,3.7,38.5,5.6,17.7,6.9,0,12.2,0.7,0.9
"49011","Davis County, Utah","49","011",TRUE,"missing_estimate:",110884,11.6162398888091,2880,39.3,0.8,9.8,0.5,5.8,0.4,2.9,0.3,94.2,0.7,30.1,,11,0.1,11.7,,1.1,0.1,70.6,0.6,1.9,0.2,45.8,0.9,13.3,0.7,7.3,0.6,11.6,0.6,0.6,0.1,10.2,0.6,12.4,0.7,4.6,0.4,18.1,0.8,22.9,0.5,4.1,0.5,2.6,0.4,22.7,1,2.6,0.3,0.8,0.3
"49013","Duchesne County, Utah","49","013",TRUE,"missing_estimate:",78445,11.2701530212671,3803,18.5,1.8,15.2,1.2,3.4,0.5,1.7,0.5,91.7,1.4,32.2,0.1,13,0.2,7.5,,0.1,0.2,61.1,1.8,2.6,0.7,32.7,2.2,12.7,1.9,16.1,1.8,20,1.9,15.6,2.1,5.5,1.3,6,1.3,7.1,1.7,7.3,1.4,21.1,1.8,23.8,1.6,20,1.7,21.1,2.4,3.3,1,0.8,0.5
"49015","Emery County, Utah","49","015",TRUE,"missing_estimate:",74291,11.2157450928171,6567,18.3,3.3,18.5,1.8,1.2,0.6,1,0.5,88.9,2.9,27.9,,18.6,0.6,7.5,,0.1,0.1,58.8,2.8,2.1,1,31.5,3.8,14.2,2.9,19.6,2.9,15.4,2.5,10.5,2.6,4.6,1.4,4.6,1.7,3.6,1.4,7.1,2.2,20.7,2.4,16.2,2.8,13.8,2.5,19.9,3.2,3.2,1.7,0.4,0.4
"49017","Garfield County, Utah","49","017",TRUE,"missing_estimate:",61875,11.032871499871,6916,28.3,5.7,12.9,2.8,1.5,1,1.2,0.8,78.4,5.8,21.5,1.1,22.4,0.1,7.3,,0.1,0.1,60.1,3,2.5,1.2,41.9,6.4,27.6,6.2,10.9,3.4,7.2,4.8,7,2.9,2.7,3.4,8.5,3,6.7,2.6,10,3.3,13.5,2.6,43.6,3.9,8,2.4,29.7,5,1,0.8,0.5,1.1
"49019","Grand County, Utah","49","019",TRUE,"missing_estimate:",67106,11.1140287377401,10532,37.5,4.4,14.2,2.9,8.7,2.8,3.7,1.7,87.1,4.4,19.3,0.9,20.1,1.3,13,,0,0.4,67.7,3.5,1.1,1.2,41.6,6.2,19,4.5,9.7,3.5,6.5,2.6,3,2.2,6.8,2.6,10.7,3.3,7.9,3,9,2.9,14.7,2.4,16,3.7,15.1,5,29.7,5.7,5.5,3.6,0.3,0.5
"49021","Iron County, Utah","49","021",TRUE,"missing_estimate:",66247,11.1011454598043,4058,31.6,2.1,13.2,1.1,4.3,0.7,2.2,0.5,91.5,1.5,27.1,0.1,13.8,0.2,10.5,,0.7,0.1,64.2,1.6,2.5,0.6,34.5,1.8,18.3,1.7,12.3,1.4,15.1,1.5,3.6,1,9.9,1.4,8.7,1.2,4.8,1.2,11.4,1.8,16.9,1.1,14.4,1.8,5.5,1.4,31.7,2.2,3.4,0.9,1,0.6
"49023","Juab County, Utah","49","023",TRUE,"missing_estimate:",101786,11.5306278490832,8313,20,3.8,12.8,2.3,2.1,1.3,0.3,0.3,89,4,33.5,0.3,12.4,0.7,5.5,,0.7,0.5,69.5,3.7,1.5,0.7,39.3,4.3,14.9,3.6,13.4,3.7,17.5,3.4,4.9,2.3,14,2.9,7.7,2.2,6.1,2,10.4,2.3,23.9,2.7,5.3,2,2.1,1.2,16.2,4.6,3.4,1.9,0.6,0.5
"49025","Kane County, Utah","49","025",TRUE,"missing_estimate:",77092,11.2527547928189,11572,28.8,5.1,16.7,3.4,2.5,1.6,1.2,1,90.4,3.4,20.8,0.8,24.7,1.5,5,,0.2,0.5,55.9,3.4,2,1.5,28.4,6,20.4,5.1,13,3.8,7.6,3.5,3.5,2.2,4.9,3.4,5.3,3.3,4.7,1.7,19.5,7.1,15.5,2.8,46.2,4.3,9.4,2.7,19.6,5.2,2.9,1.9,0,1.1
"49027","Millard County, Utah","49","027",TRUE,"missing_estimate:",73639,11.2069300556785,4219,24.3,2.5,15.3,2.1,7.9,1.2,4.4,1.5,88.4,2.7,30.8,0.3,17.1,0.4,13.6,,0.1,0.1,63.4,2.4,3.5,1.5,27.2,3.4,17.6,3.3,13.2,2.5,21.4,3.4,11.3,2.4,9.4,2.2,7.2,2,8.3,2.3,7.7,2,17.5,1.5,13.6,2.9,6.2,1.6,18.2,3.6,2,1.2,0.7,0.9
"49029","Morgan County, Utah","49","029",TRUE,"missing_estimate:",130929,11.7824104705236,7500,38.4,3.8,7,1.3,1.8,0.9,0.3,0.3,94.3,1.9,33.1,0.3,12.4,0.1,2.9,,0.1,0.1,66.8,2.4,1.5,0.9,49.8,4.1,11.1,2,10.4,2.6,8.7,2.3,2.5,1.4,11.2,3.7,9.8,2.2,7.5,2.6,13.7,3.4,25.3,2.6,4,2.3,0.2,0.2,11.2,3.6,0.3,0.4,0.4,0.6
"49031","Piute County, Utah","49","031",TRUE,"missing_estimate:",48393,10.7871104541459,4875,19.6,5.3,23.2,5.5,3,1.7,1.2,1.1,75.1,9.7,19.3,3.4,29.9,6.1,7.6,3.1,0.1,0.2,46.9,5.1,2.7,2.5,39.3,8.9,8.6,3.6,27.5,5.5,9.4,4.5,7.3,4,8.3,4.1,6.9,3.8,11,4.4,31.7,10.4,30.6,7.4,36.1,6.5,11,3.6,4.5,3.1,4.7,5,0,6.5
"49033","Rich County, Utah","49","033",TRUE,"missing_estimate:",79009,11.2773170490109,10987,24.4,4.4,15.1,3.9,0.7,0.7,0.1,0.1,94.9,3.1,28.9,2.4,21.1,3.6,5.4,2.2,0,1.4,64.7,5.2,0,1.9,32.7,6.4,12.7,4,20.5,6.5,9,4.2,15,7.4,3.9,2.9,8.2,3.5,5.4,3.1,18.9,8,21.9,3.6,72.6,2.5,18,3.8,15.3,5.8,0,4,0,4
"49035","Salt Lake County, Utah","49","035",TRUE,"missing_estimate:",97494,11.4875461166308,1272,39.4,0.5,10.7,0.3,13.5,0.3,7.8,0.3,93.8,0.4,25.3,,11.9,,20.6,,1.7,0.1,72.2,0.3,2.7,0.2,44.4,0.5,13.3,0.4,8.2,0.3,12.7,0.4,0.6,0.1,9.9,0.3,14.1,0.4,4.8,0.2,19.7,0.5,22.3,0.2,5.2,0.3,1.8,0.2,33.9,0.7,5.5,0.3,1.1,0.1
"49037","San Juan County, Utah","49","037",TRUE,"missing_estimate:",64481,11.0741258857451,6352,20.5,2.6,20.8,2,1.7,0.9,12.4,1.5,72.4,2.7,28.4,,16.2,0.8,5.8,,0.1,0.1,55.9,2.7,7,1.3,41.1,3.8,17.4,3.3,15.7,2.5,9.8,2.2,9.6,2.4,4,1.5,5.9,1.9,7.4,2.1,10,2.2,24.3,2.7,19.8,2.6,17.9,2.7,19.1,3.5,7.7,1.8,4.4,1.6
"49039","Sanpete County, Utah","49","039",TRUE,"missing_estimate:",70083,11.1574355329132,3368,22.9,2.1,13.4,1.3,5.6,0.9,2.5,0.7,86.9,2.6,24,0.2,14.6,0.3,10.7,,0.9,0.2,56.4,1.7,2.9,0.9,37,2.2,19.7,2.1,13.3,2,14.6,1.7,7.5,2.1,11,1.7,7,1.5,7.5,1.6,8.7,1.7,21.4,1.6,16,2.3,4.1,1,25.7,2.5,3.1,1,0.5,0.3
"49041","Sevier County, Utah","49","041",TRUE,"missing_estimate:",74884,11.2236955285282,3625,22.8,2.2,15,1.3,1.8,0.5,0.7,0.4,90.5,2.3,27.8,0.1,17,0.2,5.3,,0.1,0.1,60.3,1.6,2.6,0.9,31.6,2.6,17,2.2,13,2.2,15.1,1.7,7.6,1.5,6.2,1.2,8.3,1.8,7.8,1.8,9.9,1.8,17.4,1.4,15,2.1,8.3,1.7,22.2,2.7,4.4,1.6,1,0.8
"49043","Summit County, Utah","49","043",TRUE,"missing_estimate:",138114,11.8358347100738,7368,59.8,2,5.7,0.7,9.3,1.2,3.9,0.8,95.6,1.2,23.1,0.2,15.3,0.2,11.4,,0.3,0.3,68.9,1.5,1.2,0.3,51.5,2.2,16,1.6,7.5,1.1,6.2,1.2,1.3,0.6,5.5,1,15.6,1.8,7.7,1.2,24.7,2.1,22.2,1,40.8,1.6,1.5,0.5,19.8,2.6,2,0.7,0.6,0.4
"49045","Tooele County, Utah","49","045",TRUE,"missing_estimate:",106587,11.5767168320577,3167,22.9,1.6,11.2,0.9,4.3,0.6,2.7,0.5,95.4,1,31,,9.2,0.1,15,,1,0.2,72.7,1.3,2.6,0.6,35.4,2.2,13,1.3,12.1,1.4,18.5,2,2.2,0.7,11.6,1.5,10.4,1.1,3.5,0.7,15.8,1.5,30.3,1,4.2,1.1,4.1,0.8,18.2,2,3.1,0.9,0.7,0.4
"49047","Uintah County, Utah","49","047",TRUE,"missing_estimate:",73746,11.208382035443,3902,16.8,2.2,14,1.8,3.1,0.8,1.6,0.6,91.1,2,31.2,0.2,11.9,0.3,8.8,,0.5,0.2,60.9,2.2,3.6,0.9,27.3,2.6,19.9,2.9,15.2,2.2,16.4,2.4,14.2,1.9,5.2,1.2,7.1,1.5,5.6,1.3,8,1.7,20.6,1.4,12.2,2.1,11.7,2,26.5,2.9,3.1,0.9,0.9,0.4
"49049","Utah County, Utah","49","049",TRUE,"missing_estimate:",100671,11.51961305312,1431,44.4,0.7,8.9,0.3,8.2,0.3,5,0.2,93.4,0.4,31.6,,7.9,0.1,14.5,,0.7,0.1,71.8,0.4,2.7,0.2,46,0.6,14.7,0.5,8,0.4,10.2,0.4,0.7,0.1,8.9,0.4,16,0.4,5,0.3,19,0.6,22.6,0.3,3.8,0.4,1.3,0.2,31.7,0.7,2.7,0.3,0.8,0.2
"49051","Wasatch County, Utah","49","051",TRUE,"missing_estimate:",117608,11.6751123393438,8505,51.3,2.5,6.2,1.2,8.3,0.9,5.4,1.1,94.4,1.9,28.8,0.2,13.6,0.2,14.7,,0.2,0.2,69.1,1.7,1.4,0.5,47.4,3.1,17.2,2.1,9.2,2,7,1.3,2.3,1,5.1,1.4,15.2,2.2,6.3,1.2,19.1,2.2,21.6,1,20.6,2.4,1.7,0.7,19.7,3.3,2.1,0.8,0.2,0.2
"49053","Washington County, Utah","49","053",TRUE,"missing_estimate:",80632,11.2976508720347,3644,35.2,1.1,13.2,0.8,5.8,0.6,3.5,0.5,93.1,1,24.4,,22.3,0.1,12.1,,0.4,0.1,57.5,1.1,2.1,0.4,38.4,1.5,17.8,1.2,8.6,0.8,11.9,1,0.6,0.3,7.3,0.8,11.2,0.9,6.5,0.7,14,1.2,19.2,0.8,15.1,1.1,3.4,0.5,28.4,1.5,3.3,0.6,1,0.4
"49055","Wayne County, Utah","49","055",TRUE,"missing_estimate:",76607,11.2464437353654,7650,27.7,5.8,12.2,4.1,3.8,2.3,0.5,0.5,94.7,3.5,21.2,3,25.5,2.4,3,2.5,0.3,0.4,58.7,4.3,1.3,1.4,38.8,10.9,19.8,5,12.4,4.6,8.8,4.9,15.5,6.3,0.6,1,7.2,4.1,15.2,6.5,24,9.6,18.9,5.6,33.4,6.2,9.3,3.8,20.7,6,2.3,1.7,0,3.2
"49057","Weber County, Utah","49","057",TRUE,"missing_estimate:",90005,11.4076205033248,2070,28.5,1,12.1,0.5,6.8,0.4,4.5,0.4,94.6,0.6,26.6,,12.4,0.1,19.2,,1.1,0.1,69.7,0.6,2.1,0.3,38,1.3,14.4,0.7,10.9,0.7,15.5,1,1,0.3,13.8,0.8,10,0.6,3.8,0.4,15.3,0.9,23.3,0.5,6.4,0.6,3.1,0.5,25.9,1.2,4.9,0.5,0.6,0.2
"50001","Addison County, Vermont","50","001",TRUE,"missing_estimate:",89639,11.4035457721186,4396,43.6,1.8,15.3,1.1,4.8,0.6,1,0.3,91.4,1.3,16,,22.6,0.1,3.2,,0.9,0.3,64.4,1.5,2.4,0.5,44,2.1,15.9,1.4,11.8,1.1,10.4,1,5.1,0.8,9.9,1,9.4,0.9,9,1.1,17.4,1.4,23.6,0.9,15,1.2,7,0.8,20.7,1.6,4.9,0.9,0.6,0.5
"50003","Bennington County, Vermont","50","003",TRUE,"missing_estimate:",73325,11.2026568938457,4802,41.8,2.3,16.4,1.7,2.7,0.5,0.6,0.3,84.4,2.5,18.7,0.1,24.4,0.2,2.8,,1.1,0.4,59.8,1.9,2.6,0.7,46.4,2.7,14.4,2.1,9,1.3,10.8,1.8,1.8,0.6,10.8,1.8,11.3,1.6,9.7,1.6,17.7,2.4,20.3,1.4,28.3,1.6,5,1,26.3,2.4,7.5,2,0.2,0.2
"50005","Caledonia County, Vermont","50","005",TRUE,"missing_estimate:",69970,11.1558218577399,5116,33.2,2,17.7,1.5,2.5,0.6,0.8,0.3,86.4,2.1,18.4,0.1,23.1,0.3,2.2,,0.7,0.1,62.6,1.6,1.4,0.4,39.1,2.3,16,2.1,13.3,1.8,14.2,1.9,4,0.9,11.2,1.8,6.5,1.2,12,1.8,15.1,1.7,25.6,1.4,19,1.5,8.8,1.4,20.8,1.9,6.7,1.5,1.1,0.7
"50007","Chittenden County, Vermont","50","007",TRUE,"missing_estimate:",96759,11.4799786298214,3007,56.8,1.3,11.4,0.6,7.9,0.6,2.5,0.4,93.4,0.8,17.2,0.1,16.9,0.1,2.9,,2.3,0.2,70.2,0.8,2.3,0.3,53.1,1.6,15.2,1,6,0.7,7.6,0.6,1.3,0.3,9.7,0.7,12.2,1,6.9,0.8,19.8,1.1,21.1,0.5,4.6,0.7,3.4,0.5,36.1,1.3,7.1,0.7,0.6,0.3
"50009","Essex County, Vermont","50","009",TRUE,"missing_estimate:",59294,10.9902633994283,3865,21.5,2.5,22.2,2.2,3.1,0.9,1.5,0.8,86.1,2.7,16.7,0.3,27.6,0.3,1.6,,0.1,0.1,55.3,2.4,2.6,1,34.6,3.8,19.8,3.4,15.3,2.2,15.6,2.7,3.8,1.2,9.1,2,6.4,1.7,11.2,2.3,10.1,2.2,28.1,2.4,43,2.8,10.3,1.5,17.6,2.5,4.2,1.4,1.9,1.3
"50011","Franklin County, Vermont","50","011",TRUE,"missing_estimate:",81313,11.306061184352,4757,30.2,2,15.1,1.3,2.2,0.5,0.4,0.1,89.5,1.7,21.6,,17.7,0.1,2,,0.2,0.2,65.2,1.9,2,0.5,41.4,2.1,12.4,1.8,12.5,1.6,15.7,1.6,4.1,0.8,14.6,1.7,7.8,1.3,8.3,1.3,14.3,1.6,27.1,1.2,13.3,1.8,6.5,1.3,22.6,2.2,5.8,1.2,0.4,0.3
"50013","Grand Isle County, Vermont","50","013",TRUE,"missing_estimate:",97396,11.4865404210255,12241,44,4,13.6,1.8,3.9,1,0.9,0.4,92.5,2.2,16.9,0.1,23.6,0.4,2.2,,0.3,0.3,63.1,2,1.9,1,48.4,4.5,15.4,3.1,11.1,2.2,10.1,2.1,2.5,1,11.7,3.4,10.9,2.2,7.5,1.8,17.9,3.3,31,1.6,41,2.9,13.1,2.7,10.1,2.5,1.4,0.8,0.4,0.4
"50015","Lamoille County, Vermont","50","015",TRUE,"missing_estimate:",74908,11.2240159728804,6337,44.3,3.1,12.8,1.5,4.3,1.2,0.7,0.5,91.9,1.9,19.8,0.2,18.7,0.1,2.5,,0.9,0.2,70.7,2.2,2.3,0.7,42,3.5,16.8,2.4,12.2,1.9,11,1.6,1.6,0.7,8.9,1.5,10.6,2.1,9.3,1.9,12.3,2.3,27.1,1.6,16.7,2.8,9.7,1.8,27.1,2.6,4.7,1.3,0.7,0.5
"50017","Orange County, Vermont","50","017",TRUE,"missing_estimate:",82232,11.3172997996928,4582,38.4,2.2,17.1,1.5,2.1,0.5,0.3,0.2,88.3,2,17.8,,23.6,0.1,1.8,,0.3,0.2,63.9,1.5,1.5,0.5,46.4,2.5,12.1,1.8,13.8,1.7,11.4,1.4,4.9,1.3,7.7,1.3,6.8,1,9.3,1.6,15.4,1.8,26.2,1,15.5,1.3,9.3,1.5,16.8,1.7,3.9,0.8,1,0.8
"50019","Orleans County, Vermont","50","019",TRUE,"missing_estimate:",70103,11.1577208681127,3179,30.5,1.9,17.3,1.6,3.5,0.6,1.3,0.4,89,1.3,19.4,0.1,23.9,0.2,1.9,,0.9,0.2,61.4,1.2,3.2,1,41.6,2.4,17.8,1.9,13.3,1.5,12.4,1.6,3.8,1.2,9.1,1.3,6.7,1.1,9.7,1.2,12.5,1.5,29,2.3,27.9,1.9,7.8,1.2,20.3,1.8,6.4,1.1,0.5,0.2
"50021","Rutland County, Vermont","50","021",TRUE,"missing_estimate:",68616,11.1362810226703,2664,35.3,1.5,15.2,1.2,2.2,0.4,0.8,0.2,87,1.3,17.4,,24.7,0.1,2.2,,0.6,0.1,58.1,1.4,2.4,0.5,39.1,1.9,17.4,1.5,11.9,1.1,13.8,1.6,2.4,0.6,10.3,1.2,9.7,1.3,7.1,1.1,10.6,1.1,23,1,25.5,1.2,5.6,0.8,24.9,1.9,6.4,1,2,0.8
"50023","Washington County, Vermont","50","023",TRUE,"missing_estimate:",83449,11.3319909457947,2615,48.1,1.7,13.6,1,3.2,0.5,0.6,0.2,91.6,1.2,18,,21.6,0.1,2.8,,0.8,0.2,65.3,1.3,1.8,0.5,49.3,2.4,14.1,1.4,10.7,1.4,7.8,1,1.5,0.4,6.9,0.9,9.7,1.1,7.3,0.7,19.1,1.5,23.4,0.9,16.6,1.3,5.3,0.8,26.3,1.7,6,1,0.9,0.6
"50025","Windham County, Vermont","50","025",TRUE,"missing_estimate:",72217,11.187430754229,4229,44,1.8,15.7,1.1,2.9,0.4,0.7,0.3,82.4,1.8,16.8,,25.6,0.2,3.1,,0.8,0.2,61.9,1.5,2.9,0.7,44.5,2.6,15.6,1.6,11.9,1.3,12.2,1.6,2.9,0.9,9.7,1.6,8,0.9,13.2,1.7,18.5,1.6,22.2,1.1,34.5,1.1,4.7,0.9,26.1,1.8,6.2,1.2,0.7,0.4
"50027","Windsor County, Vermont","50","027",TRUE,"missing_estimate:",77594,11.2592453835944,3244,42.9,1.7,15.5,1.2,3.2,0.5,0.5,0.2,90.1,1.4,17.6,,25.5,0.1,2.3,,0.5,0.2,61,1.4,2.7,0.6,48.8,2.2,15.7,1.7,9.5,1.2,10.7,1.4,3,0.8,9.5,1.3,11.4,1.2,11,1.4,17.9,1.7,22.9,0.6,27.4,1.3,5.5,0.9,25.2,1.7,6.1,1.1,1.1,0.5
"51001","Accomack County, Virginia","51","001",TRUE,"missing_estimate:",58993,10.9851740717813,5112,21.7,1.8,17.1,1.5,8.5,1,6.6,1,83.5,2.2,20.5,0.2,25.7,0.3,10.9,,27.1,0.6,55.6,1.8,1.9,0.6,25.3,2.6,21,3.3,11.1,2,22.8,3,8.3,1.5,15.4,2.3,7.7,2,7.6,1.8,8.1,1.7,20.8,1.4,34.5,2.1,18.7,2.2,28.6,2.9,6.1,1.8,0.1,0.2
"51003","Albemarle County, Virginia","51","003",TRUE,"missing_estimate:",104392,11.5559083231421,3216,61.1,1.4,10.2,0.6,10.5,0.6,4.8,0.7,92.9,1,19.5,,20.4,0.1,7.5,,9,0.3,61.4,1,2.1,0.4,59.2,1.6,14.5,1.3,5.5,0.7,5.1,0.8,1.4,0.5,3.8,0.6,17.5,1.4,5.8,0.8,21.7,1.6,22.2,0.7,6.6,1,2,0.5,34.1,1.5,4.9,0.8,0.2,0.1
"51005","Alleghany County, Virginia","51","005",TRUE,"missing_estimate:",56188,10.9364584899508,4205,14.6,2.4,17.9,1.8,1,0.6,0.6,0.5,82.8,3.2,18.5,0.5,26.3,0.4,1.6,,5.2,1.1,48.2,2,1.1,0.7,26.6,4.1,19.2,3.8,19,3.6,19.7,4.3,3.8,1.9,18.3,3.3,5.2,1.8,6.2,2.5,3.8,1.5,22.9,1.7,19.3,2.8,12.5,3.1,17.7,3.2,6,2.4,0.1,0.1
"51007","Amelia County, Virginia","51","007",TRUE,"missing_estimate:",76717,11.2478786055602,10778,18.6,3.3,17.1,3.2,1.9,1.3,0.9,1.1,84.2,4.2,20.2,0.8,22.2,1.4,3.9,,19.5,2.2,57.3,3.7,2.2,1.1,30.8,5.6,12.2,4,19,4.3,17.4,5.1,2.3,1.9,7.9,3,6.9,2.9,7.4,3.3,12.7,3.8,40.1,3.1,6.8,3.3,19.4,5.5,17.5,5,1.6,1.6,3.3,2.7
"51009","Amherst County, Virginia","51","009",TRUE,"missing_estimate:",68724,11.1378537621819,3768,24.7,1.9,16.2,1.7,1.7,0.4,1,0.4,84.5,2.4,20,0.1,21.8,0.1,2.9,,16.9,0.8,59,1.7,2.7,0.8,37.1,3.2,17.5,2.7,8.6,1.8,14.8,2.1,1.3,0.9,14,1.9,7.9,1.6,5.9,1.4,10.1,2,24.9,1.7,11.6,2.2,11.5,1.7,19.2,2.3,3.4,1,1.4,0.9
"51011","Appomattox County, Virginia","51","011",TRUE,"missing_estimate:",62853,11.0485539455761,4908,19.2,2.3,14.1,1.8,1.7,0.6,0.4,0.4,83.5,3.2,22,0.1,21.1,0.4,2.4,,15.9,1.2,61.1,2.1,3.1,1.3,30.2,3.5,18,3,8.9,1.7,18.3,3,2.4,1,13.5,2.7,7.4,2,5.3,1.5,10.3,2.6,26.7,2.1,11,2.9,14.6,3,24.2,4.1,3.9,1.3,0.2,0.3
"51013","Arlington County, Virginia","51","013",TRUE,"missing_estimate:",142114,11.8643848313997,3551,77.1,0.9,6.7,0.4,22.4,0.8,9.8,0.7,95.2,0.7,18,,11.9,0.1,15.9,,9.3,0.2,77.3,0.6,2.5,0.2,74.6,1,9.1,0.7,2.2,0.3,3.1,0.4,0.1,0.1,2.6,0.3,29.6,1,4,0.4,35.3,1.3,26.2,0.4,8.2,0.8,0.2,0.1,58.7,1,15.2,0.9,1.7,0.3
"51015","Augusta County, Virginia","51","015",TRUE,"missing_estimate:",82049,11.3150719087535,4414,25.1,1.8,15.6,1.4,2.4,0.4,1.1,0.3,86,1.8,18.4,,22.6,0.2,4,,4.3,0.5,60.6,1.3,1.5,0.4,34.9,2,13.8,1.6,10.8,1.3,19,1.8,2.7,0.6,16.5,1.8,9.9,1.2,6.7,1,7.3,1.2,23.8,0.9,6.1,1.2,9,1.3,19.8,2,4.3,1.2,0.4,0.3
"51017","Bath County, Virginia","51","017",TRUE,"missing_estimate:",56184,10.9363872978389,19950,16.7,4.6,15.8,4.4,0.6,0.6,1.3,2,79.7,5.7,17.3,3.6,27.2,4.6,3,3.1,3.4,1.6,51.1,5.6,0.7,0.6,41.5,10.2,17.9,6.4,17,5.9,8.5,4.3,6.2,3.3,4.9,3,6.3,3.7,10.7,4.7,3.6,2.7,19,3.8,43.6,4.3,11.2,4.5,28.7,7,4.1,3.1,0,2.2
"51019","Bedford County, Virginia","51","019",TRUE,"missing_estimate:",78937,11.2764053449477,3263,33.7,1.6,12.9,0.9,2.8,0.4,1,0.3,88.8,1.3,19.5,,23.3,0.1,2.8,,6.3,0.5,57.4,1.5,1.8,0.4,42.4,2,13.2,1.3,10.6,1.5,14,1.4,1.6,0.7,12.3,1.4,9.9,1.3,6.1,1,12.7,1.4,26.5,1,11.6,1,9.6,1.1,15.3,1.3,3.2,0.9,0.3,0.2
"51021","Bland County, Virginia","51","021",TRUE,"missing_estimate:",61216,11.02216387224,5455,18.4,3.1,16,3.9,0.3,0.4,0,0.7,70.5,7.1,13.8,0.5,24.9,0.4,1.2,0.8,3.9,1,43,4,1,0.9,25.9,6.3,8.3,3,14.8,5.7,24.9,6.2,6.4,4,26.4,7.1,2.6,1.9,10.8,4.7,10.3,4,27.5,3.6,26,5.8,25.7,5.7,13.5,4.6,5.3,2.8,1.1,1.7
"51023","Botetourt County, Virginia","51","023",TRUE,"missing_estimate:",81213,11.3048306118575,6175,28.5,2.2,11.8,1.5,1.9,0.6,0.3,0.2,88.1,2,18.6,,24.3,0.3,2.5,,2.6,0.3,56.9,2.4,1.4,0.5,40.2,2.7,15,2.7,8.3,1.6,14.2,2.6,2.1,0.8,11.3,2.1,10,2,6.5,1.8,12.6,2.1,24.3,1.1,12.3,2.3,7.9,1.6,14.5,2.2,3.7,1.2,0.3,0.2
"51025","Brunswick County, Virginia","51","025",TRUE,"missing_estimate:",53084,10.8796308435571,4616,16.6,2.2,15.7,2.2,2.9,0.8,1.7,1,80.2,3.1,15.3,0.2,22.3,0.1,2.9,,51.5,1.5,51.7,2.2,1.7,0.8,28.5,4.1,21.7,4.8,7.7,2.5,22.5,3.3,4.5,2,10.5,3.2,5.9,2,7.1,2.5,6.9,2.2,30.3,2,18.6,3.9,22.1,2.5,25.6,3.4,6.5,2.3,0,0.6
"51027","Buchanan County, Virginia","51","027",TRUE,"missing_estimate:",42886,10.6663007113292,3670,11.5,2.5,37.7,2.9,0.8,0.4,0.5,0.4,77.2,3.9,16.7,0.5,23.9,0.2,1.1,,3.8,0.8,33.7,4.1,1.3,0.8,29.8,5.8,20.5,4.7,20.7,4,12.1,5,13.2,3.6,6.6,3.5,6.2,2.1,2.5,1.3,6.5,2.7,30.1,2.2,27,3.8,35.8,2.9,16.9,3.1,5.5,2,0.7,0.9
"51029","Buckingham County, Virginia","51","029",TRUE,"missing_estimate:",60828,11.0158054882603,4412,14.5,2.3,20.1,2.4,1.8,0.6,1.5,0.6,76.4,3.9,17.8,0.4,20.8,0.5,2.6,,30.6,1.3,47.1,2.3,2.2,1,26.5,4.2,17.5,3,16.2,3.3,19.1,4.1,6.2,2.3,4.6,1.6,10.3,2.4,6.8,2.2,7.9,2.7,43,3.6,13.9,3.2,24.4,3.7,22.7,3.7,6.8,2.3,0.6,0.9
"51031","Campbell County, Virginia","51","031",TRUE,"missing_estimate:",66165,11.0999069012072,5574,26.1,2.1,15.7,1.5,3.4,0.6,2.4,0.8,86,1.7,19.4,0.2,21.3,0.2,3.5,,14.2,0.7,60.7,1.8,2.2,0.6,36.8,2.6,16.7,2,9,1.5,18.9,2.7,0.9,0.6,17.5,2.6,8,1.4,4.3,0.9,9.8,1.6,23.3,1,12.9,1.5,18.3,2.1,25.1,2.7,4.7,1.1,0.2,0.3
"51033","Caroline County, Virginia","51","033",TRUE,"missing_estimate:",87407,11.3783306499697,7737,21.8,2.3,12,1.3,5.1,0.8,2.7,1,86.3,2.6,22.7,0.1,16.7,0.2,7.7,,23.7,1.1,67.9,2.1,3.5,1.2,38.3,3.9,13.9,2.4,12.6,2.4,13.1,1.8,1.7,0.8,4.4,1.3,11.4,2.5,2.7,0.9,11.5,2,37.2,2.2,7.2,2,5.9,1.2,17.7,2.6,3.5,1.4,0.2,0.3
"51035","Carroll County, Virginia","51","035",TRUE,"missing_estimate:",54484,10.9056623595672,3777,16.9,1.9,18.6,1.9,2.1,0.7,1.9,0.7,82.9,2.5,17.6,0.1,26.2,0.2,4.1,,0.2,0.2,53.3,2.6,3,0.9,32.4,3.5,17.5,2.8,13.4,2.7,21.2,3.1,1.7,0.8,17.3,3.3,5.7,1.5,7.4,1.8,3.2,1.1,27.3,1.4,24.7,2.3,20.5,2.6,22.9,2.9,5.7,1.9,0,0.1
"51036","Charles City County, Virginia","51","036",TRUE,"missing_estimate:",75417,11.2307879927738,9739,17.3,2.2,19.3,2.1,2.2,0.6,0.9,0.4,74.5,4.1,14.2,,26.9,0.1,2.1,,40.5,1.3,58.2,1.8,2.3,0.9,29.7,3.5,17.1,3.1,13.8,2.6,19.6,2.6,2.7,1.1,12.8,1.8,9.3,1.9,4.4,1.7,9.7,1.8,34.5,1.5,11,2.3,9.2,1.9,13.7,2.6,5.9,1.4,0.3,0.3
"51037","Charlotte County, Virginia","51","037",TRUE,"missing_estimate:",58000,10.9681982895286,11996,20,3.4,21.3,2.3,1.9,0.5,1.2,0.7,75.4,3.7,21.5,0.1,22.7,0.2,2.6,,24.7,1,54,2.7,1.3,0.8,33,5,15.9,3.4,13.7,3.5,18,4.3,5.5,2.3,11.1,3.3,8.4,2.7,8.8,2.6,6.4,2.3,32.2,2.3,21.2,3.6,24,4.5,25.3,4.4,6.5,1.9,0,0.8
"51041","Chesterfield County, Virginia","51","041",TRUE,"missing_estimate:",101931,11.5320513927687,1923,43.8,0.9,12.6,0.6,9.9,0.5,5.9,0.3,95.3,0.5,23.7,,16.1,0.1,11.9,,22.8,0.3,67.7,0.6,3.1,0.4,49.3,1,13.6,0.7,7.5,0.5,10.1,0.6,0.3,0.1,6.9,0.5,12.1,0.7,4.4,0.5,19.5,0.9,26.4,0.5,3.8,0.4,1,0.3,23.3,0.8,3.4,0.5,0.3,0.1
"51043","Clarke County, Virginia","51","043",TRUE,"missing_estimate:",117111,11.6708774819802,12127,39.8,3.5,12.7,2.5,6.2,1.2,3.7,1,89.2,2.9,19.6,0.6,23,0.9,7.8,,5.4,0.5,59.6,2.9,1.6,0.8,49.9,4.3,12.4,2.3,9.4,2.5,6.9,2.2,4.7,1.8,5.3,2,17.7,3.3,8.5,2.4,21.4,3.8,32.2,1.9,10.1,3.2,1.4,1,18.5,3.5,3.2,1.6,0.1,0.2
"51045","Craig County, Virginia","51","045",TRUE,"missing_estimate:",69057,11.1426875295139,17015,19.2,5.6,13.7,4.2,0.7,0.6,0.7,0.8,86.9,6.9,23.1,3.9,18.8,4,1.5,1.2,0.1,0.1,53.1,7.1,1.1,1.2,40.3,11,17.5,9.3,12.1,5.8,12.8,6.1,4.3,3.3,20.9,8,13.2,7.3,2.8,2.6,16.9,8.8,36.1,4.5,27.6,8,13.1,6.3,16.3,8.5,4.7,4.6,0,2.3
"51047","Culpeper County, Virginia","51","047",TRUE,"missing_estimate:",100049,11.5134153449594,5011,27.3,1.9,11.1,1.2,9.9,1.2,6.2,1.1,91.8,1.7,25.2,0.1,16.6,0.5,15.6,,12.5,0.6,64,1.5,1.7,0.4,39.8,2.4,19.7,2.2,10.5,1.5,11.8,1.9,2.6,0.7,5.6,1.2,17.2,2.4,6,1.4,11.3,1.9,35.9,1.7,4.3,1.6,1.1,0.6,25,2.4,3.9,1.4,0.7,0.5
"51049","Cumberland County, Virginia","51","049",TRUE,"missing_estimate:",55325,10.9209801649192,6015,20.9,3.7,16.7,3,1.7,1.2,0.3,0.4,79.9,4.2,19.5,0.1,23.5,0.3,2,1.7,29.4,2,59.7,4,2,1.1,30,5.3,24.8,4.5,11.5,3.6,12.6,3.5,2.6,1.6,4.5,2.3,9,3.2,7.6,2.6,8.7,3.2,38.3,3.9,15.3,5,24.8,5.6,24.1,4.8,7.4,3.2,0.4,0.6
"51051","Dickenson County, Virginia","51","051",TRUE,"missing_estimate:",47254,10.7632925854234,4756,10.1,2.4,36.3,3.2,0.2,0.2,0,0.1,83.5,3.1,19.1,0.3,24.6,0.3,0.7,,1,0.2,43.6,2.7,1,0.5,31.9,4.4,22.2,5,11.7,2.9,16.5,3.6,8.5,2.9,5.4,2,11.8,2.9,3.8,2,6.4,2.4,28.9,2.2,19.4,3.8,28,3.8,23.9,4.1,6.6,1.9,0,0.7
"51053","Dinwiddie County, Virginia","51","053",TRUE,"missing_estimate:",83704,11.3350420450609,5844,19.4,2.2,14.8,1.8,3.4,1,2.1,1,87.7,2.4,20,0.7,19.2,0.1,4.4,,29.8,1.1,61.3,1.8,2.8,1.1,34.4,3.1,15.6,2.5,11.5,2.2,19.8,2.5,1.2,0.8,10.3,2,9.9,2.5,4.7,1.5,11,3.1,31.2,1.6,11,3,11.4,2.5,20.4,3.4,4.4,1.4,0.2,0.3
"51057","Essex County, Virginia","51","057",TRUE,"missing_estimate:",56520,10.9423498367985,7548,16.6,3.6,17.2,3,4.1,2.1,2.7,1.6,81.2,4.7,17.9,0.4,24.2,0.5,4.6,,36.8,0.9,50.1,3.9,1.9,1.2,35,5.4,17.5,5.3,13,3,19,4.3,2.8,1.8,15.5,5,9.5,3.3,6.1,3.6,10.6,3.7,38.5,4,23.5,3.6,12.6,2.8,28.3,5.2,6.4,3.6,0.3,0.5
"51059","Fairfax County, Virginia","51","059",TRUE,"missing_estimate:",153637,11.9423479561041,1635,65,0.4,8,0.2,30.8,0.4,14,0.3,96.4,0.2,22.9,,15,0.1,17.6,,9.4,0.1,70.8,0.3,2.9,0.2,63.2,0.5,12.9,0.3,4.5,0.2,5.2,0.3,0.2,0.1,3,0.2,27.2,0.5,5.3,0.2,28.7,0.5,28.9,0.3,3.7,0.3,0.5,0.1,31.4,0.5,4.8,0.3,1.3,0.1
"51061","Fauquier County, Virginia","51","061",TRUE,"missing_estimate:",130189,11.7767425197804,8609,41.7,2.2,9.6,0.7,8.9,0.8,4.5,0.7,92.3,1.2,23.3,0.1,17.2,0.1,12.4,,6.3,0.6,67.1,1.3,1.9,0.4,48.8,2.3,15,1.6,10.6,1.4,8.5,1.2,2.2,0.5,5.3,0.9,18.6,1.6,5.9,0.9,16.9,1.5,35.8,1.2,6.6,1.5,1.6,0.6,21.2,1.9,3.5,0.8,0.5,0.4
"51063","Floyd County, Virginia","51","063",TRUE,"missing_estimate:",62191,11.0379655737242,10124,24.4,3.7,13.3,2.3,2.6,1.3,0.5,0.4,84.7,3.4,18.7,0.3,24.4,0.3,3,,2.5,0.5,60.4,2.8,2.1,0.9,35.9,3.9,14.8,2.7,13.4,2.2,18.1,2.9,3.6,1.2,17.2,3.3,7.2,2.2,7.5,2,11.7,2.9,30.3,2.2,16.9,2.8,18.6,3.5,16.1,3.3,5.3,3.1,0.7,0.9
"51065","Fluvanna County, Virginia","51","065",TRUE,"missing_estimate:",96768,11.4800716400991,6395,37.3,3.4,10.4,1.4,2.7,0.7,0.9,0.4,93.8,2,19.4,0.1,21.7,0.4,4.6,,11.8,1.3,60.7,2.3,2.5,0.8,46.4,4.2,17,3.4,8.9,2,7.9,2.3,1.6,0.9,4.4,1.8,14.2,3.2,6.7,2.2,16.5,2.5,32,1.9,10.1,2.6,5.3,2,11.3,2.9,4,1.8,0,0.4
"51067","Franklin County, Virginia","51","067",TRUE,"missing_estimate:",68849,11.1396709797231,3573,25.1,2.1,16,1.4,2.1,0.5,1,0.4,83.4,2,18.5,0.1,24.6,0.1,3.7,,6.8,0.5,54.6,1.5,1.3,0.4,34.2,2.9,19.7,2.2,9.6,1.6,15.4,2.2,1.7,0.7,13.6,2.3,9.5,1.5,4.3,0.9,12.5,1.6,30.2,1.5,19,1.7,16.7,2,21.5,2.4,4.5,1.2,0.1,0.1
"51069","Frederick County, Virginia","51","069",TRUE,"missing_estimate:",97606,11.4886942459215,4171,31.9,1.6,12,0.8,7.8,0.7,5,0.8,90.9,1.2,22.7,,18.8,0.2,12.5,,4.4,0.3,64.9,1.1,2.7,0.7,41.8,2.3,15.3,1.6,10.4,1.2,12.9,1.4,1.1,0.4,10.1,1.4,12.3,1.3,4.2,0.8,12.3,1.4,32.4,1.2,5.1,1,5.8,1,20.7,1.7,3.3,1,0.1,0.1
"51071","Giles County, Virginia","51","071",TRUE,"missing_estimate:",65691,11.0927172087879,3318,17.6,2.8,13.2,2,2.1,0.7,1.7,0.8,83.1,3.6,19.8,0.1,21.6,0.4,1.8,,2.7,0.6,56.4,2.3,1.2,0.7,29.5,3.7,17.9,3.3,13.7,3.3,21,3.9,1.3,1.1,20.9,3.8,7.2,1.9,5.2,2,2.5,1.2,28.6,3,19.7,3.6,19.4,3.1,21.1,3.5,7.1,2.4,0.3,0.5
"51073","Gloucester County, Virginia","51","073",TRUE,"missing_estimate:",84306,11.3422083158344,4938,25.3,2.8,17.7,1.8,2.1,0.5,0.8,0.3,89,2.3,19.9,0.1,20.9,0.2,4.3,,8.1,0.6,59.8,1.9,1.7,0.7,37.5,2.7,16.2,2.3,13.5,2.4,12.7,1.9,1.8,0.8,10.5,1.9,8.2,1.6,7.7,1.9,10.9,2,34.8,1.9,11.8,2.3,9.2,2,19.6,2.8,2.1,0.7,0,0.3
"51075","Goochland County, Virginia","51","075",TRUE,"missing_estimate:",118931,11.6862987719933,7243,45.8,3.7,12.6,1.9,4.9,1.2,1.7,0.7,93.5,1.8,16.2,0.1,25.1,0.2,3.8,,13.7,0.6,56.5,2.1,0.9,0.6,51.2,4,13.7,2.4,7.5,2.3,6.3,1.9,1.6,1,4.1,1.5,16.3,3.5,6.5,1.5,19.1,3.5,29.9,1.7,7.7,2.3,4.1,1.4,15.1,2.4,2.4,1,0.1,0.2
"51077","Grayson County, Virginia","51","077",TRUE,"missing_estimate:",47730,10.7733154099999,6163,15.5,2.6,21.7,2.6,2.2,0.9,2.1,0.9,81.1,3.1,16.2,0.1,26,0.5,4.2,,5.5,0.8,46.7,2.7,1.7,0.6,35.1,5.1,17.8,3.1,10.4,2.5,22.7,3.7,4.2,2,17.5,3.2,6.1,2.3,5.1,1.5,5.2,1.8,28.1,1.9,29.3,2.6,17.6,2.7,19.6,2.9,5.4,1.8,0.6,0.7
"51079","Greene County, Virginia","51","079",TRUE,"missing_estimate:",89808,11.405429337182,7105,31.5,3.4,14.6,2.4,7.1,1.4,2.8,0.9,91.7,2.4,22.9,0.3,19.5,0.6,7.5,,7.4,0.8,66.4,2.9,1.2,0.7,40.5,3.7,15.1,2.5,11.9,2.1,10.5,2.4,1.7,1,7.1,2.2,14.2,2.6,5.5,2.3,17.5,3.5,32.3,3.3,9.3,2.4,5.9,2.3,16.6,3.2,3,1.5,0.2,0.3
"51081","Greensville County, Virginia","51","081",TRUE,"missing_estimate:",54668,10.9090338080847,9395,14.7,2.7,13.7,3.3,4.2,2.4,1.7,1.5,87.4,3.2,15.3,0.2,16.3,0.1,2.9,,55.9,2.3,41.1,3.2,2.6,1.7,26.4,5.8,20.8,6.4,6.6,2.9,16.7,5.3,1.3,1,11.2,4.3,5.6,2.8,1.8,1.7,3.9,3.1,28.6,3.7,20.5,4.5,18.5,5.2,33.7,7.2,5.9,2.8,0.9,1.6
"51083","Halifax County, Virginia","51","083",TRUE,"missing_estimate:",52013,10.8592489663188,3015,19.7,2.1,20.2,2,1.6,0.4,0.9,0.3,71.2,3,20.4,0.1,25.6,0.2,2.6,,34.3,0.7,52.9,2.2,2.2,0.6,30.7,3.1,19.5,2.8,10.6,1.6,21,2.7,2.7,1.1,18.1,2.7,7,1.9,7.6,1.9,6.8,1.9,24.8,1.5,22,2.2,18,2,25.4,2.7,7.5,2.1,0.1,0.2
"51085","Hanover County, Virginia","51","085",TRUE,"missing_estimate:",112805,11.6334159433049,4144,42.7,1.6,11.3,0.7,4.3,0.5,1.1,0.3,92.3,1.1,21.6,0.1,19.2,0.1,4,,8.3,0.4,65.7,1.1,1.8,0.4,49.5,1.5,12.2,1,9,0.9,8,0.9,1,0.4,6.8,1,13.6,1.1,5.1,0.8,19.1,1.3,26.9,0.8,4.3,0.9,1.9,0.5,17.9,1.3,3,0.7,0.1,0.1
"51087","Henrico County, Virginia","51","087",TRUE,"missing_estimate:",88783,11.3939504692116,2074,46.5,0.9,11.5,0.6,13.9,0.6,5.5,0.4,92.6,0.7,21.9,0.1,17,0.1,6.9,,29.1,0.3,68.4,0.6,2.6,0.3,48,1,14.7,0.8,6.1,0.5,9.8,0.7,0.3,0.1,5.9,0.5,14.8,0.7,4.7,0.5,22.3,1,22.6,0.5,5.2,0.6,0.3,0.1,35.5,1,5.8,0.6,0.5,0.2
"51089","Henry County, Virginia","51","089",TRUE,"missing_estimate:",50760,10.8348639218283,2873,15.5,1.6,23.2,1.6,2.6,0.6,2.4,0.6,75.3,2.6,19.3,0.1,24.9,0.2,7,,22.1,0.7,52.2,1.8,2.1,0.7,35,2.8,15.3,2,10.8,1.8,19.9,2.3,0.9,0.4,18.9,2,9.5,1.6,4.5,1,8.1,1.5,25.3,1.3,17.2,1.7,15.6,1.8,24.8,2.3,5.5,1.2,0.2,0.2
"51091","Highland County, Virginia","51","091",TRUE,"missing_estimate:",65625,11.0917119998939,11958,30.8,6.3,19.5,4.5,1.4,1.2,0.1,0.2,77,8.3,14.5,3.6,34.8,5.9,0,1.7,0,1.7,52.3,7.1,6.2,3.4,41.6,10.9,16.1,7.9,17,6.2,6.9,4.1,7.8,4.4,1.6,1.4,7.2,4.2,15.2,4.6,21.1,7.2,27.4,5.5,46.2,5,15.3,4.3,11.1,5.2,5.1,4.1,0.5,0.9
"51093","Isle of Wight County, Virginia","51","093",TRUE,"missing_estimate:",95241,11.4641658003357,5210,30.8,2.2,14.7,1.5,3.5,0.6,1.6,0.6,85.5,1.8,21.3,,20.1,0.2,4.1,,21.3,0.9,62.5,1.9,2.4,0.7,43.6,2.5,15.9,2,8.9,1.6,12.7,1.7,1.3,0.6,15.1,1.9,11.2,1.6,4.9,1.1,11.2,2.2,29.5,1,8,1.9,8.6,1.3,19.9,2.6,4.2,1.3,0,0.3
"51095","James City County, Virginia","51","095",TRUE,"missing_estimate:",109985,11.6080992718398,5164,51,1.8,14.1,0.9,7.6,0.9,1.8,0.5,95.2,1,19.5,0.1,27,0.2,7.2,,12.4,0.6,56.5,1.4,1.5,0.4,47.2,2.6,17.9,2.3,7.1,1.6,7.7,1.2,0.3,0.3,6.9,1.2,14.8,1.7,6.9,1.3,17.4,2,26.6,1.3,7.9,1.3,2.6,0.7,23.3,1.7,4,1,0.3,0.3
"51097","King and Queen County, Virginia","51","097",TRUE,"missing_estimate:",70469,11.1629281757847,14473,18.6,4.9,15,3.3,1.4,0.9,0.6,0.5,74.5,5,17.4,0.8,23.8,0.6,3.3,,21.9,2,60.1,2.9,3.1,1.5,31.7,6.5,14.9,4.8,22.8,5.3,16.9,4.2,5,2.9,9.6,3.8,7.5,3.3,4.4,2.8,12.8,4.1,37,3.9,14.5,4.9,20.9,4.8,24.3,5.5,4.8,2.6,0,1.3
"51099","King George County, Virginia","51","099",TRUE,"missing_estimate:",116884,11.6689372689738,7078,34.7,3.2,10.3,1.5,4.4,1,2.1,0.6,91,2.3,24.4,,14.3,0.2,6.9,,14.9,0.8,67.1,1.9,2.4,0.7,53.9,3.3,13.2,2.2,9.2,2,7.8,1.7,0.8,0.5,4.1,1.3,15.8,2.2,5.2,1.6,15.1,2,37.2,1.8,5.1,1.7,5,1.2,23.8,3.3,2.6,1.2,0.2,0.2
"51101","King William County, Virginia","51","101",TRUE,"missing_estimate:",86056,11.3627535261118,7056,23,3.2,12.8,1.8,2.4,1.1,0.7,0.6,78.4,4.7,22.7,,16.8,0.2,3.3,,15,1.5,68.2,2.4,1.6,0.8,37.7,4.1,15.9,2.7,13.2,3.1,14.1,2.9,1,0.9,10,2.2,8.8,2.6,4,1.5,10.9,2.5,36.4,2,4.9,2,3,1.2,11.1,2.8,4.3,1.7,0,0.5
"51103","Lancaster County, Virginia","51","103",TRUE,"missing_estimate:",69713,11.152142092987,6479,41.3,3.4,18.5,3.2,4,1.4,0.9,0.6,78.5,4.2,14.5,0.2,39.9,0.6,1.8,,25.5,1.5,46.8,2.9,4.5,2.2,42.7,5.5,17.8,3.7,12.5,3.4,6,3.7,2.1,1.3,3.7,2.8,18.9,5.2,10.9,2.8,14.8,3.8,27.5,4.3,23.9,3.3,4.1,1.5,18.5,3,4.4,1.7,0,0.7
"51105","Lee County, Virginia","51","105",TRUE,"missing_estimate:",41827,10.6412973430023,3806,14.1,1.7,28.9,2.4,1,0.4,1.1,0.4,75.8,3.5,18.2,0.3,23.1,0.3,2.4,,4.2,0.2,40.5,2.3,3.9,1.3,33.8,5,21.7,4.3,14,3.3,15.7,3.7,4,2,8.1,2.5,7.4,2.8,7.2,2.3,9.9,3.5,26.2,2,21.4,2.6,19.7,2.7,27,4.4,8.9,2.1,0.7,0.5
"51107","Loudoun County, Virginia","51","107",TRUE,"missing_estimate:",181765,12.1104699229394,3438,64.6,0.8,7.1,0.4,27.4,0.7,10.9,0.5,97,0.4,26.6,,10.8,0.1,14.3,,7.5,0.2,74,0.6,2.4,0.2,63.5,1,11.7,0.6,3.9,0.4,5.3,0.4,0.6,0.1,4.1,0.4,29.6,0.7,4.5,0.4,31.2,0.9,30.1,0.5,2.7,0.4,0.5,0.2,22.1,0.8,2.9,0.3,0.7,0.2
"51109","Louisa County, Virginia","51","109",TRUE,"missing_estimate:",86689,11.3700822804403,6396,29.7,2.3,15.1,1.3,4.5,0.7,2.8,0.8,86.5,2.4,20,,21,0.1,4.1,,11.5,0.9,63.2,1.9,3.7,1.1,38.4,2.9,17.1,2.2,13.3,1.7,11.6,1.7,3.6,1.5,6.2,1.5,11,2.1,7.5,1.3,11.7,2,35.7,1.5,15.3,2.3,9.8,1.8,17.8,2.4,3.2,1.1,0.4,0.6
"51111","Lunenburg County, Virginia","51","111",TRUE,"missing_estimate:",54842,10.9122116027414,9089,11.6,2.1,24.2,2.4,4.1,1,3.1,0.8,61.8,5.3,19.6,0.2,23.2,0.2,6.1,,32.4,1.1,47.2,3,1.7,0.9,32.7,4.7,17,3.2,15.4,4,16.8,4.5,2.7,1.5,9.3,3.7,10.8,2.8,4.6,1.9,5.2,2,35.6,3.6,19.2,3.3,19.3,2.9,28.5,4.2,12.8,3.6,0.6,0.6
"51113","Madison County, Virginia","51","113",TRUE,"missing_estimate:",84323,11.3424099418899,8904,27,3.4,14.4,2.1,3.1,1,1.4,0.5,85.2,3.4,20,0.1,23.2,0.6,3.9,,8.9,1.2,61,3,2.6,1,41,4.3,15.8,3.2,9.5,3.1,14.5,3,3.4,1.5,5.1,1.9,12.5,3,10.5,2.7,11.7,2.9,29,2.3,10.7,2.8,2.9,1.5,22.2,3.6,2.3,1.2,0.3,0.5
"51115","Mathews County, Virginia","51","115",TRUE,"missing_estimate:",75880,11.236908424049,11970,28.4,4.7,21.6,4.2,1.6,1,1.2,0.6,75.5,5.7,14.4,1,33.3,1,2.7,,9.7,1.4,48.7,3.8,2.2,1.5,40,6.5,13.5,5.3,19.3,5.7,7.2,3.7,0.8,0.9,7,3.3,6.1,2.7,11.7,4.2,17.6,4.5,30.7,3.4,27.4,4.4,4.9,2.3,16,4.4,4.1,3,0,1
"51117","Mecklenburg County, Virginia","51","117",TRUE,"missing_estimate:",57045,10.9515957090305,4683,20.7,1.7,19.4,1.7,3.2,0.8,0.8,0.3,74.7,2.5,18.4,0.2,26.9,0.2,3.2,,32.4,0.6,52.1,1.9,1.4,0.5,35.3,2.6,19.3,2.6,10.1,1.7,16.6,2.2,1.9,0.7,9.1,1.5,9.8,2.2,6.4,1.4,8,1.6,25.7,1.7,29.7,2,20,2,31.7,2.9,7.2,2,0.2,0.2
"51119","Middlesex County, Virginia","51","119",TRUE,"missing_estimate:",75060,11.226043072689,9373,33.8,4.1,18.7,3.2,2.5,0.8,0.9,0.4,84.3,3.7,16,0.5,34.1,1.1,3.2,,15.8,1.7,49.1,3.5,1.4,0.7,37.8,5.9,16.6,3.7,14.1,4.1,11.5,3,1.7,1.3,5.9,2,12.1,4,8.2,2.4,22.7,5,34,2.8,33.3,3.9,8.5,2.6,12.6,3.3,2.5,1.3,0.5,0.4
"51121","Montgomery County, Virginia","51","121",TRUE,"missing_estimate:",72715,11.1943029696118,3227,48.8,2,10.6,0.8,9.5,0.9,2.4,0.4,91.4,1,15.3,,14.1,0.2,4.6,,3.8,0.3,57,1.1,1.7,0.4,50.7,1.9,17.8,1.5,5.9,0.9,8.9,1.2,0.7,0.2,9.2,1.2,10.8,1.1,3.7,0.5,14,1.4,18.2,0.8,13.6,1.6,9.1,1,44.7,1.8,6.4,1.2,0.7,0.4
"51125","Nelson County, Virginia","51","125",TRUE,"missing_estimate:",72589,11.1925686741818,13010,36.3,3.9,14.3,2.3,4.7,1.7,1.7,1,84.9,3.8,17.4,0.2,29.6,0.6,4.8,,11,0.9,54.3,3.2,1.8,0.9,41.7,4.8,17.9,3.6,13.3,3,12.2,3.6,4.5,2.3,7.3,2.3,11.1,2.5,9.9,3,19.1,3.8,30.3,2.2,36.3,3.1,7.9,2.5,20.3,4.1,6.2,2,0,0.6
"51127","New Kent County, Virginia","51","127",TRUE,"missing_estimate:",123314,11.7224892269079,7122,38.4,3.5,11,1.6,4.1,0.9,1.5,1,91.4,2.8,19.5,,18.5,0.6,3.8,,13.2,1.2,65.3,2.5,1.5,0.6,50.4,4.3,12.9,2.9,11.2,2.2,7.3,2.1,0.8,0.6,9.8,2,11.9,2.5,5.2,1.9,17.9,3.1,33.2,2.8,5.4,2.3,3.7,1.7,7.4,2.2,1,0.6,0,0.1
"51131","Northampton County, Virginia","51","131",TRUE,"missing_estimate:",61632,11.0289364951578,7281,32,3.1,19.2,2.1,7.4,1.1,4.2,0.9,85.5,3.1,18.3,0.2,29.4,0.2,9.3,,29.6,1.2,52.8,3,1.7,0.8,33.6,4.3,18.6,3.4,15.2,3.5,9.2,2.4,6.2,2.3,4.3,1.8,9.4,2.8,8.3,2.4,10.1,3.5,25.3,3,28,3.2,13.7,2.8,33.9,4.4,9.5,2.8,0,0.1
"51133","Northumberland County, Virginia","51","133",TRUE,"missing_estimate:",66480,11.1046564295293,4444,33.6,4.7,16.3,2.6,4.6,2.1,1.3,0.7,81.1,4.1,13.8,0.1,38,0.5,3.5,,19.1,3.1,42.5,3.5,1.6,1.2,41.9,6.4,16.6,5.2,12.5,5.3,14.6,6.2,4.5,3.2,5.8,2.6,9.4,3.3,7.8,2.6,15.2,5.3,32.8,4.3,37.6,4.1,8.4,2,13.9,4.5,4.1,1.9,1.2,1.7
"51135","Nottoway County, Virginia","51","135",TRUE,"missing_estimate:",63261,11.0550243045121,6928,14.1,2.3,19.3,2.3,3,0.9,1.9,0.8,73.1,4.5,19.3,0.3,18.8,0.4,4.9,,36.2,1.1,47.8,2.8,1.3,0.6,33.4,4.6,23.8,3.9,11.6,2.5,11.7,3.4,4.5,2.6,5.7,2,10.8,2.9,4.7,2,8.7,2.6,28.5,2.5,16.9,3.1,8.1,2.6,33.4,3.6,7.9,2.7,0.4,0.5
"51137","Orange County, Virginia","51","137",TRUE,"missing_estimate:",94008,11.4511351640138,4855,29.6,2.8,14.9,1.3,5.1,1,2.1,0.9,93.1,1.6,21.7,0.2,20.4,0.3,7,,10.1,0.9,61.3,1.6,2,0.7,38,3.5,17.9,2.5,14.9,3.2,9.5,1.7,2.8,0.9,5.6,1.6,10.6,1.9,5.9,1.2,14,2.4,37,2.4,7.9,2,3.7,1.1,21.3,2.4,4.3,1.7,0.7,0.7
"51139","Page County, Virginia","51","139",TRUE,"missing_estimate:",57037,10.9514554590346,5201,15.2,2.3,19.2,1.8,3.1,0.9,1.6,0.6,80.5,2.6,19.6,0.1,22.3,0.4,2.6,,2.1,0.7,56.7,2.5,3.1,1.1,26.9,3.6,20.3,3.2,15.1,3.2,19.6,2.7,1.8,0.9,15.2,2.6,5,1.3,5.4,1.6,5.8,1.9,34.7,2.7,17.1,2.7,9.1,1.9,28.2,3.7,7.8,2.4,0,0.1
"51141","Patrick County, Virginia","51","141",TRUE,"missing_estimate:",53038,10.8787639167582,6528,15.1,2.4,20.4,2.1,2.6,0.8,0.8,0.5,82.6,3.5,17.4,0.2,27.6,0.6,3.5,,5,0.8,50.8,2.6,1.3,0.6,31.5,3.3,17.2,3.2,13.7,3,18.1,3.1,1.1,0.8,17.3,3.1,10.6,2.5,7.9,2.7,12.9,3.2,31.4,3.2,22.4,3.5,26,3.9,23.1,3.8,4.9,1.9,0.3,0.4
"51143","Pittsylvania County, Virginia","51","143",TRUE,"missing_estimate:",54085,10.8983121620644,2331,16.1,1.5,19.9,1.2,1.7,0.3,1.5,0.4,78,1.9,17.9,0.1,24.5,0.1,3.1,,20.3,0.6,51.7,1.4,2.4,0.5,31.8,2.1,16.2,1.5,11.9,1.5,20.1,1.9,1.5,0.7,17.6,1.9,5.9,1,5.6,1.1,5.7,1.4,27.1,1,15,1.6,18.3,1.7,21.3,2.2,5.2,1.2,0.2,0.1
"51145","Powhatan County, Virginia","51","145",TRUE,"missing_estimate:",110537,11.613105585522,6157,35,2.7,11.7,1.6,3.2,1.2,1.7,0.9,90.9,2.7,18.3,0.3,19.8,0.1,2.9,,7.2,1.1,62,2.3,2.3,0.8,46.7,3.5,15.4,2.8,11,2.2,5.5,1.4,1,0.7,6.9,1.8,11.6,2,5.8,1.4,23.1,3.6,32.6,1.6,5.8,2,2.5,1.4,6.8,2,2,1.2,0,0.4
"51147","Prince Edward County, Virginia","51","147",TRUE,"missing_estimate:",56315,10.9387162084818,4908,27.3,3,14.1,2,3.5,1,1.8,0.8,82,3.2,15.2,0.7,17.1,0.8,4.9,,29.5,1.7,47.2,2.9,0.7,0.5,35.4,4,21.9,3.3,8.1,2.6,16.2,3.4,3.2,1.6,6.2,2.3,4.4,1.5,3.5,1.6,7.3,2.6,25.6,2.7,17,3.6,13.8,2.9,42,3.8,6.1,2.2,0.2,0.3
"51149","Prince George County, Virginia","51","149",TRUE,"missing_estimate:",84897,11.3491940359861,5442,25,2.4,13.4,1.5,5.8,1.1,2.4,0.7,92.6,1.6,19.5,0.1,13.2,0.2,10.4,,30.9,0.6,62.5,1.8,2.4,0.8,38.9,3.2,17.5,3.2,9.7,2.2,14.8,2.5,0.7,0.7,8.9,2,8.1,2.3,4.2,1.6,10.2,2.2,23.9,1.4,4.5,1.6,7.1,2.2,25.7,2.9,3.3,1.1,0.3,0.3
"51153","Prince William County, Virginia","51","153",TRUE,"missing_estimate:",131402,11.786016605617,2625,44.9,0.8,8.9,0.4,26.3,0.7,13.7,0.6,96.4,0.4,26.4,0.1,11.3,0.1,26.1,,19.6,0.3,71.7,0.6,3.4,0.3,49.3,0.9,16.5,0.7,8.3,0.5,8.1,0.5,0.2,0.1,3.3,0.3,19.8,0.6,4.8,0.4,19.1,0.8,36.4,0.4,3.1,0.4,0.9,0.2,25.7,0.9,2.6,0.4,0.9,0.2
"51155","Pulaski County, Virginia","51","155",TRUE,"missing_estimate:",62028,11.035341174984,3125,20.8,2.1,18.6,1.8,1.3,0.4,0.6,0.3,81.7,2.4,17.8,0.2,22.9,0.4,2.2,,4.4,0.3,53.9,2.2,1.7,0.6,32.4,2.7,19.5,2.9,8.1,1.5,21.7,2.7,0.6,0.4,22.6,3.3,6.7,1.6,4.5,1.2,6.2,1.4,23.5,1.4,15.2,2,12.5,1.6,26.6,2.5,4.6,1.1,0.1,0.1
"51157","Rappahannock County, Virginia","51","157",TRUE,"missing_estimate:",83380,11.3311637514348,18445,33.3,5.5,12.1,3.2,5.9,2.5,0.8,1,90.6,4,17.2,1.5,27.8,1.2,4.8,,3.6,1.9,59.4,4,5.5,2.4,40,6.3,19.2,6.1,13.5,3.8,7.7,3.5,1,1.1,3,1.9,18.2,5.4,11.4,4,17.2,6,35.7,4.5,22.8,5,0.3,0.5,26.6,5.1,1.9,1.7,1,1.4
"51159","Richmond County, Virginia","51","159",TRUE,"missing_estimate:",66304,11.1020055061791,6797,16.9,3.3,17.9,3.2,5.2,1.4,2.2,1,87.1,3.7,17.7,,20.8,1.4,7.5,,26.8,2,45.8,3.3,1.1,0.8,30.4,7.1,22.7,6.9,18.2,5.5,10.7,4.7,4.2,2.2,12.5,3.9,10.8,5.1,5.5,2.9,14.9,6.1,31.6,3.2,20,4.2,9.5,4.3,25.3,6.8,6.4,2.9,0,1.2
"51161","Roanoke County, Virginia","51","161",TRUE,"missing_estimate:",83709,11.3351017775787,2594,37.1,1.6,14.6,1.1,6.8,0.6,2.8,0.5,89.5,1.4,19.6,0.1,22.1,0.1,4.1,,6.4,0.4,60.9,1.2,1.7,0.4,46.3,1.7,15.5,1.4,5.1,0.8,12.7,1.3,0.5,0.2,9.6,1.2,11.7,1.3,4.7,0.9,15.4,1.6,21.8,0.9,6.2,0.9,1.8,0.5,24.3,1.7,4.4,1,0.3,0.2
"51163","Rockbridge County, Virginia","51","163",TRUE,"missing_estimate:",65469,11.0893320271471,4457,32.8,3.1,19.5,2.2,2.6,0.7,0.7,0.3,84,3.3,17,0.2,27.4,0.3,2.3,,2.6,0.8,56,2.2,2.2,0.9,40.9,3.6,15.5,3.4,9.6,2.8,16.3,2.8,3.1,1.8,12.2,2.5,9.9,3.1,8.5,2.3,10.3,2.8,26.6,2.2,15.9,2.6,10.9,2.9,20.7,3,3.8,1.4,0,0.4
"51165","Rockingham County, Virginia","51","165",TRUE,"missing_estimate:",80693,11.2984071094797,2623,29,1.6,13.2,1,6.2,0.6,4,0.5,86.8,1.2,22.1,0.1,20.1,0.2,9.3,,2.2,0.3,63.6,1.2,1.7,0.4,34.9,1.9,16.4,1.5,11.1,1.2,17.4,1.5,3.7,0.8,13.9,1.3,7.1,1.1,7.1,1,9.2,1.2,22.2,0.8,10.6,1.1,8.3,1.1,24.7,1.8,4.8,0.9,0.4,0.2
"51167","Russell County, Virginia","51","167",TRUE,"missing_estimate:",50012,10.8200182556149,7432,13.1,1.8,31.6,2,0.8,0.4,0.1,0.1,72.7,3.2,18.9,0.3,23.6,0.2,0.7,,1.1,0.3,45.1,2.7,1.6,0.6,29.7,3.6,17.3,2.6,15.9,2.5,17.2,2.6,6.6,1.8,10.2,2.5,8,2,4.3,1.5,4.9,1.4,30,2.9,16.4,2.3,21.4,2.3,23.7,3,5.2,1.5,0.2,0.2
"51169","Scott County, Virginia","51","169",TRUE,"missing_estimate:",46349,10.7439549957882,3805,15.6,2.3,27.7,2.5,0.7,0.4,0.3,0.2,77.7,2.8,17.8,0.1,25.3,0.3,1.5,,1.3,0.4,44.9,2.4,1.3,0.6,35.6,4.2,15.8,3.1,12.6,2.4,18.1,3.2,1.8,1,18.4,3.1,5,1.3,4.6,1.4,5.8,1.5,29,1.6,22.5,2.1,19.7,2.7,23,2.1,7.6,1.6,0.2,0.3
"51171","Shenandoah County, Virginia","51","171",TRUE,"missing_estimate:",67191,11.1152945889706,6235,21.6,2.1,17,1.4,5.2,0.9,4.2,0.8,86.5,1.6,21.1,0.1,22.4,0.2,9.1,,2.9,0.4,60.6,1.6,2.9,0.7,31.4,2.7,18.7,2.1,12.7,2,17.3,2.2,2.3,0.8,13.2,1.9,9.1,1.9,6.7,1.4,9.3,1.4,28.5,1.2,16,2,4,1,26.7,2.5,5,1.2,0.5,0.3
"51173","Smyth County, Virginia","51","173",TRUE,"missing_estimate:",49883,10.8174355423318,3503,16.8,1.9,23.1,1.9,1.4,0.4,0.9,0.3,80.2,2.6,19.3,0.1,23,0.3,2.1,,2,0.4,50,2.1,1.5,0.5,29,3.2,17.2,2.3,10.1,1.7,26.7,2.9,0.8,0.5,22.2,3.2,6.8,1.5,4.3,1.2,6.1,1.6,22.2,1.3,16.1,2,16.2,2.2,29,2.4,6.5,1.4,0.5,0.5
"51175","Southampton County, Virginia","51","175",TRUE,"missing_estimate:",70795,11.1675436557191,5821,20.1,2.5,19.6,2,1.9,0.7,0.6,0.5,85.5,2.8,18.6,0.1,22,0.2,2.5,,29.2,1.8,55.9,2.2,3,0.9,37.3,4.7,19.2,3.7,10.1,2.2,15.6,2.5,2.9,1,10.7,1.8,10.8,2.5,5.9,1.7,5.4,1.7,33.1,2,12.1,2.8,15.5,3.3,23.9,3.5,5.4,1.9,0.2,0.2
"51177","Spotsylvania County, Virginia","51","177",TRUE,"missing_estimate:",112738,11.6328218215456,4298,34.9,1.4,10.9,0.6,10.4,0.7,5.3,0.6,95.5,0.7,24.4,0.1,15.2,0.1,13.4,,16.7,0.5,67.8,0.9,3.4,0.6,44.4,1.7,15.8,1.3,9.7,0.8,10.4,1.1,0.5,0.2,3,0.5,14.9,1.1,4.7,0.6,16.3,1.3,37.7,1.1,5.3,0.7,3.5,0.7,19.9,1.5,2.9,0.6,0.4,0.2
"51179","Stafford County, Virginia","51","179",TRUE,"missing_estimate:",137807,11.8336094345299,4821,43.8,1.5,8.8,0.6,13.8,0.9,7.6,0.8,96.8,0.6,26.2,,11.4,0.1,16.6,,19.5,0.6,69.3,0.9,2.4,0.4,50.7,1.4,17.1,1.1,8.2,0.9,7.3,0.8,0.3,0.2,2.7,0.5,16.8,1,4.2,0.7,20,1.3,36.1,0.7,4.3,0.7,2.2,0.6,19.5,1.4,2,0.5,0.3,0.2
"51181","Surry County, Virginia","51","181",TRUE,"missing_estimate:",78041,11.2649896085965,15313,27.1,4.2,17.7,2.8,1.9,1,1.1,0.8,80,4.4,17,,25.5,0.2,3.1,,39,1.7,60.3,3.5,3,1.5,31.3,4.9,20.1,4.7,16.5,4.3,14.3,4.6,1.8,1.6,10.4,3.4,3.1,1.8,5.1,2,6.7,2.8,41.8,2.7,18,5,14.9,4,20.5,4.2,4.7,2.2,0.2,0.3
"51183","Sussex County, Virginia","51","183",TRUE,"missing_estimate:",63530,11.0592675142606,2583,16.5,3,17.6,2.5,1,0.4,0.1,0.2,86.1,3.2,15.7,0.2,19.2,0.2,1.1,0.6,54.1,1.7,49,3.2,2,0.7,26,4,23.6,6.2,11,2.8,20.4,4.4,4.7,2.6,14.6,4.6,8.8,3,3.2,1.4,8.5,3,36.4,2.8,19.6,3.5,18.4,3.1,30.3,5.3,9.2,3.3,0.2,0.5
"51185","Tazewell County, Virginia","51","185",TRUE,"missing_estimate:",47313,10.7645403781557,3483,16.6,1.8,20.1,1.5,1.3,0.4,0.5,0.2,85.4,2.2,20,0.2,23.8,0.3,1.4,,3,0.7,44.9,1.8,1.7,0.6,30.5,3.5,17.3,3,10.1,1.8,18.5,2.6,5.4,1.3,12.8,2.4,7.3,1.5,3.4,0.9,7,1.8,27.1,2.2,17.6,2.2,21.7,2.5,25.6,2.4,6.6,1.5,0.1,0.2
"51187","Warren County, Virginia","51","187",TRUE,"missing_estimate:",84682,11.3466583432977,6378,25,2.5,14.9,1.6,6.3,0.8,2,0.5,91.5,1.8,21.6,0.1,17.2,0.3,7.4,,5,0.7,62.4,2,3,0.8,38.7,2.6,15.2,2,13.2,2,13.3,1.7,0.6,0.3,5.1,1.3,14.8,2.1,5.4,1.3,12.4,2,37.8,1.6,10.1,2.4,1.2,0.7,24.1,3,4.8,1.7,0.4,0.3
"51191","Washington County, Virginia","51","191",TRUE,"missing_estimate:",64552,11.0752263795283,3311,26.7,1.6,21.6,1.6,1.4,0.4,0.7,0.3,83.8,2,17.5,0.1,24.7,0.1,1.9,,1.8,0.2,53.2,1.4,1.6,0.4,35.9,2.3,15.2,1.6,9.2,1.4,18.3,2,2.5,0.8,12.5,1.6,7.8,1.2,4.9,1,8.5,1.4,24.1,1,13.5,1.5,13.2,1.5,24.2,2.2,4.6,1.1,0.3,0.2
"51193","Westmoreland County, Virginia","51","193",TRUE,"missing_estimate:",63398,11.0571875941864,7180,22.5,3,17.5,2.2,4.8,1.1,3.2,1.5,82.7,3.6,17.9,0.5,26.6,0.4,6.4,,23.2,1.4,52.2,2.7,3.7,1.5,37.9,5.3,14.1,3.1,12.9,3.4,15,3.5,3.7,3,3.6,1.4,15.5,3.5,7.6,2.2,13.4,3,42.7,3.8,28.8,3.4,7.6,2.2,19.9,3.7,6.1,2.3,0,0.5
"51195","Wise County, Virginia","51","195",TRUE,"missing_estimate:",52943,10.8769711421015,2440,15.8,2,27.5,2.4,1.5,0.5,0.8,0.4,84.4,2.3,19.1,0.1,19.9,0.2,1.4,,4.7,0.5,46.4,2.2,3.8,1,34.6,4.2,20,3.5,13.8,2.3,10.4,2.3,6.6,1.8,2.8,1,6.9,1.7,3.3,1.3,10.7,2.1,24.6,2.1,16.4,2.1,28.7,3.2,25.8,2.8,9.1,1.8,0,0.1
"51197","Wythe County, Virginia","51","197",TRUE,"missing_estimate:",57745,10.9637920445492,4590,19.4,2.4,18.7,1.9,1.4,0.4,1.1,0.3,82.9,2.9,19.4,0.1,22.3,0.3,1.6,,2.2,0.7,55.8,2,2.2,1,34.1,4.1,16,2.3,11.7,2.5,19.1,2.9,2.9,1.3,19.3,3,8.1,1.6,3.6,1.3,7,1.9,24.3,1.6,10.7,2.1,19,2.6,23,2.6,8.2,2,0.3,0.2
"51199","York County, Virginia","51","199",TRUE,"missing_estimate:",109956,11.6078355647532,4078,50,2.1,13.2,1.2,8,0.7,3,0.6,94.6,1,23.1,0.1,17.8,0.2,7.8,,13,0.6,66.4,1.2,2.4,0.6,56.4,2.1,12.9,1.4,7.1,1.1,7.3,1.2,0.3,0.2,9.8,1.2,15,1.5,4.6,1,14.4,1.8,23.2,0.8,5.4,1.2,1,0.6,28.4,2.1,3.8,1,0.2,0.2
"51510","Alexandria city, Virginia","51","510",TRUE,"missing_estimate:",119681,11.6925851487884,2819,66.2,1.1,7.4,0.5,24.9,1.2,11.7,0.9,94.1,0.9,18.1,0.1,13,0.1,18.3,,21,0.4,78.3,0.6,2.5,0.4,63.3,1.4,13.6,1.2,4,0.6,5.5,0.6,0.1,0.1,2.3,0.3,24.9,1.2,4.4,0.6,28.9,1.3,28.4,0.6,5.9,0.7,0.1,0.1,57.9,1.1,11.4,1.1,2.6,0.7
"51520","Bristol city, Virginia","51","520",TRUE,"missing_estimate:",50404,10.8278258159896,3694,24.8,3.6,22,2.5,2.2,1.3,1.1,0.7,74.8,4.7,19.6,0.6,23.7,0.5,2.8,,5.8,1.6,55.7,3.5,3.5,1.4,35.9,5.5,15.9,3.6,7.2,3,17.1,4.2,0.3,0.3,15.5,4,11.6,3.4,4.3,1.6,11.6,2.9,17.9,2.2,16.4,3.4,1.6,0.9,36.4,4.7,11.7,3,0.1,0.2
"51530","Buena Vista city, Virginia","51","530",TRUE,"missing_estimate:",57833,10.9653148259956,8629,23.3,5,20.9,4.5,0.9,0.8,0.2,0.3,86.6,5.3,22,0.7,18.8,1,0.2,0.3,2,1.3,53.4,5.5,0.8,1.3,28.4,6.3,28.4,8.5,7.5,4.3,14.8,5.3,0.7,1.3,10.3,5.3,7.8,3.5,3.3,2.5,8.1,4,17.4,2.2,13.4,5.3,4.6,2.7,43.5,7.7,8.5,3.5,1.1,1.4
"51540","Charlottesville city, Virginia","51","540",TRUE,"missing_estimate:",74824,11.2228939681144,5371,62.5,2.3,9.4,0.9,10.6,1.2,4.1,0.9,90.4,1.8,16.5,0.1,13.5,0.2,6.9,,15.5,0.9,64.7,1.6,2.4,0.8,63.4,2.7,15.2,1.9,2.4,1,4.6,1.1,0.4,0.3,3.6,0.9,15.4,1.9,5.6,1.4,21.4,2.3,17,0.9,8.3,1.7,0.6,0.4,55.8,2.2,11,2,0.3,0.3
"51550","Chesapeake city, Virginia","51","550",TRUE,"missing_estimate:",95373,11.4655507985111,2728,36.9,1.1,13,0.8,5.8,0.5,2.8,0.4,92.6,0.9,24.2,0.1,14.6,0.1,7.7,,28.5,0.4,66.8,0.7,3.1,0.5,46.8,1.4,15.4,0.9,8.8,0.9,10.8,0.8,0.4,0.2,7.1,0.7,14,1.1,4.6,0.6,13.1,1,25.8,0.5,3.3,0.6,1.6,0.4,25.6,1.3,5,0.6,0.7,0.2
"51570","Colonial Heights city, Virginia","51","570",TRUE,"missing_estimate:",76505,11.2451113771559,5526,28,2.9,17,2.1,6.5,1.7,4.4,1.5,88.8,2.8,24.6,0.1,18.3,0.6,8.3,,18.7,1.1,64.1,2.1,2.3,1.2,38.2,4.4,14.5,2.8,10.5,2.4,13.9,3,0.1,0.2,7.3,1.7,9.5,2.4,4.4,1.2,8.2,2.7,25.5,2,7.2,2.5,0.5,0.6,31.9,3.8,6.8,2.4,0.5,0.5
"51580","Covington city, Virginia","51","580",TRUE,"missing_estimate:",41944,10.6440906742524,11178,9.5,3.2,15.1,3.3,4.1,1.2,2.1,1.3,82.3,5.7,23,0.8,19.8,1.4,3.6,,12.7,2.1,46.7,4.7,1.3,1.7,18.5,5.1,22,5.2,18,6,15.8,5.1,0,2,12.5,3.8,7.2,3.2,5.1,3.5,7.3,3.2,17.1,4,15.1,3.9,5.6,3.2,29.9,5.2,6,3.4,0,1.5
"51590","Danville city, Virginia","51","590",TRUE,"missing_estimate:",44423,10.7015126323133,3639,19.6,2,18,1.4,3.5,0.5,2.2,0.5,78.7,2.3,22.6,0.1,21.1,0.3,5.6,,50.5,0.9,54.1,2,3,0.7,28.4,2.6,20.6,2.7,7.4,1.8,23.4,3,0.5,0.4,14,2.1,7.2,1.7,5.8,1.4,8.8,2.1,20.3,1.2,14.8,1.7,3.2,0.8,52.2,2.6,13.6,1.9,0.5,0.3
"51595","Emporia city, Virginia","51","595",TRUE,"missing_estimate:",51899,10.8570548011456,7831,16,4.5,22.5,5,2.5,2.2,2.3,2.3,88.4,3.8,27.6,3.7,18.2,2.8,7.9,4.4,64.3,6.6,55.5,4.8,1.6,1.4,18.7,5.6,18.5,7,9.5,5.5,33.7,9.7,3.3,3.1,17.6,7.2,7.7,5.3,3.4,2.8,9.9,4.4,23.2,3.1,20.9,6.6,2.8,2.5,61.9,6.9,12.5,5.2,0,1.8
"51600","Fairfax city, Virginia","51","600",TRUE,"missing_estimate:",132348,11.7931900960941,10015,62.4,3.2,7.9,1.4,30.6,3,16.9,2.2,96.7,1.9,24.8,0.1,14.1,0.6,18.9,,6.3,0.6,70.9,1.8,2.3,0.8,59.9,3.5,14.8,2.3,3.8,1.2,5.4,1.3,0.2,0.2,4,1.3,27.8,3.3,4.5,1.2,29.1,3.3,28,1.3,1.7,1.2,0,0.4,30.1,3.7,5.9,1.9,1.4,1
"51610","Falls Church city, Virginia","51","610",TRUE,"missing_estimate:",143262,11.872430400702,15432,80.5,3.1,7.2,1.5,16.6,2.3,5.2,1.8,98.3,1.1,24,,15.4,0.8,10.8,,3.5,0.8,72.6,2.5,3.6,1.4,72.4,3.8,10.4,2.8,1.2,1.1,3.3,1.4,0,0.5,3.6,1.4,30.2,4,4,1.6,32.7,4.1,28.7,1.6,4.7,2.3,0.1,0.1,47.5,3.6,6.2,2.2,1,0.7
"51620","Franklin city, Virginia","51","620",TRUE,"missing_estimate:",63245,11.0547713520816,6558,27.3,4.3,22.6,3.7,0.8,0.5,0.1,0.2,92.2,3,27,0.6,18.6,0.1,3.2,,54.8,2.3,56.6,4.5,4.5,2.7,39.3,7.5,23.2,5.9,9.6,4.6,16.9,5.3,0.3,0.6,14.7,5.4,8.6,3.9,2,1.5,4.7,3.3,23.3,3.3,11.7,5.9,0.1,0.2,46.1,5.1,9.1,3.7,0,1.1
"51630","Fredericksburg city, Virginia","51","630",TRUE,"missing_estimate:",86071,11.3629278160261,6832,46.1,3.3,11.4,1.9,12.1,2,8.4,1.7,92.9,1.6,21.2,0.1,11.4,0.3,12.6,,19.4,2,69.3,2.1,3.5,1.4,47.4,3.8,15.6,3.5,6.2,2.1,12,3,0.4,0.5,4.4,1.4,17.8,3.1,4.7,1.6,16.9,2.6,31.9,2.5,5.6,1.6,0.2,0.2,60.3,3.8,9.6,2.8,0.1,0.2
"51640","Galax city, Virginia","51","640",TRUE,"missing_estimate:",38675,10.5629486754413,8836,19.1,4.1,15.5,3.3,5.5,1.9,5.4,2.1,88.2,4,24.8,3.5,21.1,3.3,14.1,3.2,4.9,2.1,56,5.9,2.9,2.3,33.6,8.4,19.6,7.3,6,2.8,13.9,5.1,3.3,2.8,13.5,4.9,12.8,4.5,5.2,2.6,5.8,3.5,22.6,4.3,14,4.5,7.7,3.6,43.7,7.4,8.4,4,2.2,1.6
"51650","Hampton city, Virginia","51","650",TRUE,"missing_estimate:",69621,11.1508215249509,2291,28.5,1.3,16.4,0.9,5.9,0.7,2.4,0.5,93,0.8,21.5,,16.7,0.1,6.9,,48.1,0.9,65.2,1.3,3.8,0.6,37.3,1.7,18.3,1.6,8.4,0.9,15.2,1.5,0.3,0.2,11.3,1.3,11.9,1.4,4,0.8,10.4,1,22.5,0.8,7.2,1,1.2,0.3,43.1,1.6,7.6,1.2,0.7,0.3
"51660","Harrisonburg city, Virginia","51","660",TRUE,"missing_estimate:",62254,11.0389780692907,4131,37.5,2.3,10.4,1.1,17.8,1.7,14.6,1.5,85.9,2.4,17.3,0.1,10.5,0.5,23.6,,7.2,0.7,61.9,1.6,4.2,0.8,37.7,2.4,20.8,2.2,7.5,1.7,18.2,2.3,1.7,0.8,12.8,2.2,12.2,1.8,3.9,0.9,9.1,1.4,17.1,1.1,7,1.5,0.7,0.4,60.5,2.4,6.5,1.3,1,0.6
"51670","Hopewell city, Virginia","51","670",TRUE,"missing_estimate:",54729,10.9101490124563,7645,13.7,2.5,18.1,2.1,4.6,1.4,3.4,1,86.1,3,25.4,0.3,15.1,0.3,8.9,,41.6,2,63.2,3.4,5.7,1.9,25.9,4.2,19.7,3.2,11.7,2.4,19.5,3.9,0.6,0.7,10.5,2.9,11.6,2.6,4.1,1.6,11.6,2.5,26,2.1,11.4,3.1,3.3,1.7,42.1,3.6,11.7,2.8,0.2,0.3
"51678","Lexington city, Virginia","51","678",TRUE,"missing_estimate:",84517,11.3447079765425,16517,50.7,7.3,13.5,3.5,5.8,2.7,5.2,2.7,93.4,3.5,7.3,2.7,16.9,2.3,6.3,2.5,5.8,2.8,42.7,6.5,0.3,0.4,51.5,9.4,24.1,6.5,2.2,1.9,3.1,2.7,0,1.3,2.2,2.5,15.5,4.9,5.5,4.5,14.5,5.6,12.7,2.4,22.1,6.8,0,1.4,46.2,9.1,12.6,6.4,0.4,0.7
"51680","Lynchburg city, Virginia","51","680",TRUE,"missing_estimate:",57947,10.9672840786617,3396,38.5,2,13.8,1,4.8,0.7,2,0.4,92.4,1.3,19.4,0.1,14.3,0.1,5.1,,27,0.6,58.9,1.3,3.1,0.7,41.1,2.3,21.6,2.1,5.5,1,12.6,1.3,0.4,0.3,9.7,1.2,11,1.2,5,1,13.9,1.6,16.8,0.8,16.1,1.7,1,0.4,51.1,2.1,11.6,1.5,0.3,0.3
"51683","Manassas city, Virginia","51","683",TRUE,"missing_estimate:",113590,11.6403507532255,8224,32.7,2.1,9.4,1.2,32.4,2.2,23.3,2.2,95.1,1.8,26.9,0.1,10.6,0.3,43.9,,11.8,1,72.2,2,2.7,0.9,41.6,2.3,17.3,2,13.9,2.1,11.5,2.1,0.3,0.3,5.5,1.2,20.4,2.3,6.2,1.6,12.5,1.8,32.1,1.4,2.1,1.1,1.4,0.6,28.5,3,4.4,1.3,1.4,1.2
"51685","Manassas Park city, Virginia","51","685",TRUE,"missing_estimate:",103250,11.5449085108233,8996,26.9,4,10.1,1.7,36.8,3.3,24.8,3,92.6,3.7,23.1,,10.4,1.4,46.8,,13.6,1.5,75.4,2.5,4.1,1.5,35.8,3.5,21.1,4,12.8,3.2,10.2,2.5,0,0.4,5.5,2.4,19.5,5.1,4.4,1.6,11,3.2,37,2.6,6.8,3.4,1,1.2,33.5,5.9,5.3,3.2,1,1.3
"51690","Martinsville city, Virginia","51","690",TRUE,"missing_estimate:",46727,10.752077435046,5215,22.1,3.3,17.7,2.7,7.4,2.6,5.5,1.9,86,3.4,26.8,0.6,16.7,0.3,8.6,,43.9,2.9,57.2,3,1.7,0.9,28.5,4.8,21.2,5.1,7.1,2.2,21.3,4.5,1.7,1.4,13.6,3.6,13.1,3.7,3.6,1.5,10,3.6,21.3,2.8,18.8,3.5,0.7,0.9,44.6,4.6,9.7,2.8,0,0.7
"51700","Newport News city, Virginia","51","700",TRUE,"missing_estimate:",69634,11.1510082327895,2426,30.6,1.5,15.5,0.9,7.7,0.5,3,0.4,91.6,0.8,23.2,,14.1,0.1,10.8,,40.6,0.5,67.1,0.9,3.5,0.3,36.6,1.4,18.5,1.2,9.4,0.8,15.4,0.9,0.7,0.3,14.2,1,12.4,1.2,3.6,0.6,10.2,1.1,23.1,0.7,7.2,0.6,2.4,0.4,51.8,1.4,9.8,0.9,0.9,0.3
"51710","Norfolk city, Virginia","51","710",TRUE,"missing_estimate:",66109,11.0990601739086,1785,33.5,1.1,15.1,0.6,7.9,0.5,3.5,0.4,88.8,1,20.3,0.1,13,0.1,10.1,,38.9,0.5,69.8,0.7,3.3,0.3,40,1.2,18.7,1.1,8.3,0.7,12,0.9,0.2,0.1,7.4,0.6,12.8,0.8,3.7,0.5,10.2,0.8,23,0.6,8.3,0.7,0.7,0.2,53.7,1.4,11.5,0.8,0.8,0.3
"51720","Norton city, Virginia","51","720",TRUE,"missing_estimate:",41495,10.6333282170325,9617,13.7,5.4,33.7,8.1,0.3,0.6,0.3,0.7,80.1,10.2,20.2,4,21.3,4.7,3.1,3.9,2.2,2.2,47.6,8.7,1.8,2,41.5,11,12.4,7.2,12.2,6.3,7.2,5.4,1.8,2.9,1.8,2,22.5,10.9,2.8,2.6,18.5,9.9,20,5.5,9,5.4,13.3,5.7,50,8.8,10.7,5.8,0,2.5
"51730","Petersburg city, Virginia","51","730",TRUE,"missing_estimate:",50698,10.8336417410694,2886,25.4,2.9,19.5,1.7,4.5,0.9,3.6,0.7,85.5,2.2,23.9,0.1,16.8,0.2,6.5,,74.2,1.1,63.4,2,6.2,1.2,29.4,3.5,22,3.2,4.1,1.3,21.7,3,0.2,0.3,8.9,2.3,10.2,2.7,3,1.2,10,3.1,25.7,2.1,16.2,2.2,1.4,0.6,61.4,3.4,14.8,2.1,1.9,0.7
"51735","Poquoson city, Virginia","51","735",TRUE,"missing_estimate:",120972,11.7033143928419,13412,36.3,3.9,11.9,2.4,3.9,1.3,1.6,0.9,95.7,2.1,23,0.7,19.6,0.8,4.2,,1.9,0.6,65.7,2.6,2,1.1,48.7,4.9,13.1,3.5,6.6,2.3,9.7,2.7,0.5,0.6,12.4,3.3,11.5,3.8,2.7,1.7,11.7,3,27.2,2.5,4.9,2.2,1.2,1.1,15.4,4,1,0.9,0,0.8
"51740","Portsmouth city, Virginia","51","740",TRUE,"missing_estimate:",60491,11.0102498726224,1948,24.3,1.3,17,1.1,3.3,0.5,1.8,0.4,88,1.5,23,0.1,15.5,0.1,5.4,,50.2,1,63.8,1.5,3.8,0.5,34.7,2.2,19.4,2,9.9,1.2,15.3,1.6,0.1,0.1,12.9,1.8,9.6,1.3,4,0.9,8.7,1.2,23.7,0.9,7,1,0.7,0.3,42.1,1.8,12,1.3,0.7,0.4
"51750","Radford city, Virginia","51","750",TRUE,"missing_estimate:",57348,10.9568932483662,6243,37.9,4.6,12.1,1.8,2.1,0.7,0.4,0.5,87.4,2.8,12.5,0.6,9.6,0.7,4.4,,9.2,0.7,61,3.3,4.9,1.7,37.8,4.3,21.7,3.3,3.3,1.3,14.6,3.9,0.9,0.7,11.8,2.7,6.7,2.6,3.3,1.6,5.3,1.5,18.3,1.4,14.2,3.7,1.1,0.8,57.7,3.7,2.3,1.2,0.4,0.4
"51760","Richmond city, Virginia","51","760",TRUE,"missing_estimate:",64587,11.0757684311294,1911,45.6,0.8,14.2,0.7,8.4,0.6,5.5,0.5,86.2,0.9,17.5,0.1,14.1,0.1,10.7,,40.6,0.5,68.3,0.8,3.9,0.4,49.7,1.2,16,1.1,5.8,0.7,9.8,0.8,0.3,0.1,5.5,0.6,14.5,0.8,4.8,0.6,19.5,0.9,21.7,0.6,8.7,0.7,0.6,0.3,56.5,1,13,0.8,0.9,0.3
"51770","Roanoke city, Virginia","51","770",TRUE,"missing_estimate:",55378,10.9219376819522,2433,30,1.5,14.6,1,8,0.8,4.8,0.7,85.7,1.5,22.6,,17.8,0.2,9,,27.7,0.7,62.1,1.4,3.5,0.7,37.6,2.1,18,2,7.2,1.2,15.9,1.6,0.4,0.3,10.4,1.5,10.3,1.4,3.1,0.7,11.8,1.5,19,0.6,11.3,1.3,0.9,0.4,47.6,1.9,11,1.3,1.5,0.6
"51775","Salem city, Virginia","51","775",TRUE,"missing_estimate:",66725,11.1083349742727,6350,33,2.7,12.6,1.5,4.5,1.1,1.7,0.8,91.1,2.3,19.5,0.2,19.6,0.5,4.8,,8.7,0.7,59.9,2.2,2.1,0.8,42.4,3.1,16.5,2.5,5.7,1.4,11.7,2.3,1.1,1.1,9.2,2.2,6.1,1.6,2.1,0.8,10.8,2.4,19,1.5,7.7,2,2.6,0.9,37.2,2.7,6.4,1.9,0.6,0.5
"51790","Staunton city, Virginia","51","790",TRUE,"missing_estimate:",65581,11.0910412988338,4919,37.7,3.1,15.2,1.4,3.5,1,1.4,0.5,86.3,2.8,19.3,0.1,21.3,0.6,4.8,,10.3,1,59.6,2,3.1,0.9,40.9,3.8,18.2,2.9,6.9,1.8,15.2,2.5,2.1,1.5,9.3,2.2,9.1,1.9,4.5,1.4,8.8,2.3,20.5,1,8.8,2.2,0.5,0.5,39.1,3.2,8.1,1.8,0.8,0.6
"51800","Suffolk city, Virginia","51","800",TRUE,"missing_estimate:",92666,11.4367569097342,3881,33.3,1.4,13.3,0.8,4.4,0.6,2.3,0.4,90.2,1.2,23.6,,15.3,0.1,5.2,,41.6,0.6,65.3,1.3,3,0.5,44.8,1.6,15.8,1.2,7.5,1,13.1,1.3,0.6,0.2,12.1,1.1,12.7,1.2,4.5,0.7,10.7,1.2,30.2,0.6,6.4,0.9,2.3,0.5,29.3,1.5,5,0.8,0.3,0.2
"51810","Virginia Beach city, Virginia","51","810",TRUE,"missing_estimate:",92968,11.4400106269027,1774,40.9,0.7,12.1,0.5,9.2,0.4,3.8,0.3,94.4,0.5,21.9,,15.9,0.1,9.1,,18.2,0.3,68.5,0.5,2.5,0.3,47.5,0.9,16.3,0.7,6.7,0.5,9.5,0.5,0.2,0.1,6.1,0.4,14.7,0.6,4.8,0.5,14.3,0.7,23.4,0.3,6,0.4,1,0.2,34.9,0.9,4.6,0.4,0.3,0.1
"51820","Waynesboro city, Virginia","51","820",TRUE,"missing_estimate:",59994,11.0019998362039,3755,25.7,3.3,19.8,2.6,6.7,1.2,4.8,1.1,91.4,2,22.4,0.1,17.9,0.6,9.7,,10.9,1.1,64.1,3,3.2,1.2,36.2,4.1,18.8,2.9,6.9,2.3,15.8,3.2,0.4,0.4,14.9,2.8,8.1,2,5,1.8,10.3,2.4,21.4,1.5,6.4,3,0.4,0.6,40.1,4,5.8,1.7,0.2,0.2
"51830","Williamsburg city, Virginia","51","830",TRUE,"missing_estimate:",75604,11.2332644708208,10916,45.8,5,9.4,2.2,10.2,2.1,3,1.3,92.1,3.8,10.5,0.6,17.5,0.5,8.3,,14.3,0.9,48.7,2.7,3.3,0.9,43.1,4.9,23,5.2,2.8,1.7,8.7,2.9,0.1,0.1,4.9,1.6,11.9,4.2,4.3,2,18.1,4.1,19.5,2.2,13.4,4,0,0.7,46.8,5,6.5,3.6,0,0.8
"51840","Winchester city, Virginia","51","840",TRUE,"missing_estimate:",63974,11.0662320297999,2269,31.3,2.8,15.8,2.1,12.1,2.3,10.1,1.6,87.4,3,22.5,,16.7,0.6,21,,7.7,1.3,65,2.5,4.2,1.3,40.1,3.7,18.4,3.3,9.7,2.7,14.2,2.5,1.8,1.9,9.9,2.5,14.2,2.7,4.2,1.3,14,2.8,19.6,1.8,8.4,2.6,0.1,0.2,56.4,3.5,9.4,2.6,1.7,0.9
"53001","Adams County, Washington","53","001",TRUE,"missing_estimate:",66136,11.0994685069325,4393,15.7,2.4,11.7,1.5,24.5,2.4,24.7,3.2,90,3.2,34.7,0.2,12.2,0.2,64.5,,0.2,0.3,60,2.2,2.2,0.9,25.4,2.9,15.6,2.5,30.3,4.5,15.3,2.9,30.1,5.2,8.8,2.5,5.4,1.9,6,1.9,6,1.7,22.2,2,9.2,2.3,23.4,3.1,30.7,4.1,6.4,2,1.5,1.2
"53003","Asotin County, Washington","53","003",TRUE,"missing_estimate:",72283,11.1883442491022,5956,24.7,2.3,21.2,1.7,2.7,0.6,0.9,0.4,87.5,2.8,19.6,0.1,25.2,0.3,4.6,,0.9,0.4,54.7,2.4,2.7,1,34.9,3.2,22.5,3.4,8.9,1.9,14.6,2.4,2.5,1.2,9.9,2.7,9.9,2.3,5.3,1.5,10.9,2.4,15.3,1.3,6.8,2.1,11.9,2.7,26.8,2.8,3.2,0.9,0.3,0.3
"53005","Benton County, Washington","53","005",TRUE,"missing_estimate:",89874,11.4061639683968,2080,33.2,1.1,15.1,0.8,11.4,0.7,8,0.7,92.2,0.8,26.1,0.1,15.9,0.1,25.6,,1.6,0.2,61.6,0.8,3.3,0.4,41.8,1.3,16.1,1,11.3,0.9,12.7,1.1,4.6,0.6,6.8,0.7,15.7,1,4.7,0.7,12.9,1,22.2,0.6,6.1,0.7,8.5,0.7,32.4,1.2,5.9,0.7,1.1,0.3
"53007","Chelan County, Washington","53","007",TRUE,"missing_estimate:",82381,11.3191101067851,4076,31.2,1.7,15.7,1,14,1.1,10.5,1.1,90.7,1.3,22.6,0.1,20.9,0.1,29,,0.4,0.1,59.6,1.4,2.2,0.6,36.9,2.1,17.3,1.6,14.6,1.7,12.7,1.7,8.5,1.3,5.3,1,9.1,1.2,6.3,1,9.6,1.4,20.2,1,18.5,1.3,9.7,1.4,35.4,2.4,5.8,0.9,0.9,0.5
"53009","Clallam County, Washington","53","009",TRUE,"missing_estimate:",70370,11.1615223149606,2176,31.6,1.4,20.7,1.2,4.5,0.5,1.6,0.3,92.5,1.1,16.1,,32.2,0.1,6.8,,0.8,0.1,47.6,1.1,2.4,0.5,38.1,2.4,19.9,1.7,10.7,1.3,10.5,1.2,2.6,0.5,5,0.9,9.2,1.3,9.2,1.3,13.5,1.4,19.3,0.9,9.2,1.1,11.8,0.9,26.3,1.7,5.6,1,0.9,0.4
"53011","Clark County, Washington","53","011",TRUE,"missing_estimate:",97536,11.4879768196063,1952,33.3,0.8,13.4,0.4,11,0.5,6,0.4,94.5,0.4,22.7,,16.7,0.1,12.3,,2.1,0.2,64.2,0.5,3.4,0.3,41.8,0.8,15.5,0.7,8.6,0.5,14.5,0.7,1,0.2,11.1,0.5,11.8,0.5,5.7,0.4,19.1,0.8,24.8,0.5,4.1,0.4,3.7,0.3,33.6,0.7,4.7,0.4,0.9,0.2
"53013","Columbia County, Washington","53","013",TRUE,"missing_estimate:",71810,11.1817790211044,5338,24.9,4.4,18.3,3,5,3.1,4.4,3.2,82.4,5.1,18,1.8,29.3,1.2,8.3,,0.5,0.8,54.9,4.3,2.1,1.3,34.9,6.7,19.6,5,14.8,5.2,11.2,4.3,15,4.8,7.8,4.2,7.9,4.2,6.5,2.7,11.9,5.3,23,3.9,16,6.1,11.6,4.1,22.3,6,6.3,3.9,0,2.1
"53015","Cowlitz County, Washington","53","015",TRUE,"missing_estimate:",76531,11.2454511664898,3128,17.6,1.1,20.2,0.9,4.3,0.5,3.4,0.5,91,1,22.5,,19.8,0.1,10.5,,0.6,0.2,56.7,1.2,3.4,0.6,32.1,1.8,18,1.5,11.4,1.1,19.2,1.5,2.5,0.5,13.2,1.3,9.3,1.3,5.6,0.9,8.2,1,26.1,1,5.3,0.9,8.5,0.8,32,1.6,6.2,0.9,1,0.3
"53017","Douglas County, Washington","53","017",TRUE,"missing_estimate:",80363,11.294309150238,6149,21.5,2,16,1.4,15.9,1.4,13.6,1.3,90.5,1.9,24.4,0.1,18.4,0.1,35.5,,0.4,0.2,63.1,1.6,2.5,0.8,28.8,2.8,17.8,2.3,22,2.2,13.2,2,16.4,1.9,6.6,1.3,7.3,1.7,5,1.3,8.5,1.7,20.1,1,11.3,1.8,13.2,1.5,30.7,2.7,4.3,1.1,0.8,0.4
"53019","Ferry County, Washington","53","019",TRUE,"missing_estimate:",55614,10.9261902471039,6024,15.2,2.7,23.5,2.6,2.5,0.8,1,0.6,80.2,3.5,16.6,1,30.6,0.8,3.6,,0.3,0.3,42.7,3.3,5.3,1.6,40.7,6.5,25.7,5.7,10.4,3.5,6.2,2,9,3,3.8,1.9,6.7,2.8,11.6,4.7,14.4,4.8,21.3,3.3,23,3.3,21,3.5,21.9,3.6,4.1,1.5,0.4,0.4
"53021","Franklin County, Washington","53","021",TRUE,"missing_estimate:",86714,11.370370626088,4594,21.1,1.6,10.5,0.9,20.8,1.5,19.2,1.5,92.8,1.3,30.9,0.1,10.4,0.1,55.3,,1.9,0.3,65.8,1.5,3.6,0.7,33,2,17.4,2,18.9,1.6,15.9,1.9,12.2,1.5,8.5,1.3,10.6,1.4,4.8,1,8.1,1.1,22.4,1.3,4.1,1,7.6,1.2,29,2.1,4.2,1.1,2.2,0.7
"53023","Garfield County, Washington","53","023",TRUE,"missing_estimate:",64884,11.08035633917,13920,31.8,7.9,24.2,5.9,2.3,1.6,1.9,2,83.9,6.5,18.7,3.5,26.1,5.6,5,3.8,0.8,1.2,48.9,6.4,3.1,2.4,37.8,10.5,19.4,6.8,10.1,5.9,7.2,4.8,12,5.2,6.9,5.5,6,3.9,9,5.1,16.8,8.2,26.4,4.7,15.6,5.4,16.8,6.3,23.1,6.3,0,3.8,0,3.8
"53025","Grant County, Washington","53","025",TRUE,"missing_estimate:",73267,11.2018655818637,3441,18.4,1.2,14.5,1,16.1,1.2,15,1.2,90.8,1.6,28.3,,14.6,0.1,43.9,,1.2,0.2,62.3,1.4,4.1,0.8,31.4,2,17.7,1.6,22.8,1.8,14.6,1.7,20,1.7,11.4,1.8,6.1,0.9,6.2,1,9.7,1.4,20.2,1.3,12,1.2,23.5,1.6,33.7,2.5,5.1,1,1.7,0.6
"53027","Grays Harbor County, Washington","53","027",TRUE,"missing_estimate:",64414,11.0730862797707,2530,18.2,1.1,22,1.3,5.6,0.8,4.4,0.7,89.8,1.3,19.7,0.1,23.3,0.2,11.2,,1.5,0.2,50.3,1.3,3.5,0.7,28.8,1.9,22.7,1.7,11.3,1.4,16.8,2,5.6,1.5,9.5,1.4,6.3,1.2,5.6,1,10.3,1.4,24.3,1.2,17.1,1.5,11,1.2,26.8,1.8,5.4,0.9,1.1,0.5
"53029","Island County, Washington","53","029",TRUE,"missing_estimate:",90551,11.4136685068729,4001,36.6,1.5,16.9,1.1,8,0.6,3.3,0.5,94.8,1.1,17.3,0.1,26.8,0.1,8.7,,2.2,0.2,56,1.1,2,0.4,41.3,2.3,17.3,1.6,10.2,1.5,12.3,1.4,1.3,0.3,10.4,1.4,12.9,1.4,7.7,1.1,14.1,1.2,26.2,1.2,15.8,1.5,6.4,0.9,25.3,1.4,3.8,0.8,0.6,0.2
"53031","Jefferson County, Washington","53","031",TRUE,"missing_estimate:",74048,11.2124688105533,4031,43.9,2,20.2,1.7,4.8,1,1.3,0.4,92.5,1.4,11.2,0.1,40.7,0.3,4.4,,0.3,0.2,43.9,1.6,2.9,0.6,46.2,3.6,17.4,2,9.9,2.3,10.7,2,3.7,1.1,6.6,1.6,12.4,2.1,15.1,2.6,23.7,3.1,21.3,1.6,16.4,2.1,9.3,1.4,21,2.3,4.6,1.2,1.3,0.6
"53033","King County, Washington","53","033",TRUE,"missing_estimate:",124746,11.7340349489714,968,56.7,0.3,10.3,0.2,25.8,0.3,11.3,0.2,95.1,0.2,19.5,,14,,11,,6.4,0.1,69.9,0.2,3.4,0.1,58.5,0.4,12.7,0.3,4.9,0.2,8.5,0.2,0.5,0.1,7.9,0.2,22.1,0.3,5.4,0.2,29.2,0.3,27.6,0.2,6.2,0.3,1.4,0.1,44.6,0.4,11.2,0.3,1.9,0.1
"53035","Kitsap County, Washington","53","035",TRUE,"missing_estimate:",104158,11.5536642560292,1592,37.9,0.9,14.8,0.5,7.2,0.4,2.9,0.3,95.3,0.6,19.7,,19.7,0.1,9.4,,2.2,0.2,62,0.6,2.6,0.3,44.4,1.1,16.7,0.9,10.1,0.7,10.9,0.7,0.8,0.2,11.1,0.8,13.1,0.7,5.9,0.5,16,0.7,28.4,0.7,7.2,0.7,5.8,0.5,29.9,1.1,4.3,0.5,0.6,0.2
"53037","Kittitas County, Washington","53","037",TRUE,"missing_estimate:",73804,11.2091682096618,4984,37,2.5,16.2,1.5,4.8,0.9,1.8,0.6,90.6,1.7,16.7,0.2,17,0.1,10.5,,1.1,0.3,61.4,2,3.8,1.1,38.5,2.3,23.8,2.2,9.3,1.5,10.9,1.8,4.3,1.1,5.2,1,7.9,1.7,6.9,1.3,13.8,1.9,23.3,1.6,19,2,6.1,1.1,38.5,2.2,4.4,1.1,1.8,0.7
"53039","Klickitat County, Washington","53","039",TRUE,"missing_estimate:",71042,11.1710265304229,4287,31.2,2.8,18.8,1.8,8.8,1.4,4,0.8,87.9,2.7,18.2,0.3,25.1,0.4,13.2,,0.3,0.4,52.3,2.5,2.7,0.9,39.8,4,15.1,3,18.7,3.5,11.5,2.5,9.5,2.6,10.7,2.4,11,2.5,7.4,2,17.7,3.2,26.7,2.1,9.8,2,17.5,2.7,23.3,2.5,5.2,2,0.5,0.4
"53041","Lewis County, Washington","53","041",TRUE,"missing_estimate:",74796,11.2225196865969,3695,21.5,1.3,19.7,1,5.3,0.5,3.1,0.5,87.9,1.4,21.6,0.1,21.4,0.1,11.5,,0.7,0.2,55.8,1.5,3,0.5,34.3,1.8,16.2,1.3,14.4,1.4,16.4,1.4,5.6,0.8,9.3,1.2,7.9,1.1,5.8,0.9,9.7,1.3,28.5,1.3,9.8,1.2,14.7,1.5,24.2,1.5,4.6,1,0.9,0.4
"53043","Lincoln County, Washington","53","043",TRUE,"missing_estimate:",71512,11.1776205467677,4947,24.2,2.3,20.7,2.2,1.9,0.6,0.7,0.4,86.9,2.6,21.8,0.3,26.2,0.4,4.2,,0.5,0.2,54.2,2.4,4.2,1,40.7,3.4,17.1,2.4,13.1,2.3,12.9,2.4,11,2.3,7.7,2.3,6.5,1.7,5.8,1.7,13,3,26.4,1.6,18.6,2.5,14.2,2.5,19.6,2.5,3.8,1.4,1.3,0.8
"53045","Mason County, Washington","53","045",TRUE,"missing_estimate:",83270,11.3298436192299,4720,21.9,1.5,19.4,1.1,7,0.8,4.7,0.8,91.9,1.4,19.5,0.1,24.2,0.1,12.8,,1,0.2,49.3,1.3,3.2,0.7,36.9,2.4,16.3,1.6,16.2,1.9,13,1.5,3.8,1,9.5,1.5,10.3,1.6,7.3,1.6,14.5,1.9,36.1,2.2,23.8,1.8,16.4,1.4,17.7,2.1,3.9,0.8,1.5,0.5
"53047","Okanogan County, Washington","53","047",TRUE,"missing_estimate:",63207,11.0541703334952,5662,24.7,1.7,16.7,1.4,13.2,0.9,9.4,0.9,86.9,1.5,21.6,0.2,23.2,0.1,21,,1.3,0.3,55.5,1.7,2.5,0.5,32.8,2.2,15.7,1.8,27,2.4,8.7,1.5,23.6,2.4,2.7,0.9,5.4,1.3,8.7,1.3,16.2,4.1,18.4,1.3,20.8,1.9,17.6,2,27.6,2,4.2,1,1.2,0.5
"53049","Pacific County, Washington","53","049",TRUE,"missing_estimate:",67081,11.1136561233991,5075,24.9,2.3,23.2,1.8,5.3,0.9,2.9,0.9,89.7,1.8,15,0.3,33,0.6,9.9,,0.5,0.4,48.1,2.4,2.5,0.7,32.9,3.5,19.2,2.5,12.8,2.7,14.3,2.5,6.9,1.8,8.2,2.1,7.4,1.9,11.3,2.4,16.5,2.5,23.2,2.2,32.8,2.6,16.5,2,18.2,2.3,5.5,1.8,1.1,0.6
"53051","Pend Oreille County, Washington","53","051",TRUE,"missing_estimate:",67436,11.1189342789357,7718,20.9,3.1,20.6,2.8,2.1,0.8,0.3,0.2,88.7,2.9,19.3,0.2,27.3,0.4,4,,0.2,0.2,48.5,2.5,2.9,0.8,31.8,3.6,17.5,3.3,15.8,4,15.8,3.3,5.5,2.9,9.3,2.7,6.8,2.3,6.3,2.1,13.4,3.1,29.8,2.5,26.7,2.7,16.2,2.9,19.2,3.5,3.8,1.2,2.3,1.4
"53053","Pierce County, Washington","53","053",TRUE,"missing_estimate:",99564,11.5085559324523,1209,30.9,0.6,14.1,0.3,10.9,0.3,6.1,0.3,94.6,0.3,23,,14.8,,12.8,,7,0.2,66.3,0.4,3.2,0.2,39.3,0.7,16.1,0.5,10.1,0.4,14.2,0.5,0.6,0.1,8.8,0.4,10.3,0.4,4.4,0.3,13.9,0.5,31.3,0.4,5,0.3,4.5,0.3,35.3,0.6,5.4,0.4,1.2,0.2
"53055","San Juan County, Washington","53","055",TRUE,"missing_estimate:",84800,11.34805082178,5910,53.9,1.6,12.8,1,7,0.8,1.7,0.5,93.8,1.1,12.6,0.1,36,0.2,7.6,,0.2,0.1,52.8,1.1,1.9,0.5,43.3,2.4,18.1,1.6,13,1.5,8.2,1.2,3.2,0.7,5.6,1.1,17.4,1.5,17.6,1.8,22.7,2.3,15.8,1.1,35.6,1.5,4.3,0.7,22,1.5,3.6,0.9,1.7,0.5
"53057","Skagit County, Washington","53","057",TRUE,"missing_estimate:",89263,11.3993423472981,2583,30.2,1.1,15.3,0.8,9,0.6,6.1,0.6,93.8,0.6,20.9,,22.6,0.1,19.3,,0.7,0.1,58.4,0.9,2.8,0.4,37.1,1.4,18.1,1.1,13.4,0.9,13.7,1.1,3.7,0.7,10.4,1,9.4,0.8,6.3,0.8,12.2,1.1,26.4,0.8,8.3,0.7,6.9,0.6,29.9,1.1,3.9,0.6,1.7,0.4
"53059","Skamania County, Washington","53","059",TRUE,"missing_estimate:",93265,11.4432001824787,3234,29.8,2.7,14.1,1.8,3.9,0.9,1.3,0.5,89.3,2.1,16.8,0.4,24.4,0.5,6.7,,0.8,0.4,57,2.2,3,0.9,38.6,3.1,18.3,3,10.5,2.2,16.8,3.1,2.9,1.3,9.6,1.8,10.4,1.7,9.6,2.5,17.4,2.7,32.9,2.5,16,2.3,12.2,2.7,20,2.6,3.3,1.2,0.9,0.6
"53061","Snohomish County, Washington","53","061",TRUE,"missing_estimate:",111246,11.6194992443259,1305,38.2,0.6,12.4,0.4,19.3,0.4,9.5,0.3,94.4,0.4,22.1,,14.8,0.1,12.1,,3.6,0.1,67.3,0.4,3,0.2,45.8,0.8,14.8,0.5,9.6,0.4,11.3,0.4,0.7,0.1,13.3,0.5,14.4,0.4,5.3,0.3,20,0.6,30.8,0.4,4.6,0.3,4.6,0.3,31.8,0.6,4.7,0.3,1.3,0.2
"53063","Spokane County, Washington","53","063",TRUE,"missing_estimate:",78582,11.2718979445575,1591,33.1,0.7,16.1,0.4,5.4,0.3,2.7,0.2,92,0.5,21.5,,17.4,0.1,7.1,,1.9,0.1,62,0.6,3.3,0.2,40.3,0.9,17.6,0.6,8,0.5,12.8,0.5,1.2,0.2,7.6,0.4,10.4,0.5,5.1,0.4,15.5,0.7,22.5,0.4,5.5,0.4,5,0.4,35.5,0.8,6.8,0.4,1,0.2
"53065","Stevens County, Washington","53","065",TRUE,"missing_estimate:",69327,11.1465897196892,3598,22.2,1.7,17.7,1.1,1.9,0.4,0.7,0.2,86.7,1.6,21.1,0.2,25.3,0.2,4.2,,0.3,0.2,49.7,1.6,2.6,0.5,34.7,2.2,17.2,1.7,15.1,1.7,14.6,1.9,5.2,1,10.3,1.7,8.6,1.5,7.5,1.6,11.1,1.6,29.3,2.2,15,1.3,18.4,1.7,20.2,2.1,4.1,0.8,1.2,0.7
"53067","Thurston County, Washington","53","067",TRUE,"missing_estimate:",96563,11.4779509240543,1945,38.5,1,16.1,0.7,8.3,0.4,4.1,0.4,94.5,0.6,20.9,,18.7,0.1,10.6,,3.2,0.3,61.5,0.9,3,0.3,46,1.1,15.6,0.9,7.9,0.8,10.1,0.7,1.7,0.5,5.3,0.5,9.5,0.7,4.6,0.5,20.5,1,25.8,0.5,5,0.6,8.1,0.6,32.3,1.1,4.7,0.6,0.5,0.2
"53069","Wahkiakum County, Washington","53","069",TRUE,"missing_estimate:",62653,11.0453668442536,10138,21.8,4.9,19.9,3.2,2.3,1.2,0,0.1,85.1,6,17.5,1.8,34.1,3.1,5.6,1.9,0.8,0.6,41.9,5.2,1.5,1.1,30.9,7.2,21.1,6.5,16.2,7.3,16.2,8.2,5.1,4.2,4.7,3.3,4.1,2.9,8.6,5,16.2,6.8,33.9,10.6,6.7,3.2,12.2,5.6,16.8,5.3,4,2.5,0.3,0.4
"53071","Walla Walla County, Washington","53","071",TRUE,"missing_estimate:",74202,11.2145463829701,4241,29.8,1.8,14.3,1,9.5,1,7.5,0.9,89.1,1.9,20.6,0.1,20,0.2,23.8,,1.6,0.2,58.5,1.3,3.6,0.8,38.5,2.1,19.8,2.1,10.2,1.6,13.2,1.8,5.6,1.1,7.2,1.3,7.2,1,5.7,1.2,11.5,1.6,15.1,0.8,7.8,1.4,7.4,1.3,35,2.4,6.2,1.2,0.9,0.7
"53073","Whatcom County, Washington","53","073",TRUE,"missing_estimate:",81784,11.3118369044369,2688,39.3,1.1,14.3,0.7,9.9,0.5,4,0.5,93.7,0.7,18.5,,18.9,0.1,10.6,,0.9,0.2,63.1,1,3,0.4,41.6,1.2,18.6,1.2,9.6,0.8,12.1,0.9,3.4,0.6,9.9,0.9,11.1,0.9,7.5,0.8,14.8,1.1,21.6,0.6,9.2,0.7,6.3,0.7,36.3,1.2,6.4,0.6,1.1,0.4
"53075","Whitman County, Washington","53","075",TRUE,"missing_estimate:",55406,10.9224431701201,4182,49.8,2.8,14.6,1.3,7.5,1.2,2.5,0.6,85.4,2.1,15.8,0.1,11.9,0.2,8.1,,1.4,0.3,62.4,2,4.3,0.8,51.8,2.9,18.8,2.3,6.5,1.1,8,1.5,4.8,0.9,7.1,1.3,9.2,1.5,5.4,1,10.3,1.4,16.5,0.7,15.3,2.1,6.2,0.9,53.2,2.1,7.3,1.3,0.2,0.2
"53077","Yakima County, Washington","53","077",TRUE,"missing_estimate:",70656,11.1655783101967,2480,19.2,0.9,13.9,0.6,18.2,0.6,16.4,0.6,89.5,0.9,28.9,,14.5,0.1,52.4,,0.6,0.1,62.2,0.8,4.6,0.5,28.8,1.2,16.8,0.9,19.6,0.9,17,0.9,13.8,0.9,9.4,0.9,6.4,0.7,4.7,0.5,7.3,0.7,20.3,0.6,5.1,0.7,11.3,0.8,38.2,1.1,5.2,0.7,1.8,0.4
"54001","Barbour County, West Virginia","54","001",TRUE,"missing_estimate:",51394,10.8472767131121,3654,12.5,2.7,16.8,2.2,0.4,0.3,0.6,0.7,84.3,3,19.9,0.6,21.1,0.6,1.2,0.8,1.5,0.4,48.2,2.3,4.1,1.6,28.6,5.1,19.1,4.5,19.7,4.5,14,3.7,9,2.7,7.2,2.5,9.3,3.4,3.3,1.8,6.6,2.4,30.1,2.7,13.6,2.9,16.3,3.4,21.7,3.7,6.5,1.8,0.3,0.6
"54003","Berkeley County, West Virginia","54","003",TRUE,"missing_estimate:",80815,11.2999178708439,2551,25.1,1.7,14.3,0.9,5,0.6,1.5,0.4,92.2,1,23.1,,15.3,0.1,6.4,,7.1,0.6,66.2,1.1,3.1,0.6,37,2,13.8,1.3,9.4,1.2,20,1.6,0.6,0.2,12.9,1.4,9.4,1.3,3.4,0.6,10.3,1.1,30.7,1.1,5.2,1,10.3,1.3,24,1.6,5.1,1.2,0.6,0.3
"54005","Boone County, West Virginia","54","005",TRUE,"missing_estimate:",57093,10.9524367961851,5805,11.5,2,26,2.7,0.5,0.3,0.7,0.4,86.8,2.5,20.5,0.4,22.1,0.2,0.7,0.6,0.4,0.5,46.2,2.3,4.1,1.4,32.3,4.8,18.2,2.9,17.2,3.2,9.7,2.8,12.7,3,4.2,2.1,5.8,2,3,1.4,5.9,2.1,33.4,3.6,21.9,2.5,26.7,3.1,18.7,3.3,7.4,2,0.4,0.5
"54007","Braxton County, West Virginia","54","007",TRUE,"missing_estimate:",50331,10.8263764684385,5990,14.4,2.6,18,2.2,0.1,0.1,0,0.3,79.8,4.3,18.4,0.2,24.9,0.2,0.6,0.4,0.6,0.5,42.9,2.8,4,1.3,30.4,4.1,18.8,3.6,13.2,3.7,16.6,4.5,3,1.6,8.8,3.4,12.1,4.5,5.2,2,9.5,2.6,33.6,4.1,23.3,4.2,23.4,3.9,23.2,4.2,10.7,3.1,0.1,0.1
"54009","Brooke County, West Virginia","54","009",TRUE,"missing_estimate:",54316,10.9025741218187,5403,23.4,2.7,17.1,1.7,1.5,0.3,0.6,0.2,83.1,3.7,17.2,0.3,25.2,0.1,1.4,,1.5,0.4,55,1.7,3.4,1,35.4,3.3,20.1,4.3,9.3,1.8,16.4,2.6,2.1,1.1,10.2,2.3,7.8,2.3,2.8,1.4,7.3,1.8,24.8,1.7,9.5,2.4,10.7,3,25.4,3.8,7.6,2.1,0.2,0.3
"54011","Cabell County, West Virginia","54","011",TRUE,"missing_estimate:",55832,10.930102460697,2843,32.6,1.6,19.4,1.3,1.7,0.3,0.8,0.2,86.6,1.6,19.7,,20,0.1,1.8,,4.1,0.4,57.1,1.2,2.9,0.4,41.4,2.2,19.1,1.4,6.9,1.1,11.8,1.2,0.8,0.3,7.2,1,8.1,1.1,5,0.8,8.7,1.1,21.4,0.8,14.6,1.2,7.7,1.3,35.8,1.5,10.4,1.2,0.9,0.6
"54013","Calhoun County, West Virginia","54","013",TRUE,"missing_estimate:",43980,10.6914902641088,2257,10.1,2.7,23,3.2,0,0.1,0,0.6,77.4,5.8,19,1,26.4,0.5,0.6,0.6,0.1,0.1,40.8,5.3,3.6,1.8,28.7,7.6,9.9,4.3,15.9,6.5,21.8,8.2,7.9,3.3,6.4,3.7,6.3,3.4,3.3,2.7,2.1,1.5,39.8,7.3,20.7,5.6,24.5,5.7,12.9,3.6,11.9,4.2,0,1.5
"54015","Clay County, West Virginia","54","015",TRUE,"missing_estimate:",42318,10.6529678064362,10911,11.3,3.1,20.9,3.2,0,0.1,0,0.5,84,4,21.8,0.9,22.4,0.3,0.2,0.3,0.1,0.1,43.6,3.6,5.1,2.6,30.2,7.3,16.1,5.3,20.4,6.7,13.2,4.5,5.8,3.1,5.3,3.1,5.7,4.2,3.7,2.4,7.4,3.7,45.4,5.9,25,4.8,32,5.2,24,5.9,10.3,3.8,0,1.3
"54017","Doddridge County, West Virginia","54","017",TRUE,"missing_estimate:",57401,10.9578170037587,8074,13.9,3.6,16.1,4,1.6,1.5,0,0.5,84.4,4.1,14.7,1.4,21.6,0.2,1.4,1,2.5,1.3,41.7,3.9,2.4,1.4,32.6,6.3,18.5,6.1,15.9,4.6,17.4,4.7,6.1,3.6,11.7,5.8,7.7,4.1,2.2,1.5,10,4.3,30,3,21.1,5,14.5,4.4,11.2,4.4,2.8,1.8,1.1,1.3
"54019","Fayette County, West Virginia","54","019",TRUE,"missing_estimate:",53194,10.8817008870145,2709,15.8,1.9,21.4,1.3,0.3,0.2,0.2,0.1,82.7,2.1,20.7,0.1,22.4,0.2,1.4,,4.1,0.2,48.1,2.1,2.7,0.7,29.8,3.3,21.3,3.3,13.8,2.3,12.5,2.1,4,1.6,5,1.5,5.9,1.4,4.2,1.3,6.6,1.9,30.1,2.5,16.4,2.2,15.3,2,22.3,2.5,8.1,1.5,0.3,0.3
"54021","Gilmer County, West Virginia","54","021",TRUE,"missing_estimate:",47981,10.778560378194,4227,18.5,4,14.4,3.2,3.4,1.1,2,0.8,75.8,5.2,14.9,0.5,18.2,0.5,4.1,0.8,13.6,0.3,35.4,2.6,2.4,1.1,38.6,6.7,26.2,6.9,10.1,4.8,11.9,4.4,11,4.4,3,2.3,4.6,3.7,0.9,0.9,3.2,1.8,32.2,5.2,27.7,5.4,25.4,5.3,24.4,6.1,9.5,4.3,0,1.6
"54023","Grant County, West Virginia","54","023",TRUE,"missing_estimate:",62361,11.0406953589636,11997,14,2.8,16.2,2.9,0.7,0.7,0,0.4,83.7,3.8,19.6,0.7,25.2,0.6,0.7,0.6,1.7,0.9,55.1,3.3,1.8,0.9,23.4,6.1,20.7,5.3,13.9,2.9,22.2,5.6,4.6,2,14.7,4.4,6.8,2.7,12.1,4.3,9.1,3.9,25.1,2.4,22.5,4,15.4,3.7,18.9,3.9,8.9,2.7,0.8,1.1
"54025","Greenbrier County, West Virginia","54","025",TRUE,"missing_estimate:",48218,10.7834876743092,3001,22.2,2.5,19.6,1.6,1.8,0.5,0.6,0.4,83.6,2.5,19.3,0.1,24.5,0.4,1.9,,2.3,0.3,49.8,1.9,2.1,0.8,32.4,3.3,26.4,3.5,11.3,2.2,12.5,2,3.6,1.3,7.6,1.7,8.2,2,5.7,2,5.5,1.7,25.2,2,17.4,2.1,13.3,2,26.9,2.7,5.9,1.8,0.2,0.2
"54027","Hampshire County, West Virginia","54","027",TRUE,"missing_estimate:",63116,11.0527295821556,7583,18.3,2.5,24.7,2.5,1.6,0.8,0.1,0.1,82.7,3.1,18,0.6,24.3,0.3,1.7,,1,0.4,51.8,2.1,4.7,1.4,39.5,4.7,14.3,3.8,13.2,3.1,16.8,3.4,1.3,1,13.9,3.4,5.9,1.6,7.2,2.6,9.4,3.7,41.5,3,31.6,3.2,13.8,2.3,17.3,2.9,6.6,1.7,0.4,0.6
"54029","Hancock County, West Virginia","54","029",TRUE,"missing_estimate:",61466,11.0262394553907,3968,19.9,2.3,18.7,1.7,0.9,0.4,0.3,0.2,87.7,2.1,18.4,0.1,24.6,0.4,1.7,,1.8,0.6,57.8,2.1,4.9,1.1,32.1,3.1,17.3,2.5,11.8,2,19.6,2.9,2.1,1.3,12.7,2.2,9.1,2,2.7,1.3,10.1,2,25,1.6,9.7,2,6.7,1.7,25.5,2.9,7.4,1.7,0,0.3
"54031","Hardy County, West Virginia","54","031",TRUE,"missing_estimate:",49272,10.8051112473669,2641,15.7,3,19.2,2.1,2.1,1.3,2.3,1.1,83.9,3.3,19.8,,23.2,0.5,4.6,,4.7,0.5,56,2.9,4.1,1.2,28.2,4.5,15.5,3.2,12.4,3.1,27,4.8,7,2.5,21.8,4.1,5.4,2.4,9.4,4.1,9.1,4.1,29.7,2.9,28.1,2.9,18.7,3.3,22.7,3.7,8.5,2.9,0.1,0.1
"54033","Harrison County, West Virginia","54","033",TRUE,"missing_estimate:",60377,11.0083635167002,1834,27.2,1.7,17.1,1.1,1.2,0.3,0.6,0.2,86.4,1.7,21.2,,20.3,0.2,2.3,,1.5,0.3,56.2,1.5,2.2,0.5,40.9,1.9,18.6,1.7,8.6,1,11.8,1.6,3.3,0.6,6.5,1.3,7.9,1.1,4.3,0.7,8.3,1.3,22.4,1.2,13.7,1.5,7.6,1,26.4,1.8,9.5,1.4,1.2,0.5
"54035","Jackson County, West Virginia","54","035",TRUE,"missing_estimate:",58845,10.9826621473118,8665,19.6,2.7,22.1,2.3,2.1,1.4,0.6,0.5,77.1,3,21.4,0.5,21.2,0.3,1.1,,0.1,0.2,48.9,2.8,2.5,0.8,43.4,4.6,12.7,2.7,10,2.2,17.7,3.9,3.5,1.4,14.1,3.1,6.6,2.7,3.3,1.4,10.5,2.9,28.6,2,10.5,2.3,19.8,3.5,21.4,3.5,11.2,3.2,0.8,0.7
"54037","Jefferson County, West Virginia","54","037",TRUE,"missing_estimate:",98806,11.500913610637,4916,33.9,1.9,12.8,1,5.1,0.8,2.6,0.6,92.4,1.3,21.1,,17.3,0.1,7.8,,5.6,0.5,64.3,1.4,2.5,0.5,44.5,2,16.9,1.9,9,1.2,11.9,1.5,0.6,0.3,6.6,0.9,15.3,1.7,4.9,0.9,17.3,1.6,37.1,1.4,8,1.1,7,1.3,19.7,1.9,5.9,1.2,0.3,0.3
"54039","Kanawha County, West Virginia","54","039",TRUE,"missing_estimate:",60943,11.0176942800776,1546,29.7,0.9,19.6,0.8,2,0.3,0.4,0.1,88.2,0.8,19.8,,22.1,0.1,1.6,,4.8,0.4,55.8,1,3.1,0.4,42.2,1.4,16.8,1.4,7,0.8,11.3,1,1.8,0.7,5.5,0.7,10.1,1,3.6,0.6,9.6,1,21.8,0.7,15.4,1,9.5,0.9,28.9,1.3,9.5,0.9,0.2,0.2
"54041","Lewis County, West Virginia","54","041",TRUE,"missing_estimate:",56477,10.9415887546091,4510,18.9,2.8,16.2,2.1,0.3,0.3,0.2,0.2,84.2,3,21.7,0.5,21.1,0.3,1.4,,1.1,0.6,53,2.2,4.6,1.5,36.3,4.1,13,2.9,13.9,3.3,13.3,3.6,6.4,2.1,6.4,2,7.1,2.4,5,1.7,5.5,2,28.5,2.7,15.2,3.2,20.4,3.5,27.8,3.7,10.2,2.9,1.2,1.2
"54043","Lincoln County, West Virginia","54","043",TRUE,"missing_estimate:",46205,10.7408432963221,6238,8.1,1.8,29.3,2.8,0.5,0.4,0.3,0.4,84.7,2.9,22.6,0.4,21,0.2,0.8,0.8,0,0.1,40.6,3.4,2.4,1.1,26.5,4.9,27.7,4.8,12.5,3.6,15.5,2.9,4.5,2.2,6,2.5,9,2.8,3,1.9,7.7,3.1,33.7,3.3,20,3.6,30.5,4.1,25.5,4.2,10.3,3,0.5,0.5
"54045","Logan County, West Virginia","54","045",TRUE,"missing_estimate:",49723,10.8142228816966,4464,14.7,2.2,29.6,2.2,0.4,0.3,0.1,0.1,90.4,1.9,20.8,0.3,22.4,0.1,0.8,,2,0.4,45.3,2.2,3.9,1.3,35.8,4.3,20,3.7,13.8,3.1,11.1,2.6,8.3,2.7,5,1.8,5,1.7,2.8,1.1,5,1.9,28.4,2.3,13.6,2.3,22.4,2.9,23,3,9.6,1.9,0.4,0.3
"54047","McDowell County, West Virginia","54","047",TRUE,"missing_estimate:",31559,10.3596140887797,2515,6.8,2.1,29.8,3,1.6,0.4,1.5,0.5,85.5,3.1,18.2,0.8,21.9,0.1,2.1,0.5,8.8,0.9,27.1,3,2.2,1.3,30.9,5.4,14.9,5,12.1,4.6,18.6,6,11.8,4.7,5.5,3.1,6.5,3.9,0.8,0.6,4.5,2.2,36,4.3,30.7,3.1,22.7,2.9,22.7,4.3,10.7,3.1,0,0.1
"54049","Marion County, West Virginia","54","049",TRUE,"missing_estimate:",67370,11.1179550939547,4114,27.2,1.7,18.5,1.3,0.8,0.2,0.2,0.1,90.1,1.6,19.9,,20.1,0.1,1.6,,2.5,0.3,59.1,1.4,2.8,0.6,40,2.3,16.6,1.5,10.7,1.4,11.7,1.4,3.6,0.8,5.7,1.1,10,1.4,3.7,0.9,11,1.5,25.7,0.9,11.2,1.5,7.7,1.1,23.3,2.1,7.6,1.2,0.3,0.2
"54051","Marshall County, West Virginia","54","051",TRUE,"missing_estimate:",59169,10.9881530350716,5383,20.5,2,19.7,1.6,0.6,0.2,0.8,0.5,85.7,2.3,19,0.2,23.8,0.1,1.2,,0.3,0.2,53.9,2,2.3,0.7,29,3.3,18.5,2.8,14.7,2.8,20.2,3.1,5.3,1.4,9.5,2.3,6.7,1.9,3.1,1.1,5.3,1.7,24.6,1.4,15.1,2.2,8.8,2,21.6,3.5,7.9,2.1,0.6,0.7
"54053","Mason County, West Virginia","54","053",TRUE,"missing_estimate:",49761,10.8149868236742,5083,16.3,3.1,20.1,2.5,0.2,0.1,0.2,0.2,84.7,2.2,20.5,0.2,22.8,0.5,0.6,0.5,1,0.5,46.4,2.7,1.8,0.7,32.6,4.6,14.3,3.2,14,3.1,21,4.2,1.9,1.4,13.8,2.7,6,2.2,3.4,1.4,4.5,1.8,27.5,1.9,16.2,3.2,25.3,2.9,18.2,3.1,6.1,1.7,0,0.4
"54055","Mercer County, West Virginia","54","055",TRUE,"missing_estimate:",53210,10.8820016275904,3616,22.9,1.8,23.3,1.6,0.6,0.2,0.6,0.3,86.5,1.8,20.8,0.2,22.9,0.2,1.3,,4.1,0.6,50.8,1.7,1.3,0.5,35.3,2.6,16.6,2.3,10.8,2.5,16.6,2.5,2.6,1,7.8,1.5,6.7,1.3,4,1.3,6.6,1.5,24,1.3,17.5,1.9,20.2,1.9,27.1,2.5,6.5,1.4,0.4,0.3
"54057","Mineral County, West Virginia","54","057",TRUE,"missing_estimate:",69375,11.1472818510487,4447,23.7,2.7,15.9,1.8,0.5,0.3,0.2,0.2,89.1,2.4,20.1,0.2,22.6,0.3,1.2,,1.3,0.5,54,2.5,3.5,0.8,35.5,3.6,20.8,3.2,9.2,2.3,19.1,3.3,1.4,0.9,15.6,3.2,5.7,1.5,4.3,1.6,9.3,2.2,27.3,2.1,11.1,2.5,11.7,2.1,19,2.8,8.7,2.3,0.3,0.3
"54059","Mingo County, West Virginia","54","059",TRUE,"missing_estimate:",38119,10.5484681244755,4884,9.5,2.5,31.9,2.5,0.2,0.2,0.1,0.2,86,2.5,22.7,0.4,21.9,0.4,0.8,0.6,2,0.6,35.9,3.2,4.1,1.3,32.1,6.3,23.6,4.8,15.2,4.6,11.6,3.2,15.6,3.9,5.5,2.5,7.6,2.8,2.9,1.5,5.5,2.6,34.1,3.2,19.4,2.7,31.9,3.1,26.6,3.8,12.8,2.5,0.1,0.1
"54061","Monongalia County, West Virginia","54","061",TRUE,"missing_estimate:",65346,11.0874515083037,2524,48.9,1.7,12.7,1,5.4,0.6,1.8,0.3,90.2,1.4,16.1,0.1,13.4,0.2,3.2,,3.1,0.3,63.9,1.5,3,0.5,51.3,1.9,17.5,1.4,6.3,0.9,7,0.9,2.2,0.5,4.5,0.7,10.1,1.3,3.1,0.6,13.4,1.3,21,0.7,10.6,1.1,8.1,1.1,42.1,1.8,7.6,1.3,0.3,0.2
"54063","Monroe County, West Virginia","54","063",TRUE,"missing_estimate:",56750,10.9464109353436,5967,15.4,3,17.9,3.1,0.1,0.1,0,0.1,80.6,4.2,21.2,1.3,25.1,0.6,0.6,1,1.5,1.9,48.3,5.4,2.3,1.7,30.5,6,20.7,5.9,9.3,4.2,26.1,6.5,4.6,2.7,20,5.2,4.5,2.8,5.1,2.5,5.4,2.5,37.4,3.7,26,4.1,15.2,3.3,13.1,4.4,6.3,2.9,1,1
"54065","Morgan County, West Virginia","54","065",TRUE,"missing_estimate:",72179,11.1869044238476,8170,18,2.7,17.6,2.2,1.2,0.6,0.5,0.3,84.7,3.4,17,0.7,25.2,0.5,1.8,,0,0.1,56.9,2.2,2.2,0.9,28.2,3.4,18,3.5,15.7,3.1,15.6,2.8,2.4,1.1,10.6,2.7,7.2,1.9,5.6,1.9,8.6,2.5,38.2,2.7,20.6,3.1,12.7,2.4,15.9,3.5,5.1,2.1,1.1,0.8
"54067","Nicholas County, West Virginia","54","067",TRUE,"missing_estimate:",54639,10.9085031924667,5254,23.3,3.3,22,2.2,1.6,1,0.2,0.3,83.2,3.4,21.1,0.6,23.9,0.3,1.1,0.8,0.5,0.6,46.7,3.5,2.8,1,36.7,4,18.8,3.4,15.2,3.6,12.6,2.7,7.9,2.4,6.3,2.3,6.4,2.5,4,2.2,4.8,1.8,33.1,3.6,24.6,3,20.7,2.8,17.8,3.8,6.8,2,0.9,0.9
"54069","Ohio County, West Virginia","54","069",TRUE,"missing_estimate:",57094,10.9524543113138,3719,33.9,1.8,16.4,1.1,2.5,0.8,0.9,0.4,86.6,1.8,19.4,0.2,22.8,0.2,1.7,,3.3,0.4,58,1.5,3.5,0.6,41,2.5,19.3,2,7.2,1.2,12.1,1.6,2.4,0.7,6.2,1.2,9.5,1.3,3.6,1,6.4,1.2,21.1,1.1,13.2,1.7,2.7,0.8,33.6,2.1,12,1.5,0,0.2
"54071","Pendleton County, West Virginia","54","071",TRUE,"missing_estimate:",64931,11.0810804465852,4450,18.5,3.9,18.3,2.8,0.1,0.2,0.3,0.5,79.3,5,18.8,0.3,29.8,1,2.2,1.4,1.4,1.3,51.3,3.3,3.3,1.6,28.7,6.7,14.1,4.9,20.6,4.1,27.7,7.2,9,3.2,17,5.3,4.8,2.6,12.9,4.3,9.7,3.4,29.6,3.2,36.6,3.8,12.8,2.8,15.1,4.3,3.5,1.9,0.1,0.2
"54073","Pleasants County, West Virginia","54","073",TRUE,"missing_estimate:",60932,11.0175137672566,6010,14.1,3.3,18.7,2.7,0.5,0.6,0,0.5,91.4,2.8,19.5,0.4,19,0.1,2.1,1.4,0.4,0.3,54.5,3.5,4.7,2.1,26.6,5.1,19.4,3.9,9.2,3.1,26.5,5.6,2.8,1.8,18.2,4.8,8.8,3.4,7.6,3.2,12.4,4,29,3.1,14.1,3.8,23.2,5,18.6,4.2,2.6,1.6,1,1.3
"54075","Pocahontas County, West Virginia","54","075",TRUE,"missing_estimate:",42119,10.6482542242757,3188,19.7,2.9,22,2.7,0.6,0.5,0,0.5,74.6,4.6,17.7,0.8,27.1,0.3,1.7,1.4,0.5,0.4,43.1,3.1,5.1,2,28.9,4.2,15.8,4.4,11.6,3.1,18.1,4.7,6,2.9,7.2,2.8,9.9,3.3,6.3,2.5,9.1,3.4,22.8,2.3,53.5,2.4,14.1,2.4,16.4,3.1,6.5,2.5,0,1.2
"54077","Preston County, West Virginia","54","077",TRUE,"missing_estimate:",61880,11.032952304687,4690,17.5,1.4,18.2,1.4,1.6,0.3,0.7,0.3,86.4,1.7,17.9,0.1,20.5,0.1,1.9,,6.5,0.3,49.8,1.7,2.6,0.7,28.2,3,19.2,3,15.1,2.2,17.1,2.3,6.1,1.6,7.9,1.8,6.2,1.5,6.1,1.2,8.6,1.7,31.1,1.6,15.6,2.4,16.5,1.9,18.5,2,5.7,1.6,0.1,0.2
"54079","Putnam County, West Virginia","54","079",TRUE,"missing_estimate:",79527,11.2838518656252,6071,29.1,2.1,13,1.1,1.4,0.4,0.5,0.3,87.8,1.8,21.5,,19.7,0.1,1.5,,0.9,0.5,59.5,1.6,1.8,0.5,41.5,2.8,13.8,1.9,9.5,1.6,14.8,2.4,0.5,0.2,7.8,1.7,10.1,1.7,3.8,1,10.6,2.2,27.3,2,6.9,1.3,12.9,1.8,18.2,2.3,5,1.4,0.2,0.2
"54081","Raleigh County, West Virginia","54","081",TRUE,"missing_estimate:",52150,10.8618794604289,3933,22.5,1.7,22.8,1.6,1.5,0.4,0.5,0.2,76.3,2.4,21,0.1,22.1,0.2,1.8,,6.7,0.5,48,1.9,2.4,0.6,36.7,2.5,17.7,2.1,13.1,1.9,10.6,1.7,4.3,1.2,3.4,1,6.8,1.3,3.5,1,8.4,1.7,23.6,1.4,16.2,2,16.2,2,24.7,2,8.9,1.3,1.3,0.6
"54083","Randolph County, West Virginia","54","083",TRUE,"missing_estimate:",52757,10.8734517439561,4392,19.8,3,14.7,1.7,0.5,0.3,0.3,0.2,83.5,2.7,18.3,0.1,22.8,0.3,1.1,,1.4,0.4,51,2.1,3.8,1.1,36.1,4.8,13.9,2.4,11.4,2.4,17.1,3.7,2.4,1.2,8,1.9,5.3,1.5,5.2,1.7,8.1,2.8,21.1,1.9,18.3,2.3,16.8,2.1,25,3.3,7.7,1.9,0.3,0.2
"54085","Ritchie County, West Virginia","54","085",TRUE,"missing_estimate:",50582,10.8313510607629,4402,14.4,3.3,25.6,3.9,1.4,1,1.8,1.2,80.7,4.3,19.9,0.8,23,0.4,0.7,1.1,0.1,0.2,47.7,3.7,1.1,0.7,21.1,4.3,19.1,5.1,15.7,4,24.2,4.2,8.9,3.1,16,4,2.9,2,5.2,2.2,9.8,3.3,33,4.8,18.8,4.1,23.2,3.8,15.8,3.6,6.8,2.3,1.6,1.7
"54087","Roane County, West Virginia","54","087",TRUE,"missing_estimate:",45778,10.7315589053526,3029,15.2,2.7,23.2,2.6,0.5,0.3,0.1,0.2,76.3,3.5,20,0.3,23.6,0.4,1.2,0.9,0,0.1,42.8,2.8,3.8,1.3,34.9,5.3,18.8,3.6,14.8,3.4,17.4,4.1,9.4,3.5,10.4,3.6,7,2.6,5.1,1.9,6.1,2.6,32.7,2.9,20.2,3.1,27.8,3.9,21.1,3.5,10.5,2.8,0.3,0.5
"54089","Summers County, West Virginia","54","089",TRUE,"missing_estimate:",40699,10.6139588011043,6548,18.8,5,27.5,3.9,1,0.7,1.7,1.3,72.3,6,15.7,0.1,27.1,0.6,1.3,0.7,6.1,0.7,35.8,3.6,0.8,0.6,37.3,7.2,18.1,5.6,8.3,3.6,10.4,5,2.8,2.2,3,2.2,8.9,4,7.8,3.4,4.2,2,35.1,3.4,28.5,4,17.3,3.7,18.8,5.3,9.1,3.1,1.7,1.3
"54091","Taylor County, West Virginia","54","091",TRUE,"missing_estimate:",57795,10.9646575457284,5427,20.5,3.6,19.4,2.5,0.4,0.3,0,0.2,84.5,3.8,20.5,0.5,21.3,0.3,1,,0.6,0.8,53.6,3.1,4,1.4,35.1,5.5,17.3,3.9,14.2,3.8,13.3,3.3,3,1.6,4,1.6,7.2,2.4,3.9,2.1,6.5,2.7,27.6,2.5,11.2,3,13.3,3.7,16.1,4.1,9,2.5,0.6,1
"54093","Tucker County, West Virginia","54","093",TRUE,"missing_estimate:",53358,10.8847791986277,4145,23.6,3.8,21.2,2.9,0.9,0.7,0,0.6,81.8,2.8,14.2,,28.2,0.2,0.5,0.4,0,0.6,50.4,3.7,3.1,1.3,36.9,5.3,15,3.6,18.5,3.9,12.9,3.2,3.4,1.7,10.7,2.9,4.9,1.9,6.1,1.9,10.6,3.5,27.4,3.1,39,3.7,8.7,2,19.1,3.7,12.1,2.6,0,1.3
"54095","Tyler County, West Virginia","54","095",TRUE,"missing_estimate:",63693,11.061829945412,9603,15.9,2.8,24,3.4,0.6,0.5,0.1,0.2,86.2,3.3,19.4,0.3,24.2,0.2,1.1,0.7,0.9,0.7,45.5,3.2,3.2,1.2,26.5,5.4,20.6,4.3,15,3.6,22.5,4.6,7.3,2.6,8.6,2.6,4,2.2,2,1.4,3.7,2,31.9,3.1,19.8,3.5,12.5,2.5,15.9,2.7,5.7,2.5,0,1.1
"54097","Upshur County, West Virginia","54","097",TRUE,"missing_estimate:",54338,10.902979077003,2364,18.2,2.4,15.5,1.8,0.9,0.4,0.8,0.5,86.1,2.9,20.2,0.4,21.8,0.2,1.5,,1.2,0.3,49.2,2.5,2.8,0.7,33.9,4.1,19.2,3.5,11.8,2.6,16.1,2.9,6.4,2,6.8,2,10.6,2.6,5.3,2,11,3,28.1,2.7,15.3,2.5,20.8,3,19.3,2.7,8.2,2.2,0.2,0.3
"54099","Wayne County, West Virginia","54","099",TRUE,"missing_estimate:",58878,10.9832227854345,6222,19.2,2.2,22.8,1.9,0.6,0.2,0.2,0.1,85.5,2.2,20.4,0.2,22.2,0.1,0.9,,1,0.3,50.8,2.2,2.5,0.9,40.6,4,17.8,2.9,9.4,2.3,14.1,2.3,1.1,0.6,6.7,1.8,6.7,1.8,2.8,1.2,4.4,1.4,25.3,1.6,13.7,2.3,18.8,2.5,21.4,2.7,9,1.8,0.4,0.4
"54101","Webster County, West Virginia","54","101",TRUE,"missing_estimate:",43839,10.6882791111428,6400,12.9,2.6,25.3,3.1,0,0.5,0,0.5,80.6,3.9,20.1,0.6,25.1,0.3,0.8,0.9,0.1,0.1,44,3,4,1.2,22.7,4.8,26.3,7.2,19.7,4.7,15.5,5.6,21.7,5.5,6.5,3.2,3.8,3,2.2,1.9,3,2,29.6,3.8,33.9,4.1,21.3,4.3,22.7,5,13,3.4,1.2,1.4
"54103","Wetzel County, West Virginia","54","103",TRUE,"missing_estimate:",56836,10.947925206758,5601,17.1,2.5,21.6,2.6,0.4,0.5,0.2,0.3,81.4,3.2,21.2,0.6,22.9,0.3,1.4,,0.2,0.2,47.9,2.8,2.6,0.8,29.6,4.5,14.6,3.1,16.9,3.6,19.5,3.4,6.7,2.3,11.3,3.1,4.6,1.7,3.7,1.6,4,2.1,29.4,2.7,16.2,2.9,15.5,2,16.8,2.8,7.7,2.2,0.3,0.3
"54105","Wirt County, West Virginia","54","105",TRUE,"missing_estimate:",49867,10.817114740324,5186,15.5,4.1,18.8,3.7,0.2,0.4,1,0.8,79.2,5.6,21.2,0.5,23.1,0.7,0,0.7,0,0.7,47.5,4.2,2.4,1.5,29.1,7.9,14.3,6,7.7,3.3,22.2,5.8,0,2,13.3,4.5,4.3,3.4,6.3,3.5,11.8,4.7,32.3,2.7,25.1,4.6,25.9,5.5,12.2,4.1,7.9,3.3,0.7,1.1
"54107","Wood County, West Virginia","54","107",TRUE,"missing_estimate:",57810,10.9649170500765,2706,24.1,1.3,17.5,1.2,1,0.2,0.4,0.1,86.6,1.4,20.8,0.1,21.6,0.1,1.5,,1.1,0.2,56.2,1.2,3,0.5,36.4,1.9,16.4,1.3,9.6,1.3,15.7,1.5,1.5,0.5,9.6,1,7.6,1.3,3.2,0.8,9.9,1.2,20.8,1,11,1.3,7.8,1.1,24.9,1.5,7.3,0.9,0.2,0.2
"54109","Wyoming County, West Virginia","54","109",TRUE,"missing_estimate:",48440,10.788081197667,3623,13.1,3.3,30.4,3.2,0.2,0.2,0.6,0.6,77,4.4,20,0.2,23.4,0.4,0.8,0.4,0.3,0.2,39.8,3.3,2.2,1.1,28.3,5.6,19.6,4.1,21.1,5.6,13.6,5.3,12.5,4.4,1.7,1.4,4.4,2.1,3.8,2,2.4,1.4,33.1,5.2,18.9,2.5,25.2,4.5,17.5,3,6.8,2.3,1,0.7
"55001","Adams County, Wisconsin","55","001",TRUE,"missing_estimate:",59442,10.9927563262011,2974,17.5,1.4,21.7,1.3,3.3,0.6,2,0.5,84.2,1.7,13.5,0.1,32.2,0.2,4.4,,2,0.4,47.6,1.5,2.2,0.6,25,1.8,20,1.9,11.4,1.3,22,1.6,3.3,0.7,15.6,1.6,7.1,1.3,5,0.8,9.8,1.5,30.7,1.7,44,1.7,18.1,1.5,13.8,1.6,4.2,1,0.5,0.3
"55003","Ashland County, Wisconsin","55","003",TRUE,"missing_estimate:",62462,11.0423136508175,5140,24.5,2.2,15.9,1.4,2.2,0.7,0.9,0.4,84.8,2.4,20.7,0.2,21.5,0.1,3,,0.5,0.2,59.7,1.7,2.3,0.7,32.9,2.8,16.8,2.5,13.3,2,14.9,2.3,2.1,0.6,11,1.8,8.2,1.9,5.4,1.2,9.7,2,17.8,1.1,27.7,2.1,6.4,1,26.6,2.4,5.8,1.3,1.9,1.4
"55005","Barron County, Wisconsin","55","005",TRUE,"missing_estimate:",65933,11.0963943538781,2114,23.2,1.3,14.4,0.9,2,0.4,1.9,0.5,85,1.7,21.1,,23.6,0.1,3.2,,1.3,0.3,62.1,1,1.8,0.4,33.4,1.4,14.4,1.1,11.8,1.1,22.1,1.7,5.1,0.8,20.7,1.8,5,0.8,8.6,0.9,8.5,0.9,20.9,0.9,17.1,1.2,5,0.7,22.6,1.8,4.8,0.9,0.3,0.1
"55007","Bayfield County, Wisconsin","55","007",TRUE,"missing_estimate:",71151,11.172559658233,2275,35,1.6,16.6,1.1,1.1,0.3,0.5,0.1,89.8,1.4,16.3,0.2,31.3,0.1,2.1,,0.7,0.2,52.9,1.4,1.9,0.4,39.9,2,18.6,1.6,11.6,1.3,13.5,1.5,3.8,0.7,9.4,1,7.1,1.2,8.9,1.1,13.4,1.2,23.3,1.2,44.3,1.5,5.4,0.7,16.1,1.9,4.2,1,1,0.3
"55009","Brown County, Wisconsin","55","009",TRUE,"missing_estimate:",79649,11.2853847603316,1435,33.5,0.9,11.8,0.6,5.4,0.3,4.4,0.4,92,0.7,23,0.1,16.4,0.1,10.3,,2.4,0.2,67.9,0.7,1.8,0.3,39.3,1,14.9,0.8,7.6,0.6,17.7,0.9,1.3,0.3,18.3,0.9,8.9,0.6,4.2,0.5,12.6,0.7,19.6,0.4,3.9,0.6,1.4,0.3,34,1.2,5.1,0.6,0.3,0.1
"55011","Buffalo County, Wisconsin","55","011",TRUE,"missing_estimate:",70479,11.1630700720872,3724,22.1,1.4,15.4,1.5,1.7,0.3,1.1,0.3,87.8,1.6,19.9,0.3,24,0.2,2.9,,0.4,0.2,62.8,1.4,1.8,0.4,32.8,2.3,14.3,1.8,13.6,1.5,21.3,1.8,9.5,1.5,19.9,1.8,4.6,1,7.7,1,10,1.1,26.5,1.1,12.3,1.7,5.5,1,22.5,2.2,3.3,0.7,0.1,0.1
"55013","Burnett County, Wisconsin","55","013",TRUE,"missing_estimate:",62819,11.0480128544686,2348,22.4,1.3,18.5,0.9,1.4,0.2,0.5,0.2,85.4,1.4,15.7,0.1,32.3,0.1,2,,0.9,0.2,50,1.3,2.4,0.6,33.8,1.7,15.1,1.4,11.5,1.1,20.8,1.8,2.7,0.6,17.4,1.3,6.1,0.8,7.9,1,11.8,1.2,28.3,1.3,53.3,1.2,8.9,0.9,14.1,1.7,4.4,0.9,0.8,0.4
"55015","Calumet County, Wisconsin","55","015",TRUE,"missing_estimate:",88810,11.3942545352525,4759,33,1.6,10,0.9,4,0.6,1.5,0.4,92.9,1.2,22.2,,17.2,0.2,5.7,,0.9,0.2,68.7,1.2,1.5,0.4,39.9,1.8,11.9,1.3,7.3,0.9,19.7,1.6,2.7,0.6,23.6,1.6,8.2,1,3.8,0.8,14.4,1.4,21.8,0.9,5,1.1,1.7,0.3,19.9,1.6,3.1,0.8,0.1,0.1
"55017","Chippewa County, Wisconsin","55","017",TRUE,"missing_estimate:",74680,11.2209675976557,2973,24.2,1.5,11.7,0.9,1.4,0.3,1.3,0.4,89.3,1.3,21.4,,19.7,0.1,2,,1.4,0.2,63.2,1,1.9,0.4,34.3,2.1,16.1,1.8,10.7,1,19.7,1.2,2.7,0.6,15.8,1.3,6.3,0.9,6.4,0.9,11.7,1.3,23.2,1.4,7.6,0.9,4.7,0.9,25.8,1.7,4.8,1,0.2,0.1
"55019","Clark County, Wisconsin","55","019",TRUE,"missing_estimate:",67400,11.1184002969004,1810,13,0.8,11.9,0.7,3.2,0.4,6.6,0.7,78.6,1.4,29.7,,17.2,0.1,6.4,,0.3,0.1,64.3,0.9,2.4,0.5,30,1.5,13.5,1,15.2,1,24.8,1.2,11.2,1.1,22.9,1.1,4,0.6,12.1,0.8,12.4,1,22.2,0.7,14.2,1,6.6,0.6,21.5,1.5,9.8,0.8,0.9,0.3
"55021","Columbia County, Wisconsin","55","021",TRUE,"missing_estimate:",85351,11.3545274446156,2745,26,1.3,11.9,0.9,2.4,0.4,1.6,0.4,88.3,1.1,20.5,,19.6,0.1,4.1,,1.6,0.3,65.7,1,2,0.5,39,1.5,14,1.3,11.7,0.9,17.1,1.4,3.4,0.6,16.4,1.3,8.9,1,6.7,0.9,12.5,1.2,26,0.8,10.1,1.2,2.7,0.5,23.3,1.5,4.4,0.7,0.7,0.5
"55023","Crawford County, Wisconsin","55","023",TRUE,"missing_estimate:",64094,11.0681060347835,4749,18.3,1.7,12.4,1.1,2.5,0.9,1.6,0.8,83,2.1,19.2,0.2,25.1,0.2,2,,1.6,0.2,53,1.6,1.7,0.4,29.9,2.2,16.6,1.9,15.1,1.8,20.8,2,7.3,1.2,18.7,2,7,1.9,10,1.4,6.9,1.4,23.1,1.4,23.5,1.8,13.9,1.5,22.8,2,6,1.4,0.7,0.5
"55025","Dane County, Wisconsin","55","025",TRUE,"missing_estimate:",89975,11.4072871329472,1284,55.3,0.7,9.2,0.4,9,0.3,3.6,0.3,92.9,0.5,19.7,0.1,15.1,0.1,7.8,,5.1,0.2,70.3,0.5,1.7,0.2,56.1,0.8,13,0.6,5.1,0.3,9,0.5,0.9,0.1,9,0.5,16.8,0.6,4.2,0.3,20,0.7,20.6,0.3,3.7,0.4,0.8,0.2,42.9,0.7,8.2,0.5,0.8,0.2
"55027","Dodge County, Wisconsin","55","027",TRUE,"missing_estimate:",75929,11.2375539720955,2575,20.3,1,12.2,0.6,2.4,0.4,1.9,0.3,88.9,1.1,19.4,,19,0.1,6.7,,2.5,0.2,63.8,0.8,2.4,0.4,31.1,1.4,15.4,1.3,11.4,0.7,24.1,1.2,4.2,0.5,25.5,1.4,5.5,0.7,5.9,0.6,8.6,0.9,24.1,0.7,6.8,0.6,3.5,0.5,28.7,1.6,4.1,0.8,0.1,0.1
"55029","Door County, Wisconsin","55","029",TRUE,"missing_estimate:",74795,11.2225063168086,3193,37.4,2.4,11.5,1.1,3,0.7,1.1,0.5,89.3,1.7,15.8,,32.4,0.3,4.2,,0,0.1,57,1.3,1.4,0.5,41.3,3,16.4,2.4,11.4,1.4,13,1.8,2.3,0.7,15,2,11.3,2,10.1,2,13.4,2.1,16.9,0.7,38.7,1.6,5.7,0.8,21.8,2.2,2.7,0.8,0.5,0.5
"55031","Douglas County, Wisconsin","55","031",TRUE,"missing_estimate:",75099,11.2265625220843,3609,28.4,1.6,14.5,1.2,1.8,0.4,0.9,0.2,87.8,1.3,19.2,,20.7,0.1,1.9,,0.8,0.4,62.1,1.1,1.9,0.4,35.9,2,17.8,1.7,10.7,1.1,17.5,1.7,1.2,0.4,9.7,1.1,6.6,1,3.5,0.7,9.1,1.1,22,0.9,17.2,1.2,4.6,0.6,28.1,1.9,8,1.3,0.3,0.2
"55033","Dunn County, Wisconsin","55","033",TRUE,"missing_estimate:",74824,11.2228939681144,2670,29.6,1.8,13.1,1,2.2,0.4,1.9,0.4,89.9,1.3,19.3,,17,0.2,2.5,,0.9,0.1,67.3,1.1,3,0.6,31.6,2.2,16.9,1.6,9.7,1.1,22.9,1.7,3,0.4,18.9,1.4,5.7,0.9,7.6,1.1,10.1,1.2,23.4,0.8,8.1,1.3,9.2,1.3,33,1.9,3.5,0.8,0.3,0.2
"55035","Eau Claire County, Wisconsin","55","035",TRUE,"missing_estimate:",74546,11.2191716634885,2663,36.8,1.4,13,1,3.3,0.5,2.4,0.6,90.1,1.2,19.8,,17,0.1,3.2,,1.2,0.2,69,0.9,2,0.4,40,1.7,16.8,1,6.1,0.8,17,1.2,1.6,0.6,13,1.1,8.3,1,4.4,0.6,12.7,1,17.9,0.7,4.7,0.8,2.6,0.4,39,1.7,6.4,1.2,0.4,0.3
"55037","Florence County, Wisconsin","55","037",TRUE,"missing_estimate:",61086,11.0200379863353,6720,25,3.3,17.7,2.8,0.4,0.3,0.1,0.1,84.8,3.5,15.5,0.7,29.3,1.3,0.5,0.4,0.3,0.4,50,2.9,2.4,1.1,33.9,4.3,17,4.7,15.4,4.1,19.1,3.3,6.5,2.5,16.2,3.2,8.5,2.4,9.4,2.7,11.1,2.7,20.1,2.5,52.6,2.1,9.2,1.8,9.1,2.6,2.1,1,0,0.1
"55039","Fond du Lac County, Wisconsin","55","039",TRUE,"missing_estimate:",74275,11.2155297003308,2612,22.3,1.1,12.3,0.9,3.7,0.6,2.6,0.4,90.7,1,21.1,,19.8,0.1,6.8,,1.7,0.3,64.3,1,2,0.4,31.1,1.3,16,1.1,11.2,1,23.4,1.5,3.4,0.6,23.8,1.6,6.4,1,4.8,0.6,9,1,21.2,0.6,6.2,1,3.7,0.5,29.3,1.6,5.6,0.9,0.5,0.3
"55041","Forest County, Wisconsin","55","041",TRUE,"missing_estimate:",61071,11.0197924007352,3187,16.1,1.5,17.8,1.3,0.7,0.3,0.6,0.3,84.7,2.1,19.3,0.4,25.4,0.2,2.2,,0.4,0.2,49.8,2,1.4,0.5,32.7,3,17.9,2.5,13.2,1.6,17.7,2.3,6.5,1.8,12,1.8,6,1.5,9.9,1.9,8,1.5,25.1,1.8,54,1.6,9.3,1.1,18,2,5.2,1.2,0.6,0.4
"55043","Grant County, Wisconsin","55","043",TRUE,"missing_estimate:",66858,11.1103262462751,2270,25.6,1.3,11.3,0.8,1.5,0.4,1.4,0.3,86.1,1.1,21.1,,18.5,0.1,2.6,,1.5,0.2,63.4,1,2,0.4,34.3,1.6,16.4,1.3,11.5,1,19.5,1.4,7.4,0.7,15.3,1.2,5.1,0.7,9,0.8,10.3,1.1,21.1,0.7,10.6,1,4.9,0.5,30.2,1.4,4.9,0.7,0.7,0.3
"55045","Green County, Wisconsin","55","045",TRUE,"missing_estimate:",82852,11.3248111625754,2865,27.7,1.8,11.9,0.9,2,0.3,1.6,0.4,87.8,1.5,21.5,0.1,20.6,0.1,4.2,,0.8,0.2,66.9,1.2,2.4,0.6,38.8,1.8,11.1,1.4,13.4,1.4,17.4,1.5,4.3,0.7,19.7,1.7,8,1,7,0.8,11.9,1.4,24.6,1.2,4.3,1.1,3.5,0.8,24.1,2,4.3,1.1,0.6,0.6
"55047","Green Lake County, Wisconsin","55","047",TRUE,"missing_estimate:",68196,11.1301411910851,3762,22.8,1.8,15.6,1.5,1.9,0.5,2.9,0.6,84.1,1.8,21.7,0.1,23.5,0.2,5.6,,0.5,0.2,58.4,1.7,1.6,0.4,29.8,2.1,15.6,1.9,15,1.7,22,2.2,4.6,0.9,23.1,2.1,6.6,1,8.1,1.3,11,1.5,24.7,1,23.1,1.8,3.8,0.7,25.5,2.2,7.8,1.5,0.3,0.2
"55049","Iowa County, Wisconsin","55","049",TRUE,"missing_estimate:",82182,11.3166915789629,5047,28.4,1.6,12.1,1.1,1.6,0.3,0.8,0.2,88.8,1.3,21.6,0.1,20.5,0.1,2.3,,0.8,0.2,67.9,1.1,2.1,0.8,36.2,2,14.3,1.7,14.3,1.4,15.2,1.5,7.5,1,14.2,1.5,8.8,1.4,8.9,0.9,13.8,1.6,27.2,1.5,8.9,1.4,3.6,0.6,22.6,2,4.3,1.5,0.2,0.1
"55051","Iron County, Wisconsin","55","051",TRUE,"missing_estimate:",60625,11.0124626282398,3162,26,2.4,13.5,1.6,1.5,0.6,0.8,0.5,89.6,2,15.5,0.3,33,0.3,1.6,,0,0.1,52.6,1.9,1.3,0.4,34.2,3.2,15.7,2.4,14.1,2.3,16.6,2.5,4.1,1.4,13.8,2.3,6.2,1.8,9.1,2.4,6.8,1.5,21.9,1.7,44.1,2.4,2.6,0.7,11.5,1.6,4.2,1.1,0.3,0.3
"55053","Jackson County, Wisconsin","55","053",TRUE,"missing_estimate:",68110,11.1288793242354,2733,15.9,1.4,13.6,1,1.6,0.5,1.6,0.4,84.8,1.7,21.1,0.2,20.5,0.1,3.7,,1.9,0.3,57.2,1.3,2.7,0.5,29,2,18.8,1.7,13.3,1.3,20.4,1.8,8.5,1,13.8,1.3,5.1,1,7.3,1,7.5,1.1,25.9,1.4,15.1,1.2,11,1.1,19.9,2.1,5.8,1.1,0.4,0.2
"55055","Jefferson County, Wisconsin","55","055",TRUE,"missing_estimate:",83750,11.3355914496873,2615,28.5,1.5,12.8,0.8,3.7,0.6,2.4,0.5,90.6,1.2,19.7,,18.5,0.1,8.5,,0.9,0.2,68.3,1.1,2.4,0.5,34.8,1.6,16.7,1.5,10,1,20.5,1.5,2.1,0.4,20.7,1.6,7.8,0.9,5.7,0.7,10.5,1.2,24.8,0.7,5.5,1,3.6,0.7,26.9,1.5,4.6,0.8,0.2,0.1
"55057","Juneau County, Wisconsin","55","057",TRUE,"missing_estimate:",67270,11.1164696510197,2476,16.9,1.5,17.1,1.2,2.3,0.6,1.3,0.4,83.9,1.4,19.3,,21.8,0.2,3,,2.3,0.3,56.7,1.4,2.1,0.5,29.1,1.9,19.5,1.5,10.6,1.1,22.8,2.2,3.8,0.8,17.9,1.8,4.8,0.9,4.9,0.7,6.9,1.2,24.5,1,25.8,1.6,18.5,1.2,21.9,1.8,4.3,0.8,0.4,0.2
"55059","Kenosha County, Wisconsin","55","059",TRUE,"missing_estimate:",81239,11.3051507064113,2462,31.2,1.2,13.2,0.8,7.4,0.7,4.8,0.6,92.4,0.9,21.7,,15.8,0.1,15.2,,5.9,0.4,66.9,0.8,2.9,0.4,38.8,1.5,15.7,0.9,7.8,0.8,17.9,1,1.3,0.3,18,1,8.2,0.6,4.1,0.6,10.7,0.9,25.1,0.6,6.5,0.8,2.5,0.5,33.3,1.5,4.9,0.6,0.6,0.3
"55061","Kewaunee County, Wisconsin","55","061",TRUE,"missing_estimate:",82725,11.3232771327898,3250,21.9,1.6,12,1.1,2.5,0.4,1.7,0.5,87.4,1.8,20.8,0.2,22.2,0.2,4.1,,0.4,0.2,63.9,1.6,1,0.3,32.5,2,15.3,1.6,15.2,1.6,20.2,1.7,6.1,1.2,20.4,1.7,6.6,1.2,6.9,1.1,10.2,1.5,24.1,1.3,10.8,1.6,3.9,1,13.5,1.6,2.8,0.9,0.1,0.1
"55063","La Crosse County, Wisconsin","55","063",TRUE,"missing_estimate:",73013,11.1983927864676,2790,36.5,1.6,12.9,0.9,3,0.3,2.1,0.4,89.9,1.1,19.4,,18.1,0.1,2.7,,1.5,0.3,66.6,0.9,2.1,0.5,40.6,1.5,16.2,1.1,7.2,0.8,16.3,1.3,1,0.2,12.5,0.9,7.2,0.8,3.9,0.5,11.6,1,18.7,0.6,4.7,0.9,4.2,0.6,37.8,1.5,7,1,0.4,0.2
"55065","Lafayette County, Wisconsin","55","065",TRUE,"missing_estimate:",76462,11.2445491643763,2610,22.6,1.3,11.4,0.9,4.2,1,5.1,1.2,82.2,1.6,25.3,0.1,20.4,0.2,7.1,,0.4,0.1,65.3,1.2,1.9,0.5,34.7,1.7,11.8,1.1,16.7,1.4,19.3,1.5,12.2,1.2,17.9,1.6,4.8,0.8,12,1.2,12.6,1.8,24.7,0.9,6.5,1.1,4.5,1.2,19.8,1.5,5,0.9,0.1,0.1
"55067","Langlade County, Wisconsin","55","067",TRUE,"missing_estimate:",55878,10.9309260217497,3624,17,2,16.9,1.6,1.1,0.4,0.5,0.2,87.1,1.8,19.1,0.3,25.6,0.1,2.5,,0.4,0.2,57,1.8,2,0.7,29.1,3,13.9,3,13.7,1.9,22.2,2.3,5.1,1,19.8,2.3,5.5,1.5,6.9,1.7,7.5,1.8,23,1.4,27.3,2.2,5.6,0.9,23.1,3,6.2,1.9,0.5,0.6
"55069","Lincoln County, Wisconsin","55","069",TRUE,"missing_estimate:",68164,11.1296718452273,3741,19.6,1.4,14,1.4,1.9,0.4,0.8,0.3,86.2,1.8,17.8,0.1,23.6,0.1,2.3,,0.5,0.2,58.5,1.1,1.8,0.4,31.2,2,15.8,1.5,11.4,1.2,24.1,1.9,2.4,0.7,22.1,2,4.6,0.9,7.1,1.4,11.6,1.7,22.5,1.1,21.8,1.4,6,0.8,20.5,2,4.7,1.2,0.4,0.3
"55071","Manitowoc County, Wisconsin","55","071",TRUE,"missing_estimate:",69148,11.1440044140427,2433,22.6,1.2,12.9,0.8,2.9,0.4,2,0.3,89.2,1.1,20.3,,22.3,0.1,5.5,,0.8,0.2,61.9,0.9,1.6,0.3,31.9,1.3,14.4,1,10.9,1,25.3,1.4,4,0.6,29.6,1.5,6,0.9,4.9,0.8,7.8,0.8,20.3,0.7,7.6,1.2,3.3,0.8,22.9,1.4,5.3,1.1,0.5,0.3
"55073","Marathon County, Wisconsin","55","073",TRUE,"missing_estimate:",77884,11.2629758192355,2218,28.1,1,12.8,0.6,4.3,0.5,3.2,0.4,90,0.8,22.5,,19.2,0.1,3.5,,0.6,0.2,66.9,0.7,1.9,0.3,37.7,1.2,15,1.1,8.9,0.7,18.8,0.9,2.7,0.4,20.7,0.8,6.6,0.7,6.1,0.6,12.9,0.9,19.1,0.4,5,0.6,2.5,0.4,26.7,1.1,4.8,0.7,0.3,0.1
"55075","Marinette County, Wisconsin","55","075",TRUE,"missing_estimate:",63809,11.0636495252148,2744,19.8,1.5,15.7,1,1.8,0.3,1.2,0.2,87.3,1.2,18.9,,25.3,0.1,2.9,,0.5,0.2,56.7,1.3,1.9,0.5,34.3,2.2,13.3,1.5,10.3,1.3,25.6,1.7,4.8,1,28.4,1.9,4.4,0.8,7.6,1.2,7.9,1.4,21.1,1.3,35.4,1,11,1.3,18.4,1.7,3.9,0.8,0.5,0.3
"55077","Marquette County, Wisconsin","55","077",TRUE,"missing_estimate:",65681,11.0925649693454,2584,16.2,1.2,17.3,1.2,1.8,0.4,1.4,0.4,88.9,1.3,18.8,0.1,26.6,0.1,3.7,,0.5,0.1,55.4,1.2,1.5,0.3,26.3,1.9,18.9,1.7,15.8,1.5,21.5,1.7,6.3,1.3,20.6,1.9,6,0.9,8.2,1,9.7,1.4,28.9,1.2,28.9,1.3,10.6,1.3,18.8,1.7,4.6,1,0.3,0.2
"55078","Menominee County, Wisconsin","55","078",TRUE,"missing_estimate:",62108,11.0366300841011,8327,18.1,3.8,16.5,2.3,0.2,0.3,1.2,0.8,91.2,3.7,30.3,0.8,16.8,1.5,5.1,0.5,0.8,0.9,50.8,4.8,5.1,1.4,35.3,5.2,25.1,5.9,8,3.2,10.2,3.1,3,2,10.1,2.9,4.5,2.3,1.8,1.4,12.3,3.9,21.5,3.9,35.7,3.7,8,3.5,24.5,5.5,5,2.2,2.1,2.7
"55079","Milwaukee County, Wisconsin","55","079",TRUE,"missing_estimate:",64435,11.0734122427225,1218,34.7,0.4,12.9,0.3,9.9,0.3,7,0.3,89.6,0.4,23.7,,14.7,0.1,17,,25.4,0.2,65.1,0.4,3.1,0.2,40.7,0.6,17.7,0.5,6,0.3,17.1,0.5,0.6,0.1,15.4,0.4,11.4,0.4,3.8,0.2,14.4,0.4,22.2,0.2,8,0.3,0.5,0.1,50.1,0.7,12.5,0.5,0.7,0.1
"55081","Monroe County, Wisconsin","55","081",TRUE,"missing_estimate:",69467,11.1486070986462,3463,21.3,1.5,13.5,1,2.6,0.4,2.6,0.4,87.1,1.5,25.4,,18,0.1,5.8,,1.5,0.3,63.3,1.4,2,0.5,31.1,1.8,16.4,1.5,13.4,1.8,23.4,1.9,6.6,1.5,19.4,1.7,4.2,0.8,6,0.9,9,1,20.3,0.9,8.6,1.1,7.9,1.5,27.2,2.3,8.3,1.6,0.6,0.2
"55083","Oconto County, Wisconsin","55","083",TRUE,"missing_estimate:",75049,11.2258965125225,2860,18.9,1.2,14.7,0.9,1.1,0.3,0.5,0.2,88.9,1.1,19.7,0.1,22.7,0.1,2.3,,0.1,0.1,60.8,1.2,1.2,0.4,33.7,1.7,13,1.2,14.9,1.3,21.4,1.4,3.3,0.6,22.3,1.5,6.4,0.9,7.2,1,12.5,1.2,28,0.9,30.2,0.9,10.6,0.8,15,1.5,3.4,0.8,0.4,0.3
"55085","Oneida County, Wisconsin","55","085",TRUE,"missing_estimate:",69371,11.1472241917288,3157,28.7,1.5,14.8,1.2,1.5,0.3,0.4,0.1,88.2,1.4,16.7,,28.3,0.1,1.7,,0.5,0.2,54.6,1.5,1.1,0.3,35.8,2,15,1.9,10.8,1.1,17,1.7,1.2,0.4,12.6,1.4,8.6,1.4,8.3,1.5,10.5,1.6,21.6,1.5,43.2,1.5,6.2,0.8,17.7,1.8,4.3,1,0.5,0.3
"55087","Outagamie County, Wisconsin","55","087",TRUE,"missing_estimate:",85069,11.3512179708756,2076,32.7,1,11.6,0.5,4.3,0.3,2.6,0.3,92.8,0.7,23,,16.6,0.1,5.3,,1.5,0.2,69.1,0.7,1.9,0.2,40.2,1,13.2,0.8,8.8,0.6,18.6,1,1.6,0.3,21.8,1,9.4,0.7,4.4,0.5,11.5,0.8,20.5,0.4,3.1,0.4,1,0.2,28.5,1,4.1,0.6,0.5,0.2
"55089","Ozaukee County, Wisconsin","55","089",TRUE,"missing_estimate:",96996,11.4824250195218,3696,51.2,1.6,10.1,0.8,5,0.6,1.6,0.3,93.5,1.1,20.9,,21.6,0.1,3.7,,1.5,0.2,65.7,1.3,1.8,0.3,49.8,1.7,12.3,1.1,5.9,0.9,12.8,1.3,1.7,0.7,19.8,1.3,14.2,1.2,5.5,0.7,17.5,1.2,22.8,0.7,3.9,0.9,0.3,0.2,27.1,2,3.9,0.7,0.3,0.2
"55091","Pepin County, Wisconsin","55","091",TRUE,"missing_estimate:",75256,11.2286509136518,2957,23,2.1,13.1,1.5,1.8,0.4,2.4,0.8,85.8,2.3,22.3,0.3,24.5,0.3,2.7,,0.4,0.2,61.5,1.8,1.9,0.6,34.5,2.6,13.6,1.8,12.2,1.6,19,2.6,7.3,1.4,15.6,1.9,5.5,1.2,10.6,1.9,16.1,2.2,25.2,1.3,15.5,1.9,4,1,17,2.5,3.6,1,0.4,0.2
"55093","Pierce County, Wisconsin","55","093",TRUE,"missing_estimate:",92109,11.4307279373388,5320,33.5,2,10.4,0.9,2.2,0.5,0.8,0.2,92.2,1.4,20.3,,16.8,0.2,3,,0.6,0.2,68.6,1.2,2.2,0.5,36.2,2,17.3,2.1,11.7,1.4,16.9,1.7,2.8,0.6,18.6,1.9,7.7,1.2,5.2,0.8,12.8,1.4,26.8,0.9,7.5,1.7,4.6,1.1,25,2.1,2.7,0.9,0.4,0.3
"55095","Polk County, Wisconsin","55","095",TRUE,"missing_estimate:",77219,11.2544008197214,2446,24.3,1.3,13.4,0.8,1.2,0.2,0.8,0.3,88.3,1.1,19.9,,22.6,0.1,2.2,,0.2,0.1,61.1,0.9,2.1,0.4,34.4,1.7,13,1,12.8,1,22.5,1.3,3.4,0.5,23.2,1.3,6,0.7,8.5,0.8,11.8,1.2,29.8,1.3,20.4,1,6.8,0.9,19,1.5,3.7,0.6,0.4,0.3
"55097","Portage County, Wisconsin","55","097",TRUE,"missing_estimate:",76070,11.2394092479913,1950,34,1.7,12.2,0.7,3.1,0.4,1.9,0.4,92.5,1,18.8,,18.3,0.1,4.2,,0.8,0.2,66.3,0.9,2.1,0.4,37.9,1.4,17.1,1.2,9.3,1,17,1.1,3.1,0.4,15.1,1.2,7.4,0.8,4.6,0.6,12.6,0.9,19.5,0.6,6.5,0.9,3.4,0.6,30.3,1.5,3.9,0.7,0.3,0.2
"55099","Price County, Wisconsin","55","099",TRUE,"missing_estimate:",60546,11.0111586856926,1673,17.9,1.3,16.9,1.2,1.2,0.3,0.8,0.2,84.2,1.9,17.5,0.2,28.5,0.1,1.8,,0.1,0.2,52.4,1.2,1.5,0.3,30.2,2.2,14,1.5,10.7,1.2,27.6,2.3,5.9,0.9,29.8,2.1,5.6,1,8.6,1.1,7.9,1.3,24.1,1.2,39.6,1.4,8.5,1.2,18.1,2,5.3,0.9,0.5,0.3
"55101","Racine County, Wisconsin","55","101",TRUE,"missing_estimate:",78096,11.2656941181269,2301,28.4,1.1,14.3,0.7,4.9,0.5,2.9,0.4,91.1,0.9,22.7,,18.1,0.1,15.1,,10.3,0.4,64.4,0.9,2.8,0.4,35,1.3,15.9,1.1,10.3,1,20,1.1,1.2,0.4,20.8,1.2,7.7,0.6,5,0.7,9.9,0.9,23.9,0.6,6.1,0.7,0.9,0.2,29,1.3,5.2,0.6,0.3,0.1
"55103","Richland County, Wisconsin","55","103",TRUE,"missing_estimate:",66420,11.1037534949307,3100,21.2,1.7,14.6,1.5,2.6,0.5,2.5,0.6,81.4,2.4,21.2,0.4,25,0.2,3.3,,0.3,0.3,60.1,1.5,2.2,0.6,31,2.7,14.1,1.9,10.4,1.4,25.6,2.2,6.9,1.1,23.2,2.2,5.1,1,7.7,1.3,8.9,1.5,24.4,2,15,1.9,4.9,1,26.1,2.5,6.7,1.8,0.8,0.5
"55105","Rock County, Wisconsin","55","105",TRUE,"missing_estimate:",75673,11.2341767047333,2128,25.8,1,12.8,0.6,4.6,0.4,3,0.4,90.3,1.1,22.4,,17.8,0.1,10.1,,4.6,0.4,65.2,0.9,2.5,0.3,33.6,1.4,15.4,1,10.6,0.9,20,1.1,1.6,0.3,19.1,1.2,7.7,0.7,4,0.5,9.2,0.8,23.8,0.7,5.5,0.6,2.6,0.5,28.8,1.2,6,0.8,0.2,0.1
"55107","Rusk County, Wisconsin","55","107",TRUE,"missing_estimate:",59944,11.0011660720441,2781,16.9,1.6,17.3,1.4,1.1,0.3,0.8,0.4,84.9,1.8,20,,26,0.1,2.1,,1.2,0.2,55.6,1.3,3,0.8,27.3,2.1,14.1,1.6,14.8,1.5,28.7,2.4,6.5,1.3,24.7,2.2,4.4,1,8.7,1.2,9.2,1.7,26.9,1.6,26.6,1.6,8.3,0.9,22.1,2.1,5.4,1.5,0.6,0.3
"55109","St. Croix County, Wisconsin","55","109",TRUE,"missing_estimate:",103046,11.5429307694566,3545,39.5,1.4,10,0.7,2.3,0.4,1,0.2,93.4,1.1,23.8,,16,0.1,3.1,,0.7,0.2,69,0.8,1.8,0.3,44,1.6,14,1.1,9.7,0.8,13.8,1.1,1.8,0.5,17.1,1.3,8.7,0.9,5.8,0.8,16.5,1.2,27,0.7,3.7,0.8,2.8,0.5,21.7,1.8,3.3,0.8,0.1,0.1
"55111","Sauk County, Wisconsin","55","111",TRUE,"missing_estimate:",79541,11.2840278909733,2340,27.3,1.2,13,0.9,3.9,0.6,2.9,0.5,88.5,1.1,22.3,,19.9,0.1,6.8,,0.8,0.3,66.8,1.1,1.5,0.4,36.3,1.7,16,1.1,10.8,1,17.5,1.4,2.9,0.5,15.9,1.3,7.9,0.9,5.5,0.6,9.6,1.1,23,0.7,11.1,1,6.8,0.8,27.6,1.7,5.1,0.8,0.2,0.1
"55113","Sawyer County, Wisconsin","55","113",TRUE,"missing_estimate:",60801,11.0153615151874,3776,27.4,2,15.9,1.4,1.6,0.6,0.6,0.4,85.7,2,17.4,0.4,28.5,0.1,2.4,,0.6,0.3,52.6,1.7,3.1,0.8,36.3,2.9,18.5,2.1,10.9,1.7,14.7,2.3,2.7,0.8,9.7,1.2,7.7,1.8,8.1,1.5,12.7,1.6,21.7,1.2,45.8,1.6,5.2,0.8,23.3,2.2,4.3,1,0.3,0.2
"55115","Shawano County, Wisconsin","55","115",TRUE,"missing_estimate:",66479,11.1046413872983,2760,19.1,1.5,14.9,0.9,1.4,0.4,0.8,0.2,85.5,1.2,21.2,,22.3,0.1,3.3,,0.6,0.1,60.2,1.2,1.6,0.3,31.3,1.6,16,1.5,14.3,1.1,21.8,1.6,6.5,0.8,21.4,1.7,6,0.8,7.9,0.9,9.3,1.1,22.8,1,16.6,1.4,6.6,0.8,22.5,2,6.3,1.2,0.7,0.2
"55117","Sheboygan County, Wisconsin","55","117",TRUE,"missing_estimate:",73094,11.1995015630258,2384,27.5,1.3,11.9,0.9,5.8,0.6,3.9,0.5,91.2,0.9,21.5,,19.6,0.1,7.8,,2.1,0.3,64.8,1,1.8,0.4,34.4,1.4,15.5,1.3,8.1,0.7,24.1,1.4,1.7,0.4,30.8,1.5,7,0.9,4.9,0.6,10.9,0.9,18.2,0.6,6.3,0.7,2.2,0.4,28.5,1.5,5.2,0.8,0.3,0.2
"55119","Taylor County, Wisconsin","55","119",TRUE,"missing_estimate:",69350,11.146921425743,3814,17,1.5,12.4,1.1,1.8,0.3,2.4,0.5,83.9,1.6,23.1,0.1,21.4,0.2,3,,0.3,0.2,62.4,1.2,1.6,0.4,30.3,2,13.3,1.5,12.5,1.2,26.9,2.2,6.2,0.7,24.7,1.8,4.2,0.7,9.7,1.1,9.2,1.4,22,1.2,15.6,1.8,8.5,1,20.3,2.5,5.1,1.3,0.1,0.1
"55121","Trempealeau County, Wisconsin","55","121",TRUE,"missing_estimate:",76313,11.2425985828381,3713,20.9,1.2,11.4,0.7,5.3,0.8,6,0.7,87.1,1.2,26.7,,18.7,0.1,13,,0.3,0.1,66.8,1.1,1.5,0.4,34.1,1.4,13.4,1.3,11.5,1.2,23.2,1.5,6.8,1.2,26.1,1.8,4.6,0.6,8.7,1.3,9.6,1.2,23.3,0.8,6.7,0.9,5.7,0.8,26,1.8,4.7,1,0.3,0.3
"55123","Vernon County, Wisconsin","55","123",TRUE,"missing_estimate:",71893,11.1829341815287,2810,24.9,1.4,10.6,0.8,0.9,0.2,3.5,0.5,80.4,1.7,26,,21.3,0.1,1.8,,0.3,0.1,59.5,1.2,1.5,0.3,36.4,1.9,15,1.4,13.1,1.2,18,1.3,6,0.7,13.9,1.2,6,1.2,8.3,0.9,12.7,1.4,24.1,0.8,11.7,1.3,9.4,1.1,19.7,1.8,9.1,1.4,0.6,0.3
"55125","Vilas County, Wisconsin","55","125",TRUE,"missing_estimate:",68431,11.1335812173134,2845,30.9,2.3,15.8,1.5,1.7,0.5,0.5,0.3,87.9,1.6,16.2,0.2,31.8,0.1,2.3,,0.3,0.2,53.9,1.7,2.1,0.4,37.5,2.7,19.5,2.7,11.6,1.7,10.1,1.5,2.9,1.6,6.6,1.4,8.2,1.5,11.1,1.6,11.3,1.7,19.5,1,55.2,1.3,6.9,1.2,16,1.9,3.8,0.8,0.7,0.4
"55127","Walworth County, Wisconsin","55","127",TRUE,"missing_estimate:",80520,11.2962608797537,1990,32.4,1.3,12.3,0.7,6.2,0.5,3.9,0.4,88.7,1.2,19.5,,20,0.1,12.1,,0.7,0.1,65.8,0.9,1.9,0.3,35.2,1.5,17,1.2,10.2,0.8,18.8,1.2,2.2,0.5,18.3,1.3,8.7,0.8,5.4,0.7,11.2,1.1,23.9,0.7,20.4,0.9,2.4,0.4,29.4,1.6,3.9,0.7,0.5,0.3
"55129","Washburn County, Wisconsin","55","129",TRUE,"missing_estimate:",63441,11.0578656191101,3789,25.5,1.3,16.2,1.1,1.5,0.4,0.6,0.2,86.8,1.3,18,,28.1,0.1,2.1,,0.2,0.1,53.9,1.5,2.1,0.4,32.4,2.1,16.8,1.8,11.6,1.5,18.3,1.6,3.3,0.6,18.4,1.6,7,0.9,7.7,0.8,12.6,1.5,22.9,0.8,41.1,1.2,6.9,0.9,17.8,1.5,4.3,0.9,0.3,0.2
"55131","Washington County, Wisconsin","55","131",TRUE,"missing_estimate:",96359,11.4758360789249,2602,35.2,1.2,10.7,0.6,2.9,0.4,1.1,0.2,92.8,0.9,21,,19.8,0.1,3.8,,1.3,0.3,68.1,0.8,1.7,0.4,42.6,1.6,11.4,1,9.5,0.8,15.9,0.9,1.3,0.4,22.4,1.2,9.6,0.7,4.2,0.6,13.9,1,26.4,0.7,3.9,0.7,1.1,0.3,21.9,1.2,3.7,0.6,0.1,0.1
"55133","Waukesha County, Wisconsin","55","133",TRUE,"missing_estimate:",106076,11.5719110973181,1512,48.9,0.8,9.7,0.4,5.5,0.3,2,0.2,94,0.5,21,,20.5,,5.7,,1.5,0.1,66.6,0.4,1.5,0.2,51,0.7,12,0.5,6.6,0.4,10.4,0.5,0.5,0.1,17.4,0.6,11.4,0.5,4.4,0.3,16.8,0.6,22.6,0.3,3.9,0.4,0.6,0.1,24,0.8,3.5,0.3,0.3,0.2
"55135","Waupaca County, Wisconsin","55","135",TRUE,"missing_estimate:",72830,11.195883237212,2821,20.5,1.3,14.4,0.9,1.3,0.3,1,0.3,86.8,1.3,20.1,0.1,21.3,0.1,3.9,,0.5,0.1,61.5,1.2,1.7,0.4,29.9,1.6,15.1,1.1,11.1,1,25,1.4,3.2,0.5,29.8,1.7,6.2,1.1,6.5,0.9,7.9,1.2,24.9,1.1,12.5,1.3,4.8,0.9,24.7,1.6,5.9,1.1,0.2,0.1
"55137","Waushara County, Wisconsin","55","137",TRUE,"missing_estimate:",67107,11.1140436394262,2599,17.7,1.2,15.6,1.1,2.6,0.4,2.1,0.4,85.1,1.2,17.7,,26.2,0.1,7,,1.8,0.3,54.7,1,2.1,0.4,27.7,1.7,18.5,1.3,12.5,1.1,24.4,1.8,6.4,1.1,22.8,1.5,6.2,0.9,7.8,1.1,8.2,0.9,28.9,1.1,28.8,1.1,8.5,0.9,15.8,1.5,5.1,0.8,0.5,0.2
"55139","Winnebago County, Wisconsin","55","139",TRUE,"missing_estimate:",74925,11.2242428921849,1498,31.1,0.9,13,0.6,3.5,0.4,2,0.3,91.6,0.9,20.2,,17.4,0.1,5.1,,2.7,0.2,65.8,0.8,1.4,0.2,36.5,1.4,15.2,0.9,6.8,0.5,21.4,1.2,0.7,0.2,24.6,1.1,8.9,0.8,3.9,0.5,11.5,0.9,19.4,0.6,6,0.6,1.8,0.4,34.2,1.2,5.5,0.7,0.5,0.2
"55141","Wood County, Wisconsin","55","141",TRUE,"missing_estimate:",67989,11.127101206367,2326,21.4,1.2,14.9,0.8,2.2,0.4,1.1,0.3,89.8,1.1,21.4,,21.8,0.1,3.7,,0.6,0.2,61.9,1.1,2.5,0.5,33.4,1.9,17.5,1.3,11.3,1,19.8,1.4,3,0.4,16.7,1.3,7.2,0.9,6.6,0.8,10.1,1,20.7,1,7.2,1.2,4.5,0.7,27.4,1.6,5.5,1.1,0.2,0.2
"56001","Albany County, Wyoming","56","001",TRUE,"missing_estimate:",61917,11.0335500574775,6755,55,2.8,11.5,1.2,7.4,1.1,2.4,0.6,89.3,2.1,15.4,,13.5,0.3,10.6,,1,0.3,69.6,1.7,2.6,0.7,54.4,2.4,14.8,1.8,8.5,1.4,7.8,1.6,3.3,0.9,4.5,1.3,8.1,1.2,6,1.4,11.1,2,15.3,1.7,9.4,1.9,7.7,1.4,50,2.6,5.6,1.5,0.4,0.3
"56003","Big Horn County, Wyoming","56","003",TRUE,"missing_estimate:",62101,11.0365173708515,3769,22.8,3.1,16,1.9,3.2,1.1,2.7,1,86.7,3.4,24.5,0.2,21.7,0.3,9.7,,0.7,0.4,58.5,2.6,1.9,1,34.5,4,18.1,2.6,20.6,3.9,13.1,3.1,14.6,2.9,7.1,1.9,7.7,2.3,8.7,2.3,8.9,2.9,18.7,2.4,17,3.5,13,2.5,24.1,3.1,2.8,1.4,0.3,0.2
"56005","Campbell County, Wyoming","56","005",TRUE,"missing_estimate:",89869,11.4061083334068,5261,23.3,2.8,10.5,1.2,3.5,1.1,3,0.7,91.6,2.3,26.7,0.4,13,0.4,9.7,,0.3,0.2,69.2,2.5,2.4,0.8,34.1,3.3,13.8,2,20.1,2.4,16.1,2.5,18.5,3,4.8,1.5,6.7,1.6,5.2,1.6,5.7,1.3,21.2,1.6,10.2,2.3,20.1,2.4,22.3,3,3.7,1.4,0.3,0.3
"56007","Carbon County, Wyoming","56","007",TRUE,"missing_estimate:",70511,11.163524004998,8400,24.4,3.7,15.2,2.3,4.2,1.3,2.8,1,89.6,2.7,22.4,0.4,19.1,0.6,18.3,,1.4,0.2,58.9,3.2,2.9,1.6,32.1,4.7,17.3,3.4,19.7,3.8,16.6,3.1,8.9,2.4,9.8,2.7,4.2,2,3.8,1.8,6.7,2.4,16.4,2.1,25.7,2.7,15.4,2.4,23.7,4,6.1,2.5,0.2,0.3
"56009","Converse County, Wyoming","56","009",TRUE,"missing_estimate:",81558,11.3090697025633,8204,24.9,4.5,16.9,2.1,2,1.1,0.7,0.6,84,3.5,24,0.4,18.4,0.3,8.2,,0.6,0.5,66.4,2.6,2.7,1.2,35.7,4.7,11.9,2.9,15.3,3.5,15.3,3.3,19.4,3.3,4.9,2.3,4.4,1.7,7.9,2.3,6.5,2.4,21.5,2.3,13.2,3,12.1,3.4,22.7,3.7,5.2,2.6,0,0.6
"56011","Crook County, Wyoming","56","011",TRUE,"missing_estimate:",79637,11.2852340879558,9718,24.5,4.3,15.1,2.6,1.1,0.9,1.3,1.1,85.1,3.9,24.6,0.6,22.9,0.4,2.1,,0,0.5,63.6,3.3,0.4,0.6,39.1,5,13.4,4.3,21.7,4.4,12.2,3.7,24.9,6,5.2,2.5,8.2,3,9,3.4,11.2,4.1,24.7,2.7,21.1,5.3,15.8,4.4,21.9,5.9,2.4,2,1.5,1.2
"56013","Fremont County, Wyoming","56","013",TRUE,"missing_estimate:",64904,11.0806645340749,2606,26.5,1.5,15.4,1.1,1.7,0.5,0.5,0.2,88.8,1.5,24.5,,20,0.1,6.9,,0.5,0.1,61.2,1.4,4.5,0.7,35.6,2.1,21.8,2,14,1.5,12.4,1.4,7.8,1.1,3.6,0.9,6.6,1.2,8.2,1.4,9.7,1.2,17.2,0.9,13.9,1.4,17.2,1.5,29.9,2.2,4.4,1,0.8,0.4
"56015","Goshen County, Wyoming","56","015",TRUE,"missing_estimate:",58929,10.9840886084024,7273,23,2.8,18.3,2.4,1.7,1,1.2,0.8,80.2,3.5,19.6,0.8,23.9,0.5,10.2,,0.2,0.2,54.1,2.1,1.9,0.8,44.4,3.6,14.2,3,14.6,3,14.3,2.7,13.3,3.4,3.9,1.4,8,2.2,10.3,2.7,13,3.2,15.5,1.6,11.2,2.8,8.8,2.6,26.8,3.3,5.8,2.6,1.1,1.1
"56017","Hot Springs County, Wyoming","56","017",TRUE,"missing_estimate:",61250,11.022719128407,11398,26.7,5,18.1,3.7,1.7,1.2,0.4,0.4,91,2.9,22.6,1.7,26.2,2.9,4,1.9,0,0.8,55.7,3.9,1.6,1.2,43.9,6.6,22.2,6.5,10.4,4.2,9.3,4.2,11.6,4.6,2.1,2.1,6.8,4.3,6.9,3.7,9.9,4.8,13.8,3.6,13,5.5,17.9,4.8,27.3,6.1,3.3,1.9,0,1.7
"56019","Johnson County, Wyoming","56","019",TRUE,"missing_estimate:",64871,11.0801559615346,5633,30.3,5,14.5,3.7,2.5,1.2,0.3,0.5,86.3,4.9,19.3,0.7,27.5,1.2,4.3,,0,0.1,59,3.9,1.8,1.4,44.2,6.1,13.9,4.6,13.8,4.4,7.6,3,17.7,5.7,2.4,1.9,10.8,3.9,17.3,5.7,19.2,6,16.7,3.1,15.6,4,11.8,3.6,17.7,4.6,2.7,1.5,0.5,0.9
"56021","Laramie County, Wyoming","56","021",TRUE,"missing_estimate:",80173,11.2919420788183,3160,33.1,1.5,14.4,0.8,3.3,0.5,1.7,0.3,91.7,0.9,22.4,0.1,17.3,0.1,15.8,,2.1,0.3,66.6,1.2,2.3,0.5,41.5,1.9,15.1,1.4,11.7,1.3,12,1.4,2.7,0.5,3.4,0.7,8.6,1.4,6,1.1,9.1,1,17.8,1,5.2,0.9,8,1.1,29.4,1.4,5,0.7,0.3,0.2
"56023","Lincoln County, Wyoming","56","023",TRUE,"missing_estimate:",89330,11.4000926566959,4277,26,3,12.6,1.7,2.9,0.7,2.1,0.6,84.1,3.5,25.2,0.2,19.1,0.2,5.5,,0,0.1,64.9,2,1.3,0.6,33.9,3.5,18.7,3.3,20.6,2.8,9,2.3,8.3,2.2,5.6,2.3,8.4,1.8,7.5,2.3,8.7,2.4,25.4,2.1,16.5,2.6,12.1,3.1,23,3.4,3.5,1.5,2.2,1.7
"56025","Natrona County, Wyoming","56","025",TRUE,"missing_estimate:",72156,11.1865857208276,2040,27.7,1.8,16.8,1.2,2.3,0.4,1.3,0.4,91.3,1.3,23.6,,17,0.1,9.5,,0.5,0.2,66.5,1.1,2.7,0.6,40,2.1,16.1,1.6,11.8,1.2,13.6,1.4,7.1,1.1,5.3,0.8,8.8,1.1,5.8,1,9.9,1.4,19,1.1,9.2,1.4,8.4,1.1,26.3,1.5,4.5,0.9,0.7,0.4
"56027","Niobrara County, Wyoming","56","027",TRUE,"missing_estimate:",64113,11.0684024304583,13198,19.4,4.6,18.6,5,0,1.6,0.1,0.4,82.4,7,10.5,3.2,33,5,5.6,3.6,3.5,3.9,54.9,5.8,1.4,1.4,35.2,9.1,13.2,5.9,30.4,11.7,7.2,6.1,23.5,7.8,0,3.2,4.5,3.9,20.5,7.1,11.3,5.2,14.6,3.3,16.6,6.2,13.7,6.1,38.2,8.8,0.8,1,0,3.1
"56029","Park County, Wyoming","56","029",TRUE,"missing_estimate:",73035,11.1986940572849,5225,36,2.8,12,1.4,1.8,0.6,1.2,0.5,89.6,2,20.7,0.3,25.4,0.4,6,,0.2,0.2,61.7,2,1.4,0.5,37.7,3.4,18.6,2.5,13.1,2.2,10.1,2.5,6.6,1.5,5.3,1.6,9.1,2.4,8.9,1.6,11.8,2.1,16.6,1.8,11.1,2,7.9,1.6,24.7,2.9,2.7,1.2,1,0.7
"56031","Platte County, Wyoming","56","031",TRUE,"missing_estimate:",67718,11.1231073024382,6763,20.7,3.4,16.8,2.7,0.6,0.7,1.8,1.2,80.7,4.7,20.2,2.1,27.1,1,8.8,,0.3,0.4,52.4,3.2,2.4,1.8,36.9,6.7,15.4,4,14.9,5.4,15.2,4,6.6,3,1.6,1.5,4.2,3,13.1,3,8.2,3.1,15.8,2.9,17.9,4.6,21.4,5,23.9,5.8,1.9,1.5,0.2,0.3
"56033","Sheridan County, Wyoming","56","033",TRUE,"missing_estimate:",71388,11.1758850669759,7227,31.1,2.9,13.2,1.7,2.1,0.9,1.8,1,90.3,2.1,21.3,0.4,22.4,0.4,5,,0.7,0.3,62.8,1.9,1.4,0.7,39.5,3.1,18.9,2.2,12.7,1.9,12.4,2.4,7.9,1.9,4.1,1.6,8.9,1.9,6,1.8,9.5,2,15.8,1.1,10.5,2.1,6.8,1.7,29.3,2.5,4.2,1.2,0.8,0.6
"56035","Sublette County, Wyoming","56","035",TRUE,"missing_estimate:",83597,11.3337629132614,18534,32.3,5.6,16.5,2.7,2.2,1,0.4,0.5,82.8,5.1,21.1,0.5,24.2,0.8,7.3,,0.1,0.2,63.6,3.6,1.5,1.1,40,7.1,18,5.7,13.5,4.1,10.6,3.3,20.4,4.7,0.8,0.9,7.5,3.1,8.4,3.3,16.1,6.1,24.6,3.1,30.1,5.6,10.1,3,16.4,4.4,1.8,1.4,0.6,0.6
"56037","Sweetwater County, Wyoming","56","037",TRUE,"missing_estimate:",75034,11.2256966231273,3808,20.9,2,15.6,1.6,5.3,0.9,3.2,0.9,88.8,2.1,25,0.2,14.8,0.1,16.8,,1.3,0.2,66.7,1.7,3.7,0.9,29.7,2.7,15.7,2,19.1,2,15.5,2,16.1,2.2,6,1.2,5,1.3,3.1,0.8,4.4,0.9,23.8,1.8,9.3,1.8,18.1,1.9,25.4,2.5,2.8,0.9,0.2,0.3
"56039","Teton County, Wyoming","56","039",TRUE,"missing_estimate:",124172,11.7294229802313,24638,61.1,4,6.2,1.5,13.7,1.9,8.5,1.3,94,2.4,17.1,0.2,17.9,0.5,15.3,,0.4,0.5,77.6,1.9,1.4,0.9,49,4.4,20.5,2.9,7.6,2,5.1,1.7,2.5,1.2,1.8,1.1,11.8,2.7,7.1,2.1,16.3,2.9,15.3,1.1,28,3.4,2.2,1.1,41.7,4.6,2,1.5,2.4,1.3
"56041","Uinta County, Wyoming","56","041",TRUE,"missing_estimate:",82980,11.3263548938869,3820,22.9,3.4,14.8,2,2.5,1,1.6,0.8,92.3,2.7,27.3,0.3,17.1,0.3,10.1,,0.6,0.3,64.3,2.6,2.1,0.9,34.2,3.7,17.9,4.2,16.4,3,13.1,2.8,8.7,2.2,5.1,1.5,6,2.1,6.7,2.4,6.4,1.8,20.4,2.3,13.3,3.2,21.1,3.3,23.4,3.2,4,2,0.5,0.6
"56043","Washakie County, Wyoming","56","043",TRUE,"missing_estimate:",65714,11.0930672715744,3946,23.5,3.1,14.1,2.3,2.9,1.5,1.9,1.1,84.7,4.9,21,,24.3,0.8,14.1,,0.1,0.1,62.2,2.6,1.7,0.9,34.3,4.4,18.3,4.3,16,3.6,16.3,4.2,14,3.7,9.1,3.4,5.5,2,11.9,5,8.2,4.4,13.3,1.7,11.9,3.5,7,2.9,25.8,3.7,3.2,1.6,0.6,0.7
"56045","Weston County, Wyoming","56","045",TRUE,"missing_estimate:",89509,11.4020944578665,13119,20.1,4.3,14.4,3.3,1.9,1.4,0.3,0.6,82.2,4.3,19.6,1.7,22.1,0.8,5.3,,0,0.1,57,4.5,0.6,0.5,30.7,5.7,13.5,4.1,26.1,6,17.9,4.5,25.2,5.7,4.9,3,5,2.5,11.7,3.9,4.9,2.6,30.2,6.1,16.4,5,17.4,4.9,13.2,4.3,3.5,2.7,0,1.3
